[     452ms] [LOG] [App] Starting initialization... @ http://localhost:5173/src/main.js?t=1787453082587:19
[     482ms] [LOG] [popcorn-init] OK: jquery @ http://localhost:5173/src/lib/popcornInit.js?t=1787452645033:41
[     509ms] [LOG] [popcorn-init] OK: jquery-textfill @ http://localhost:5173/src/lib/popcornInit.js?t=1787452645033:48
[     512ms] [LOG] [popcorn-init] OK: popcorn-core @ http://localhost:5173/src/lib/popcornInit.js?t=1787452645033:48
[     527ms] [LOG] [popcorn-init] OK: popcorn-ie8 @ http://localhost:5173/src/lib/popcornInit.js?t=1787452645033:48
[     535ms] [LOG] [popcorn-init] OK: wrapper-common @ http://localhost:5173/src/lib/popcornInit.js?t=1787452645033:48
[     544ms] [LOG] [popcorn-init] OK: wrapper-html5 @ http://localhost:5173/src/lib/popcornInit.js?t=1787452645033:48
[     577ms] [LOG] [popcorn-init] OK: wrapper-vrview @ http://localhost:5173/src/lib/popcornInit.js?t=1787452645033:48
[     613ms] [LOG] [popcorn-init] OK: wrapper-adaptive @ http://localhost:5173/src/lib/popcornInit.js?t=1787452645033:48
[     690ms] [LOG] [popcorn-init] OK: wrapper-null @ http://localhost:5173/src/lib/popcornInit.js?t=1787452645033:48
[     777ms] [LOG] [LandingPage] Header.jsx loaded @ http://localhost:5173/src/components/landing/LandingPage.jsx?t=1787452389334:176
[     822ms] [LOG] [popcorn-init] OK: wrapper-soundcloud @ http://localhost:5173/src/lib/popcornInit.js?t=1787452645033:48
[     837ms] [LOG] [popcorn-init] OK: wrapper-vimeo @ http://localhost:5173/src/lib/popcornInit.js?t=1787452645033:48
[     842ms] [LOG] [popcorn-init] OK: wrapper-youtube @ http://localhost:5173/src/lib/popcornInit.js?t=1787452645033:48
[     843ms] [LOG] [popcorn-init] OK: wrapper-jwplayer @ http://localhost:5173/src/lib/popcornInit.js?t=1787452645033:48
[     844ms] [LOG] [popcorn-init] OK: player-module @ http://localhost:5173/src/lib/popcornInit.js?t=1787452645033:48
[    1220ms] [LOG] [LandingPage] CinematicVideoHero.jsx loaded @ http://localhost:5173/src/components/landing/LandingPage.jsx?t=1787452389334:189
[    1296ms] [LOG] [LandingPage] HeroSection.jsx loaded @ http://localhost:5173/src/components/landing/LandingPage.jsx?t=1787452389334:202
[    1296ms] [LOG] [LandingPage] Observer created for: scrolling placeholder id: section-scrolling @ http://localhost:5173/src/components/landing/LandingPage.jsx?t=1787452389334:160
[    1297ms] [LOG] [LandingPage] Observer created for: hook placeholder id: section-hook @ http://localhost:5173/src/components/landing/LandingPage.jsx?t=1787452389334:160
[    1297ms] [LOG] [LandingPage] Observer created for: engines placeholder id: section-engines @ http://localhost:5173/src/components/landing/LandingPage.jsx?t=1787452389334:160
[    1297ms] [LOG] [LandingPage] Observer created for: apps placeholder id: section-apps @ http://localhost:5173/src/components/landing/LandingPage.jsx?t=1787452389334:160
[    1297ms] [LOG] [LandingPage] Observer created for: features placeholder id: section-features @ http://localhost:5173/src/components/landing/LandingPage.jsx?t=1787452389334:160
[    1297ms] [LOG] [LandingPage] Observer created for: problem placeholder id: section-problem @ http://localhost:5173/src/components/landing/LandingPage.jsx?t=1787452389334:160
[    1297ms] [LOG] [LandingPage] Observer created for: workflow placeholder id: section-workflow @ http://localhost:5173/src/components/landing/LandingPage.jsx?t=1787452389334:160
[    1297ms] [LOG] [LandingPage] Observer created for: comparison placeholder id: section-comparison @ http://localhost:5173/src/components/landing/LandingPage.jsx?t=1787452389334:160
[    1297ms] [LOG] [LandingPage] Observer created for: value placeholder id: section-value @ http://localhost:5173/src/components/landing/LandingPage.jsx?t=1787452389334:160
[    1297ms] [LOG] [LandingPage] Observer created for: agency placeholder id: section-agency @ http://localhost:5173/src/components/landing/LandingPage.jsx?t=1787452389334:160
[    1297ms] [LOG] [LandingPage] Observer created for: offer placeholder id: section-offer @ http://localhost:5173/src/components/landing/LandingPage.jsx?t=1787452389334:160
[    1297ms] [LOG] [LandingPage] Observer created for: cta placeholder id: section-cta @ http://localhost:5173/src/components/landing/LandingPage.jsx?t=1787452389334:160
[    1297ms] [LOG] [LandingPage] Observer created for: ai-workflow placeholder id: section-ai-workflow @ http://localhost:5173/src/components/landing/LandingPage.jsx?t=1787452389334:160
[    1297ms] [LOG] [LandingPage] Observer created for: made-with placeholder id: section-made-with @ http://localhost:5173/src/components/landing/LandingPage.jsx?t=1787452389334:160
[    1297ms] [LOG] [LandingPage] Observer created for: ugc placeholder id: section-ugc @ http://localhost:5173/src/components/landing/LandingPage.jsx?t=1787452389334:160
[    1297ms] [LOG] [LandingPage] Observer created for: gallery placeholder id: section-gallery @ http://localhost:5173/src/components/landing/LandingPage.jsx?t=1787452389334:160
[    1297ms] [LOG] [LandingPage] Observer created for: academy placeholder id: section-academy @ http://localhost:5173/src/components/landing/LandingPage.jsx?t=1787452389334:160
[    1297ms] [LOG] [LandingPage] Observer created for: repo-cinema placeholder id: section-repo-cinema @ http://localhost:5173/src/components/landing/LandingPage.jsx?t=1787452389334:160
[    1297ms] [LOG] [LandingPage] Observer created for: repo-commercial placeholder id: section-repo-commercial @ http://localhost:5173/src/components/landing/LandingPage.jsx?t=1787452389334:160
[    1297ms] [LOG] [LandingPage] Observer created for: repo-social-ads placeholder id: section-repo-social-ads @ http://localhost:5173/src/components/landing/LandingPage.jsx?t=1787452389334:160
[    1297ms] [LOG] [LandingPage] Observer created for: repo-narrative placeholder id: section-repo-narrative @ http://localhost:5173/src/components/landing/LandingPage.jsx?t=1787452389334:160
[    1297ms] [LOG] [LandingPage] Observer created for: repo-vertical placeholder id: section-repo-vertical @ http://localhost:5173/src/components/landing/LandingPage.jsx?t=1787452389334:160
[    1298ms] [LOG] [LandingPage] Observer created for: repo-ecommerce placeholder id: section-repo-ecommerce @ http://localhost:5173/src/components/landing/LandingPage.jsx?t=1787452389334:160
[    1298ms] [LOG] [LandingPage] Observer created for: repo-kinetic placeholder id: section-repo-kinetic @ http://localhost:5173/src/components/landing/LandingPage.jsx?t=1787452389334:160
[    1298ms] [LOG] [LandingPage] Observer created for: repo-animated placeholder id: section-repo-animated @ http://localhost:5173/src/components/landing/LandingPage.jsx?t=1787452389334:160
[    1298ms] [LOG] [LandingPage] Observer created for: repo-animation placeholder id: section-repo-animation @ http://localhost:5173/src/components/landing/LandingPage.jsx?t=1787452389334:160
[    1298ms] [LOG] [LandingPage] Observer created for: repo-reference placeholder id: section-repo-reference @ http://localhost:5173/src/components/landing/LandingPage.jsx?t=1787452389334:160
[    1298ms] [LOG] [LandingPage] Observer created for: repo-vfx placeholder id: section-repo-vfx @ http://localhost:5173/src/components/landing/LandingPage.jsx?t=1787452389334:160
[    1298ms] [LOG] [LandingPage] Observer created for: repo-fashion placeholder id: section-repo-fashion @ http://localhost:5173/src/components/landing/LandingPage.jsx?t=1787452389334:160
[    1298ms] [LOG] [LandingPage] Observer created for: repos placeholder id: section-repos @ http://localhost:5173/src/components/landing/LandingPage.jsx?t=1787452389334:160
[    1298ms] [LOG] [LandingPage] Observer created for: gtm-boost placeholder id: section-gtm-boost @ http://localhost:5173/src/components/landing/LandingPage.jsx?t=1787452389334:160
[    1298ms] [LOG] [App] Landing page rendered @ http://localhost:5173/src/main.js?t=1787453082587:88
[    1326ms] [LOG] [LandingPage] IntersectionObserver fired for gtm-boost [Object] @ http://localhost:5173/src/components/landing/LandingPage.jsx?t=1787452389334:119
[    1326ms] [LOG] [LandingPage] Loading section: gtm-boost @ http://localhost:5173/src/components/landing/LandingPage.jsx?t=1787452389334:122
[    1327ms] [LOG] [LandingPage] IntersectionObserver fired for repo-animated [Object] @ http://localhost:5173/src/components/landing/LandingPage.jsx?t=1787452389334:119
[    1327ms] [LOG] [LandingPage] Loading section: repo-animated @ http://localhost:5173/src/components/landing/LandingPage.jsx?t=1787452389334:122
[    1327ms] [LOG] [LandingPage] IntersectionObserver fired for repo-commercial [Object] @ http://localhost:5173/src/components/landing/LandingPage.jsx?t=1787452389334:119
[    1328ms] [LOG] [LandingPage] Loading section: repo-commercial @ http://localhost:5173/src/components/landing/LandingPage.jsx?t=1787452389334:122
[    1329ms] [LOG] [LandingPage] IntersectionObserver fired for repo-kinetic [Object] @ http://localhost:5173/src/components/landing/LandingPage.jsx?t=1787452389334:119
[    1329ms] [LOG] [LandingPage] Loading section: repo-kinetic @ http://localhost:5173/src/components/landing/LandingPage.jsx?t=1787452389334:122
[    1329ms] [LOG] [LandingPage] IntersectionObserver fired for repo-narrative [Object] @ http://localhost:5173/src/components/landing/LandingPage.jsx?t=1787452389334:119
[    1329ms] [LOG] [LandingPage] Loading section: repo-narrative @ http://localhost:5173/src/components/landing/LandingPage.jsx?t=1787452389334:122
[    1330ms] [LOG] [LandingPage] IntersectionObserver fired for problem [Object] @ http://localhost:5173/src/components/landing/LandingPage.jsx?t=1787452389334:119
[    1330ms] [LOG] [LandingPage] Loading section: problem @ http://localhost:5173/src/components/landing/LandingPage.jsx?t=1787452389334:122
[    1332ms] [LOG] [LandingPage] IntersectionObserver fired for repos [Object] @ http://localhost:5173/src/components/landing/LandingPage.jsx?t=1787452389334:119
[    1333ms] [LOG] [LandingPage] Loading section: repos @ http://localhost:5173/src/components/landing/LandingPage.jsx?t=1787452389334:122
[    1334ms] [LOG] [LandingPage] IntersectionObserver fired for ai-workflow [Object] @ http://localhost:5173/src/components/landing/LandingPage.jsx?t=1787452389334:119
[    1334ms] [LOG] [LandingPage] Loading section: ai-workflow @ http://localhost:5173/src/components/landing/LandingPage.jsx?t=1787452389334:122
[    1335ms] [LOG] [LandingPage] IntersectionObserver fired for repo-cinema [Object] @ http://localhost:5173/src/components/landing/LandingPage.jsx?t=1787452389334:119
[    1336ms] [LOG] [LandingPage] Loading section: repo-cinema @ http://localhost:5173/src/components/landing/LandingPage.jsx?t=1787452389334:122
[    1336ms] [LOG] [LandingPage] IntersectionObserver fired for value [Object] @ http://localhost:5173/src/components/landing/LandingPage.jsx?t=1787452389334:119
[    1336ms] [LOG] [LandingPage] Loading section: value @ http://localhost:5173/src/components/landing/LandingPage.jsx?t=1787452389334:122
[    1337ms] [LOG] [LandingPage] IntersectionObserver fired for apps [Object] @ http://localhost:5173/src/components/landing/LandingPage.jsx?t=1787452389334:119
[    1338ms] [LOG] [LandingPage] Loading section: apps @ http://localhost:5173/src/components/landing/LandingPage.jsx?t=1787452389334:122
[    1339ms] [LOG] [LandingPage] IntersectionObserver fired for scrolling [Object] @ http://localhost:5173/src/components/landing/LandingPage.jsx?t=1787452389334:119
[    1340ms] [LOG] [LandingPage] Loading section: scrolling @ http://localhost:5173/src/components/landing/LandingPage.jsx?t=1787452389334:122
[    1341ms] [LOG] [LandingPage] IntersectionObserver fired for repo-social-ads [Object] @ http://localhost:5173/src/components/landing/LandingPage.jsx?t=1787452389334:119
[    1342ms] [LOG] [LandingPage] Loading section: repo-social-ads @ http://localhost:5173/src/components/landing/LandingPage.jsx?t=1787452389334:122
[    1343ms] [LOG] [LandingPage] IntersectionObserver fired for repo-ecommerce [Object] @ http://localhost:5173/src/components/landing/LandingPage.jsx?t=1787452389334:119
[    1343ms] [LOG] [LandingPage] Loading section: repo-ecommerce @ http://localhost:5173/src/components/landing/LandingPage.jsx?t=1787452389334:122
[    1343ms] [LOG] [LandingPage] IntersectionObserver fired for repo-animation [Object] @ http://localhost:5173/src/components/landing/LandingPage.jsx?t=1787452389334:119
[    1343ms] [LOG] [LandingPage] Loading section: repo-animation @ http://localhost:5173/src/components/landing/LandingPage.jsx?t=1787452389334:122
[    1343ms] [LOG] [LandingPage] IntersectionObserver fired for ugc [Object] @ http://localhost:5173/src/components/landing/LandingPage.jsx?t=1787452389334:119
[    1343ms] [LOG] [LandingPage] Loading section: ugc @ http://localhost:5173/src/components/landing/LandingPage.jsx?t=1787452389334:122
[    1344ms] [LOG] [LandingPage] IntersectionObserver fired for cta [Object] @ http://localhost:5173/src/components/landing/LandingPage.jsx?t=1787452389334:119
[    1344ms] [LOG] [LandingPage] Loading section: cta @ http://localhost:5173/src/components/landing/LandingPage.jsx?t=1787452389334:122
[    1344ms] [LOG] [LandingPage] IntersectionObserver fired for agency [Object] @ http://localhost:5173/src/components/landing/LandingPage.jsx?t=1787452389334:119
[    1345ms] [LOG] [LandingPage] Loading section: agency @ http://localhost:5173/src/components/landing/LandingPage.jsx?t=1787452389334:122
[    1345ms] [LOG] [LandingPage] IntersectionObserver fired for gallery [Object] @ http://localhost:5173/src/components/landing/LandingPage.jsx?t=1787452389334:119
[    1346ms] [LOG] [LandingPage] Loading section: gallery @ http://localhost:5173/src/components/landing/LandingPage.jsx?t=1787452389334:122
[    1350ms] [LOG] [LandingPage] IntersectionObserver fired for repo-reference [Object] @ http://localhost:5173/src/components/landing/LandingPage.jsx?t=1787452389334:119
[    1350ms] [LOG] [LandingPage] Loading section: repo-reference @ http://localhost:5173/src/components/landing/LandingPage.jsx?t=1787452389334:122
[    1350ms] [LOG] [LandingPage] IntersectionObserver fired for features [Object] @ http://localhost:5173/src/components/landing/LandingPage.jsx?t=1787452389334:119
[    1350ms] [LOG] [LandingPage] Loading section: features @ http://localhost:5173/src/components/landing/LandingPage.jsx?t=1787452389334:122
[    1351ms] [LOG] [LandingPage] IntersectionObserver fired for engines [Object] @ http://localhost:5173/src/components/landing/LandingPage.jsx?t=1787452389334:119
[    1351ms] [LOG] [LandingPage] Loading section: engines @ http://localhost:5173/src/components/landing/LandingPage.jsx?t=1787452389334:122
[    1351ms] [LOG] [LandingPage] IntersectionObserver fired for repo-fashion [Object] @ http://localhost:5173/src/components/landing/LandingPage.jsx?t=1787452389334:119
[    1352ms] [LOG] [LandingPage] Loading section: repo-fashion @ http://localhost:5173/src/components/landing/LandingPage.jsx?t=1787452389334:122
[    1352ms] [LOG] [LandingPage] IntersectionObserver fired for workflow [Object] @ http://localhost:5173/src/components/landing/LandingPage.jsx?t=1787452389334:119
[    1353ms] [LOG] [LandingPage] Loading section: workflow @ http://localhost:5173/src/components/landing/LandingPage.jsx?t=1787452389334:122
[    1353ms] [LOG] [LandingPage] IntersectionObserver fired for comparison [Object] @ http://localhost:5173/src/components/landing/LandingPage.jsx?t=1787452389334:119
[    1353ms] [LOG] [LandingPage] Loading section: comparison @ http://localhost:5173/src/components/landing/LandingPage.jsx?t=1787452389334:122
[    1354ms] [LOG] [LandingPage] IntersectionObserver fired for hook [Object] @ http://localhost:5173/src/components/landing/LandingPage.jsx?t=1787452389334:119
[    1354ms] [LOG] [LandingPage] Loading section: hook @ http://localhost:5173/src/components/landing/LandingPage.jsx?t=1787452389334:122
[    1354ms] [LOG] [LandingPage] IntersectionObserver fired for academy [Object] @ http://localhost:5173/src/components/landing/LandingPage.jsx?t=1787452389334:119
[    1354ms] [LOG] [LandingPage] Loading section: academy @ http://localhost:5173/src/components/landing/LandingPage.jsx?t=1787452389334:122
[    1355ms] [LOG] [LandingPage] IntersectionObserver fired for repo-vertical [Object] @ http://localhost:5173/src/components/landing/LandingPage.jsx?t=1787452389334:119
[    1355ms] [LOG] [LandingPage] Loading section: repo-vertical @ http://localhost:5173/src/components/landing/LandingPage.jsx?t=1787452389334:122
[    1356ms] [LOG] [LandingPage] IntersectionObserver fired for offer [Object] @ http://localhost:5173/src/components/landing/LandingPage.jsx?t=1787452389334:119
[    1356ms] [LOG] [LandingPage] Loading section: offer @ http://localhost:5173/src/components/landing/LandingPage.jsx?t=1787452389334:122
[    1357ms] [LOG] [LandingPage] IntersectionObserver fired for repo-vfx [Object] @ http://localhost:5173/src/components/landing/LandingPage.jsx?t=1787452389334:119
[    1358ms] [LOG] [LandingPage] Loading section: repo-vfx @ http://localhost:5173/src/components/landing/LandingPage.jsx?t=1787452389334:122
[    1358ms] [LOG] [LandingPage] IntersectionObserver fired for made-with [Object] @ http://localhost:5173/src/components/landing/LandingPage.jsx?t=1787452389334:119
[    1358ms] [LOG] [LandingPage] Loading section: made-with @ http://localhost:5173/src/components/landing/LandingPage.jsx?t=1787452389334:122
[    1467ms] [LOG] [LandingPage] Section loaded: problem @ http://localhost:5173/src/components/landing/LandingPage.jsx?t=1787452389334:141
[    1467ms] [LOG] [LandingPage] Section loaded: value @ http://localhost:5173/src/components/landing/LandingPage.jsx?t=1787452389334:141
[    1470ms] [LOG] [LandingPage] Section loaded: apps @ http://localhost:5173/src/components/landing/LandingPage.jsx?t=1787452389334:141
[    1476ms] [LOG] [LandingPage] Section loaded: scrolling @ http://localhost:5173/src/components/landing/LandingPage.jsx?t=1787452389334:141
[    1476ms] [LOG] [LandingPage] Section loaded: cta @ http://localhost:5173/src/components/landing/LandingPage.jsx?t=1787452389334:141
[    1477ms] [LOG] [LandingPage] Section loaded: agency @ http://localhost:5173/src/components/landing/LandingPage.jsx?t=1787452389334:141
[    1477ms] [LOG] [LandingPage] Section loaded: features @ http://localhost:5173/src/components/landing/LandingPage.jsx?t=1787452389334:141
[    1537ms] [LOG] [LandingPage] Section loaded: engines @ http://localhost:5173/src/components/landing/LandingPage.jsx?t=1787452389334:141
[    1568ms] [LOG] [LandingPage] Section loaded: repo-commercial @ http://localhost:5173/src/components/landing/LandingPage.jsx?t=1787452389334:141
[    1572ms] [LOG] [LandingPage] Section loaded: repo-kinetic @ http://localhost:5173/src/components/landing/LandingPage.jsx?t=1787452389334:141
[    1576ms] [LOG] [LandingPage] Section loaded: repo-vfx @ http://localhost:5173/src/components/landing/LandingPage.jsx?t=1787452389334:141
[    1582ms] [LOG] [LandingPage] Section loaded: repo-narrative @ http://localhost:5173/src/components/landing/LandingPage.jsx?t=1787452389334:141
[    1585ms] [LOG] [LandingPage] Section loaded: repo-reference @ http://localhost:5173/src/components/landing/LandingPage.jsx?t=1787452389334:141
[    1589ms] [LOG] [LandingPage] Section loaded: repo-social-ads @ http://localhost:5173/src/components/landing/LandingPage.jsx?t=1787452389334:141
[    1592ms] [LOG] [LandingPage] Section loaded: repo-ecommerce @ http://localhost:5173/src/components/landing/LandingPage.jsx?t=1787452389334:141
[    1595ms] [LOG] [LandingPage] Section loaded: repo-animated @ http://localhost:5173/src/components/landing/LandingPage.jsx?t=1787452389334:141
[    1601ms] [LOG] [LandingPage] Section loaded: repo-cinema @ http://localhost:5173/src/components/landing/LandingPage.jsx?t=1787452389334:141
[    1604ms] [LOG] [LandingPage] Section loaded: repo-animation @ http://localhost:5173/src/components/landing/LandingPage.jsx?t=1787452389334:141
[    1608ms] [LOG] [LandingPage] Section loaded: repo-vertical @ http://localhost:5173/src/components/landing/LandingPage.jsx?t=1787452389334:141
[    1611ms] [LOG] [LandingPage] Section loaded: repo-fashion @ http://localhost:5173/src/components/landing/LandingPage.jsx?t=1787452389334:141
[    1613ms] [LOG] [LandingPage] Section loaded: gtm-boost @ http://localhost:5173/src/components/landing/LandingPage.jsx?t=1787452389334:141
[    1616ms] [LOG] [LandingPage] Section loaded: repos @ http://localhost:5173/src/components/landing/LandingPage.jsx?t=1787452389334:141
[    1616ms] [LOG] [LandingPage] Section loaded: ai-workflow @ http://localhost:5173/src/components/landing/LandingPage.jsx?t=1787452389334:141
[    1619ms] [LOG] [LandingPage] Section loaded: ugc @ http://localhost:5173/src/components/landing/LandingPage.jsx?t=1787452389334:141
[    1626ms] [LOG] [LandingPage] Section loaded: gallery @ http://localhost:5173/src/components/landing/LandingPage.jsx?t=1787452389334:141
[    1890ms] [LOG] [LandingPage] Section loaded: workflow @ http://localhost:5173/src/components/landing/LandingPage.jsx?t=1787452389334:141
[    1891ms] [LOG] [LandingPage] Section loaded: comparison @ http://localhost:5173/src/components/landing/LandingPage.jsx?t=1787452389334:141
[    1892ms] [LOG] [LandingPage] Section loaded: hook @ http://localhost:5173/src/components/landing/LandingPage.jsx?t=1787452389334:141
[    1893ms] [LOG] [LandingPage] Section loaded: offer @ http://localhost:5173/src/components/landing/LandingPage.jsx?t=1787452389334:141
[    1940ms] [INFO] %cDownload the React DevTools for a better development experience: https://react.dev/link/react-devtools font-weight:bold @ http://localhost:5173/node_modules/.vite/deps/chunk-EEAUBQDT.js?v=93c1ec86:20096
[    1944ms] [ERROR] [ModalSystem] mount failed TypeError: Class constructor SortableElement cannot be invoked without 'new'
    at http://localhost:5173/components/modals/RetargetOptInModal.jsx?t=1787452645033:26:22 @ http://localhost:5173/src/main.js?t=1787453082587:329
[    1945ms] [ERROR] [popcorn-init] FAILED at: plugin-image TypeError: Class constructor SortableElement cannot be invoked without 'new'
    at http://localhost:5173/components/modals/RetargetOptInModal.jsx?t=1787452645033:26:22 @ http://localhost:5173/src/lib/popcornInit.js?t=1787452645033:55
[    1988ms] [LOG] [LandingPage] Section loaded: academy @ http://localhost:5173/src/components/landing/LandingPage.jsx?t=1787452389334:141
[    1996ms] [LOG] [LandingPage] Section loaded: made-with @ http://localhost:5173/src/components/landing/LandingPage.jsx?t=1787452389334:141
[    2096ms] [ERROR] [popcorn-init] FAILED at: plugin-jsonTransition TypeError: Class constructor SortableElement cannot be invoked without 'new'
    at http://localhost:5173/components/modals/RetargetOptInModal.jsx?t=1787452645033:26:22 @ http://localhost:5173/src/lib/popcornInit.js?t=1787452645033:55
[    2157ms] [ERROR] [popcorn-init] FAILED at: plugin-lottie-json TypeError: Class constructor SortableElement cannot be invoked without 'new'
    at http://localhost:5173/components/modals/RetargetOptInModal.jsx?t=1787452645033:26:22 @ http://localhost:5173/src/lib/popcornInit.js?t=1787452645033:55
[    2164ms] [LOG] [popcorn-init] OK: plugin-json-button @ http://localhost:5173/src/lib/popcornInit.js?t=1787452645033:48
[    2170ms] [ERROR] [popcorn-init] FAILED at: plugin-personalizedImage TypeError: Class constructor SortableElement cannot be invoked without 'new'
    at http://localhost:5173/components/modals/RetargetOptInModal.jsx?t=1787452645033:26:22 @ http://localhost:5173/src/lib/popcornInit.js?t=1787452645033:55
[    2187ms] [ERROR] [popcorn-init] FAILED at: plugin-loopPlugin TypeError: Class constructor SortableElement cannot be invoked without 'new'
    at http://localhost:5173/components/modals/RetargetOptInModal.jsx?t=1787452645033:26:22 @ http://localhost:5173/src/lib/popcornInit.js?t=1787452645033:55
[    2206ms] [ERROR] [popcorn-init] FAILED at: plugin-pausePlugin TypeError: Class constructor SortableElement cannot be invoked without 'new'
    at http://localhost:5173/components/modals/RetargetOptInModal.jsx?t=1787452645033:26:22 @ http://localhost:5173/src/lib/popcornInit.js?t=1787452645033:55
[    2238ms] [ERROR] [popcorn-init] FAILED at: plugin-form TypeError: Class constructor SortableElement cannot be invoked without 'new'
    at http://localhost:5173/components/modals/RetargetOptInModal.jsx?t=1787452645033:26:22 @ http://localhost:5173/src/lib/popcornInit.js?t=1787452645033:55
[    2264ms] [ERROR] [popcorn-init] FAILED at: plugin-retarget TypeError: Class constructor SortableElement cannot be invoked without 'new'
    at http://localhost:5173/components/modals/RetargetOptInModal.jsx?t=1787452645033:26:22 @ http://localhost:5173/src/lib/popcornInit.js?t=1787452645033:55
[    2291ms] [LOG] [popcorn-init] OK: plugin-popup @ http://localhost:5173/src/lib/popcornInit.js?t=1787452645033:48
[    2298ms] [ERROR] [popcorn-init] FAILED at: plugin-sequencer TypeError: Class constructor SortableElement cannot be invoked without 'new'
    at http://localhost:5173/components/modals/RetargetOptInModal.jsx?t=1787452645033:26:22 @ http://localhost:5173/src/lib/popcornInit.js?t=1787452645033:55
[    2303ms] [ERROR] [popcorn-init] FAILED at: plugin-skip TypeError: Class constructor SortableElement cannot be invoked without 'new'
    at http://localhost:5173/components/modals/RetargetOptInModal.jsx?t=1787452645033:26:22 @ http://localhost:5173/src/lib/popcornInit.js?t=1787452645033:55
[    2341ms] [ERROR] [popcorn-init] FAILED at: plugin-text TypeError: Class constructor SortableElement cannot be invoked without 'new'
    at http://localhost:5173/components/modals/RetargetOptInModal.jsx?t=1787452645033:26:22 @ http://localhost:5173/src/lib/popcornInit.js?t=1787452645033:55
[    2392ms] [LOG] [popcorn-init] OK: plugin-social @ http://localhost:5173/src/lib/popcornInit.js?t=1787452645033:48
[    2411ms] [ERROR] [popcorn-init] FAILED at: plugin-jsonAnimation TypeError: Class constructor SortableElement cannot be invoked without 'new'
    at http://localhost:5173/components/modals/RetargetOptInModal.jsx?t=1787452645033:26:22 @ http://localhost:5173/src/lib/popcornInit.js?t=1787452645033:55
[    2422ms] [LOG] [popcorn-init] OK: plugin-videoTransition @ http://localhost:5173/src/lib/popcornInit.js?t=1787452645033:48
[    2427ms] [ERROR] [popcorn-init] FAILED at: plugin-seethroughtext TypeError: Class constructor SortableElement cannot be invoked without 'new'
    at http://localhost:5173/components/modals/RetargetOptInModal.jsx?t=1787452645033:26:22 @ http://localhost:5173/src/lib/popcornInit.js?t=1787452645033:55
[    2432ms] [LOG] [popcorn-init] OK: plugin-wikipedia @ http://localhost:5173/src/lib/popcornInit.js?t=1787452645033:48
[    2437ms] [ERROR] [popcorn-init] FAILED at: plugin-combined TypeError: Class constructor SortableElement cannot be invoked without 'new'
    at http://localhost:5173/components/modals/RetargetOptInModal.jsx?t=1787452645033:26:22 @ http://localhost:5173/src/lib/popcornInit.js?t=1787452645033:55
[    2441ms] [ERROR] [popcorn-init] FAILED at: plugin-background TypeError: Class constructor SortableElement cannot be invoked without 'new'
    at http://localhost:5173/components/modals/RetargetOptInModal.jsx?t=1787452645033:26:22 @ http://localhost:5173/src/lib/popcornInit.js?t=1787452645033:55
[    2442ms] [LOG] [popcorn-init] SUMMARY: 5/20 plugins registered; FAILED: plugin-image, plugin-jsonTransition, plugin-lottie-json, plugin-personalizedImage, plugin-loopPlugin, plugin-pausePlugin, plugin-form, plugin-retarget, plugin-sequencer, plugin-skip, plugin-text, plugin-jsonAnimation, plugin-seethroughtext, plugin-combined, plugin-background @ http://localhost:5173/src/lib/popcornInit.js?t=1787452645033:60
[    2442ms] [LOG] [popcorn] function 5 @ http://localhost:5173/src/main.js?t=1787453082587:4
[    5856ms] [LOG] [App] Starting initialization... @ http://localhost:5173/src/main.js?t=1787453099822:19
[    5864ms] [LOG] [popcorn-init] OK: jquery @ http://localhost:5173/src/lib/popcornInit.js?t=1787453099822:41
[    5865ms] [LOG] [popcorn-init] OK: jquery-textfill @ http://localhost:5173/src/lib/popcornInit.js?t=1787453099822:48
[    5866ms] [LOG] [popcorn-init] OK: popcorn-core @ http://localhost:5173/src/lib/popcornInit.js?t=1787453099822:48
[    5866ms] [LOG] [popcorn-init] OK: popcorn-ie8 @ http://localhost:5173/src/lib/popcornInit.js?t=1787453099822:48
[    5867ms] [LOG] [popcorn-init] OK: wrapper-common @ http://localhost:5173/src/lib/popcornInit.js?t=1787453099822:48
[    5868ms] [LOG] [popcorn-init] OK: wrapper-html5 @ http://localhost:5173/src/lib/popcornInit.js?t=1787453099822:48
[    5868ms] [LOG] [popcorn-init] OK: wrapper-vrview @ http://localhost:5173/src/lib/popcornInit.js?t=1787453099822:48
[    5869ms] [LOG] [popcorn-init] OK: wrapper-adaptive @ http://localhost:5173/src/lib/popcornInit.js?t=1787453099822:48
[    5869ms] [LOG] [popcorn-init] OK: wrapper-null @ http://localhost:5173/src/lib/popcornInit.js?t=1787453099822:48
[    5869ms] [LOG] [popcorn-init] OK: wrapper-soundcloud @ http://localhost:5173/src/lib/popcornInit.js?t=1787453099822:48
[    5870ms] [LOG] [popcorn-init] OK: wrapper-vimeo @ http://localhost:5173/src/lib/popcornInit.js?t=1787453099822:48
[    5870ms] [LOG] [popcorn-init] OK: wrapper-youtube @ http://localhost:5173/src/lib/popcornInit.js?t=1787453099822:48
[    5871ms] [LOG] [popcorn-init] OK: wrapper-jwplayer @ http://localhost:5173/src/lib/popcornInit.js?t=1787453099822:48
[    5871ms] [LOG] [popcorn-init] OK: player-module @ http://localhost:5173/src/lib/popcornInit.js?t=1787453099822:48
[    6093ms] [LOG] [LandingPage] Header.jsx loaded @ http://localhost:5173/src/components/landing/LandingPage.jsx?t=1787453099822:176
[    6251ms] [LOG] [LandingPage] CinematicVideoHero.jsx loaded @ http://localhost:5173/src/components/landing/LandingPage.jsx?t=1787453099822:189
[    6834ms] [LOG] [LandingPage] HeroSection.jsx loaded @ http://localhost:5173/src/components/landing/LandingPage.jsx?t=1787453099822:202
[    6835ms] [LOG] [LandingPage] Observer created for: scrolling placeholder id: section-scrolling @ http://localhost:5173/src/components/landing/LandingPage.jsx?t=1787453099822:160
[    6836ms] [LOG] [LandingPage] Observer created for: hook placeholder id: section-hook @ http://localhost:5173/src/components/landing/LandingPage.jsx?t=1787453099822:160
[    6836ms] [LOG] [LandingPage] Observer created for: engines placeholder id: section-engines @ http://localhost:5173/src/components/landing/LandingPage.jsx?t=1787453099822:160
[    6836ms] [LOG] [LandingPage] Observer created for: apps placeholder id: section-apps @ http://localhost:5173/src/components/landing/LandingPage.jsx?t=1787453099822:160
[    6836ms] [LOG] [LandingPage] Observer created for: features placeholder id: section-features @ http://localhost:5173/src/components/landing/LandingPage.jsx?t=1787453099822:160
[    6836ms] [LOG] [LandingPage] Observer created for: problem placeholder id: section-problem @ http://localhost:5173/src/components/landing/LandingPage.jsx?t=1787453099822:160
[    6836ms] [LOG] [LandingPage] Observer created for: workflow placeholder id: section-workflow @ http://localhost:5173/src/components/landing/LandingPage.jsx?t=1787453099822:160
[    6836ms] [LOG] [LandingPage] Observer created for: comparison placeholder id: section-comparison @ http://localhost:5173/src/components/landing/LandingPage.jsx?t=1787453099822:160
[    6836ms] [LOG] [LandingPage] Observer created for: value placeholder id: section-value @ http://localhost:5173/src/components/landing/LandingPage.jsx?t=1787453099822:160
[    6836ms] [LOG] [LandingPage] Observer created for: agency placeholder id: section-agency @ http://localhost:5173/src/components/landing/LandingPage.jsx?t=1787453099822:160
[    6836ms] [LOG] [LandingPage] Observer created for: offer placeholder id: section-offer @ http://localhost:5173/src/components/landing/LandingPage.jsx?t=1787453099822:160
[    6836ms] [LOG] [LandingPage] Observer created for: cta placeholder id: section-cta @ http://localhost:5173/src/components/landing/LandingPage.jsx?t=1787453099822:160
[    6836ms] [LOG] [LandingPage] Observer created for: ai-workflow placeholder id: section-ai-workflow @ http://localhost:5173/src/components/landing/LandingPage.jsx?t=1787453099822:160
[    6836ms] [LOG] [LandingPage] Observer created for: made-with placeholder id: section-made-with @ http://localhost:5173/src/components/landing/LandingPage.jsx?t=1787453099822:160
[    6836ms] [LOG] [LandingPage] Observer created for: ugc placeholder id: section-ugc @ http://localhost:5173/src/components/landing/LandingPage.jsx?t=1787453099822:160
[    6836ms] [LOG] [LandingPage] Observer created for: gallery placeholder id: section-gallery @ http://localhost:5173/src/components/landing/LandingPage.jsx?t=1787453099822:160
[    6836ms] [LOG] [LandingPage] Observer created for: academy placeholder id: section-academy @ http://localhost:5173/src/components/landing/LandingPage.jsx?t=1787453099822:160
[    6837ms] [LOG] [LandingPage] Observer created for: repo-cinema placeholder id: section-repo-cinema @ http://localhost:5173/src/components/landing/LandingPage.jsx?t=1787453099822:160
[    6837ms] [LOG] [LandingPage] Observer created for: repo-commercial placeholder id: section-repo-commercial @ http://localhost:5173/src/components/landing/LandingPage.jsx?t=1787453099822:160
[    6837ms] [LOG] [LandingPage] Observer created for: repo-social-ads placeholder id: section-repo-social-ads @ http://localhost:5173/src/components/landing/LandingPage.jsx?t=1787453099822:160
[    6837ms] [LOG] [LandingPage] Observer created for: repo-narrative placeholder id: section-repo-narrative @ http://localhost:5173/src/components/landing/LandingPage.jsx?t=1787453099822:160
[    6837ms] [LOG] [LandingPage] Observer created for: repo-vertical placeholder id: section-repo-vertical @ http://localhost:5173/src/components/landing/LandingPage.jsx?t=1787453099822:160
[    6837ms] [LOG] [LandingPage] Observer created for: repo-ecommerce placeholder id: section-repo-ecommerce @ http://localhost:5173/src/components/landing/LandingPage.jsx?t=1787453099822:160
[    6837ms] [LOG] [LandingPage] Observer created for: repo-kinetic placeholder id: section-repo-kinetic @ http://localhost:5173/src/components/landing/LandingPage.jsx?t=1787453099822:160
[    6837ms] [LOG] [LandingPage] Observer created for: repo-animated placeholder id: section-repo-animated @ http://localhost:5173/src/components/landing/LandingPage.jsx?t=1787453099822:160
[    6837ms] [LOG] [LandingPage] Observer created for: repo-animation placeholder id: section-repo-animation @ http://localhost:5173/src/components/landing/LandingPage.jsx?t=1787453099822:160
[    6837ms] [LOG] [LandingPage] Observer created for: repo-reference placeholder id: section-repo-reference @ http://localhost:5173/src/components/landing/LandingPage.jsx?t=1787453099822:160
[    6837ms] [LOG] [LandingPage] Observer created for: repo-vfx placeholder id: section-repo-vfx @ http://localhost:5173/src/components/landing/LandingPage.jsx?t=1787453099822:160
[    6837ms] [LOG] [LandingPage] Observer created for: repo-fashion placeholder id: section-repo-fashion @ http://localhost:5173/src/components/landing/LandingPage.jsx?t=1787453099822:160
[    6837ms] [LOG] [LandingPage] Observer created for: repos placeholder id: section-repos @ http://localhost:5173/src/components/landing/LandingPage.jsx?t=1787453099822:160
[    6837ms] [LOG] [LandingPage] Observer created for: gtm-boost placeholder id: section-gtm-boost @ http://localhost:5173/src/components/landing/LandingPage.jsx?t=1787453099822:160
[    6838ms] [LOG] [App] Landing page rendered @ http://localhost:5173/src/main.js?t=1787453099822:88
[    6858ms] [LOG] [LandingPage] IntersectionObserver fired for gtm-boost [Object] @ http://localhost:5173/src/components/landing/LandingPage.jsx?t=1787453099822:119
[    6859ms] [LOG] [LandingPage] Loading section: gtm-boost @ http://localhost:5173/src/components/landing/LandingPage.jsx?t=1787453099822:122
[    6859ms] [LOG] [LandingPage] IntersectionObserver fired for repos [Object] @ http://localhost:5173/src/components/landing/LandingPage.jsx?t=1787453099822:119
[    6859ms] [LOG] [LandingPage] Loading section: repos @ http://localhost:5173/src/components/landing/LandingPage.jsx?t=1787453099822:122
[    6860ms] [LOG] [LandingPage] IntersectionObserver fired for repo-commercial [Object] @ http://localhost:5173/src/components/landing/LandingPage.jsx?t=1787453099822:119
[    6860ms] [LOG] [LandingPage] Loading section: repo-commercial @ http://localhost:5173/src/components/landing/LandingPage.jsx?t=1787453099822:122
[    6860ms] [LOG] [LandingPage] IntersectionObserver fired for academy [Object] @ http://localhost:5173/src/components/landing/LandingPage.jsx?t=1787453099822:119
[    6860ms] [LOG] [LandingPage] Loading section: academy @ http://localhost:5173/src/components/landing/LandingPage.jsx?t=1787453099822:122
[    6860ms] [LOG] [LandingPage] IntersectionObserver fired for repo-fashion [Object] @ http://localhost:5173/src/components/landing/LandingPage.jsx?t=1787453099822:119
[    6860ms] [LOG] [LandingPage] Loading section: repo-fashion @ http://localhost:5173/src/components/landing/LandingPage.jsx?t=1787453099822:122
[    6861ms] [LOG] [LandingPage] IntersectionObserver fired for made-with [Object] @ http://localhost:5173/src/components/landing/LandingPage.jsx?t=1787453099822:119
[    6861ms] [LOG] [LandingPage] Loading section: made-with @ http://localhost:5173/src/components/landing/LandingPage.jsx?t=1787453099822:122
[    6861ms] [LOG] [LandingPage] IntersectionObserver fired for ugc [Object] @ http://localhost:5173/src/components/landing/LandingPage.jsx?t=1787453099822:119
[    6861ms] [LOG] [LandingPage] Loading section: ugc @ http://localhost:5173/src/components/landing/LandingPage.jsx?t=1787453099822:122
[    6861ms] [LOG] [LandingPage] IntersectionObserver fired for repo-reference [Object] @ http://localhost:5173/src/components/landing/LandingPage.jsx?t=1787453099822:119
[    6862ms] [LOG] [LandingPage] Loading section: repo-reference @ http://localhost:5173/src/components/landing/LandingPage.jsx?t=1787453099822:122
[    6862ms] [LOG] [LandingPage] IntersectionObserver fired for hook [Object] @ http://localhost:5173/src/components/landing/LandingPage.jsx?t=1787453099822:119
[    6862ms] [LOG] [LandingPage] Loading section: hook @ http://localhost:5173/src/components/landing/LandingPage.jsx?t=1787453099822:122
[    6862ms] [LOG] [LandingPage] IntersectionObserver fired for ai-workflow [Object] @ http://localhost:5173/src/components/landing/LandingPage.jsx?t=1787453099822:119
[    6862ms] [LOG] [LandingPage] Loading section: ai-workflow @ http://localhost:5173/src/components/landing/LandingPage.jsx?t=1787453099822:122
[    6863ms] [LOG] [LandingPage] IntersectionObserver fired for repo-narrative [Object] @ http://localhost:5173/src/components/landing/LandingPage.jsx?t=1787453099822:119
[    6863ms] [LOG] [LandingPage] Loading section: repo-narrative @ http://localhost:5173/src/components/landing/LandingPage.jsx?t=1787453099822:122
[    6865ms] [LOG] [LandingPage] IntersectionObserver fired for engines [Object] @ http://localhost:5173/src/components/landing/LandingPage.jsx?t=1787453099822:119
[    6866ms] [LOG] [LandingPage] Loading section: engines @ http://localhost:5173/src/components/landing/LandingPage.jsx?t=1787453099822:122
[    6866ms] [LOG] [LandingPage] IntersectionObserver fired for repo-vertical [Object] @ http://localhost:5173/src/components/landing/LandingPage.jsx?t=1787453099822:119
[    6866ms] [LOG] [LandingPage] Loading section: repo-vertical @ http://localhost:5173/src/components/landing/LandingPage.jsx?t=1787453099822:122
[    6867ms] [LOG] [LandingPage] IntersectionObserver fired for agency [Object] @ http://localhost:5173/src/components/landing/LandingPage.jsx?t=1787453099822:119
[    6867ms] [LOG] [LandingPage] Loading section: agency @ http://localhost:5173/src/components/landing/LandingPage.jsx?t=1787453099822:122
[    6867ms] [LOG] [LandingPage] IntersectionObserver fired for gallery [Object] @ http://localhost:5173/src/components/landing/LandingPage.jsx?t=1787453099822:119
[    6867ms] [LOG] [LandingPage] Loading section: gallery @ http://localhost:5173/src/components/landing/LandingPage.jsx?t=1787453099822:122
[    6867ms] [LOG] [LandingPage] IntersectionObserver fired for repo-ecommerce [Object] @ http://localhost:5173/src/components/landing/LandingPage.jsx?t=1787453099822:119
[    6868ms] [LOG] [LandingPage] Loading section: repo-ecommerce @ http://localhost:5173/src/components/landing/LandingPage.jsx?t=1787453099822:122
[    6868ms] [LOG] [LandingPage] IntersectionObserver fired for repo-cinema [Object] @ http://localhost:5173/src/components/landing/LandingPage.jsx?t=1787453099822:119
[    6868ms] [LOG] [LandingPage] Loading section: repo-cinema @ http://localhost:5173/src/components/landing/LandingPage.jsx?t=1787453099822:122
[    6868ms] [LOG] [LandingPage] IntersectionObserver fired for repo-animation [Object] @ http://localhost:5173/src/components/landing/LandingPage.jsx?t=1787453099822:119
[    6868ms] [LOG] [LandingPage] Loading section: repo-animation @ http://localhost:5173/src/components/landing/LandingPage.jsx?t=1787453099822:122
[    6868ms] [LOG] [LandingPage] IntersectionObserver fired for cta [Object] @ http://localhost:5173/src/components/landing/LandingPage.jsx?t=1787453099822:119
[    6868ms] [LOG] [LandingPage] Loading section: cta @ http://localhost:5173/src/components/landing/LandingPage.jsx?t=1787453099822:122
[    6869ms] [LOG] [LandingPage] IntersectionObserver fired for repo-vfx [Object] @ http://localhost:5173/src/components/landing/LandingPage.jsx?t=1787453099822:119
[    6869ms] [LOG] [LandingPage] Loading section: repo-vfx @ http://localhost:5173/src/components/landing/LandingPage.jsx?t=1787453099822:122
[    6869ms] [LOG] [LandingPage] IntersectionObserver fired for offer [Object] @ http://localhost:5173/src/components/landing/LandingPage.jsx?t=1787453099822:119
[    6869ms] [LOG] [LandingPage] Loading section: offer @ http://localhost:5173/src/components/landing/LandingPage.jsx?t=1787453099822:122
[    6869ms] [LOG] [LandingPage] IntersectionObserver fired for repo-animated [Object] @ http://localhost:5173/src/components/landing/LandingPage.jsx?t=1787453099822:119
[    6870ms] [LOG] [LandingPage] Loading section: repo-animated @ http://localhost:5173/src/components/landing/LandingPage.jsx?t=1787453099822:122
[    6870ms] [LOG] [LandingPage] IntersectionObserver fired for value [Object] @ http://localhost:5173/src/components/landing/LandingPage.jsx?t=1787453099822:119
[    6870ms] [LOG] [LandingPage] Loading section: value @ http://localhost:5173/src/components/landing/LandingPage.jsx?t=1787453099822:122
[    6870ms] [LOG] [LandingPage] IntersectionObserver fired for features [Object] @ http://localhost:5173/src/components/landing/LandingPage.jsx?t=1787453099822:119
[    6870ms] [LOG] [LandingPage] Loading section: features @ http://localhost:5173/src/components/landing/LandingPage.jsx?t=1787453099822:122
[    6871ms] [LOG] [LandingPage] IntersectionObserver fired for repo-social-ads [Object] @ http://localhost:5173/src/components/landing/LandingPage.jsx?t=1787453099822:119
[    6871ms] [LOG] [LandingPage] Loading section: repo-social-ads @ http://localhost:5173/src/components/landing/LandingPage.jsx?t=1787453099822:122
[    6871ms] [LOG] [LandingPage] IntersectionObserver fired for problem [Object] @ http://localhost:5173/src/components/landing/LandingPage.jsx?t=1787453099822:119
[    6871ms] [LOG] [LandingPage] Loading section: problem @ http://localhost:5173/src/components/landing/LandingPage.jsx?t=1787453099822:122
[    6871ms] [LOG] [LandingPage] IntersectionObserver fired for apps [Object] @ http://localhost:5173/src/components/landing/LandingPage.jsx?t=1787453099822:119
[    6872ms] [LOG] [LandingPage] Loading section: apps @ http://localhost:5173/src/components/landing/LandingPage.jsx?t=1787453099822:122
[    6872ms] [LOG] [LandingPage] IntersectionObserver fired for repo-kinetic [Object] @ http://localhost:5173/src/components/landing/LandingPage.jsx?t=1787453099822:119
[    6873ms] [LOG] [LandingPage] Loading section: repo-kinetic @ http://localhost:5173/src/components/landing/LandingPage.jsx?t=1787453099822:122
[    6873ms] [LOG] [LandingPage] IntersectionObserver fired for scrolling [Object] @ http://localhost:5173/src/components/landing/LandingPage.jsx?t=1787453099822:119
[    6873ms] [LOG] [LandingPage] Loading section: scrolling @ http://localhost:5173/src/components/landing/LandingPage.jsx?t=1787453099822:122
[    6873ms] [LOG] [LandingPage] IntersectionObserver fired for comparison [Object] @ http://localhost:5173/src/components/landing/LandingPage.jsx?t=1787453099822:119
[    6874ms] [LOG] [LandingPage] Loading section: comparison @ http://localhost:5173/src/components/landing/LandingPage.jsx?t=1787453099822:122
[    6874ms] [LOG] [LandingPage] IntersectionObserver fired for workflow [Object] @ http://localhost:5173/src/components/landing/LandingPage.jsx?t=1787453099822:119
[    6874ms] [LOG] [LandingPage] Loading section: workflow @ http://localhost:5173/src/components/landing/LandingPage.jsx?t=1787453099822:122
[    7531ms] [LOG] [LandingPage] Section loaded: repos @ http://localhost:5173/src/components/landing/LandingPage.jsx?t=1787453099822:141
[    7684ms] [LOG] [LandingPage] Section loaded: hook @ http://localhost:5173/src/components/landing/LandingPage.jsx?t=1787453099822:141
[    7706ms] [LOG] [LandingPage] Section loaded: engines @ http://localhost:5173/src/components/landing/LandingPage.jsx?t=1787453099822:141
[    7707ms] [LOG] [LandingPage] Section loaded: agency @ http://localhost:5173/src/components/landing/LandingPage.jsx?t=1787453099822:141
[    7742ms] [LOG] [LandingPage] Section loaded: cta @ http://localhost:5173/src/components/landing/LandingPage.jsx?t=1787453099822:141
[    7751ms] [LOG] [LandingPage] Section loaded: offer @ http://localhost:5173/src/components/landing/LandingPage.jsx?t=1787453099822:141
[    7752ms] [LOG] [LandingPage] Section loaded: value @ http://localhost:5173/src/components/landing/LandingPage.jsx?t=1787453099822:141
[    7752ms] [LOG] [LandingPage] Section loaded: features @ http://localhost:5173/src/components/landing/LandingPage.jsx?t=1787453099822:141
[    7753ms] [LOG] [LandingPage] Section loaded: problem @ http://localhost:5173/src/components/landing/LandingPage.jsx?t=1787453099822:141
[    7754ms] [LOG] [LandingPage] Section loaded: comparison @ http://localhost:5173/src/components/landing/LandingPage.jsx?t=1787453099822:141
[    7762ms] [LOG] [LandingPage] Section loaded: scrolling @ http://localhost:5173/src/components/landing/LandingPage.jsx?t=1787453099822:141
[    7763ms] [LOG] [LandingPage] Section loaded: workflow @ http://localhost:5173/src/components/landing/LandingPage.jsx?t=1787453099822:141
[    8184ms] [LOG] [LandingPage] Section loaded: ugc @ http://localhost:5173/src/components/landing/LandingPage.jsx?t=1787453099822:141
[    8384ms] [LOG] [LandingPage] Section loaded: gallery @ http://localhost:5173/src/components/landing/LandingPage.jsx?t=1787453099822:141
[    8487ms] [LOG] [LandingPage] Section loaded: gtm-boost @ http://localhost:5173/src/components/landing/LandingPage.jsx?t=1787453099822:141
[    8678ms] [LOG] [LandingPage] Section loaded: academy @ http://localhost:5173/src/components/landing/LandingPage.jsx?t=1787453099822:141
[    9578ms] [LOG] [LandingPage] Section loaded: made-with @ http://localhost:5173/src/components/landing/LandingPage.jsx?t=1787453099822:141
[    9628ms] [LOG] [LandingPage] Section loaded: repo-social-ads @ http://localhost:5173/src/components/landing/LandingPage.jsx?t=1787453099822:141
[    9686ms] [LOG] [LandingPage] Section loaded: repo-ecommerce @ http://localhost:5173/src/components/landing/LandingPage.jsx?t=1787453099822:141
[    9831ms] [LOG] [LandingPage] Section loaded: repo-animated @ http://localhost:5173/src/components/landing/LandingPage.jsx?t=1787453099822:141
[    9840ms] [LOG] [LandingPage] Section loaded: repo-vertical @ http://localhost:5173/src/components/landing/LandingPage.jsx?t=1787453099822:141
[    9851ms] [LOG] [LandingPage] Section loaded: repo-commercial @ http://localhost:5173/src/components/landing/LandingPage.jsx?t=1787453099822:141
[    9861ms] [LOG] [LandingPage] Section loaded: repo-vfx @ http://localhost:5173/src/components/landing/LandingPage.jsx?t=1787453099822:141
[    9872ms] [LOG] [LandingPage] Section loaded: repo-cinema @ http://localhost:5173/src/components/landing/LandingPage.jsx?t=1787453099822:141
[    9883ms] [LOG] [LandingPage] Section loaded: repo-reference @ http://localhost:5173/src/components/landing/LandingPage.jsx?t=1787453099822:141
[    9889ms] [LOG] [LandingPage] Section loaded: repo-fashion @ http://localhost:5173/src/components/landing/LandingPage.jsx?t=1787453099822:141
[    9902ms] [LOG] [LandingPage] Section loaded: repo-narrative @ http://localhost:5173/src/components/landing/LandingPage.jsx?t=1787453099822:141
[    9903ms] [LOG] [LandingPage] Section loaded: ai-workflow @ http://localhost:5173/src/components/landing/LandingPage.jsx?t=1787453099822:141
[    9915ms] [LOG] [LandingPage] Section loaded: repo-kinetic @ http://localhost:5173/src/components/landing/LandingPage.jsx?t=1787453099822:141
[    9923ms] [LOG] [LandingPage] Section loaded: repo-animation @ http://localhost:5173/src/components/landing/LandingPage.jsx?t=1787453099822:141
[   10353ms] [LOG] [LandingPage] Section loaded: apps @ http://localhost:5173/src/components/landing/LandingPage.jsx?t=1787453099822:141
[   10491ms] [INFO] %cDownload the React DevTools for a better development experience: https://react.dev/link/react-devtools font-weight:bold @ http://localhost:5173/node_modules/.vite/deps/chunk-EEAUBQDT.js?v=93c1ec86:20096
[   10495ms] [ERROR] [ModalSystem] mount failed TypeError: Class constructor SortableElement cannot be invoked without 'new'
    at http://localhost:5173/components/modals/RetargetOptInModal.jsx?t=1787453099822:26:22 @ http://localhost:5173/src/main.js?t=1787453099822:329
[   10496ms] [ERROR] [popcorn-init] FAILED at: plugin-image TypeError: Class constructor SortableElement cannot be invoked without 'new'
    at http://localhost:5173/components/modals/RetargetOptInModal.jsx?t=1787453099822:26:22 @ http://localhost:5173/src/lib/popcornInit.js?t=1787453099822:55
[   10512ms] [ERROR] [popcorn-init] FAILED at: plugin-jsonTransition TypeError: Class constructor SortableElement cannot be invoked without 'new'
    at http://localhost:5173/components/modals/RetargetOptInModal.jsx?t=1787453099822:26:22 @ http://localhost:5173/src/lib/popcornInit.js?t=1787453099822:55
[   10526ms] [ERROR] [popcorn-init] FAILED at: plugin-lottie-json TypeError: Class constructor SortableElement cannot be invoked without 'new'
    at http://localhost:5173/components/modals/RetargetOptInModal.jsx?t=1787453099822:26:22 @ http://localhost:5173/src/lib/popcornInit.js?t=1787453099822:55
[   10541ms] [LOG] [popcorn-init] OK: plugin-json-button @ http://localhost:5173/src/lib/popcornInit.js?t=1787453099822:48
[   10556ms] [ERROR] [popcorn-init] FAILED at: plugin-personalizedImage TypeError: Class constructor SortableElement cannot be invoked without 'new'
    at http://localhost:5173/components/modals/RetargetOptInModal.jsx?t=1787453099822:26:22 @ http://localhost:5173/src/lib/popcornInit.js?t=1787453099822:55
[   10563ms] [ERROR] [popcorn-init] FAILED at: plugin-loopPlugin TypeError: Class constructor SortableElement cannot be invoked without 'new'
    at http://localhost:5173/components/modals/RetargetOptInModal.jsx?t=1787453099822:26:22 @ http://localhost:5173/src/lib/popcornInit.js?t=1787453099822:55
[   10571ms] [ERROR] [popcorn-init] FAILED at: plugin-pausePlugin TypeError: Class constructor SortableElement cannot be invoked without 'new'
    at http://localhost:5173/components/modals/RetargetOptInModal.jsx?t=1787453099822:26:22 @ http://localhost:5173/src/lib/popcornInit.js?t=1787453099822:55
[   10604ms] [ERROR] [popcorn-init] FAILED at: plugin-form TypeError: Class constructor SortableElement cannot be invoked without 'new'
    at http://localhost:5173/components/modals/RetargetOptInModal.jsx?t=1787453099822:26:22 @ http://localhost:5173/src/lib/popcornInit.js?t=1787453099822:55
[   10639ms] [ERROR] [popcorn-init] FAILED at: plugin-retarget TypeError: Class constructor SortableElement cannot be invoked without 'new'
    at http://localhost:5173/components/modals/RetargetOptInModal.jsx?t=1787453099822:26:22 @ http://localhost:5173/src/lib/popcornInit.js?t=1787453099822:55
[   10649ms] [LOG] [popcorn-init] OK: plugin-popup @ http://localhost:5173/src/lib/popcornInit.js?t=1787453099822:48
[   10659ms] [ERROR] [popcorn-init] FAILED at: plugin-sequencer TypeError: Class constructor SortableElement cannot be invoked without 'new'
    at http://localhost:5173/components/modals/RetargetOptInModal.jsx?t=1787453099822:26:22 @ http://localhost:5173/src/lib/popcornInit.js?t=1787453099822:55
[   10668ms] [ERROR] [popcorn-init] FAILED at: plugin-skip TypeError: Class constructor SortableElement cannot be invoked without 'new'
    at http://localhost:5173/components/modals/RetargetOptInModal.jsx?t=1787453099822:26:22 @ http://localhost:5173/src/lib/popcornInit.js?t=1787453099822:55
[   10701ms] [ERROR] [popcorn-init] FAILED at: plugin-text TypeError: Class constructor SortableElement cannot be invoked without 'new'
    at http://localhost:5173/components/modals/RetargetOptInModal.jsx?t=1787453099822:26:22 @ http://localhost:5173/src/lib/popcornInit.js?t=1787453099822:55
[   10716ms] [LOG] [popcorn-init] OK: plugin-social @ http://localhost:5173/src/lib/popcornInit.js?t=1787453099822:48
[   10757ms] [ERROR] [popcorn-init] FAILED at: plugin-jsonAnimation TypeError: Class constructor SortableElement cannot be invoked without 'new'
    at http://localhost:5173/components/modals/RetargetOptInModal.jsx?t=1787453099822:26:22 @ http://localhost:5173/src/lib/popcornInit.js?t=1787453099822:55
[   10819ms] [LOG] [popcorn-init] OK: plugin-videoTransition @ http://localhost:5173/src/lib/popcornInit.js?t=1787453099822:48
[   10835ms] [ERROR] [popcorn-init] FAILED at: plugin-seethroughtext TypeError: Class constructor SortableElement cannot be invoked without 'new'
    at http://localhost:5173/components/modals/RetargetOptInModal.jsx?t=1787453099822:26:22 @ http://localhost:5173/src/lib/popcornInit.js?t=1787453099822:55
[   10848ms] [LOG] [popcorn-init] OK: plugin-wikipedia @ http://localhost:5173/src/lib/popcornInit.js?t=1787453099822:48
[   10868ms] [ERROR] [popcorn-init] FAILED at: plugin-combined TypeError: Class constructor SortableElement cannot be invoked without 'new'
    at http://localhost:5173/components/modals/RetargetOptInModal.jsx?t=1787453099822:26:22 @ http://localhost:5173/src/lib/popcornInit.js?t=1787453099822:55
[   10902ms] [ERROR] [popcorn-init] FAILED at: plugin-background TypeError: Class constructor SortableElement cannot be invoked without 'new'
    at http://localhost:5173/components/modals/RetargetOptInModal.jsx?t=1787453099822:26:22 @ http://localhost:5173/src/lib/popcornInit.js?t=1787453099822:55
[   10918ms] [LOG] [popcorn-init] SUMMARY: 5/20 plugins registered; FAILED: plugin-image, plugin-jsonTransition, plugin-lottie-json, plugin-personalizedImage, plugin-loopPlugin, plugin-pausePlugin, plugin-form, plugin-retarget, plugin-sequencer, plugin-skip, plugin-text, plugin-jsonAnimation, plugin-seethroughtext, plugin-combined, plugin-background @ http://localhost:5173/src/lib/popcornInit.js?t=1787453099822:60
[   10919ms] [LOG] [popcorn] function 5 @ http://localhost:5173/src/main.js?t=1787453099822:4
[   27256ms] [LOG] [App] Starting initialization... @ http://localhost:5173/src/main.js?t=1787453120176:19
[   27267ms] [LOG] [popcorn-init] OK: jquery @ http://localhost:5173/src/lib/popcornInit.js?t=1787453120176:41
[   27267ms] [LOG] [popcorn-init] OK: jquery-textfill @ http://localhost:5173/src/lib/popcornInit.js?t=1787453120176:48
[   27268ms] [LOG] [popcorn-init] OK: popcorn-core @ http://localhost:5173/src/lib/popcornInit.js?t=1787453120176:48
[   27269ms] [LOG] [popcorn-init] OK: popcorn-ie8 @ http://localhost:5173/src/lib/popcornInit.js?t=1787453120176:48
[   27269ms] [LOG] [popcorn-init] OK: wrapper-common @ http://localhost:5173/src/lib/popcornInit.js?t=1787453120176:48
[   27270ms] [LOG] [popcorn-init] OK: wrapper-html5 @ http://localhost:5173/src/lib/popcornInit.js?t=1787453120176:48
[   27270ms] [LOG] [popcorn-init] OK: wrapper-vrview @ http://localhost:5173/src/lib/popcornInit.js?t=1787453120176:48
[   27271ms] [LOG] [popcorn-init] OK: wrapper-adaptive @ http://localhost:5173/src/lib/popcornInit.js?t=1787453120176:48
[   27272ms] [LOG] [popcorn-init] OK: wrapper-null @ http://localhost:5173/src/lib/popcornInit.js?t=1787453120176:48
[   27272ms] [LOG] [popcorn-init] OK: wrapper-soundcloud @ http://localhost:5173/src/lib/popcornInit.js?t=1787453120176:48
[   27273ms] [LOG] [popcorn-init] OK: wrapper-vimeo @ http://localhost:5173/src/lib/popcornInit.js?t=1787453120176:48
[   27273ms] [LOG] [popcorn-init] OK: wrapper-youtube @ http://localhost:5173/src/lib/popcornInit.js?t=1787453120176:48
[   27273ms] [LOG] [popcorn-init] OK: wrapper-jwplayer @ http://localhost:5173/src/lib/popcornInit.js?t=1787453120176:48
[   27274ms] [LOG] [popcorn-init] OK: player-module @ http://localhost:5173/src/lib/popcornInit.js?t=1787453120176:48
[   27369ms] [LOG] [LandingPage] Header.jsx loaded @ http://localhost:5173/src/components/landing/LandingPage.jsx?t=1787453120176:176
[   27897ms] [LOG] [LandingPage] CinematicVideoHero.jsx loaded @ http://localhost:5173/src/components/landing/LandingPage.jsx?t=1787453120176:189
[   28388ms] [LOG] [LandingPage] HeroSection.jsx loaded @ http://localhost:5173/src/components/landing/LandingPage.jsx?t=1787453120176:202
[   28389ms] [LOG] [LandingPage] Observer created for: scrolling placeholder id: section-scrolling @ http://localhost:5173/src/components/landing/LandingPage.jsx?t=1787453120176:160
[   28390ms] [LOG] [LandingPage] Observer created for: hook placeholder id: section-hook @ http://localhost:5173/src/components/landing/LandingPage.jsx?t=1787453120176:160
[   28390ms] [LOG] [LandingPage] Observer created for: engines placeholder id: section-engines @ http://localhost:5173/src/components/landing/LandingPage.jsx?t=1787453120176:160
[   28390ms] [LOG] [LandingPage] Observer created for: apps placeholder id: section-apps @ http://localhost:5173/src/components/landing/LandingPage.jsx?t=1787453120176:160
[   28390ms] [LOG] [LandingPage] Observer created for: features placeholder id: section-features @ http://localhost:5173/src/components/landing/LandingPage.jsx?t=1787453120176:160
[   28390ms] [LOG] [LandingPage] Observer created for: problem placeholder id: section-problem @ http://localhost:5173/src/components/landing/LandingPage.jsx?t=1787453120176:160
[   28390ms] [LOG] [LandingPage] Observer created for: workflow placeholder id: section-workflow @ http://localhost:5173/src/components/landing/LandingPage.jsx?t=1787453120176:160
[   28390ms] [LOG] [LandingPage] Observer created for: comparison placeholder id: section-comparison @ http://localhost:5173/src/components/landing/LandingPage.jsx?t=1787453120176:160
[   28390ms] [LOG] [LandingPage] Observer created for: value placeholder id: section-value @ http://localhost:5173/src/components/landing/LandingPage.jsx?t=1787453120176:160
[   28390ms] [LOG] [LandingPage] Observer created for: agency placeholder id: section-agency @ http://localhost:5173/src/components/landing/LandingPage.jsx?t=1787453120176:160
[   28390ms] [LOG] [LandingPage] Observer created for: offer placeholder id: section-offer @ http://localhost:5173/src/components/landing/LandingPage.jsx?t=1787453120176:160
[   28390ms] [LOG] [LandingPage] Observer created for: cta placeholder id: section-cta @ http://localhost:5173/src/components/landing/LandingPage.jsx?t=1787453120176:160
[   28390ms] [LOG] [LandingPage] Observer created for: ai-workflow placeholder id: section-ai-workflow @ http://localhost:5173/src/components/landing/LandingPage.jsx?t=1787453120176:160
[   28391ms] [LOG] [LandingPage] Observer created for: made-with placeholder id: section-made-with @ http://localhost:5173/src/components/landing/LandingPage.jsx?t=1787453120176:160
[   28391ms] [LOG] [LandingPage] Observer created for: ugc placeholder id: section-ugc @ http://localhost:5173/src/components/landing/LandingPage.jsx?t=1787453120176:160
[   28391ms] [LOG] [LandingPage] Observer created for: gallery placeholder id: section-gallery @ http://localhost:5173/src/components/landing/LandingPage.jsx?t=1787453120176:160
[   28391ms] [LOG] [LandingPage] Observer created for: academy placeholder id: section-academy @ http://localhost:5173/src/components/landing/LandingPage.jsx?t=1787453120176:160
[   28391ms] [LOG] [LandingPage] Observer created for: repo-cinema placeholder id: section-repo-cinema @ http://localhost:5173/src/components/landing/LandingPage.jsx?t=1787453120176:160
[   28391ms] [LOG] [LandingPage] Observer created for: repo-commercial placeholder id: section-repo-commercial @ http://localhost:5173/src/components/landing/LandingPage.jsx?t=1787453120176:160
[   28391ms] [LOG] [LandingPage] Observer created for: repo-social-ads placeholder id: section-repo-social-ads @ http://localhost:5173/src/components/landing/LandingPage.jsx?t=1787453120176:160
[   28391ms] [LOG] [LandingPage] Observer created for: repo-narrative placeholder id: section-repo-narrative @ http://localhost:5173/src/components/landing/LandingPage.jsx?t=1787453120176:160
[   28391ms] [LOG] [LandingPage] Observer created for: repo-vertical placeholder id: section-repo-vertical @ http://localhost:5173/src/components/landing/LandingPage.jsx?t=1787453120176:160
[   28391ms] [LOG] [LandingPage] Observer created for: repo-ecommerce placeholder id: section-repo-ecommerce @ http://localhost:5173/src/components/landing/LandingPage.jsx?t=1787453120176:160
[   28391ms] [LOG] [LandingPage] Observer created for: repo-kinetic placeholder id: section-repo-kinetic @ http://localhost:5173/src/components/landing/LandingPage.jsx?t=1787453120176:160
[   28391ms] [LOG] [LandingPage] Observer created for: repo-animated placeholder id: section-repo-animated @ http://localhost:5173/src/components/landing/LandingPage.jsx?t=1787453120176:160
[   28391ms] [LOG] [LandingPage] Observer created for: repo-animation placeholder id: section-repo-animation @ http://localhost:5173/src/components/landing/LandingPage.jsx?t=1787453120176:160
[   28391ms] [LOG] [LandingPage] Observer created for: repo-reference placeholder id: section-repo-reference @ http://localhost:5173/src/components/landing/LandingPage.jsx?t=1787453120176:160
[   28391ms] [LOG] [LandingPage] Observer created for: repo-vfx placeholder id: section-repo-vfx @ http://localhost:5173/src/components/landing/LandingPage.jsx?t=1787453120176:160
[   28391ms] [LOG] [LandingPage] Observer created for: repo-fashion placeholder id: section-repo-fashion @ http://localhost:5173/src/components/landing/LandingPage.jsx?t=1787453120176:160
[   28391ms] [LOG] [LandingPage] Observer created for: repos placeholder id: section-repos @ http://localhost:5173/src/components/landing/LandingPage.jsx?t=1787453120176:160
[   28391ms] [LOG] [LandingPage] Observer created for: gtm-boost placeholder id: section-gtm-boost @ http://localhost:5173/src/components/landing/LandingPage.jsx?t=1787453120176:160
[   28392ms] [LOG] [App] Landing page rendered @ http://localhost:5173/src/main.js?t=1787453120176:88
[   28627ms] [LOG] [LandingPage] IntersectionObserver fired for gallery [Object] @ http://localhost:5173/src/components/landing/LandingPage.jsx?t=1787453120176:119
[   28627ms] [LOG] [LandingPage] Loading section: gallery @ http://localhost:5173/src/components/landing/LandingPage.jsx?t=1787453120176:122
[   28631ms] [LOG] [LandingPage] IntersectionObserver fired for ai-workflow [Object] @ http://localhost:5173/src/components/landing/LandingPage.jsx?t=1787453120176:119
[   28631ms] [LOG] [LandingPage] Loading section: ai-workflow @ http://localhost:5173/src/components/landing/LandingPage.jsx?t=1787453120176:122
[   28632ms] [LOG] [LandingPage] IntersectionObserver fired for workflow [Object] @ http://localhost:5173/src/components/landing/LandingPage.jsx?t=1787453120176:119
[   28632ms] [LOG] [LandingPage] Loading section: workflow @ http://localhost:5173/src/components/landing/LandingPage.jsx?t=1787453120176:122
[   28633ms] [LOG] [LandingPage] IntersectionObserver fired for repo-narrative [Object] @ http://localhost:5173/src/components/landing/LandingPage.jsx?t=1787453120176:119
[   28634ms] [LOG] [LandingPage] Loading section: repo-narrative @ http://localhost:5173/src/components/landing/LandingPage.jsx?t=1787453120176:122
[   28635ms] [LOG] [LandingPage] IntersectionObserver fired for repo-kinetic [Object] @ http://localhost:5173/src/components/landing/LandingPage.jsx?t=1787453120176:119
[   28637ms] [LOG] [LandingPage] Loading section: repo-kinetic @ http://localhost:5173/src/components/landing/LandingPage.jsx?t=1787453120176:122
[   28637ms] [LOG] [LandingPage] IntersectionObserver fired for engines [Object] @ http://localhost:5173/src/components/landing/LandingPage.jsx?t=1787453120176:119
[   28638ms] [LOG] [LandingPage] Loading section: engines @ http://localhost:5173/src/components/landing/LandingPage.jsx?t=1787453120176:122
[   28638ms] [LOG] [LandingPage] IntersectionObserver fired for value [Object] @ http://localhost:5173/src/components/landing/LandingPage.jsx?t=1787453120176:119
[   28639ms] [LOG] [LandingPage] Loading section: value @ http://localhost:5173/src/components/landing/LandingPage.jsx?t=1787453120176:122
[   28639ms] [LOG] [LandingPage] IntersectionObserver fired for repo-vertical [Object] @ http://localhost:5173/src/components/landing/LandingPage.jsx?t=1787453120176:119
[   28640ms] [LOG] [LandingPage] Loading section: repo-vertical @ http://localhost:5173/src/components/landing/LandingPage.jsx?t=1787453120176:122
[   28642ms] [LOG] [LandingPage] IntersectionObserver fired for features [Object] @ http://localhost:5173/src/components/landing/LandingPage.jsx?t=1787453120176:119
[   28642ms] [LOG] [LandingPage] Loading section: features @ http://localhost:5173/src/components/landing/LandingPage.jsx?t=1787453120176:122
[   28643ms] [LOG] [LandingPage] IntersectionObserver fired for repo-commercial [Object] @ http://localhost:5173/src/components/landing/LandingPage.jsx?t=1787453120176:119
[   28643ms] [LOG] [LandingPage] Loading section: repo-commercial @ http://localhost:5173/src/components/landing/LandingPage.jsx?t=1787453120176:122
[   28643ms] [LOG] [LandingPage] IntersectionObserver fired for cta [Object] @ http://localhost:5173/src/components/landing/LandingPage.jsx?t=1787453120176:119
[   28644ms] [LOG] [LandingPage] Loading section: cta @ http://localhost:5173/src/components/landing/LandingPage.jsx?t=1787453120176:122
[   28647ms] [LOG] [LandingPage] IntersectionObserver fired for offer [Object] @ http://localhost:5173/src/components/landing/LandingPage.jsx?t=1787453120176:119
[   28647ms] [LOG] [LandingPage] Loading section: offer @ http://localhost:5173/src/components/landing/LandingPage.jsx?t=1787453120176:122
[   28648ms] [LOG] [LandingPage] IntersectionObserver fired for repo-fashion [Object] @ http://localhost:5173/src/components/landing/LandingPage.jsx?t=1787453120176:119
[   28648ms] [LOG] [LandingPage] Loading section: repo-fashion @ http://localhost:5173/src/components/landing/LandingPage.jsx?t=1787453120176:122
[   28648ms] [LOG] [LandingPage] IntersectionObserver fired for repo-ecommerce [Object] @ http://localhost:5173/src/components/landing/LandingPage.jsx?t=1787453120176:119
[   28648ms] [LOG] [LandingPage] Loading section: repo-ecommerce @ http://localhost:5173/src/components/landing/LandingPage.jsx?t=1787453120176:122
[   28649ms] [LOG] [LandingPage] IntersectionObserver fired for hook [Object] @ http://localhost:5173/src/components/landing/LandingPage.jsx?t=1787453120176:119
[   28649ms] [LOG] [LandingPage] Loading section: hook @ http://localhost:5173/src/components/landing/LandingPage.jsx?t=1787453120176:122
[   28649ms] [LOG] [LandingPage] IntersectionObserver fired for comparison [Object] @ http://localhost:5173/src/components/landing/LandingPage.jsx?t=1787453120176:119
[   28650ms] [LOG] [LandingPage] Loading section: comparison @ http://localhost:5173/src/components/landing/LandingPage.jsx?t=1787453120176:122
[   28650ms] [LOG] [LandingPage] IntersectionObserver fired for repos [Object] @ http://localhost:5173/src/components/landing/LandingPage.jsx?t=1787453120176:119
[   28651ms] [LOG] [LandingPage] Loading section: repos @ http://localhost:5173/src/components/landing/LandingPage.jsx?t=1787453120176:122
[   28651ms] [LOG] [LandingPage] IntersectionObserver fired for repo-cinema [Object] @ http://localhost:5173/src/components/landing/LandingPage.jsx?t=1787453120176:119
[   28652ms] [LOG] [LandingPage] Loading section: repo-cinema @ http://localhost:5173/src/components/landing/LandingPage.jsx?t=1787453120176:122
[   28652ms] [LOG] [LandingPage] IntersectionObserver fired for repo-reference [Object] @ http://localhost:5173/src/components/landing/LandingPage.jsx?t=1787453120176:119
[   28652ms] [LOG] [LandingPage] Loading section: repo-reference @ http://localhost:5173/src/components/landing/LandingPage.jsx?t=1787453120176:122
[   28652ms] [LOG] [LandingPage] IntersectionObserver fired for academy [Object] @ http://localhost:5173/src/components/landing/LandingPage.jsx?t=1787453120176:119
[   28653ms] [LOG] [LandingPage] Loading section: academy @ http://localhost:5173/src/components/landing/LandingPage.jsx?t=1787453120176:122
[   28653ms] [LOG] [LandingPage] IntersectionObserver fired for problem [Object] @ http://localhost:5173/src/components/landing/LandingPage.jsx?t=1787453120176:119
[   28653ms] [LOG] [LandingPage] Loading section: problem @ http://localhost:5173/src/components/landing/LandingPage.jsx?t=1787453120176:122
[   28653ms] [LOG] [LandingPage] IntersectionObserver fired for ugc [Object] @ http://localhost:5173/src/components/landing/LandingPage.jsx?t=1787453120176:119
[   28654ms] [LOG] [LandingPage] Loading section: ugc @ http://localhost:5173/src/components/landing/LandingPage.jsx?t=1787453120176:122
[   28656ms] [LOG] [LandingPage] IntersectionObserver fired for repo-animated [Object] @ http://localhost:5173/src/components/landing/LandingPage.jsx?t=1787453120176:119
[   28657ms] [LOG] [LandingPage] Loading section: repo-animated @ http://localhost:5173/src/components/landing/LandingPage.jsx?t=1787453120176:122
[   28657ms] [LOG] [LandingPage] IntersectionObserver fired for apps [Object] @ http://localhost:5173/src/components/landing/LandingPage.jsx?t=1787453120176:119
[   28657ms] [LOG] [LandingPage] Loading section: apps @ http://localhost:5173/src/components/landing/LandingPage.jsx?t=1787453120176:122
[   28658ms] [LOG] [LandingPage] IntersectionObserver fired for scrolling [Object] @ http://localhost:5173/src/components/landing/LandingPage.jsx?t=1787453120176:119
[   28659ms] [LOG] [LandingPage] Loading section: scrolling @ http://localhost:5173/src/components/landing/LandingPage.jsx?t=1787453120176:122
[   28660ms] [LOG] [LandingPage] IntersectionObserver fired for made-with [Object] @ http://localhost:5173/src/components/landing/LandingPage.jsx?t=1787453120176:119
[   28660ms] [LOG] [LandingPage] Loading section: made-with @ http://localhost:5173/src/components/landing/LandingPage.jsx?t=1787453120176:122
[   28663ms] [LOG] [LandingPage] IntersectionObserver fired for agency [Object] @ http://localhost:5173/src/components/landing/LandingPage.jsx?t=1787453120176:119
[   28664ms] [LOG] [LandingPage] Loading section: agency @ http://localhost:5173/src/components/landing/LandingPage.jsx?t=1787453120176:122
[   28664ms] [LOG] [LandingPage] IntersectionObserver fired for gtm-boost [Object] @ http://localhost:5173/src/components/landing/LandingPage.jsx?t=1787453120176:119
[   28665ms] [LOG] [LandingPage] Loading section: gtm-boost @ http://localhost:5173/src/components/landing/LandingPage.jsx?t=1787453120176:122
[   28668ms] [LOG] [LandingPage] IntersectionObserver fired for repo-animation [Object] @ http://localhost:5173/src/components/landing/LandingPage.jsx?t=1787453120176:119
[   28669ms] [LOG] [LandingPage] Loading section: repo-animation @ http://localhost:5173/src/components/landing/LandingPage.jsx?t=1787453120176:122
[   28669ms] [LOG] [LandingPage] IntersectionObserver fired for repo-social-ads [Object] @ http://localhost:5173/src/components/landing/LandingPage.jsx?t=1787453120176:119
[   28669ms] [LOG] [LandingPage] Loading section: repo-social-ads @ http://localhost:5173/src/components/landing/LandingPage.jsx?t=1787453120176:122
[   28669ms] [LOG] [LandingPage] IntersectionObserver fired for repo-vfx [Object] @ http://localhost:5173/src/components/landing/LandingPage.jsx?t=1787453120176:119
[   28669ms] [LOG] [LandingPage] Loading section: repo-vfx @ http://localhost:5173/src/components/landing/LandingPage.jsx?t=1787453120176:122
[   37429ms] [LOG] [App] Starting initialization... @ http://localhost:5173/src/main.js?t=1787453129937:19
[   37440ms] [LOG] [popcorn-init] OK: jquery @ http://localhost:5173/src/lib/popcornInit.js?t=1787453129937:41
[   37441ms] [LOG] [popcorn-init] OK: jquery-textfill @ http://localhost:5173/src/lib/popcornInit.js?t=1787453129937:48
[   37442ms] [LOG] [popcorn-init] OK: popcorn-core @ http://localhost:5173/src/lib/popcornInit.js?t=1787453129937:48
[   37443ms] [LOG] [popcorn-init] OK: popcorn-ie8 @ http://localhost:5173/src/lib/popcornInit.js?t=1787453129937:48
[   37443ms] [LOG] [popcorn-init] OK: wrapper-common @ http://localhost:5173/src/lib/popcornInit.js?t=1787453129937:48
[   37444ms] [LOG] [popcorn-init] OK: wrapper-html5 @ http://localhost:5173/src/lib/popcornInit.js?t=1787453129937:48
[   37445ms] [LOG] [popcorn-init] OK: wrapper-vrview @ http://localhost:5173/src/lib/popcornInit.js?t=1787453129937:48
[   37446ms] [LOG] [popcorn-init] OK: wrapper-adaptive @ http://localhost:5173/src/lib/popcornInit.js?t=1787453129937:48
[   37446ms] [LOG] [popcorn-init] OK: wrapper-null @ http://localhost:5173/src/lib/popcornInit.js?t=1787453129937:48
[   37447ms] [LOG] [popcorn-init] OK: wrapper-soundcloud @ http://localhost:5173/src/lib/popcornInit.js?t=1787453129937:48
[   37447ms] [LOG] [popcorn-init] OK: wrapper-vimeo @ http://localhost:5173/src/lib/popcornInit.js?t=1787453129937:48
[   37448ms] [LOG] [popcorn-init] OK: wrapper-youtube @ http://localhost:5173/src/lib/popcornInit.js?t=1787453129937:48
[   37448ms] [LOG] [popcorn-init] OK: wrapper-jwplayer @ http://localhost:5173/src/lib/popcornInit.js?t=1787453129937:48
[   37449ms] [LOG] [popcorn-init] OK: player-module @ http://localhost:5173/src/lib/popcornInit.js?t=1787453129937:48
[   37661ms] [LOG] [LandingPage] Header.jsx loaded @ http://localhost:5173/src/components/landing/LandingPage.jsx?t=1787453129937:176
[   38057ms] [LOG] [LandingPage] CinematicVideoHero.jsx loaded @ http://localhost:5173/src/components/landing/LandingPage.jsx?t=1787453129937:189
[   38685ms] [LOG] [LandingPage] HeroSection.jsx loaded @ http://localhost:5173/src/components/landing/LandingPage.jsx?t=1787453129937:202
[   38686ms] [LOG] [LandingPage] Observer created for: scrolling placeholder id: section-scrolling @ http://localhost:5173/src/components/landing/LandingPage.jsx?t=1787453129937:160
[   38687ms] [LOG] [LandingPage] Observer created for: hook placeholder id: section-hook @ http://localhost:5173/src/components/landing/LandingPage.jsx?t=1787453129937:160
[   38687ms] [LOG] [LandingPage] Observer created for: engines placeholder id: section-engines @ http://localhost:5173/src/components/landing/LandingPage.jsx?t=1787453129937:160
[   38687ms] [LOG] [LandingPage] Observer created for: apps placeholder id: section-apps @ http://localhost:5173/src/components/landing/LandingPage.jsx?t=1787453129937:160
[   38687ms] [LOG] [LandingPage] Observer created for: features placeholder id: section-features @ http://localhost:5173/src/components/landing/LandingPage.jsx?t=1787453129937:160
[   38687ms] [LOG] [LandingPage] Observer created for: problem placeholder id: section-problem @ http://localhost:5173/src/components/landing/LandingPage.jsx?t=1787453129937:160
[   38687ms] [LOG] [LandingPage] Observer created for: workflow placeholder id: section-workflow @ http://localhost:5173/src/components/landing/LandingPage.jsx?t=1787453129937:160
[   38687ms] [LOG] [LandingPage] Observer created for: comparison placeholder id: section-comparison @ http://localhost:5173/src/components/landing/LandingPage.jsx?t=1787453129937:160
[   38687ms] [LOG] [LandingPage] Observer created for: value placeholder id: section-value @ http://localhost:5173/src/components/landing/LandingPage.jsx?t=1787453129937:160
[   38687ms] [LOG] [LandingPage] Observer created for: agency placeholder id: section-agency @ http://localhost:5173/src/components/landing/LandingPage.jsx?t=1787453129937:160
[   38687ms] [LOG] [LandingPage] Observer created for: offer placeholder id: section-offer @ http://localhost:5173/src/components/landing/LandingPage.jsx?t=1787453129937:160
[   38687ms] [LOG] [LandingPage] Observer created for: cta placeholder id: section-cta @ http://localhost:5173/src/components/landing/LandingPage.jsx?t=1787453129937:160
[   38687ms] [LOG] [LandingPage] Observer created for: ai-workflow placeholder id: section-ai-workflow @ http://localhost:5173/src/components/landing/LandingPage.jsx?t=1787453129937:160
[   38687ms] [LOG] [LandingPage] Observer created for: made-with placeholder id: section-made-with @ http://localhost:5173/src/components/landing/LandingPage.jsx?t=1787453129937:160
[   38688ms] [LOG] [LandingPage] Observer created for: ugc placeholder id: section-ugc @ http://localhost:5173/src/components/landing/LandingPage.jsx?t=1787453129937:160
[   38688ms] [LOG] [LandingPage] Observer created for: gallery placeholder id: section-gallery @ http://localhost:5173/src/components/landing/LandingPage.jsx?t=1787453129937:160
[   38688ms] [LOG] [LandingPage] Observer created for: academy placeholder id: section-academy @ http://localhost:5173/src/components/landing/LandingPage.jsx?t=1787453129937:160
[   38688ms] [LOG] [LandingPage] Observer created for: repo-cinema placeholder id: section-repo-cinema @ http://localhost:5173/src/components/landing/LandingPage.jsx?t=1787453129937:160
[   38688ms] [LOG] [LandingPage] Observer created for: repo-commercial placeholder id: section-repo-commercial @ http://localhost:5173/src/components/landing/LandingPage.jsx?t=1787453129937:160
[   38688ms] [LOG] [LandingPage] Observer created for: repo-social-ads placeholder id: section-repo-social-ads @ http://localhost:5173/src/components/landing/LandingPage.jsx?t=1787453129937:160
[   38688ms] [LOG] [LandingPage] Observer created for: repo-narrative placeholder id: section-repo-narrative @ http://localhost:5173/src/components/landing/LandingPage.jsx?t=1787453129937:160
[   38688ms] [LOG] [LandingPage] Observer created for: repo-vertical placeholder id: section-repo-vertical @ http://localhost:5173/src/components/landing/LandingPage.jsx?t=1787453129937:160
[   38688ms] [LOG] [LandingPage] Observer created for: repo-ecommerce placeholder id: section-repo-ecommerce @ http://localhost:5173/src/components/landing/LandingPage.jsx?t=1787453129937:160
[   38688ms] [LOG] [LandingPage] Observer created for: repo-kinetic placeholder id: section-repo-kinetic @ http://localhost:5173/src/components/landing/LandingPage.jsx?t=1787453129937:160
[   38688ms] [LOG] [LandingPage] Observer created for: repo-animated placeholder id: section-repo-animated @ http://localhost:5173/src/components/landing/LandingPage.jsx?t=1787453129937:160
[   38689ms] [LOG] [LandingPage] Observer created for: repo-animation placeholder id: section-repo-animation @ http://localhost:5173/src/components/landing/LandingPage.jsx?t=1787453129937:160
[   38689ms] [LOG] [LandingPage] Observer created for: repo-reference placeholder id: section-repo-reference @ http://localhost:5173/src/components/landing/LandingPage.jsx?t=1787453129937:160
[   38689ms] [LOG] [LandingPage] Observer created for: repo-vfx placeholder id: section-repo-vfx @ http://localhost:5173/src/components/landing/LandingPage.jsx?t=1787453129937:160
[   38689ms] [LOG] [LandingPage] Observer created for: repo-fashion placeholder id: section-repo-fashion @ http://localhost:5173/src/components/landing/LandingPage.jsx?t=1787453129937:160
[   38689ms] [LOG] [LandingPage] Observer created for: repos placeholder id: section-repos @ http://localhost:5173/src/components/landing/LandingPage.jsx?t=1787453129937:160
[   38689ms] [LOG] [LandingPage] Observer created for: gtm-boost placeholder id: section-gtm-boost @ http://localhost:5173/src/components/landing/LandingPage.jsx?t=1787453129937:160
[   38690ms] [LOG] [App] Landing page rendered @ http://localhost:5173/src/main.js?t=1787453129937:88
[   38708ms] [LOG] [LandingPage] IntersectionObserver fired for repo-animation [Object] @ http://localhost:5173/src/components/landing/LandingPage.jsx?t=1787453129937:119
[   38708ms] [LOG] [LandingPage] Loading section: repo-animation @ http://localhost:5173/src/components/landing/LandingPage.jsx?t=1787453129937:122
[   38709ms] [LOG] [LandingPage] IntersectionObserver fired for comparison [Object] @ http://localhost:5173/src/components/landing/LandingPage.jsx?t=1787453129937:119
[   38709ms] [LOG] [LandingPage] Loading section: comparison @ http://localhost:5173/src/components/landing/LandingPage.jsx?t=1787453129937:122
[   38709ms] [LOG] [LandingPage] IntersectionObserver fired for repos [Object] @ http://localhost:5173/src/components/landing/LandingPage.jsx?t=1787453129937:119
[   38709ms] [LOG] [LandingPage] Loading section: repos @ http://localhost:5173/src/components/landing/LandingPage.jsx?t=1787453129937:122
[   38710ms] [LOG] [LandingPage] IntersectionObserver fired for hook [Object] @ http://localhost:5173/src/components/landing/LandingPage.jsx?t=1787453129937:119
[   38710ms] [LOG] [LandingPage] Loading section: hook @ http://localhost:5173/src/components/landing/LandingPage.jsx?t=1787453129937:122
[   38711ms] [LOG] [LandingPage] IntersectionObserver fired for apps [Object] @ http://localhost:5173/src/components/landing/LandingPage.jsx?t=1787453129937:119
[   38712ms] [LOG] [LandingPage] Loading section: apps @ http://localhost:5173/src/components/landing/LandingPage.jsx?t=1787453129937:122
[   38712ms] [LOG] [LandingPage] IntersectionObserver fired for agency [Object] @ http://localhost:5173/src/components/landing/LandingPage.jsx?t=1787453129937:119
[   38712ms] [LOG] [LandingPage] Loading section: agency @ http://localhost:5173/src/components/landing/LandingPage.jsx?t=1787453129937:122
[   38712ms] [LOG] [LandingPage] IntersectionObserver fired for repo-reference [Object] @ http://localhost:5173/src/components/landing/LandingPage.jsx?t=1787453129937:119
[   38713ms] [LOG] [LandingPage] Loading section: repo-reference @ http://localhost:5173/src/components/landing/LandingPage.jsx?t=1787453129937:122
[   38713ms] [LOG] [LandingPage] IntersectionObserver fired for scrolling [Object] @ http://localhost:5173/src/components/landing/LandingPage.jsx?t=1787453129937:119
[   38713ms] [LOG] [LandingPage] Loading section: scrolling @ http://localhost:5173/src/components/landing/LandingPage.jsx?t=1787453129937:122
[   38713ms] [LOG] [LandingPage] IntersectionObserver fired for offer [Object] @ http://localhost:5173/src/components/landing/LandingPage.jsx?t=1787453129937:119
[   38713ms] [LOG] [LandingPage] Loading section: offer @ http://localhost:5173/src/components/landing/LandingPage.jsx?t=1787453129937:122
[   38714ms] [LOG] [LandingPage] IntersectionObserver fired for repo-vertical [Object] @ http://localhost:5173/src/components/landing/LandingPage.jsx?t=1787453129937:119
[   38714ms] [LOG] [LandingPage] Loading section: repo-vertical @ http://localhost:5173/src/components/landing/LandingPage.jsx?t=1787453129937:122
[   38714ms] [LOG] [LandingPage] IntersectionObserver fired for cta [Object] @ http://localhost:5173/src/components/landing/LandingPage.jsx?t=1787453129937:119
[   38714ms] [LOG] [LandingPage] Loading section: cta @ http://localhost:5173/src/components/landing/LandingPage.jsx?t=1787453129937:122
[   38714ms] [LOG] [LandingPage] IntersectionObserver fired for repo-vfx [Object] @ http://localhost:5173/src/components/landing/LandingPage.jsx?t=1787453129937:119
[   38714ms] [LOG] [LandingPage] Loading section: repo-vfx @ http://localhost:5173/src/components/landing/LandingPage.jsx?t=1787453129937:122
[   38715ms] [LOG] [LandingPage] IntersectionObserver fired for gtm-boost [Object] @ http://localhost:5173/src/components/landing/LandingPage.jsx?t=1787453129937:119
[   38715ms] [LOG] [LandingPage] Loading section: gtm-boost @ http://localhost:5173/src/components/landing/LandingPage.jsx?t=1787453129937:122
[   38715ms] [LOG] [LandingPage] IntersectionObserver fired for workflow [Object] @ http://localhost:5173/src/components/landing/LandingPage.jsx?t=1787453129937:119
[   38715ms] [LOG] [LandingPage] Loading section: workflow @ http://localhost:5173/src/components/landing/LandingPage.jsx?t=1787453129937:122
[   38715ms] [LOG] [LandingPage] IntersectionObserver fired for made-with [Object] @ http://localhost:5173/src/components/landing/LandingPage.jsx?t=1787453129937:119
[   38716ms] [LOG] [LandingPage] Loading section: made-with @ http://localhost:5173/src/components/landing/LandingPage.jsx?t=1787453129937:122
[   38716ms] [LOG] [LandingPage] IntersectionObserver fired for repo-narrative [Object] @ http://localhost:5173/src/components/landing/LandingPage.jsx?t=1787453129937:119
[   38716ms] [LOG] [LandingPage] Loading section: repo-narrative @ http://localhost:5173/src/components/landing/LandingPage.jsx?t=1787453129937:122
[   38716ms] [LOG] [LandingPage] IntersectionObserver fired for repo-fashion [Object] @ http://localhost:5173/src/components/landing/LandingPage.jsx?t=1787453129937:119
[   38716ms] [LOG] [LandingPage] Loading section: repo-fashion @ http://localhost:5173/src/components/landing/LandingPage.jsx?t=1787453129937:122
[   38716ms] [LOG] [LandingPage] IntersectionObserver fired for repo-animated [Object] @ http://localhost:5173/src/components/landing/LandingPage.jsx?t=1787453129937:119
[   38716ms] [LOG] [LandingPage] Loading section: repo-animated @ http://localhost:5173/src/components/landing/LandingPage.jsx?t=1787453129937:122
[   38717ms] [LOG] [LandingPage] IntersectionObserver fired for repo-commercial [Object] @ http://localhost:5173/src/components/landing/LandingPage.jsx?t=1787453129937:119
[   38717ms] [LOG] [LandingPage] Loading section: repo-commercial @ http://localhost:5173/src/components/landing/LandingPage.jsx?t=1787453129937:122
[   38717ms] [LOG] [LandingPage] IntersectionObserver fired for gallery [Object] @ http://localhost:5173/src/components/landing/LandingPage.jsx?t=1787453129937:119
[   38717ms] [LOG] [LandingPage] Loading section: gallery @ http://localhost:5173/src/components/landing/LandingPage.jsx?t=1787453129937:122
[   38717ms] [LOG] [LandingPage] IntersectionObserver fired for repo-kinetic [Object] @ http://localhost:5173/src/components/landing/LandingPage.jsx?t=1787453129937:119
[   38717ms] [LOG] [LandingPage] Loading section: repo-kinetic @ http://localhost:5173/src/components/landing/LandingPage.jsx?t=1787453129937:122
[   38717ms] [LOG] [LandingPage] IntersectionObserver fired for repo-cinema [Object] @ http://localhost:5173/src/components/landing/LandingPage.jsx?t=1787453129937:119
[   38718ms] [LOG] [LandingPage] Loading section: repo-cinema @ http://localhost:5173/src/components/landing/LandingPage.jsx?t=1787453129937:122
[   38718ms] [LOG] [LandingPage] IntersectionObserver fired for problem [Object] @ http://localhost:5173/src/components/landing/LandingPage.jsx?t=1787453129937:119
[   38718ms] [LOG] [LandingPage] Loading section: problem @ http://localhost:5173/src/components/landing/LandingPage.jsx?t=1787453129937:122
[   38718ms] [LOG] [LandingPage] IntersectionObserver fired for ai-workflow [Object] @ http://localhost:5173/src/components/landing/LandingPage.jsx?t=1787453129937:119
[   38718ms] [LOG] [LandingPage] Loading section: ai-workflow @ http://localhost:5173/src/components/landing/LandingPage.jsx?t=1787453129937:122
[   38719ms] [LOG] [LandingPage] IntersectionObserver fired for repo-social-ads [Object] @ http://localhost:5173/src/components/landing/LandingPage.jsx?t=1787453129937:119
[   38719ms] [LOG] [LandingPage] Loading section: repo-social-ads @ http://localhost:5173/src/components/landing/LandingPage.jsx?t=1787453129937:122
[   38719ms] [LOG] [LandingPage] IntersectionObserver fired for value [Object] @ http://localhost:5173/src/components/landing/LandingPage.jsx?t=1787453129937:119
[   38719ms] [LOG] [LandingPage] Loading section: value @ http://localhost:5173/src/components/landing/LandingPage.jsx?t=1787453129937:122
[   38719ms] [LOG] [LandingPage] IntersectionObserver fired for ugc [Object] @ http://localhost:5173/src/components/landing/LandingPage.jsx?t=1787453129937:119
[   38720ms] [LOG] [LandingPage] Loading section: ugc @ http://localhost:5173/src/components/landing/LandingPage.jsx?t=1787453129937:122
[   38720ms] [LOG] [LandingPage] IntersectionObserver fired for repo-ecommerce [Object] @ http://localhost:5173/src/components/landing/LandingPage.jsx?t=1787453129937:119
[   38720ms] [LOG] [LandingPage] Loading section: repo-ecommerce @ http://localhost:5173/src/components/landing/LandingPage.jsx?t=1787453129937:122
[   38721ms] [LOG] [LandingPage] IntersectionObserver fired for academy [Object] @ http://localhost:5173/src/components/landing/LandingPage.jsx?t=1787453129937:119
[   38721ms] [LOG] [LandingPage] Loading section: academy @ http://localhost:5173/src/components/landing/LandingPage.jsx?t=1787453129937:122
[   38721ms] [LOG] [LandingPage] IntersectionObserver fired for engines [Object] @ http://localhost:5173/src/components/landing/LandingPage.jsx?t=1787453129937:119
[   38722ms] [LOG] [LandingPage] Loading section: engines @ http://localhost:5173/src/components/landing/LandingPage.jsx?t=1787453129937:122
[   38722ms] [LOG] [LandingPage] IntersectionObserver fired for features [Object] @ http://localhost:5173/src/components/landing/LandingPage.jsx?t=1787453129937:119
[   38722ms] [LOG] [LandingPage] Loading section: features @ http://localhost:5173/src/components/landing/LandingPage.jsx?t=1787453129937:122
[   39330ms] [LOG] [LandingPage] Section loaded: comparison @ http://localhost:5173/src/components/landing/LandingPage.jsx?t=1787453129937:141
[   39333ms] [LOG] [LandingPage] Section loaded: repos @ http://localhost:5173/src/components/landing/LandingPage.jsx?t=1787453129937:141
[   39335ms] [LOG] [LandingPage] Section loaded: hook @ http://localhost:5173/src/components/landing/LandingPage.jsx?t=1787453129937:141
[   39381ms] [LOG] [LandingPage] Section loaded: agency @ http://localhost:5173/src/components/landing/LandingPage.jsx?t=1787453129937:141
[   39389ms] [LOG] [LandingPage] Section loaded: scrolling @ http://localhost:5173/src/components/landing/LandingPage.jsx?t=1787453129937:141
[   39427ms] [LOG] [LandingPage] Section loaded: offer @ http://localhost:5173/src/components/landing/LandingPage.jsx?t=1787453129937:141
[   39920ms] [LOG] [LandingPage] Section loaded: cta @ http://localhost:5173/src/components/landing/LandingPage.jsx?t=1787453129937:141
[   39923ms] [LOG] [LandingPage] Section loaded: workflow @ http://localhost:5173/src/components/landing/LandingPage.jsx?t=1787453129937:141
[   39991ms] [LOG] [LandingPage] Section loaded: problem @ http://localhost:5173/src/components/landing/LandingPage.jsx?t=1787453129937:141
[   39992ms] [LOG] [LandingPage] Section loaded: value @ http://localhost:5173/src/components/landing/LandingPage.jsx?t=1787453129937:141
[   39995ms] [LOG] [LandingPage] Section loaded: engines @ http://localhost:5173/src/components/landing/LandingPage.jsx?t=1787453129937:141
[   39996ms] [LOG] [LandingPage] Section loaded: features @ http://localhost:5173/src/components/landing/LandingPage.jsx?t=1787453129937:141
[   40158ms] [LOG] [LandingPage] Section loaded: apps @ http://localhost:5173/src/components/landing/LandingPage.jsx?t=1787453129937:141
[   40171ms] [LOG] [LandingPage] Section loaded: repo-reference @ http://localhost:5173/src/components/landing/LandingPage.jsx?t=1787453129937:141
[   40176ms] [LOG] [LandingPage] Section loaded: repo-fashion @ http://localhost:5173/src/components/landing/LandingPage.jsx?t=1787453129937:141
[   40184ms] [LOG] [LandingPage] Section loaded: repo-animation @ http://localhost:5173/src/components/landing/LandingPage.jsx?t=1787453129937:141
[   40188ms] [LOG] [LandingPage] Section loaded: repo-ecommerce @ http://localhost:5173/src/components/landing/LandingPage.jsx?t=1787453129937:141
[   40193ms] [LOG] [LandingPage] Section loaded: repo-narrative @ http://localhost:5173/src/components/landing/LandingPage.jsx?t=1787453129937:141
[   40202ms] [LOG] [LandingPage] Section loaded: repo-social-ads @ http://localhost:5173/src/components/landing/LandingPage.jsx?t=1787453129937:141
[   40208ms] [LOG] [LandingPage] Section loaded: repo-vfx @ http://localhost:5173/src/components/landing/LandingPage.jsx?t=1787453129937:141
[   40216ms] [LOG] [LandingPage] Section loaded: repo-cinema @ http://localhost:5173/src/components/landing/LandingPage.jsx?t=1787453129937:141
[   40223ms] [LOG] [LandingPage] Section loaded: repo-commercial @ http://localhost:5173/src/components/landing/LandingPage.jsx?t=1787453129937:141
[   40233ms] [LOG] [LandingPage] Section loaded: repo-kinetic @ http://localhost:5173/src/components/landing/LandingPage.jsx?t=1787453129937:141
[   40485ms] [LOG] [LandingPage] Section loaded: repo-vertical @ http://localhost:5173/src/components/landing/LandingPage.jsx?t=1787453129937:141
[   40516ms] [LOG] [LandingPage] Section loaded: repo-animated @ http://localhost:5173/src/components/landing/LandingPage.jsx?t=1787453129937:141
[   40525ms] [LOG] [LandingPage] Section loaded: gtm-boost @ http://localhost:5173/src/components/landing/LandingPage.jsx?t=1787453129937:141
[   40566ms] [LOG] [LandingPage] Section loaded: gallery @ http://localhost:5173/src/components/landing/LandingPage.jsx?t=1787453129937:141
[   40848ms] [LOG] [LandingPage] Section loaded: made-with @ http://localhost:5173/src/components/landing/LandingPage.jsx?t=1787453129937:141
[   40855ms] [LOG] [LandingPage] Section loaded: ai-workflow @ http://localhost:5173/src/components/landing/LandingPage.jsx?t=1787453129937:141
[   40860ms] [LOG] [LandingPage] Section loaded: ugc @ http://localhost:5173/src/components/landing/LandingPage.jsx?t=1787453129937:141
[   40870ms] [LOG] [LandingPage] Section loaded: academy @ http://localhost:5173/src/components/landing/LandingPage.jsx?t=1787453129937:141
[   41254ms] [ERROR] [popcorn-init] FAILED at: plugin-image TypeError: Class constructor SortableElement cannot be invoked without 'new'
    at http://localhost:5173/components/modals/RetargetOptInModal.jsx?t=1787453131840:26:22 @ http://localhost:5173/src/lib/popcornInit.js?t=1787453129937:55
[   41261ms] [INFO] %cDownload the React DevTools for a better development experience: https://react.dev/link/react-devtools font-weight:bold @ http://localhost:5173/node_modules/.vite/deps/chunk-EEAUBQDT.js?v=93c1ec86:20096
[   41261ms] [ERROR] [ModalSystem] mount failed TypeError: Class constructor SortableElement cannot be invoked without 'new'
    at http://localhost:5173/components/modals/RetargetOptInModal.jsx?t=1787453131840:26:22 @ http://localhost:5173/src/main.js?t=1787453129937:329
[   41334ms] [ERROR] [popcorn-init] FAILED at: plugin-jsonTransition TypeError: Class constructor SortableElement cannot be invoked without 'new'
    at http://localhost:5173/components/modals/RetargetOptInModal.jsx?t=1787453131840:26:22 @ http://localhost:5173/src/lib/popcornInit.js?t=1787453129937:55
[   41373ms] [ERROR] [popcorn-init] FAILED at: plugin-lottie-json TypeError: Class constructor SortableElement cannot be invoked without 'new'
    at http://localhost:5173/components/modals/RetargetOptInModal.jsx?t=1787453131840:26:22 @ http://localhost:5173/src/lib/popcornInit.js?t=1787453129937:55
[   41388ms] [LOG] [popcorn-init] OK: plugin-json-button @ http://localhost:5173/src/lib/popcornInit.js?t=1787453129937:48
[   41400ms] [ERROR] [popcorn-init] FAILED at: plugin-personalizedImage TypeError: Class constructor SortableElement cannot be invoked without 'new'
    at http://localhost:5173/components/modals/RetargetOptInModal.jsx?t=1787453131840:26:22 @ http://localhost:5173/src/lib/popcornInit.js?t=1787453129937:55
[   41406ms] [ERROR] [popcorn-init] FAILED at: plugin-loopPlugin TypeError: Class constructor SortableElement cannot be invoked without 'new'
    at http://localhost:5173/components/modals/RetargetOptInModal.jsx?t=1787453131840:26:22 @ http://localhost:5173/src/lib/popcornInit.js?t=1787453129937:55
[   41414ms] [ERROR] [popcorn-init] FAILED at: plugin-pausePlugin TypeError: Class constructor SortableElement cannot be invoked without 'new'
    at http://localhost:5173/components/modals/RetargetOptInModal.jsx?t=1787453131840:26:22 @ http://localhost:5173/src/lib/popcornInit.js?t=1787453129937:55
[   41430ms] [ERROR] [popcorn-init] FAILED at: plugin-form TypeError: Class constructor SortableElement cannot be invoked without 'new'
    at http://localhost:5173/components/modals/RetargetOptInModal.jsx?t=1787453131840:26:22 @ http://localhost:5173/src/lib/popcornInit.js?t=1787453129937:55
[   41443ms] [ERROR] [popcorn-init] FAILED at: plugin-retarget TypeError: Class constructor SortableElement cannot be invoked without 'new'
    at http://localhost:5173/components/modals/RetargetOptInModal.jsx?t=1787453131840:26:22 @ http://localhost:5173/src/lib/popcornInit.js?t=1787453129937:55
[   41452ms] [LOG] [popcorn-init] OK: plugin-popup @ http://localhost:5173/src/lib/popcornInit.js?t=1787453129937:48
[   41468ms] [ERROR] [popcorn-init] FAILED at: plugin-sequencer TypeError: Class constructor SortableElement cannot be invoked without 'new'
    at http://localhost:5173/components/modals/RetargetOptInModal.jsx?t=1787453131840:26:22 @ http://localhost:5173/src/lib/popcornInit.js?t=1787453129937:55
[   41474ms] [ERROR] [popcorn-init] FAILED at: plugin-skip TypeError: Class constructor SortableElement cannot be invoked without 'new'
    at http://localhost:5173/components/modals/RetargetOptInModal.jsx?t=1787453131840:26:22 @ http://localhost:5173/src/lib/popcornInit.js?t=1787453129937:55
[   41505ms] [ERROR] [popcorn-init] FAILED at: plugin-text TypeError: Class constructor SortableElement cannot be invoked without 'new'
    at http://localhost:5173/components/modals/RetargetOptInModal.jsx?t=1787453131840:26:22 @ http://localhost:5173/src/lib/popcornInit.js?t=1787453129937:55
[   41525ms] [LOG] [popcorn-init] OK: plugin-social @ http://localhost:5173/src/lib/popcornInit.js?t=1787453129937:48
[   41534ms] [ERROR] [popcorn-init] FAILED at: plugin-jsonAnimation TypeError: Class constructor SortableElement cannot be invoked without 'new'
    at http://localhost:5173/components/modals/RetargetOptInModal.jsx?t=1787453131840:26:22 @ http://localhost:5173/src/lib/popcornInit.js?t=1787453129937:55
[   41570ms] [LOG] [popcorn-init] OK: plugin-videoTransition @ http://localhost:5173/src/lib/popcornInit.js?t=1787453129937:48
[   41603ms] [ERROR] [popcorn-init] FAILED at: plugin-seethroughtext TypeError: Class constructor SortableElement cannot be invoked without 'new'
    at http://localhost:5173/components/modals/RetargetOptInModal.jsx?t=1787453131840:26:22 @ http://localhost:5173/src/lib/popcornInit.js?t=1787453129937:55
[   41619ms] [LOG] [popcorn-init] OK: plugin-wikipedia @ http://localhost:5173/src/lib/popcornInit.js?t=1787453129937:48
[   41651ms] [ERROR] [popcorn-init] FAILED at: plugin-combined TypeError: Class constructor SortableElement cannot be invoked without 'new'
    at http://localhost:5173/components/modals/RetargetOptInModal.jsx?t=1787453131840:26:22 @ http://localhost:5173/src/lib/popcornInit.js?t=1787453129937:55
[   41688ms] [ERROR] [popcorn-init] FAILED at: plugin-background TypeError: Class constructor SortableElement cannot be invoked without 'new'
    at http://localhost:5173/components/modals/RetargetOptInModal.jsx?t=1787453131840:26:22 @ http://localhost:5173/src/lib/popcornInit.js?t=1787453129937:55
[   41688ms] [LOG] [popcorn-init] SUMMARY: 5/20 plugins registered; FAILED: plugin-image, plugin-jsonTransition, plugin-lottie-json, plugin-personalizedImage, plugin-loopPlugin, plugin-pausePlugin, plugin-form, plugin-retarget, plugin-sequencer, plugin-skip, plugin-text, plugin-jsonAnimation, plugin-seethroughtext, plugin-combined, plugin-background @ http://localhost:5173/src/lib/popcornInit.js?t=1787453129937:60
[   41689ms] [LOG] [popcorn] function 5 @ http://localhost:5173/src/main.js?t=1787453129937:4
[   41819ms] [LOG] [App] Starting initialization... @ http://localhost:5173/src/main.js?t=1787453131840:19
[   41842ms] [LOG] [popcorn-init] OK: jquery @ http://localhost:5173/src/lib/popcornInit.js?t=1787453131840:41
[   41854ms] [LOG] [popcorn-init] OK: jquery-textfill @ http://localhost:5173/src/lib/popcornInit.js?t=1787453131840:48
[   41865ms] [LOG] [popcorn-init] OK: popcorn-core @ http://localhost:5173/src/lib/popcornInit.js?t=1787453131840:48
[   41897ms] [LOG] [popcorn-init] OK: popcorn-ie8 @ http://localhost:5173/src/lib/popcornInit.js?t=1787453131840:48
[   41907ms] [LOG] [popcorn-init] OK: wrapper-common @ http://localhost:5173/src/lib/popcornInit.js?t=1787453131840:48
[   41997ms] [LOG] [popcorn-init] OK: wrapper-html5 @ http://localhost:5173/src/lib/popcornInit.js?t=1787453131840:48
[   42035ms] [LOG] [popcorn-init] OK: wrapper-vrview @ http://localhost:5173/src/lib/popcornInit.js?t=1787453131840:48
[   42105ms] [LOG] [popcorn-init] OK: wrapper-adaptive @ http://localhost:5173/src/lib/popcornInit.js?t=1787453131840:48
[   42117ms] [LOG] [popcorn-init] OK: wrapper-null @ http://localhost:5173/src/lib/popcornInit.js?t=1787453131840:48
[   42118ms] [LOG] [LandingPage] Header.jsx loaded @ http://localhost:5173/src/components/landing/LandingPage.jsx?t=1787453131840:176
[   42121ms] [LOG] [popcorn-init] OK: wrapper-soundcloud @ http://localhost:5173/src/lib/popcornInit.js?t=1787453131840:48
[   42122ms] [LOG] [popcorn-init] OK: wrapper-vimeo @ http://localhost:5173/src/lib/popcornInit.js?t=1787453131840:48
[   42122ms] [LOG] [popcorn-init] OK: wrapper-youtube @ http://localhost:5173/src/lib/popcornInit.js?t=1787453131840:48
[   42123ms] [LOG] [popcorn-init] OK: wrapper-jwplayer @ http://localhost:5173/src/lib/popcornInit.js?t=1787453131840:48
[   42123ms] [LOG] [popcorn-init] OK: player-module @ http://localhost:5173/src/lib/popcornInit.js?t=1787453131840:48
[   42554ms] [LOG] [LandingPage] CinematicVideoHero.jsx loaded @ http://localhost:5173/src/components/landing/LandingPage.jsx?t=1787453131840:189
[   42688ms] [LOG] [LandingPage] HeroSection.jsx loaded @ http://localhost:5173/src/components/landing/LandingPage.jsx?t=1787453131840:202
[   42689ms] [LOG] [LandingPage] Observer created for: scrolling placeholder id: section-scrolling @ http://localhost:5173/src/components/landing/LandingPage.jsx?t=1787453131840:160
[   42689ms] [LOG] [LandingPage] Observer created for: hook placeholder id: section-hook @ http://localhost:5173/src/components/landing/LandingPage.jsx?t=1787453131840:160
[   42689ms] [LOG] [LandingPage] Observer created for: engines placeholder id: section-engines @ http://localhost:5173/src/components/landing/LandingPage.jsx?t=1787453131840:160
[   42689ms] [LOG] [LandingPage] Observer created for: apps placeholder id: section-apps @ http://localhost:5173/src/components/landing/LandingPage.jsx?t=1787453131840:160
[   42689ms] [LOG] [LandingPage] Observer created for: features placeholder id: section-features @ http://localhost:5173/src/components/landing/LandingPage.jsx?t=1787453131840:160
[   42689ms] [LOG] [LandingPage] Observer created for: problem placeholder id: section-problem @ http://localhost:5173/src/components/landing/LandingPage.jsx?t=1787453131840:160
[   42689ms] [LOG] [LandingPage] Observer created for: workflow placeholder id: section-workflow @ http://localhost:5173/src/components/landing/LandingPage.jsx?t=1787453131840:160
[   42690ms] [LOG] [LandingPage] Observer created for: comparison placeholder id: section-comparison @ http://localhost:5173/src/components/landing/LandingPage.jsx?t=1787453131840:160
[   42690ms] [LOG] [LandingPage] Observer created for: value placeholder id: section-value @ http://localhost:5173/src/components/landing/LandingPage.jsx?t=1787453131840:160
[   42690ms] [LOG] [LandingPage] Observer created for: agency placeholder id: section-agency @ http://localhost:5173/src/components/landing/LandingPage.jsx?t=1787453131840:160
[   42690ms] [LOG] [LandingPage] Observer created for: offer placeholder id: section-offer @ http://localhost:5173/src/components/landing/LandingPage.jsx?t=1787453131840:160
[   42690ms] [LOG] [LandingPage] Observer created for: cta placeholder id: section-cta @ http://localhost:5173/src/components/landing/LandingPage.jsx?t=1787453131840:160
[   42690ms] [LOG] [LandingPage] Observer created for: ai-workflow placeholder id: section-ai-workflow @ http://localhost:5173/src/components/landing/LandingPage.jsx?t=1787453131840:160
[   42690ms] [LOG] [LandingPage] Observer created for: made-with placeholder id: section-made-with @ http://localhost:5173/src/components/landing/LandingPage.jsx?t=1787453131840:160
[   42690ms] [LOG] [LandingPage] Observer created for: ugc placeholder id: section-ugc @ http://localhost:5173/src/components/landing/LandingPage.jsx?t=1787453131840:160
[   42690ms] [LOG] [LandingPage] Observer created for: gallery placeholder id: section-gallery @ http://localhost:5173/src/components/landing/LandingPage.jsx?t=1787453131840:160
[   42690ms] [LOG] [LandingPage] Observer created for: academy placeholder id: section-academy @ http://localhost:5173/src/components/landing/LandingPage.jsx?t=1787453131840:160
[   42690ms] [LOG] [LandingPage] Observer created for: repo-cinema placeholder id: section-repo-cinema @ http://localhost:5173/src/components/landing/LandingPage.jsx?t=1787453131840:160
[   42690ms] [LOG] [LandingPage] Observer created for: repo-commercial placeholder id: section-repo-commercial @ http://localhost:5173/src/components/landing/LandingPage.jsx?t=1787453131840:160
[   42690ms] [LOG] [LandingPage] Observer created for: repo-social-ads placeholder id: section-repo-social-ads @ http://localhost:5173/src/components/landing/LandingPage.jsx?t=1787453131840:160
[   42690ms] [LOG] [LandingPage] Observer created for: repo-narrative placeholder id: section-repo-narrative @ http://localhost:5173/src/components/landing/LandingPage.jsx?t=1787453131840:160
[   42690ms] [LOG] [LandingPage] Observer created for: repo-vertical placeholder id: section-repo-vertical @ http://localhost:5173/src/components/landing/LandingPage.jsx?t=1787453131840:160
[   42691ms] [LOG] [LandingPage] Observer created for: repo-ecommerce placeholder id: section-repo-ecommerce @ http://localhost:5173/src/components/landing/LandingPage.jsx?t=1787453131840:160
[   42691ms] [LOG] [LandingPage] Observer created for: repo-kinetic placeholder id: section-repo-kinetic @ http://localhost:5173/src/components/landing/LandingPage.jsx?t=1787453131840:160
[   42691ms] [LOG] [LandingPage] Observer created for: repo-animated placeholder id: section-repo-animated @ http://localhost:5173/src/components/landing/LandingPage.jsx?t=1787453131840:160
[   42691ms] [LOG] [LandingPage] Observer created for: repo-animation placeholder id: section-repo-animation @ http://localhost:5173/src/components/landing/LandingPage.jsx?t=1787453131840:160
[   42691ms] [LOG] [LandingPage] Observer created for: repo-reference placeholder id: section-repo-reference @ http://localhost:5173/src/components/landing/LandingPage.jsx?t=1787453131840:160
[   42691ms] [LOG] [LandingPage] Observer created for: repo-vfx placeholder id: section-repo-vfx @ http://localhost:5173/src/components/landing/LandingPage.jsx?t=1787453131840:160
[   42691ms] [LOG] [LandingPage] Observer created for: repo-fashion placeholder id: section-repo-fashion @ http://localhost:5173/src/components/landing/LandingPage.jsx?t=1787453131840:160
[   42691ms] [LOG] [LandingPage] Observer created for: repos placeholder id: section-repos @ http://localhost:5173/src/components/landing/LandingPage.jsx?t=1787453131840:160
[   42691ms] [LOG] [LandingPage] Observer created for: gtm-boost placeholder id: section-gtm-boost @ http://localhost:5173/src/components/landing/LandingPage.jsx?t=1787453131840:160
[   42692ms] [LOG] [App] Landing page rendered @ http://localhost:5173/src/main.js?t=1787453131840:88
[   42706ms] [LOG] [LandingPage] IntersectionObserver fired for ai-workflow [Object] @ http://localhost:5173/src/components/landing/LandingPage.jsx?t=1787453131840:119
[   42707ms] [LOG] [LandingPage] Loading section: ai-workflow @ http://localhost:5173/src/components/landing/LandingPage.jsx?t=1787453131840:122
[   42707ms] [LOG] [LandingPage] IntersectionObserver fired for gallery [Object] @ http://localhost:5173/src/components/landing/LandingPage.jsx?t=1787453131840:119
[   42707ms] [LOG] [LandingPage] Loading section: gallery @ http://localhost:5173/src/components/landing/LandingPage.jsx?t=1787453131840:122
[   42707ms] [LOG] [LandingPage] IntersectionObserver fired for repo-kinetic [Object] @ http://localhost:5173/src/components/landing/LandingPage.jsx?t=1787453131840:119
[   42708ms] [LOG] [LandingPage] Loading section: repo-kinetic @ http://localhost:5173/src/components/landing/LandingPage.jsx?t=1787453131840:122
[   42708ms] [LOG] [LandingPage] IntersectionObserver fired for value [Object] @ http://localhost:5173/src/components/landing/LandingPage.jsx?t=1787453131840:119
[   42708ms] [LOG] [LandingPage] Loading section: value @ http://localhost:5173/src/components/landing/LandingPage.jsx?t=1787453131840:122
[   42708ms] [LOG] [LandingPage] IntersectionObserver fired for repo-vfx [Object] @ http://localhost:5173/src/components/landing/LandingPage.jsx?t=1787453131840:119
[   42709ms] [LOG] [LandingPage] Loading section: repo-vfx @ http://localhost:5173/src/components/landing/LandingPage.jsx?t=1787453131840:122
[   42709ms] [LOG] [LandingPage] IntersectionObserver fired for repo-narrative [Object] @ http://localhost:5173/src/components/landing/LandingPage.jsx?t=1787453131840:119
[   42709ms] [LOG] [LandingPage] Loading section: repo-narrative @ http://localhost:5173/src/components/landing/LandingPage.jsx?t=1787453131840:122
[   42709ms] [LOG] [LandingPage] IntersectionObserver fired for offer [Object] @ http://localhost:5173/src/components/landing/LandingPage.jsx?t=1787453131840:119
[   42710ms] [LOG] [LandingPage] Loading section: offer @ http://localhost:5173/src/components/landing/LandingPage.jsx?t=1787453131840:122
[   42710ms] [LOG] [LandingPage] IntersectionObserver fired for academy [Object] @ http://localhost:5173/src/components/landing/LandingPage.jsx?t=1787453131840:119
[   42711ms] [LOG] [LandingPage] Loading section: academy @ http://localhost:5173/src/components/landing/LandingPage.jsx?t=1787453131840:122
[   42711ms] [LOG] [LandingPage] IntersectionObserver fired for repo-animation [Object] @ http://localhost:5173/src/components/landing/LandingPage.jsx?t=1787453131840:119
[   42711ms] [LOG] [LandingPage] Loading section: repo-animation @ http://localhost:5173/src/components/landing/LandingPage.jsx?t=1787453131840:122
[   42712ms] [LOG] [LandingPage] IntersectionObserver fired for repo-vertical [Object] @ http://localhost:5173/src/components/landing/LandingPage.jsx?t=1787453131840:119
[   42712ms] [LOG] [LandingPage] Loading section: repo-vertical @ http://localhost:5173/src/components/landing/LandingPage.jsx?t=1787453131840:122
[   42712ms] [LOG] [LandingPage] IntersectionObserver fired for repo-fashion [Object] @ http://localhost:5173/src/components/landing/LandingPage.jsx?t=1787453131840:119
[   42712ms] [LOG] [LandingPage] Loading section: repo-fashion @ http://localhost:5173/src/components/landing/LandingPage.jsx?t=1787453131840:122
[   42712ms] [LOG] [LandingPage] IntersectionObserver fired for gtm-boost [Object] @ http://localhost:5173/src/components/landing/LandingPage.jsx?t=1787453131840:119
[   42712ms] [LOG] [LandingPage] Loading section: gtm-boost @ http://localhost:5173/src/components/landing/LandingPage.jsx?t=1787453131840:122
[   42713ms] [LOG] [LandingPage] IntersectionObserver fired for cta [Object] @ http://localhost:5173/src/components/landing/LandingPage.jsx?t=1787453131840:119
[   42713ms] [LOG] [LandingPage] Loading section: cta @ http://localhost:5173/src/components/landing/LandingPage.jsx?t=1787453131840:122
[   42713ms] [LOG] [LandingPage] IntersectionObserver fired for hook [Object] @ http://localhost:5173/src/components/landing/LandingPage.jsx?t=1787453131840:119
[   42713ms] [LOG] [LandingPage] Loading section: hook @ http://localhost:5173/src/components/landing/LandingPage.jsx?t=1787453131840:122
[   42714ms] [LOG] [LandingPage] IntersectionObserver fired for agency [Object] @ http://localhost:5173/src/components/landing/LandingPage.jsx?t=1787453131840:119
[   42714ms] [LOG] [LandingPage] Loading section: agency @ http://localhost:5173/src/components/landing/LandingPage.jsx?t=1787453131840:122
[   42714ms] [LOG] [LandingPage] IntersectionObserver fired for repo-commercial [Object] @ http://localhost:5173/src/components/landing/LandingPage.jsx?t=1787453131840:119
[   42714ms] [LOG] [LandingPage] Loading section: repo-commercial @ http://localhost:5173/src/components/landing/LandingPage.jsx?t=1787453131840:122
[   42715ms] [LOG] [LandingPage] IntersectionObserver fired for repos [Object] @ http://localhost:5173/src/components/landing/LandingPage.jsx?t=1787453131840:119
[   42715ms] [LOG] [LandingPage] Loading section: repos @ http://localhost:5173/src/components/landing/LandingPage.jsx?t=1787453131840:122
[   42715ms] [LOG] [LandingPage] IntersectionObserver fired for repo-reference [Object] @ http://localhost:5173/src/components/landing/LandingPage.jsx?t=1787453131840:119
[   42715ms] [LOG] [LandingPage] Loading section: repo-reference @ http://localhost:5173/src/components/landing/LandingPage.jsx?t=1787453131840:122
[   42715ms] [LOG] [LandingPage] IntersectionObserver fired for repo-ecommerce [Object] @ http://localhost:5173/src/components/landing/LandingPage.jsx?t=1787453131840:119
[   42715ms] [LOG] [LandingPage] Loading section: repo-ecommerce @ http://localhost:5173/src/components/landing/LandingPage.jsx?t=1787453131840:122
[   42715ms] [LOG] [LandingPage] IntersectionObserver fired for workflow [Object] @ http://localhost:5173/src/components/landing/LandingPage.jsx?t=1787453131840:119
[   42716ms] [LOG] [LandingPage] Loading section: workflow @ http://localhost:5173/src/components/landing/LandingPage.jsx?t=1787453131840:122
[   42716ms] [LOG] [LandingPage] IntersectionObserver fired for ugc [Object] @ http://localhost:5173/src/components/landing/LandingPage.jsx?t=1787453131840:119
[   42716ms] [LOG] [LandingPage] Loading section: ugc @ http://localhost:5173/src/components/landing/LandingPage.jsx?t=1787453131840:122
[   42716ms] [LOG] [LandingPage] IntersectionObserver fired for features [Object] @ http://localhost:5173/src/components/landing/LandingPage.jsx?t=1787453131840:119
[   42717ms] [LOG] [LandingPage] Loading section: features @ http://localhost:5173/src/components/landing/LandingPage.jsx?t=1787453131840:122
[   42717ms] [LOG] [LandingPage] IntersectionObserver fired for comparison [Object] @ http://localhost:5173/src/components/landing/LandingPage.jsx?t=1787453131840:119
[   42717ms] [LOG] [LandingPage] Loading section: comparison @ http://localhost:5173/src/components/landing/LandingPage.jsx?t=1787453131840:122
[   42717ms] [LOG] [LandingPage] IntersectionObserver fired for scrolling [Object] @ http://localhost:5173/src/components/landing/LandingPage.jsx?t=1787453131840:119
[   42718ms] [LOG] [LandingPage] Loading section: scrolling @ http://localhost:5173/src/components/landing/LandingPage.jsx?t=1787453131840:122
[   42718ms] [LOG] [LandingPage] IntersectionObserver fired for repo-animated [Object] @ http://localhost:5173/src/components/landing/LandingPage.jsx?t=1787453131840:119
[   42718ms] [LOG] [LandingPage] Loading section: repo-animated @ http://localhost:5173/src/components/landing/LandingPage.jsx?t=1787453131840:122
[   42719ms] [LOG] [LandingPage] IntersectionObserver fired for made-with [Object] @ http://localhost:5173/src/components/landing/LandingPage.jsx?t=1787453131840:119
[   42719ms] [LOG] [LandingPage] Loading section: made-with @ http://localhost:5173/src/components/landing/LandingPage.jsx?t=1787453131840:122
[   42719ms] [LOG] [LandingPage] IntersectionObserver fired for problem [Object] @ http://localhost:5173/src/components/landing/LandingPage.jsx?t=1787453131840:119
[   42719ms] [LOG] [LandingPage] Loading section: problem @ http://localhost:5173/src/components/landing/LandingPage.jsx?t=1787453131840:122
[   42720ms] [LOG] [LandingPage] IntersectionObserver fired for repo-cinema [Object] @ http://localhost:5173/src/components/landing/LandingPage.jsx?t=1787453131840:119
[   42720ms] [LOG] [LandingPage] Loading section: repo-cinema @ http://localhost:5173/src/components/landing/LandingPage.jsx?t=1787453131840:122
[   42720ms] [LOG] [LandingPage] IntersectionObserver fired for engines [Object] @ http://localhost:5173/src/components/landing/LandingPage.jsx?t=1787453131840:119
[   42720ms] [LOG] [LandingPage] Loading section: engines @ http://localhost:5173/src/components/landing/LandingPage.jsx?t=1787453131840:122
[   42721ms] [LOG] [LandingPage] IntersectionObserver fired for apps [Object] @ http://localhost:5173/src/components/landing/LandingPage.jsx?t=1787453131840:119
[   42721ms] [LOG] [LandingPage] Loading section: apps @ http://localhost:5173/src/components/landing/LandingPage.jsx?t=1787453131840:122
[   42721ms] [LOG] [LandingPage] IntersectionObserver fired for repo-social-ads [Object] @ http://localhost:5173/src/components/landing/LandingPage.jsx?t=1787453131840:119
[   42721ms] [LOG] [LandingPage] Loading section: repo-social-ads @ http://localhost:5173/src/components/landing/LandingPage.jsx?t=1787453131840:122
[   42954ms] [LOG] [LandingPage] Section loaded: value @ http://localhost:5173/src/components/landing/LandingPage.jsx?t=1787453131840:141
[   42956ms] [LOG] [LandingPage] Section loaded: offer @ http://localhost:5173/src/components/landing/LandingPage.jsx?t=1787453131840:141
[   42985ms] [LOG] [LandingPage] Section loaded: cta @ http://localhost:5173/src/components/landing/LandingPage.jsx?t=1787453131840:141
[   42988ms] [LOG] [LandingPage] Section loaded: agency @ http://localhost:5173/src/components/landing/LandingPage.jsx?t=1787453131840:141
[   43000ms] [LOG] [LandingPage] Section loaded: hook @ http://localhost:5173/src/components/landing/LandingPage.jsx?t=1787453131840:141
[   43004ms] [LOG] [LandingPage] Section loaded: repos @ http://localhost:5173/src/components/landing/LandingPage.jsx?t=1787453131840:141
[   43005ms] [LOG] [LandingPage] Section loaded: workflow @ http://localhost:5173/src/components/landing/LandingPage.jsx?t=1787453131840:141
[   43033ms] [LOG] [LandingPage] Section loaded: features @ http://localhost:5173/src/components/landing/LandingPage.jsx?t=1787453131840:141
[   43039ms] [LOG] [LandingPage] Section loaded: scrolling @ http://localhost:5173/src/components/landing/LandingPage.jsx?t=1787453131840:141
[   43104ms] [LOG] [LandingPage] Section loaded: comparison @ http://localhost:5173/src/components/landing/LandingPage.jsx?t=1787453131840:141
[   43105ms] [LOG] [LandingPage] Section loaded: problem @ http://localhost:5173/src/components/landing/LandingPage.jsx?t=1787453131840:141
[   43120ms] [LOG] [LandingPage] Section loaded: engines @ http://localhost:5173/src/components/landing/LandingPage.jsx?t=1787453131840:141
[   43129ms] [LOG] [LandingPage] Section loaded: apps @ http://localhost:5173/src/components/landing/LandingPage.jsx?t=1787453131840:141
[   43234ms] [LOG] [LandingPage] Section loaded: ai-workflow @ http://localhost:5173/src/components/landing/LandingPage.jsx?t=1787453131840:141
[   43238ms] [LOG] [LandingPage] Section loaded: gtm-boost @ http://localhost:5173/src/components/landing/LandingPage.jsx?t=1787453131840:141
[   43247ms] [LOG] [LandingPage] Section loaded: gallery @ http://localhost:5173/src/components/landing/LandingPage.jsx?t=1787453131840:141
[   43250ms] [LOG] [LandingPage] Section loaded: ugc @ http://localhost:5173/src/components/landing/LandingPage.jsx?t=1787453131840:141
[   43260ms] [LOG] [LandingPage] Section loaded: repo-vertical @ http://localhost:5173/src/components/landing/LandingPage.jsx?t=1787453131840:141
[   43271ms] [LOG] [LandingPage] Section loaded: repo-social-ads @ http://localhost:5173/src/components/landing/LandingPage.jsx?t=1787453131840:141
[   43283ms] [LOG] [LandingPage] Section loaded: repo-fashion @ http://localhost:5173/src/components/landing/LandingPage.jsx?t=1787453131840:141
[   43292ms] [LOG] [LandingPage] Section loaded: repo-commercial @ http://localhost:5173/src/components/landing/LandingPage.jsx?t=1787453131840:141
[   43301ms] [LOG] [LandingPage] Section loaded: repo-reference @ http://localhost:5173/src/components/landing/LandingPage.jsx?t=1787453131840:141
[   43310ms] [LOG] [LandingPage] Section loaded: repo-kinetic @ http://localhost:5173/src/components/landing/LandingPage.jsx?t=1787453131840:141
[   43321ms] [LOG] [LandingPage] Section loaded: repo-animation @ http://localhost:5173/src/components/landing/LandingPage.jsx?t=1787453131840:141
[   43336ms] [LOG] [LandingPage] Section loaded: repo-ecommerce @ http://localhost:5173/src/components/landing/LandingPage.jsx?t=1787453131840:141
[   43563ms] [LOG] [LandingPage] Section loaded: repo-vfx @ http://localhost:5173/src/components/landing/LandingPage.jsx?t=1787453131840:141
[   43572ms] [LOG] [LandingPage] Section loaded: repo-cinema @ http://localhost:5173/src/components/landing/LandingPage.jsx?t=1787453131840:141
[   43588ms] [LOG] [LandingPage] Section loaded: repo-narrative @ http://localhost:5173/src/components/landing/LandingPage.jsx?t=1787453131840:141
[   43599ms] [LOG] [LandingPage] Section loaded: repo-animated @ http://localhost:5173/src/components/landing/LandingPage.jsx?t=1787453131840:141
[   43617ms] [LOG] [LandingPage] Section loaded: made-with @ http://localhost:5173/src/components/landing/LandingPage.jsx?t=1787453131840:141
[   43651ms] [LOG] [LandingPage] Section loaded: academy @ http://localhost:5173/src/components/landing/LandingPage.jsx?t=1787453131840:141
[   44950ms] [INFO] %cDownload the React DevTools for a better development experience: https://react.dev/link/react-devtools font-weight:bold @ http://localhost:5173/node_modules/.vite/deps/chunk-EEAUBQDT.js?v=93c1ec86:20096
[   44953ms] [ERROR] [ModalSystem] mount failed TypeError: Class constructor SortableElement cannot be invoked without 'new'
    at http://localhost:5173/components/modals/RetargetOptInModal.jsx?t=1787453131840:26:22 @ http://localhost:5173/src/main.js?t=1787453131840:329
[   44957ms] [ERROR] [popcorn-init] FAILED at: plugin-image TypeError: Class constructor SortableElement cannot be invoked without 'new'
    at http://localhost:5173/components/modals/RetargetOptInModal.jsx?t=1787453131840:26:22 @ http://localhost:5173/src/lib/popcornInit.js?t=1787453131840:55
[   45131ms] [ERROR] [popcorn-init] FAILED at: plugin-jsonTransition TypeError: Class constructor SortableElement cannot be invoked without 'new'
    at http://localhost:5173/components/modals/RetargetOptInModal.jsx?t=1787453131840:26:22 @ http://localhost:5173/src/lib/popcornInit.js?t=1787453131840:55
[   45140ms] [ERROR] [popcorn-init] FAILED at: plugin-lottie-json TypeError: Class constructor SortableElement cannot be invoked without 'new'
    at http://localhost:5173/components/modals/RetargetOptInModal.jsx?t=1787453131840:26:22 @ http://localhost:5173/src/lib/popcornInit.js?t=1787453131840:55
[   45155ms] [LOG] [popcorn-init] OK: plugin-json-button @ http://localhost:5173/src/lib/popcornInit.js?t=1787453131840:48
[   45173ms] [ERROR] [popcorn-init] FAILED at: plugin-personalizedImage TypeError: Class constructor SortableElement cannot be invoked without 'new'
    at http://localhost:5173/components/modals/RetargetOptInModal.jsx?t=1787453131840:26:22 @ http://localhost:5173/src/lib/popcornInit.js?t=1787453131840:55
[   45430ms] [ERROR] [popcorn-init] FAILED at: plugin-loopPlugin TypeError: Class constructor SortableElement cannot be invoked without 'new'
    at http://localhost:5173/components/modals/RetargetOptInModal.jsx?t=1787453131840:26:22 @ http://localhost:5173/src/lib/popcornInit.js?t=1787453131840:55
[   45454ms] [ERROR] [popcorn-init] FAILED at: plugin-pausePlugin TypeError: Class constructor SortableElement cannot be invoked without 'new'
    at http://localhost:5173/components/modals/RetargetOptInModal.jsx?t=1787453131840:26:22 @ http://localhost:5173/src/lib/popcornInit.js?t=1787453131840:55
[   45790ms] [LOG] [App] Starting initialization... @ http://localhost:5173/src/main.js?t=1787453131840:19
[   45803ms] [LOG] [popcorn-init] OK: jquery @ http://localhost:5173/src/lib/popcornInit.js?t=1787453131840:41
[   45804ms] [LOG] [popcorn-init] OK: jquery-textfill @ http://localhost:5173/src/lib/popcornInit.js?t=1787453131840:48
[   45805ms] [LOG] [popcorn-init] OK: popcorn-core @ http://localhost:5173/src/lib/popcornInit.js?t=1787453131840:48
[   45805ms] [LOG] [popcorn-init] OK: popcorn-ie8 @ http://localhost:5173/src/lib/popcornInit.js?t=1787453131840:48
[   45806ms] [LOG] [popcorn-init] OK: wrapper-common @ http://localhost:5173/src/lib/popcornInit.js?t=1787453131840:48
[   45806ms] [LOG] [popcorn-init] OK: wrapper-html5 @ http://localhost:5173/src/lib/popcornInit.js?t=1787453131840:48
[   45806ms] [LOG] [popcorn-init] OK: wrapper-vrview @ http://localhost:5173/src/lib/popcornInit.js?t=1787453131840:48
[   45807ms] [LOG] [popcorn-init] OK: wrapper-adaptive @ http://localhost:5173/src/lib/popcornInit.js?t=1787453131840:48
[   45807ms] [LOG] [popcorn-init] OK: wrapper-null @ http://localhost:5173/src/lib/popcornInit.js?t=1787453131840:48
[   45808ms] [LOG] [popcorn-init] OK: wrapper-soundcloud @ http://localhost:5173/src/lib/popcornInit.js?t=1787453131840:48
[   45808ms] [LOG] [popcorn-init] OK: wrapper-vimeo @ http://localhost:5173/src/lib/popcornInit.js?t=1787453131840:48
[   45809ms] [LOG] [popcorn-init] OK: wrapper-youtube @ http://localhost:5173/src/lib/popcornInit.js?t=1787453131840:48
[   45809ms] [LOG] [popcorn-init] OK: wrapper-jwplayer @ http://localhost:5173/src/lib/popcornInit.js?t=1787453131840:48
[   45810ms] [LOG] [popcorn-init] OK: player-module @ http://localhost:5173/src/lib/popcornInit.js?t=1787453131840:48
[   45834ms] [LOG] [LandingPage] Header.jsx loaded @ http://localhost:5173/src/components/landing/LandingPage.jsx?t=1787453131840:176
[   46321ms] [LOG] [LandingPage] CinematicVideoHero.jsx loaded @ http://localhost:5173/src/components/landing/LandingPage.jsx?t=1787453131840:189
[   47139ms] [LOG] [LandingPage] HeroSection.jsx loaded @ http://localhost:5173/src/components/landing/LandingPage.jsx?t=1787453131840:202
[   47140ms] [LOG] [LandingPage] Observer created for: scrolling placeholder id: section-scrolling @ http://localhost:5173/src/components/landing/LandingPage.jsx?t=1787453131840:160
[   47140ms] [LOG] [LandingPage] Observer created for: hook placeholder id: section-hook @ http://localhost:5173/src/components/landing/LandingPage.jsx?t=1787453131840:160
[   47140ms] [LOG] [LandingPage] Observer created for: engines placeholder id: section-engines @ http://localhost:5173/src/components/landing/LandingPage.jsx?t=1787453131840:160
[   47140ms] [LOG] [LandingPage] Observer created for: apps placeholder id: section-apps @ http://localhost:5173/src/components/landing/LandingPage.jsx?t=1787453131840:160
[   47140ms] [LOG] [LandingPage] Observer created for: features placeholder id: section-features @ http://localhost:5173/src/components/landing/LandingPage.jsx?t=1787453131840:160
[   47140ms] [LOG] [LandingPage] Observer created for: problem placeholder id: section-problem @ http://localhost:5173/src/components/landing/LandingPage.jsx?t=1787453131840:160
[   47140ms] [LOG] [LandingPage] Observer created for: workflow placeholder id: section-workflow @ http://localhost:5173/src/components/landing/LandingPage.jsx?t=1787453131840:160
[   47140ms] [LOG] [LandingPage] Observer created for: comparison placeholder id: section-comparison @ http://localhost:5173/src/components/landing/LandingPage.jsx?t=1787453131840:160
[   47140ms] [LOG] [LandingPage] Observer created for: value placeholder id: section-value @ http://localhost:5173/src/components/landing/LandingPage.jsx?t=1787453131840:160
[   47140ms] [LOG] [LandingPage] Observer created for: agency placeholder id: section-agency @ http://localhost:5173/src/components/landing/LandingPage.jsx?t=1787453131840:160
[   47140ms] [LOG] [LandingPage] Observer created for: offer placeholder id: section-offer @ http://localhost:5173/src/components/landing/LandingPage.jsx?t=1787453131840:160
[   47140ms] [LOG] [LandingPage] Observer created for: cta placeholder id: section-cta @ http://localhost:5173/src/components/landing/LandingPage.jsx?t=1787453131840:160
[   47140ms] [LOG] [LandingPage] Observer created for: ai-workflow placeholder id: section-ai-workflow @ http://localhost:5173/src/components/landing/LandingPage.jsx?t=1787453131840:160
[   47140ms] [LOG] [LandingPage] Observer created for: made-with placeholder id: section-made-with @ http://localhost:5173/src/components/landing/LandingPage.jsx?t=1787453131840:160
[   47141ms] [LOG] [LandingPage] Observer created for: ugc placeholder id: section-ugc @ http://localhost:5173/src/components/landing/LandingPage.jsx?t=1787453131840:160
[   47141ms] [LOG] [LandingPage] Observer created for: gallery placeholder id: section-gallery @ http://localhost:5173/src/components/landing/LandingPage.jsx?t=1787453131840:160
[   47141ms] [LOG] [LandingPage] Observer created for: academy placeholder id: section-academy @ http://localhost:5173/src/components/landing/LandingPage.jsx?t=1787453131840:160
[   47141ms] [LOG] [LandingPage] Observer created for: repo-cinema placeholder id: section-repo-cinema @ http://localhost:5173/src/components/landing/LandingPage.jsx?t=1787453131840:160
[   47141ms] [LOG] [LandingPage] Observer created for: repo-commercial placeholder id: section-repo-commercial @ http://localhost:5173/src/components/landing/LandingPage.jsx?t=1787453131840:160
[   47141ms] [LOG] [LandingPage] Observer created for: repo-social-ads placeholder id: section-repo-social-ads @ http://localhost:5173/src/components/landing/LandingPage.jsx?t=1787453131840:160
[   47141ms] [LOG] [LandingPage] Observer created for: repo-narrative placeholder id: section-repo-narrative @ http://localhost:5173/src/components/landing/LandingPage.jsx?t=1787453131840:160
[   47141ms] [LOG] [LandingPage] Observer created for: repo-vertical placeholder id: section-repo-vertical @ http://localhost:5173/src/components/landing/LandingPage.jsx?t=1787453131840:160
[   47141ms] [LOG] [LandingPage] Observer created for: repo-ecommerce placeholder id: section-repo-ecommerce @ http://localhost:5173/src/components/landing/LandingPage.jsx?t=1787453131840:160
[   47141ms] [LOG] [LandingPage] Observer created for: repo-kinetic placeholder id: section-repo-kinetic @ http://localhost:5173/src/components/landing/LandingPage.jsx?t=1787453131840:160
[   47141ms] [LOG] [LandingPage] Observer created for: repo-animated placeholder id: section-repo-animated @ http://localhost:5173/src/components/landing/LandingPage.jsx?t=1787453131840:160
[   47141ms] [LOG] [LandingPage] Observer created for: repo-animation placeholder id: section-repo-animation @ http://localhost:5173/src/components/landing/LandingPage.jsx?t=1787453131840:160
[   47141ms] [LOG] [LandingPage] Observer created for: repo-reference placeholder id: section-repo-reference @ http://localhost:5173/src/components/landing/LandingPage.jsx?t=1787453131840:160
[   47141ms] [LOG] [LandingPage] Observer created for: repo-vfx placeholder id: section-repo-vfx @ http://localhost:5173/src/components/landing/LandingPage.jsx?t=1787453131840:160
[   47141ms] [LOG] [LandingPage] Observer created for: repo-fashion placeholder id: section-repo-fashion @ http://localhost:5173/src/components/landing/LandingPage.jsx?t=1787453131840:160
[   47141ms] [LOG] [LandingPage] Observer created for: repos placeholder id: section-repos @ http://localhost:5173/src/components/landing/LandingPage.jsx?t=1787453131840:160
[   47141ms] [LOG] [LandingPage] Observer created for: gtm-boost placeholder id: section-gtm-boost @ http://localhost:5173/src/components/landing/LandingPage.jsx?t=1787453131840:160
[   47142ms] [LOG] [App] Landing page rendered @ http://localhost:5173/src/main.js?t=1787453131840:88
[   47155ms] [LOG] [LandingPage] IntersectionObserver fired for repo-narrative [Object] @ http://localhost:5173/src/components/landing/LandingPage.jsx?t=1787453131840:119
[   47156ms] [LOG] [LandingPage] Loading section: repo-narrative @ http://localhost:5173/src/components/landing/LandingPage.jsx?t=1787453131840:122
[   47156ms] [LOG] [LandingPage] IntersectionObserver fired for repo-reference [Object] @ http://localhost:5173/src/components/landing/LandingPage.jsx?t=1787453131840:119
[   47156ms] [LOG] [LandingPage] Loading section: repo-reference @ http://localhost:5173/src/components/landing/LandingPage.jsx?t=1787453131840:122
[   47156ms] [LOG] [LandingPage] IntersectionObserver fired for apps [Object] @ http://localhost:5173/src/components/landing/LandingPage.jsx?t=1787453131840:119
[   47156ms] [LOG] [LandingPage] Loading section: apps @ http://localhost:5173/src/components/landing/LandingPage.jsx?t=1787453131840:122
[   47157ms] [LOG] [LandingPage] IntersectionObserver fired for hook [Object] @ http://localhost:5173/src/components/landing/LandingPage.jsx?t=1787453131840:119
[   47157ms] [LOG] [LandingPage] Loading section: hook @ http://localhost:5173/src/components/landing/LandingPage.jsx?t=1787453131840:122
[   47157ms] [LOG] [LandingPage] IntersectionObserver fired for problem [Object] @ http://localhost:5173/src/components/landing/LandingPage.jsx?t=1787453131840:119
[   47157ms] [LOG] [LandingPage] Loading section: problem @ http://localhost:5173/src/components/landing/LandingPage.jsx?t=1787453131840:122
[   47157ms] [LOG] [LandingPage] IntersectionObserver fired for ugc [Object] @ http://localhost:5173/src/components/landing/LandingPage.jsx?t=1787453131840:119
[   47158ms] [LOG] [LandingPage] Loading section: ugc @ http://localhost:5173/src/components/landing/LandingPage.jsx?t=1787453131840:122
[   47158ms] [LOG] [LandingPage] IntersectionObserver fired for repo-social-ads [Object] @ http://localhost:5173/src/components/landing/LandingPage.jsx?t=1787453131840:119
[   47158ms] [LOG] [LandingPage] Loading section: repo-social-ads @ http://localhost:5173/src/components/landing/LandingPage.jsx?t=1787453131840:122
[   47158ms] [LOG] [LandingPage] IntersectionObserver fired for repo-commercial [Object] @ http://localhost:5173/src/components/landing/LandingPage.jsx?t=1787453131840:119
[   47158ms] [LOG] [LandingPage] Loading section: repo-commercial @ http://localhost:5173/src/components/landing/LandingPage.jsx?t=1787453131840:122
[   47158ms] [LOG] [LandingPage] IntersectionObserver fired for repo-cinema [Object] @ http://localhost:5173/src/components/landing/LandingPage.jsx?t=1787453131840:119
[   47159ms] [LOG] [LandingPage] Loading section: repo-cinema @ http://localhost:5173/src/components/landing/LandingPage.jsx?t=1787453131840:122
[   47159ms] [LOG] [LandingPage] IntersectionObserver fired for cta [Object] @ http://localhost:5173/src/components/landing/LandingPage.jsx?t=1787453131840:119
[   47159ms] [LOG] [LandingPage] Loading section: cta @ http://localhost:5173/src/components/landing/LandingPage.jsx?t=1787453131840:122
[   47159ms] [LOG] [LandingPage] IntersectionObserver fired for gtm-boost [Object] @ http://localhost:5173/src/components/landing/LandingPage.jsx?t=1787453131840:119
[   47159ms] [LOG] [LandingPage] Loading section: gtm-boost @ http://localhost:5173/src/components/landing/LandingPage.jsx?t=1787453131840:122
[   47160ms] [LOG] [LandingPage] IntersectionObserver fired for academy [Object] @ http://localhost:5173/src/components/landing/LandingPage.jsx?t=1787453131840:119
[   47161ms] [LOG] [LandingPage] Loading section: academy @ http://localhost:5173/src/components/landing/LandingPage.jsx?t=1787453131840:122
[   47161ms] [LOG] [LandingPage] IntersectionObserver fired for repo-animation [Object] @ http://localhost:5173/src/components/landing/LandingPage.jsx?t=1787453131840:119
[   47161ms] [LOG] [LandingPage] Loading section: repo-animation @ http://localhost:5173/src/components/landing/LandingPage.jsx?t=1787453131840:122
[   47161ms] [LOG] [LandingPage] IntersectionObserver fired for ai-workflow [Object] @ http://localhost:5173/src/components/landing/LandingPage.jsx?t=1787453131840:119
[   47161ms] [LOG] [LandingPage] Loading section: ai-workflow @ http://localhost:5173/src/components/landing/LandingPage.jsx?t=1787453131840:122
[   47162ms] [LOG] [LandingPage] IntersectionObserver fired for made-with [Object] @ http://localhost:5173/src/components/landing/LandingPage.jsx?t=1787453131840:119
[   47162ms] [LOG] [LandingPage] Loading section: made-with @ http://localhost:5173/src/components/landing/LandingPage.jsx?t=1787453131840:122
[   47162ms] [LOG] [LandingPage] IntersectionObserver fired for workflow [Object] @ http://localhost:5173/src/components/landing/LandingPage.jsx?t=1787453131840:119
[   47162ms] [LOG] [LandingPage] Loading section: workflow @ http://localhost:5173/src/components/landing/LandingPage.jsx?t=1787453131840:122
[   47163ms] [LOG] [LandingPage] IntersectionObserver fired for features [Object] @ http://localhost:5173/src/components/landing/LandingPage.jsx?t=1787453131840:119
[   47163ms] [LOG] [LandingPage] Loading section: features @ http://localhost:5173/src/components/landing/LandingPage.jsx?t=1787453131840:122
[   47163ms] [LOG] [LandingPage] IntersectionObserver fired for repo-vfx [Object] @ http://localhost:5173/src/components/landing/LandingPage.jsx?t=1787453131840:119
[   47163ms] [LOG] [LandingPage] Loading section: repo-vfx @ http://localhost:5173/src/components/landing/LandingPage.jsx?t=1787453131840:122
[   47163ms] [LOG] [LandingPage] IntersectionObserver fired for comparison [Object] @ http://localhost:5173/src/components/landing/LandingPage.jsx?t=1787453131840:119
[   47164ms] [LOG] [LandingPage] Loading section: comparison @ http://localhost:5173/src/components/landing/LandingPage.jsx?t=1787453131840:122
[   47164ms] [LOG] [LandingPage] IntersectionObserver fired for repo-animated [Object] @ http://localhost:5173/src/components/landing/LandingPage.jsx?t=1787453131840:119
[   47164ms] [LOG] [LandingPage] Loading section: repo-animated @ http://localhost:5173/src/components/landing/LandingPage.jsx?t=1787453131840:122
[   47164ms] [LOG] [LandingPage] IntersectionObserver fired for repos [Object] @ http://localhost:5173/src/components/landing/LandingPage.jsx?t=1787453131840:119
[   47164ms] [LOG] [LandingPage] Loading section: repos @ http://localhost:5173/src/components/landing/LandingPage.jsx?t=1787453131840:122
[   47164ms] [LOG] [LandingPage] IntersectionObserver fired for repo-kinetic [Object] @ http://localhost:5173/src/components/landing/LandingPage.jsx?t=1787453131840:119
[   47165ms] [LOG] [LandingPage] Loading section: repo-kinetic @ http://localhost:5173/src/components/landing/LandingPage.jsx?t=1787453131840:122
[   47165ms] [LOG] [LandingPage] IntersectionObserver fired for value [Object] @ http://localhost:5173/src/components/landing/LandingPage.jsx?t=1787453131840:119
[   47165ms] [LOG] [LandingPage] Loading section: value @ http://localhost:5173/src/components/landing/LandingPage.jsx?t=1787453131840:122
[   47165ms] [LOG] [LandingPage] IntersectionObserver fired for repo-vertical [Object] @ http://localhost:5173/src/components/landing/LandingPage.jsx?t=1787453131840:119
[   47165ms] [LOG] [LandingPage] Loading section: repo-vertical @ http://localhost:5173/src/components/landing/LandingPage.jsx?t=1787453131840:122
[   47165ms] [LOG] [LandingPage] IntersectionObserver fired for engines [Object] @ http://localhost:5173/src/components/landing/LandingPage.jsx?t=1787453131840:119
[   47165ms] [LOG] [LandingPage] Loading section: engines @ http://localhost:5173/src/components/landing/LandingPage.jsx?t=1787453131840:122
[   47166ms] [LOG] [LandingPage] IntersectionObserver fired for offer [Object] @ http://localhost:5173/src/components/landing/LandingPage.jsx?t=1787453131840:119
[   47166ms] [LOG] [LandingPage] Loading section: offer @ http://localhost:5173/src/components/landing/LandingPage.jsx?t=1787453131840:122
[   47166ms] [LOG] [LandingPage] IntersectionObserver fired for repo-ecommerce [Object] @ http://localhost:5173/src/components/landing/LandingPage.jsx?t=1787453131840:119
[   47166ms] [LOG] [LandingPage] Loading section: repo-ecommerce @ http://localhost:5173/src/components/landing/LandingPage.jsx?t=1787453131840:122
[   47166ms] [LOG] [LandingPage] IntersectionObserver fired for agency [Object] @ http://localhost:5173/src/components/landing/LandingPage.jsx?t=1787453131840:119
[   47166ms] [LOG] [LandingPage] Loading section: agency @ http://localhost:5173/src/components/landing/LandingPage.jsx?t=1787453131840:122
[   47167ms] [LOG] [LandingPage] IntersectionObserver fired for gallery [Object] @ http://localhost:5173/src/components/landing/LandingPage.jsx?t=1787453131840:119
[   47167ms] [LOG] [LandingPage] Loading section: gallery @ http://localhost:5173/src/components/landing/LandingPage.jsx?t=1787453131840:122
[   47167ms] [LOG] [LandingPage] IntersectionObserver fired for repo-fashion [Object] @ http://localhost:5173/src/components/landing/LandingPage.jsx?t=1787453131840:119
[   47168ms] [LOG] [LandingPage] Loading section: repo-fashion @ http://localhost:5173/src/components/landing/LandingPage.jsx?t=1787453131840:122
[   47168ms] [LOG] [LandingPage] IntersectionObserver fired for scrolling [Object] @ http://localhost:5173/src/components/landing/LandingPage.jsx?t=1787453131840:119
[   47168ms] [LOG] [LandingPage] Loading section: scrolling @ http://localhost:5173/src/components/landing/LandingPage.jsx?t=1787453131840:122
[   47903ms] [LOG] [LandingPage] Section loaded: hook @ http://localhost:5173/src/components/landing/LandingPage.jsx?t=1787453131840:141
[   47906ms] [LOG] [LandingPage] Section loaded: problem @ http://localhost:5173/src/components/landing/LandingPage.jsx?t=1787453131840:141
[   47920ms] [LOG] [LandingPage] Section loaded: cta @ http://localhost:5173/src/components/landing/LandingPage.jsx?t=1787453131840:141
[   47950ms] [LOG] [LandingPage] Section loaded: workflow @ http://localhost:5173/src/components/landing/LandingPage.jsx?t=1787453131840:141
[   47953ms] [LOG] [LandingPage] Section loaded: features @ http://localhost:5173/src/components/landing/LandingPage.jsx?t=1787453131840:141
[   47954ms] [LOG] [LandingPage] Section loaded: comparison @ http://localhost:5173/src/components/landing/LandingPage.jsx?t=1787453131840:141
[   47958ms] [LOG] [LandingPage] Section loaded: repos @ http://localhost:5173/src/components/landing/LandingPage.jsx?t=1787453131840:141
[   47985ms] [LOG] [LandingPage] Section loaded: value @ http://localhost:5173/src/components/landing/LandingPage.jsx?t=1787453131840:141
[   47987ms] [LOG] [LandingPage] Section loaded: engines @ http://localhost:5173/src/components/landing/LandingPage.jsx?t=1787453131840:141
[   47988ms] [LOG] [LandingPage] Section loaded: offer @ http://localhost:5173/src/components/landing/LandingPage.jsx?t=1787453131840:141
[   47989ms] [LOG] [LandingPage] Section loaded: agency @ http://localhost:5173/src/components/landing/LandingPage.jsx?t=1787453131840:141
[   48034ms] [LOG] [LandingPage] Section loaded: scrolling @ http://localhost:5173/src/components/landing/LandingPage.jsx?t=1787453131840:141
[   48184ms] [LOG] [LandingPage] Section loaded: made-with @ http://localhost:5173/src/components/landing/LandingPage.jsx?t=1787453131840:141
[   48208ms] [LOG] [LandingPage] Section loaded: gallery @ http://localhost:5173/src/components/landing/LandingPage.jsx?t=1787453131840:141
[   48223ms] [LOG] [LandingPage] Section loaded: ugc @ http://localhost:5173/src/components/landing/LandingPage.jsx?t=1787453131840:141
[   48233ms] [LOG] [LandingPage] Section loaded: gtm-boost @ http://localhost:5173/src/components/landing/LandingPage.jsx?t=1787453131840:141
[   48234ms] [LOG] [LandingPage] Section loaded: ai-workflow @ http://localhost:5173/src/components/landing/LandingPage.jsx?t=1787453131840:141
[   48237ms] [LOG] [LandingPage] Section loaded: apps @ http://localhost:5173/src/components/landing/LandingPage.jsx?t=1787453131840:141
[   48246ms] [LOG] [LandingPage] Section loaded: repo-animation @ http://localhost:5173/src/components/landing/LandingPage.jsx?t=1787453131840:141
[   48255ms] [LOG] [LandingPage] Section loaded: repo-cinema @ http://localhost:5173/src/components/landing/LandingPage.jsx?t=1787453131840:141
[   48382ms] [LOG] [LandingPage] Section loaded: repo-social-ads @ http://localhost:5173/src/components/landing/LandingPage.jsx?t=1787453131840:141
[   48391ms] [LOG] [LandingPage] Section loaded: repo-commercial @ http://localhost:5173/src/components/landing/LandingPage.jsx?t=1787453131840:141
[   48400ms] [LOG] [LandingPage] Section loaded: repo-animated @ http://localhost:5173/src/components/landing/LandingPage.jsx?t=1787453131840:141
[   48417ms] [LOG] [LandingPage] Section loaded: repo-ecommerce @ http://localhost:5173/src/components/landing/LandingPage.jsx?t=1787453131840:141
[   48426ms] [LOG] [LandingPage] Section loaded: repo-vfx @ http://localhost:5173/src/components/landing/LandingPage.jsx?t=1787453131840:141
[   48436ms] [LOG] [LandingPage] Section loaded: repo-reference @ http://localhost:5173/src/components/landing/LandingPage.jsx?t=1787453131840:141
[   48444ms] [LOG] [LandingPage] Section loaded: repo-fashion @ http://localhost:5173/src/components/landing/LandingPage.jsx?t=1787453131840:141
[   48454ms] [LOG] [LandingPage] Section loaded: repo-kinetic @ http://localhost:5173/src/components/landing/LandingPage.jsx?t=1787453131840:141
[   48465ms] [LOG] [LandingPage] Section loaded: repo-narrative @ http://localhost:5173/src/components/landing/LandingPage.jsx?t=1787453131840:141
[   48474ms] [LOG] [LandingPage] Section loaded: repo-vertical @ http://localhost:5173/src/components/landing/LandingPage.jsx?t=1787453131840:141
[   48781ms] [LOG] [LandingPage] Section loaded: academy @ http://localhost:5173/src/components/landing/LandingPage.jsx?t=1787453131840:141
[   48915ms] [INFO] %cDownload the React DevTools for a better development experience: https://react.dev/link/react-devtools font-weight:bold @ http://localhost:5173/node_modules/.vite/deps/chunk-EEAUBQDT.js?v=93c1ec86:20096
[   48919ms] [ERROR] [ModalSystem] mount failed TypeError: Class constructor SortableElement cannot be invoked without 'new'
    at http://localhost:5173/components/modals/RetargetOptInModal.jsx?t=1787453131840:26:22 @ http://localhost:5173/src/main.js?t=1787453131840:329
[   48920ms] [ERROR] [popcorn-init] FAILED at: plugin-image TypeError: Class constructor SortableElement cannot be invoked without 'new'
    at http://localhost:5173/components/modals/RetargetOptInModal.jsx?t=1787453131840:26:22 @ http://localhost:5173/src/lib/popcornInit.js?t=1787453131840:55
[   48961ms] [ERROR] [popcorn-init] FAILED at: plugin-jsonTransition TypeError: Class constructor SortableElement cannot be invoked without 'new'
    at http://localhost:5173/components/modals/RetargetOptInModal.jsx?t=1787453131840:26:22 @ http://localhost:5173/src/lib/popcornInit.js?t=1787453131840:55
[   49019ms] [ERROR] [popcorn-init] FAILED at: plugin-lottie-json TypeError: Class constructor SortableElement cannot be invoked without 'new'
    at http://localhost:5173/components/modals/RetargetOptInModal.jsx?t=1787453131840:26:22 @ http://localhost:5173/src/lib/popcornInit.js?t=1787453131840:55
[   49039ms] [LOG] [popcorn-init] OK: plugin-json-button @ http://localhost:5173/src/lib/popcornInit.js?t=1787453131840:48
[   49061ms] [ERROR] [popcorn-init] FAILED at: plugin-personalizedImage TypeError: Class constructor SortableElement cannot be invoked without 'new'
    at http://localhost:5173/components/modals/RetargetOptInModal.jsx?t=1787453131840:26:22 @ http://localhost:5173/src/lib/popcornInit.js?t=1787453131840:55
[   49068ms] [ERROR] [popcorn-init] FAILED at: plugin-loopPlugin TypeError: Class constructor SortableElement cannot be invoked without 'new'
    at http://localhost:5173/components/modals/RetargetOptInModal.jsx?t=1787453131840:26:22 @ http://localhost:5173/src/lib/popcornInit.js?t=1787453131840:55
[   49073ms] [ERROR] [popcorn-init] FAILED at: plugin-pausePlugin TypeError: Class constructor SortableElement cannot be invoked without 'new'
    at http://localhost:5173/components/modals/RetargetOptInModal.jsx?t=1787453131840:26:22 @ http://localhost:5173/src/lib/popcornInit.js?t=1787453131840:55
[   49085ms] [ERROR] [popcorn-init] FAILED at: plugin-form TypeError: Class constructor SortableElement cannot be invoked without 'new'
    at http://localhost:5173/components/modals/RetargetOptInModal.jsx?t=1787453131840:26:22 @ http://localhost:5173/src/lib/popcornInit.js?t=1787453131840:55
[   49392ms] [ERROR] [popcorn-init] FAILED at: plugin-retarget TypeError: Class constructor SortableElement cannot be invoked without 'new'
    at http://localhost:5173/components/modals/RetargetOptInModal.jsx?t=1787453131840:26:22 @ http://localhost:5173/src/lib/popcornInit.js?t=1787453131840:55
[   49412ms] [LOG] [popcorn-init] OK: plugin-popup @ http://localhost:5173/src/lib/popcornInit.js?t=1787453131840:48
[   49420ms] [ERROR] [popcorn-init] FAILED at: plugin-sequencer TypeError: Class constructor SortableElement cannot be invoked without 'new'
    at http://localhost:5173/components/modals/RetargetOptInModal.jsx?t=1787453131840:26:22 @ http://localhost:5173/src/lib/popcornInit.js?t=1787453131840:55
[   49518ms] [ERROR] [popcorn-init] FAILED at: plugin-skip TypeError: Class constructor SortableElement cannot be invoked without 'new'
    at http://localhost:5173/components/modals/RetargetOptInModal.jsx?t=1787453131840:26:22 @ http://localhost:5173/src/lib/popcornInit.js?t=1787453131840:55
[   49863ms] [ERROR] [popcorn-init] FAILED at: plugin-text TypeError: Class constructor SortableElement cannot be invoked without 'new'
    at http://localhost:5173/components/modals/RetargetOptInModal.jsx?t=1787453131840:26:22 @ http://localhost:5173/src/lib/popcornInit.js?t=1787453131840:55
[   49901ms] [LOG] [popcorn-init] OK: plugin-social @ http://localhost:5173/src/lib/popcornInit.js?t=1787453131840:48
[   49917ms] [ERROR] [popcorn-init] FAILED at: plugin-jsonAnimation TypeError: Class constructor SortableElement cannot be invoked without 'new'
    at http://localhost:5173/components/modals/RetargetOptInModal.jsx?t=1787453131840:26:22 @ http://localhost:5173/src/lib/popcornInit.js?t=1787453131840:55
[   49938ms] [LOG] [popcorn-init] OK: plugin-videoTransition @ http://localhost:5173/src/lib/popcornInit.js?t=1787453131840:48
[   49950ms] [ERROR] [popcorn-init] FAILED at: plugin-seethroughtext TypeError: Class constructor SortableElement cannot be invoked without 'new'
    at http://localhost:5173/components/modals/RetargetOptInModal.jsx?t=1787453131840:26:22 @ http://localhost:5173/src/lib/popcornInit.js?t=1787453131840:55
[   49956ms] [LOG] [popcorn-init] OK: plugin-wikipedia @ http://localhost:5173/src/lib/popcornInit.js?t=1787453131840:48
[   49972ms] [ERROR] [popcorn-init] FAILED at: plugin-combined TypeError: Class constructor SortableElement cannot be invoked without 'new'
    at http://localhost:5173/components/modals/RetargetOptInModal.jsx?t=1787453131840:26:22 @ http://localhost:5173/src/lib/popcornInit.js?t=1787453131840:55
[   50197ms] [LOG] [App] Starting initialization... @ http://localhost:5173/src/main.js?t=1787453131840:19
[   50204ms] [LOG] [popcorn-init] OK: jquery @ http://localhost:5173/src/lib/popcornInit.js?t=1787453131840:41
[   50204ms] [LOG] [popcorn-init] OK: jquery-textfill @ http://localhost:5173/src/lib/popcornInit.js?t=1787453131840:48
[   50205ms] [LOG] [popcorn-init] OK: popcorn-core @ http://localhost:5173/src/lib/popcornInit.js?t=1787453131840:48
[   50206ms] [LOG] [popcorn-init] OK: popcorn-ie8 @ http://localhost:5173/src/lib/popcornInit.js?t=1787453131840:48
[   50206ms] [LOG] [popcorn-init] OK: wrapper-common @ http://localhost:5173/src/lib/popcornInit.js?t=1787453131840:48
[   50207ms] [LOG] [popcorn-init] OK: wrapper-html5 @ http://localhost:5173/src/lib/popcornInit.js?t=1787453131840:48
[   50208ms] [LOG] [popcorn-init] OK: wrapper-vrview @ http://localhost:5173/src/lib/popcornInit.js?t=1787453131840:48
[   50209ms] [LOG] [popcorn-init] OK: wrapper-adaptive @ http://localhost:5173/src/lib/popcornInit.js?t=1787453131840:48
[   50210ms] [LOG] [popcorn-init] OK: wrapper-null @ http://localhost:5173/src/lib/popcornInit.js?t=1787453131840:48
[   50210ms] [LOG] [popcorn-init] OK: wrapper-soundcloud @ http://localhost:5173/src/lib/popcornInit.js?t=1787453131840:48
[   50211ms] [LOG] [popcorn-init] OK: wrapper-vimeo @ http://localhost:5173/src/lib/popcornInit.js?t=1787453131840:48
[   50211ms] [LOG] [popcorn-init] OK: wrapper-youtube @ http://localhost:5173/src/lib/popcornInit.js?t=1787453131840:48
[   50211ms] [LOG] [popcorn-init] OK: wrapper-jwplayer @ http://localhost:5173/src/lib/popcornInit.js?t=1787453131840:48
[   50212ms] [LOG] [popcorn-init] OK: player-module @ http://localhost:5173/src/lib/popcornInit.js?t=1787453131840:48
[   50225ms] [LOG] [LandingPage] Header.jsx loaded @ http://localhost:5173/src/components/landing/LandingPage.jsx?t=1787453131840:176
[   50422ms] [LOG] [LandingPage] CinematicVideoHero.jsx loaded @ http://localhost:5173/src/components/landing/LandingPage.jsx?t=1787453131840:189
[   50655ms] [LOG] [LandingPage] HeroSection.jsx loaded @ http://localhost:5173/src/components/landing/LandingPage.jsx?t=1787453131840:202
[   50656ms] [LOG] [LandingPage] Observer created for: scrolling placeholder id: section-scrolling @ http://localhost:5173/src/components/landing/LandingPage.jsx?t=1787453131840:160
[   50656ms] [LOG] [LandingPage] Observer created for: hook placeholder id: section-hook @ http://localhost:5173/src/components/landing/LandingPage.jsx?t=1787453131840:160
[   50656ms] [LOG] [LandingPage] Observer created for: engines placeholder id: section-engines @ http://localhost:5173/src/components/landing/LandingPage.jsx?t=1787453131840:160
[   50656ms] [LOG] [LandingPage] Observer created for: apps placeholder id: section-apps @ http://localhost:5173/src/components/landing/LandingPage.jsx?t=1787453131840:160
[   50656ms] [LOG] [LandingPage] Observer created for: features placeholder id: section-features @ http://localhost:5173/src/components/landing/LandingPage.jsx?t=1787453131840:160
[   50656ms] [LOG] [LandingPage] Observer created for: problem placeholder id: section-problem @ http://localhost:5173/src/components/landing/LandingPage.jsx?t=1787453131840:160
[   50656ms] [LOG] [LandingPage] Observer created for: workflow placeholder id: section-workflow @ http://localhost:5173/src/components/landing/LandingPage.jsx?t=1787453131840:160
[   50656ms] [LOG] [LandingPage] Observer created for: comparison placeholder id: section-comparison @ http://localhost:5173/src/components/landing/LandingPage.jsx?t=1787453131840:160
[   50656ms] [LOG] [LandingPage] Observer created for: value placeholder id: section-value @ http://localhost:5173/src/components/landing/LandingPage.jsx?t=1787453131840:160
[   50656ms] [LOG] [LandingPage] Observer created for: agency placeholder id: section-agency @ http://localhost:5173/src/components/landing/LandingPage.jsx?t=1787453131840:160
[   50657ms] [LOG] [LandingPage] Observer created for: offer placeholder id: section-offer @ http://localhost:5173/src/components/landing/LandingPage.jsx?t=1787453131840:160
[   50657ms] [LOG] [LandingPage] Observer created for: cta placeholder id: section-cta @ http://localhost:5173/src/components/landing/LandingPage.jsx?t=1787453131840:160
[   50657ms] [LOG] [LandingPage] Observer created for: ai-workflow placeholder id: section-ai-workflow @ http://localhost:5173/src/components/landing/LandingPage.jsx?t=1787453131840:160
[   50657ms] [LOG] [LandingPage] Observer created for: made-with placeholder id: section-made-with @ http://localhost:5173/src/components/landing/LandingPage.jsx?t=1787453131840:160
[   50657ms] [LOG] [LandingPage] Observer created for: ugc placeholder id: section-ugc @ http://localhost:5173/src/components/landing/LandingPage.jsx?t=1787453131840:160
[   50657ms] [LOG] [LandingPage] Observer created for: gallery placeholder id: section-gallery @ http://localhost:5173/src/components/landing/LandingPage.jsx?t=1787453131840:160
[   50657ms] [LOG] [LandingPage] Observer created for: academy placeholder id: section-academy @ http://localhost:5173/src/components/landing/LandingPage.jsx?t=1787453131840:160
[   50657ms] [LOG] [LandingPage] Observer created for: repo-cinema placeholder id: section-repo-cinema @ http://localhost:5173/src/components/landing/LandingPage.jsx?t=1787453131840:160
[   50657ms] [LOG] [LandingPage] Observer created for: repo-commercial placeholder id: section-repo-commercial @ http://localhost:5173/src/components/landing/LandingPage.jsx?t=1787453131840:160
[   50657ms] [LOG] [LandingPage] Observer created for: repo-social-ads placeholder id: section-repo-social-ads @ http://localhost:5173/src/components/landing/LandingPage.jsx?t=1787453131840:160
[   50657ms] [LOG] [LandingPage] Observer created for: repo-narrative placeholder id: section-repo-narrative @ http://localhost:5173/src/components/landing/LandingPage.jsx?t=1787453131840:160
[   50657ms] [LOG] [LandingPage] Observer created for: repo-vertical placeholder id: section-repo-vertical @ http://localhost:5173/src/components/landing/LandingPage.jsx?t=1787453131840:160
[   50657ms] [LOG] [LandingPage] Observer created for: repo-ecommerce placeholder id: section-repo-ecommerce @ http://localhost:5173/src/components/landing/LandingPage.jsx?t=1787453131840:160
[   50657ms] [LOG] [LandingPage] Observer created for: repo-kinetic placeholder id: section-repo-kinetic @ http://localhost:5173/src/components/landing/LandingPage.jsx?t=1787453131840:160
[   50657ms] [LOG] [LandingPage] Observer created for: repo-animated placeholder id: section-repo-animated @ http://localhost:5173/src/components/landing/LandingPage.jsx?t=1787453131840:160
[   50657ms] [LOG] [LandingPage] Observer created for: repo-animation placeholder id: section-repo-animation @ http://localhost:5173/src/components/landing/LandingPage.jsx?t=1787453131840:160
[   50657ms] [LOG] [LandingPage] Observer created for: repo-reference placeholder id: section-repo-reference @ http://localhost:5173/src/components/landing/LandingPage.jsx?t=1787453131840:160
[   50657ms] [LOG] [LandingPage] Observer created for: repo-vfx placeholder id: section-repo-vfx @ http://localhost:5173/src/components/landing/LandingPage.jsx?t=1787453131840:160
[   50658ms] [LOG] [LandingPage] Observer created for: repo-fashion placeholder id: section-repo-fashion @ http://localhost:5173/src/components/landing/LandingPage.jsx?t=1787453131840:160
[   50658ms] [LOG] [LandingPage] Observer created for: repos placeholder id: section-repos @ http://localhost:5173/src/components/landing/LandingPage.jsx?t=1787453131840:160
[   50658ms] [LOG] [LandingPage] Observer created for: gtm-boost placeholder id: section-gtm-boost @ http://localhost:5173/src/components/landing/LandingPage.jsx?t=1787453131840:160
[   50658ms] [LOG] [App] Landing page rendered @ http://localhost:5173/src/main.js?t=1787453131840:88
[   50725ms] [LOG] [LandingPage] IntersectionObserver fired for engines [Object] @ http://localhost:5173/src/components/landing/LandingPage.jsx?t=1787453131840:119
[   50729ms] [LOG] [LandingPage] Loading section: engines @ http://localhost:5173/src/components/landing/LandingPage.jsx?t=1787453131840:122
[   50733ms] [LOG] [LandingPage] IntersectionObserver fired for repo-reference [Object] @ http://localhost:5173/src/components/landing/LandingPage.jsx?t=1787453131840:119
[   50734ms] [LOG] [LandingPage] Loading section: repo-reference @ http://localhost:5173/src/components/landing/LandingPage.jsx?t=1787453131840:122
[   50734ms] [LOG] [LandingPage] IntersectionObserver fired for repo-narrative [Object] @ http://localhost:5173/src/components/landing/LandingPage.jsx?t=1787453131840:119
[   50735ms] [LOG] [LandingPage] Loading section: repo-narrative @ http://localhost:5173/src/components/landing/LandingPage.jsx?t=1787453131840:122
[   50735ms] [LOG] [LandingPage] IntersectionObserver fired for ai-workflow [Object] @ http://localhost:5173/src/components/landing/LandingPage.jsx?t=1787453131840:119
[   50736ms] [LOG] [LandingPage] Loading section: ai-workflow @ http://localhost:5173/src/components/landing/LandingPage.jsx?t=1787453131840:122
[   50736ms] [LOG] [LandingPage] IntersectionObserver fired for workflow [Object] @ http://localhost:5173/src/components/landing/LandingPage.jsx?t=1787453131840:119
[   50736ms] [LOG] [LandingPage] Loading section: workflow @ http://localhost:5173/src/components/landing/LandingPage.jsx?t=1787453131840:122
[   50737ms] [LOG] [LandingPage] IntersectionObserver fired for academy [Object] @ http://localhost:5173/src/components/landing/LandingPage.jsx?t=1787453131840:119
[   50738ms] [LOG] [LandingPage] Loading section: academy @ http://localhost:5173/src/components/landing/LandingPage.jsx?t=1787453131840:122
[   50738ms] [LOG] [LandingPage] IntersectionObserver fired for value [Object] @ http://localhost:5173/src/components/landing/LandingPage.jsx?t=1787453131840:119
[   50738ms] [LOG] [LandingPage] Loading section: value @ http://localhost:5173/src/components/landing/LandingPage.jsx?t=1787453131840:122
[   50738ms] [LOG] [LandingPage] IntersectionObserver fired for gtm-boost [Object] @ http://localhost:5173/src/components/landing/LandingPage.jsx?t=1787453131840:119
[   50739ms] [LOG] [LandingPage] Loading section: gtm-boost @ http://localhost:5173/src/components/landing/LandingPage.jsx?t=1787453131840:122
[   50739ms] [LOG] [LandingPage] IntersectionObserver fired for repo-ecommerce [Object] @ http://localhost:5173/src/components/landing/LandingPage.jsx?t=1787453131840:119
[   50739ms] [LOG] [LandingPage] Loading section: repo-ecommerce @ http://localhost:5173/src/components/landing/LandingPage.jsx?t=1787453131840:122
[   50740ms] [LOG] [LandingPage] IntersectionObserver fired for apps [Object] @ http://localhost:5173/src/components/landing/LandingPage.jsx?t=1787453131840:119
[   50740ms] [LOG] [LandingPage] Loading section: apps @ http://localhost:5173/src/components/landing/LandingPage.jsx?t=1787453131840:122
[   50740ms] [LOG] [LandingPage] IntersectionObserver fired for repo-social-ads [Object] @ http://localhost:5173/src/components/landing/LandingPage.jsx?t=1787453131840:119
[   50740ms] [LOG] [LandingPage] Loading section: repo-social-ads @ http://localhost:5173/src/components/landing/LandingPage.jsx?t=1787453131840:122
[   50740ms] [LOG] [LandingPage] IntersectionObserver fired for scrolling [Object] @ http://localhost:5173/src/components/landing/LandingPage.jsx?t=1787453131840:119
[   50741ms] [LOG] [LandingPage] Loading section: scrolling @ http://localhost:5173/src/components/landing/LandingPage.jsx?t=1787453131840:122
[   50741ms] [LOG] [LandingPage] IntersectionObserver fired for repo-vfx [Object] @ http://localhost:5173/src/components/landing/LandingPage.jsx?t=1787453131840:119
[   50741ms] [LOG] [LandingPage] Loading section: repo-vfx @ http://localhost:5173/src/components/landing/LandingPage.jsx?t=1787453131840:122
[   50741ms] [LOG] [LandingPage] IntersectionObserver fired for repo-animation [Object] @ http://localhost:5173/src/components/landing/LandingPage.jsx?t=1787453131840:119
[   50741ms] [LOG] [LandingPage] Loading section: repo-animation @ http://localhost:5173/src/components/landing/LandingPage.jsx?t=1787453131840:122
[   50741ms] [LOG] [LandingPage] IntersectionObserver fired for gallery [Object] @ http://localhost:5173/src/components/landing/LandingPage.jsx?t=1787453131840:119
[   50741ms] [LOG] [LandingPage] Loading section: gallery @ http://localhost:5173/src/components/landing/LandingPage.jsx?t=1787453131840:122
[   50742ms] [LOG] [LandingPage] IntersectionObserver fired for repo-commercial [Object] @ http://localhost:5173/src/components/landing/LandingPage.jsx?t=1787453131840:119
[   50742ms] [LOG] [LandingPage] Loading section: repo-commercial @ http://localhost:5173/src/components/landing/LandingPage.jsx?t=1787453131840:122
[   50742ms] [LOG] [LandingPage] IntersectionObserver fired for repo-fashion [Object] @ http://localhost:5173/src/components/landing/LandingPage.jsx?t=1787453131840:119
[   50742ms] [LOG] [LandingPage] Loading section: repo-fashion @ http://localhost:5173/src/components/landing/LandingPage.jsx?t=1787453131840:122
[   50742ms] [LOG] [LandingPage] IntersectionObserver fired for comparison [Object] @ http://localhost:5173/src/components/landing/LandingPage.jsx?t=1787453131840:119
[   50742ms] [LOG] [LandingPage] Loading section: comparison @ http://localhost:5173/src/components/landing/LandingPage.jsx?t=1787453131840:122
[   50743ms] [LOG] [LandingPage] IntersectionObserver fired for made-with [Object] @ http://localhost:5173/src/components/landing/LandingPage.jsx?t=1787453131840:119
[   50743ms] [LOG] [LandingPage] Loading section: made-with @ http://localhost:5173/src/components/landing/LandingPage.jsx?t=1787453131840:122
[   50744ms] [LOG] [LandingPage] IntersectionObserver fired for ugc [Object] @ http://localhost:5173/src/components/landing/LandingPage.jsx?t=1787453131840:119
[   50744ms] [LOG] [LandingPage] Loading section: ugc @ http://localhost:5173/src/components/landing/LandingPage.jsx?t=1787453131840:122
[   50747ms] [LOG] [LandingPage] IntersectionObserver fired for features [Object] @ http://localhost:5173/src/components/landing/LandingPage.jsx?t=1787453131840:119
[   50747ms] [LOG] [LandingPage] Loading section: features @ http://localhost:5173/src/components/landing/LandingPage.jsx?t=1787453131840:122
[   50747ms] [LOG] [LandingPage] IntersectionObserver fired for offer [Object] @ http://localhost:5173/src/components/landing/LandingPage.jsx?t=1787453131840:119
[   50747ms] [LOG] [LandingPage] Loading section: offer @ http://localhost:5173/src/components/landing/LandingPage.jsx?t=1787453131840:122
[   50748ms] [LOG] [LandingPage] IntersectionObserver fired for repo-animated [Object] @ http://localhost:5173/src/components/landing/LandingPage.jsx?t=1787453131840:119
[   50748ms] [LOG] [LandingPage] Loading section: repo-animated @ http://localhost:5173/src/components/landing/LandingPage.jsx?t=1787453131840:122
[   50748ms] [LOG] [LandingPage] IntersectionObserver fired for hook [Object] @ http://localhost:5173/src/components/landing/LandingPage.jsx?t=1787453131840:119
[   50748ms] [LOG] [LandingPage] Loading section: hook @ http://localhost:5173/src/components/landing/LandingPage.jsx?t=1787453131840:122
[   50748ms] [LOG] [LandingPage] IntersectionObserver fired for problem [Object] @ http://localhost:5173/src/components/landing/LandingPage.jsx?t=1787453131840:119
[   50748ms] [LOG] [LandingPage] Loading section: problem @ http://localhost:5173/src/components/landing/LandingPage.jsx?t=1787453131840:122
[   50748ms] [LOG] [LandingPage] IntersectionObserver fired for cta [Object] @ http://localhost:5173/src/components/landing/LandingPage.jsx?t=1787453131840:119
[   50749ms] [LOG] [LandingPage] Loading section: cta @ http://localhost:5173/src/components/landing/LandingPage.jsx?t=1787453131840:122
[   50749ms] [LOG] [LandingPage] IntersectionObserver fired for repo-cinema [Object] @ http://localhost:5173/src/components/landing/LandingPage.jsx?t=1787453131840:119
[   50750ms] [LOG] [LandingPage] Loading section: repo-cinema @ http://localhost:5173/src/components/landing/LandingPage.jsx?t=1787453131840:122
[   50750ms] [LOG] [LandingPage] IntersectionObserver fired for repo-vertical [Object] @ http://localhost:5173/src/components/landing/LandingPage.jsx?t=1787453131840:119
[   50750ms] [LOG] [LandingPage] Loading section: repo-vertical @ http://localhost:5173/src/components/landing/LandingPage.jsx?t=1787453131840:122
[   50750ms] [LOG] [LandingPage] IntersectionObserver fired for repo-kinetic [Object] @ http://localhost:5173/src/components/landing/LandingPage.jsx?t=1787453131840:119
[   50750ms] [LOG] [LandingPage] Loading section: repo-kinetic @ http://localhost:5173/src/components/landing/LandingPage.jsx?t=1787453131840:122
[   50750ms] [LOG] [LandingPage] IntersectionObserver fired for repos [Object] @ http://localhost:5173/src/components/landing/LandingPage.jsx?t=1787453131840:119
[   50751ms] [LOG] [LandingPage] Loading section: repos @ http://localhost:5173/src/components/landing/LandingPage.jsx?t=1787453131840:122
[   50751ms] [LOG] [LandingPage] IntersectionObserver fired for agency [Object] @ http://localhost:5173/src/components/landing/LandingPage.jsx?t=1787453131840:119
[   50751ms] [LOG] [LandingPage] Loading section: agency @ http://localhost:5173/src/components/landing/LandingPage.jsx?t=1787453131840:122
[   51394ms] [LOG] [LandingPage] Section loaded: engines @ http://localhost:5173/src/components/landing/LandingPage.jsx?t=1787453131840:141
[   51404ms] [LOG] [LandingPage] Section loaded: workflow @ http://localhost:5173/src/components/landing/LandingPage.jsx?t=1787453131840:141
[   51432ms] [LOG] [LandingPage] Section loaded: value @ http://localhost:5173/src/components/landing/LandingPage.jsx?t=1787453131840:141
[   51464ms] [LOG] [LandingPage] Section loaded: scrolling @ http://localhost:5173/src/components/landing/LandingPage.jsx?t=1787453131840:141
[   51639ms] [LOG] [LandingPage] Section loaded: comparison @ http://localhost:5173/src/components/landing/LandingPage.jsx?t=1787453131840:141
[   51640ms] [LOG] [LandingPage] Section loaded: features @ http://localhost:5173/src/components/landing/LandingPage.jsx?t=1787453131840:141
[   51641ms] [LOG] [LandingPage] Section loaded: offer @ http://localhost:5173/src/components/landing/LandingPage.jsx?t=1787453131840:141
[   51641ms] [LOG] [LandingPage] Section loaded: cta @ http://localhost:5173/src/components/landing/LandingPage.jsx?t=1787453131840:141
[   51643ms] [LOG] [LandingPage] Section loaded: hook @ http://localhost:5173/src/components/landing/LandingPage.jsx?t=1787453131840:141
[   51644ms] [LOG] [LandingPage] Section loaded: problem @ http://localhost:5173/src/components/landing/LandingPage.jsx?t=1787453131840:141
[   51646ms] [LOG] [LandingPage] Section loaded: agency @ http://localhost:5173/src/components/landing/LandingPage.jsx?t=1787453131840:141
[   51770ms] [LOG] [LandingPage] Section loaded: repos @ http://localhost:5173/src/components/landing/LandingPage.jsx?t=1787453131840:141
[   51814ms] [LOG] [LandingPage] Section loaded: ugc @ http://localhost:5173/src/components/landing/LandingPage.jsx?t=1787453131840:141
[   51817ms] [LOG] [LandingPage] Section loaded: gtm-boost @ http://localhost:5173/src/components/landing/LandingPage.jsx?t=1787453131840:141
[   51830ms] [LOG] [LandingPage] Section loaded: gallery @ http://localhost:5173/src/components/landing/LandingPage.jsx?t=1787453131840:141
[   51838ms] [LOG] [LandingPage] Section loaded: made-with @ http://localhost:5173/src/components/landing/LandingPage.jsx?t=1787453131840:141
[   51840ms] [LOG] [LandingPage] Section loaded: ai-workflow @ http://localhost:5173/src/components/landing/LandingPage.jsx?t=1787453131840:141
[   51851ms] [LOG] [LandingPage] Section loaded: repo-reference @ http://localhost:5173/src/components/landing/LandingPage.jsx?t=1787453131840:141
[   51863ms] [LOG] [LandingPage] Section loaded: repo-fashion @ http://localhost:5173/src/components/landing/LandingPage.jsx?t=1787453131840:141
[   51881ms] [LOG] [LandingPage] Section loaded: repo-social-ads @ http://localhost:5173/src/components/landing/LandingPage.jsx?t=1787453131840:141
[   51906ms] [LOG] [LandingPage] Section loaded: repo-narrative @ http://localhost:5173/src/components/landing/LandingPage.jsx?t=1787453131840:141
[   52007ms] [LOG] [LandingPage] Section loaded: repo-animated @ http://localhost:5173/src/components/landing/LandingPage.jsx?t=1787453131840:141
[   52015ms] [LOG] [LandingPage] Section loaded: repo-cinema @ http://localhost:5173/src/components/landing/LandingPage.jsx?t=1787453131840:141
[   52024ms] [LOG] [LandingPage] Section loaded: repo-ecommerce @ http://localhost:5173/src/components/landing/LandingPage.jsx?t=1787453131840:141
[   52033ms] [LOG] [LandingPage] Section loaded: repo-commercial @ http://localhost:5173/src/components/landing/LandingPage.jsx?t=1787453131840:141
[   52040ms] [LOG] [LandingPage] Section loaded: repo-animation @ http://localhost:5173/src/components/landing/LandingPage.jsx?t=1787453131840:141
[   52049ms] [LOG] [LandingPage] Section loaded: repo-vertical @ http://localhost:5173/src/components/landing/LandingPage.jsx?t=1787453131840:141
[   52058ms] [LOG] [LandingPage] Section loaded: repo-kinetic @ http://localhost:5173/src/components/landing/LandingPage.jsx?t=1787453131840:141
[   52068ms] [LOG] [LandingPage] Section loaded: repo-vfx @ http://localhost:5173/src/components/landing/LandingPage.jsx?t=1787453131840:141
[   52198ms] [LOG] [LandingPage] Section loaded: apps @ http://localhost:5173/src/components/landing/LandingPage.jsx?t=1787453131840:141
[   52217ms] [LOG] [LandingPage] Section loaded: academy @ http://localhost:5173/src/components/landing/LandingPage.jsx?t=1787453131840:141
[   52469ms] [INFO] %cDownload the React DevTools for a better development experience: https://react.dev/link/react-devtools font-weight:bold @ http://localhost:5173/node_modules/.vite/deps/chunk-EEAUBQDT.js?v=93c1ec86:20096
[   52478ms] [ERROR] [ModalSystem] mount failed TypeError: Class constructor SortableElement cannot be invoked without 'new'
    at http://localhost:5173/components/modals/RetargetOptInModal.jsx?t=1787453131840:26:22 @ http://localhost:5173/src/main.js?t=1787453131840:329
[   52485ms] [ERROR] [popcorn-init] FAILED at: plugin-image TypeError: Class constructor SortableElement cannot be invoked without 'new'
    at http://localhost:5173/components/modals/RetargetOptInModal.jsx?t=1787453131840:26:22 @ http://localhost:5173/src/lib/popcornInit.js?t=1787453131840:55
[   52553ms] [ERROR] [popcorn-init] FAILED at: plugin-jsonTransition TypeError: Class constructor SortableElement cannot be invoked without 'new'
    at http://localhost:5173/components/modals/RetargetOptInModal.jsx?t=1787453131840:26:22 @ http://localhost:5173/src/lib/popcornInit.js?t=1787453131840:55
[   52570ms] [ERROR] [popcorn-init] FAILED at: plugin-lottie-json TypeError: Class constructor SortableElement cannot be invoked without 'new'
    at http://localhost:5173/components/modals/RetargetOptInModal.jsx?t=1787453131840:26:22 @ http://localhost:5173/src/lib/popcornInit.js?t=1787453131840:55
[   52582ms] [LOG] [popcorn-init] OK: plugin-json-button @ http://localhost:5173/src/lib/popcornInit.js?t=1787453131840:48
[   52623ms] [ERROR] [popcorn-init] FAILED at: plugin-personalizedImage TypeError: Class constructor SortableElement cannot be invoked without 'new'
    at http://localhost:5173/components/modals/RetargetOptInModal.jsx?t=1787453131840:26:22 @ http://localhost:5173/src/lib/popcornInit.js?t=1787453131840:55
[   52922ms] [ERROR] [popcorn-init] FAILED at: plugin-loopPlugin TypeError: Class constructor SortableElement cannot be invoked without 'new'
    at http://localhost:5173/components/modals/RetargetOptInModal.jsx?t=1787453131840:26:22 @ http://localhost:5173/src/lib/popcornInit.js?t=1787453131840:55
[   52931ms] [ERROR] [popcorn-init] FAILED at: plugin-pausePlugin TypeError: Class constructor SortableElement cannot be invoked without 'new'
    at http://localhost:5173/components/modals/RetargetOptInModal.jsx?t=1787453131840:26:22 @ http://localhost:5173/src/lib/popcornInit.js?t=1787453131840:55
[   52968ms] [ERROR] [popcorn-init] FAILED at: plugin-form TypeError: Class constructor SortableElement cannot be invoked without 'new'
    at http://localhost:5173/components/modals/RetargetOptInModal.jsx?t=1787453131840:26:22 @ http://localhost:5173/src/lib/popcornInit.js?t=1787453131840:55
[   53032ms] [ERROR] [popcorn-init] FAILED at: plugin-retarget TypeError: Class constructor SortableElement cannot be invoked without 'new'
    at http://localhost:5173/components/modals/RetargetOptInModal.jsx?t=1787453131840:26:22 @ http://localhost:5173/src/lib/popcornInit.js?t=1787453131840:55
[   53080ms] [LOG] [popcorn-init] OK: plugin-popup @ http://localhost:5173/src/lib/popcornInit.js?t=1787453131840:48
[   53179ms] [ERROR] [popcorn-init] FAILED at: plugin-sequencer TypeError: Class constructor SortableElement cannot be invoked without 'new'
    at http://localhost:5173/components/modals/RetargetOptInModal.jsx?t=1787453131840:26:22 @ http://localhost:5173/src/lib/popcornInit.js?t=1787453131840:55
[   53187ms] [ERROR] [popcorn-init] FAILED at: plugin-skip TypeError: Class constructor SortableElement cannot be invoked without 'new'
    at http://localhost:5173/components/modals/RetargetOptInModal.jsx?t=1787453131840:26:22 @ http://localhost:5173/src/lib/popcornInit.js?t=1787453131840:55
[   53234ms] [ERROR] [popcorn-init] FAILED at: plugin-text TypeError: Class constructor SortableElement cannot be invoked without 'new'
    at http://localhost:5173/components/modals/RetargetOptInModal.jsx?t=1787453131840:26:22 @ http://localhost:5173/src/lib/popcornInit.js?t=1787453131840:55
[   53256ms] [LOG] [popcorn-init] OK: plugin-social @ http://localhost:5173/src/lib/popcornInit.js?t=1787453131840:48
[   53265ms] [ERROR] [popcorn-init] FAILED at: plugin-jsonAnimation TypeError: Class constructor SortableElement cannot be invoked without 'new'
    at http://localhost:5173/components/modals/RetargetOptInModal.jsx?t=1787453131840:26:22 @ http://localhost:5173/src/lib/popcornInit.js?t=1787453131840:55
[   53276ms] [LOG] [popcorn-init] OK: plugin-videoTransition @ http://localhost:5173/src/lib/popcornInit.js?t=1787453131840:48
[   53283ms] [ERROR] [popcorn-init] FAILED at: plugin-seethroughtext TypeError: Class constructor SortableElement cannot be invoked without 'new'
    at http://localhost:5173/components/modals/RetargetOptInModal.jsx?t=1787453131840:26:22 @ http://localhost:5173/src/lib/popcornInit.js?t=1787453131840:55
[   53287ms] [LOG] [popcorn-init] OK: plugin-wikipedia @ http://localhost:5173/src/lib/popcornInit.js?t=1787453131840:48
[   53294ms] [ERROR] [popcorn-init] FAILED at: plugin-combined TypeError: Class constructor SortableElement cannot be invoked without 'new'
    at http://localhost:5173/components/modals/RetargetOptInModal.jsx?t=1787453131840:26:22 @ http://localhost:5173/src/lib/popcornInit.js?t=1787453131840:55
[   53300ms] [ERROR] [popcorn-init] FAILED at: plugin-background TypeError: Class constructor SortableElement cannot be invoked without 'new'
    at http://localhost:5173/components/modals/RetargetOptInModal.jsx?t=1787453131840:26:22 @ http://localhost:5173/src/lib/popcornInit.js?t=1787453131840:55
[   53300ms] [LOG] [popcorn-init] SUMMARY: 5/20 plugins registered; FAILED: plugin-image, plugin-jsonTransition, plugin-lottie-json, plugin-personalizedImage, plugin-loopPlugin, plugin-pausePlugin, plugin-form, plugin-retarget, plugin-sequencer, plugin-skip, plugin-text, plugin-jsonAnimation, plugin-seethroughtext, plugin-combined, plugin-background @ http://localhost:5173/src/lib/popcornInit.js?t=1787453131840:60
[   53300ms] [LOG] [popcorn] function 5 @ http://localhost:5173/src/main.js?t=1787453131840:4
[   53704ms] [LOG] [App] Starting initialization... @ http://localhost:5173/src/main.js?t=1787453131840:19
[   53710ms] [LOG] [popcorn-init] OK: jquery @ http://localhost:5173/src/lib/popcornInit.js?t=1787453131840:41
[   53711ms] [LOG] [popcorn-init] OK: jquery-textfill @ http://localhost:5173/src/lib/popcornInit.js?t=1787453131840:48
[   53712ms] [LOG] [popcorn-init] OK: popcorn-core @ http://localhost:5173/src/lib/popcornInit.js?t=1787453131840:48
[   53712ms] [LOG] [popcorn-init] OK: popcorn-ie8 @ http://localhost:5173/src/lib/popcornInit.js?t=1787453131840:48
[   53713ms] [LOG] [popcorn-init] OK: wrapper-common @ http://localhost:5173/src/lib/popcornInit.js?t=1787453131840:48
[   53713ms] [LOG] [popcorn-init] OK: wrapper-html5 @ http://localhost:5173/src/lib/popcornInit.js?t=1787453131840:48
[   53713ms] [LOG] [popcorn-init] OK: wrapper-vrview @ http://localhost:5173/src/lib/popcornInit.js?t=1787453131840:48
[   53714ms] [LOG] [popcorn-init] OK: wrapper-adaptive @ http://localhost:5173/src/lib/popcornInit.js?t=1787453131840:48
[   53714ms] [LOG] [popcorn-init] OK: wrapper-null @ http://localhost:5173/src/lib/popcornInit.js?t=1787453131840:48
[   53714ms] [LOG] [popcorn-init] OK: wrapper-soundcloud @ http://localhost:5173/src/lib/popcornInit.js?t=1787453131840:48
[   53715ms] [LOG] [popcorn-init] OK: wrapper-vimeo @ http://localhost:5173/src/lib/popcornInit.js?t=1787453131840:48
[   53715ms] [LOG] [popcorn-init] OK: wrapper-youtube @ http://localhost:5173/src/lib/popcornInit.js?t=1787453131840:48
[   53715ms] [LOG] [popcorn-init] OK: wrapper-jwplayer @ http://localhost:5173/src/lib/popcornInit.js?t=1787453131840:48
[   53716ms] [LOG] [popcorn-init] OK: player-module @ http://localhost:5173/src/lib/popcornInit.js?t=1787453131840:48
[   53740ms] [LOG] [LandingPage] Header.jsx loaded @ http://localhost:5173/src/components/landing/LandingPage.jsx?t=1787453131840:176
[   54154ms] [LOG] [LandingPage] CinematicVideoHero.jsx loaded @ http://localhost:5173/src/components/landing/LandingPage.jsx?t=1787453131840:189
[   54583ms] [LOG] [LandingPage] HeroSection.jsx loaded @ http://localhost:5173/src/components/landing/LandingPage.jsx?t=1787453131840:202
[   54583ms] [LOG] [LandingPage] Observer created for: scrolling placeholder id: section-scrolling @ http://localhost:5173/src/components/landing/LandingPage.jsx?t=1787453131840:160
[   54583ms] [LOG] [LandingPage] Observer created for: hook placeholder id: section-hook @ http://localhost:5173/src/components/landing/LandingPage.jsx?t=1787453131840:160
[   54583ms] [LOG] [LandingPage] Observer created for: engines placeholder id: section-engines @ http://localhost:5173/src/components/landing/LandingPage.jsx?t=1787453131840:160
[   54584ms] [LOG] [LandingPage] Observer created for: apps placeholder id: section-apps @ http://localhost:5173/src/components/landing/LandingPage.jsx?t=1787453131840:160
[   54584ms] [LOG] [LandingPage] Observer created for: features placeholder id: section-features @ http://localhost:5173/src/components/landing/LandingPage.jsx?t=1787453131840:160
[   54584ms] [LOG] [LandingPage] Observer created for: problem placeholder id: section-problem @ http://localhost:5173/src/components/landing/LandingPage.jsx?t=1787453131840:160
[   54584ms] [LOG] [LandingPage] Observer created for: workflow placeholder id: section-workflow @ http://localhost:5173/src/components/landing/LandingPage.jsx?t=1787453131840:160
[   54584ms] [LOG] [LandingPage] Observer created for: comparison placeholder id: section-comparison @ http://localhost:5173/src/components/landing/LandingPage.jsx?t=1787453131840:160
[   54584ms] [LOG] [LandingPage] Observer created for: value placeholder id: section-value @ http://localhost:5173/src/components/landing/LandingPage.jsx?t=1787453131840:160
[   54584ms] [LOG] [LandingPage] Observer created for: agency placeholder id: section-agency @ http://localhost:5173/src/components/landing/LandingPage.jsx?t=1787453131840:160
[   54584ms] [LOG] [LandingPage] Observer created for: offer placeholder id: section-offer @ http://localhost:5173/src/components/landing/LandingPage.jsx?t=1787453131840:160
[   54584ms] [LOG] [LandingPage] Observer created for: cta placeholder id: section-cta @ http://localhost:5173/src/components/landing/LandingPage.jsx?t=1787453131840:160
[   54584ms] [LOG] [LandingPage] Observer created for: ai-workflow placeholder id: section-ai-workflow @ http://localhost:5173/src/components/landing/LandingPage.jsx?t=1787453131840:160
[   54584ms] [LOG] [LandingPage] Observer created for: made-with placeholder id: section-made-with @ http://localhost:5173/src/components/landing/LandingPage.jsx?t=1787453131840:160
[   54584ms] [LOG] [LandingPage] Observer created for: ugc placeholder id: section-ugc @ http://localhost:5173/src/components/landing/LandingPage.jsx?t=1787453131840:160
[   54584ms] [LOG] [LandingPage] Observer created for: gallery placeholder id: section-gallery @ http://localhost:5173/src/components/landing/LandingPage.jsx?t=1787453131840:160
[   54584ms] [LOG] [LandingPage] Observer created for: academy placeholder id: section-academy @ http://localhost:5173/src/components/landing/LandingPage.jsx?t=1787453131840:160
[   54584ms] [LOG] [LandingPage] Observer created for: repo-cinema placeholder id: section-repo-cinema @ http://localhost:5173/src/components/landing/LandingPage.jsx?t=1787453131840:160
[   54584ms] [LOG] [LandingPage] Observer created for: repo-commercial placeholder id: section-repo-commercial @ http://localhost:5173/src/components/landing/LandingPage.jsx?t=1787453131840:160
[   54584ms] [LOG] [LandingPage] Observer created for: repo-social-ads placeholder id: section-repo-social-ads @ http://localhost:5173/src/components/landing/LandingPage.jsx?t=1787453131840:160
[   54584ms] [LOG] [LandingPage] Observer created for: repo-narrative placeholder id: section-repo-narrative @ http://localhost:5173/src/components/landing/LandingPage.jsx?t=1787453131840:160
[   54584ms] [LOG] [LandingPage] Observer created for: repo-vertical placeholder id: section-repo-vertical @ http://localhost:5173/src/components/landing/LandingPage.jsx?t=1787453131840:160
[   54585ms] [LOG] [LandingPage] Observer created for: repo-ecommerce placeholder id: section-repo-ecommerce @ http://localhost:5173/src/components/landing/LandingPage.jsx?t=1787453131840:160
[   54585ms] [LOG] [LandingPage] Observer created for: repo-kinetic placeholder id: section-repo-kinetic @ http://localhost:5173/src/components/landing/LandingPage.jsx?t=1787453131840:160
[   54585ms] [LOG] [LandingPage] Observer created for: repo-animated placeholder id: section-repo-animated @ http://localhost:5173/src/components/landing/LandingPage.jsx?t=1787453131840:160
[   54585ms] [LOG] [LandingPage] Observer created for: repo-animation placeholder id: section-repo-animation @ http://localhost:5173/src/components/landing/LandingPage.jsx?t=1787453131840:160
[   54585ms] [LOG] [LandingPage] Observer created for: repo-reference placeholder id: section-repo-reference @ http://localhost:5173/src/components/landing/LandingPage.jsx?t=1787453131840:160
[   54585ms] [LOG] [LandingPage] Observer created for: repo-vfx placeholder id: section-repo-vfx @ http://localhost:5173/src/components/landing/LandingPage.jsx?t=1787453131840:160
[   54585ms] [LOG] [LandingPage] Observer created for: repo-fashion placeholder id: section-repo-fashion @ http://localhost:5173/src/components/landing/LandingPage.jsx?t=1787453131840:160
[   54585ms] [LOG] [LandingPage] Observer created for: repos placeholder id: section-repos @ http://localhost:5173/src/components/landing/LandingPage.jsx?t=1787453131840:160
[   54585ms] [LOG] [LandingPage] Observer created for: gtm-boost placeholder id: section-gtm-boost @ http://localhost:5173/src/components/landing/LandingPage.jsx?t=1787453131840:160
[   54586ms] [LOG] [App] Landing page rendered @ http://localhost:5173/src/main.js?t=1787453131840:88
[   54603ms] [LOG] [LandingPage] IntersectionObserver fired for repo-vfx [Object] @ http://localhost:5173/src/components/landing/LandingPage.jsx?t=1787453131840:119
[   54603ms] [LOG] [LandingPage] Loading section: repo-vfx @ http://localhost:5173/src/components/landing/LandingPage.jsx?t=1787453131840:122
[   54604ms] [LOG] [LandingPage] IntersectionObserver fired for scrolling [Object] @ http://localhost:5173/src/components/landing/LandingPage.jsx?t=1787453131840:119
[   54606ms] [LOG] [LandingPage] Loading section: scrolling @ http://localhost:5173/src/components/landing/LandingPage.jsx?t=1787453131840:122
[   54606ms] [LOG] [LandingPage] IntersectionObserver fired for value [Object] @ http://localhost:5173/src/components/landing/LandingPage.jsx?t=1787453131840:119
[   54607ms] [LOG] [LandingPage] Loading section: value @ http://localhost:5173/src/components/landing/LandingPage.jsx?t=1787453131840:122
[   54607ms] [LOG] [LandingPage] IntersectionObserver fired for repo-commercial [Object] @ http://localhost:5173/src/components/landing/LandingPage.jsx?t=1787453131840:119
[   54608ms] [LOG] [LandingPage] Loading section: repo-commercial @ http://localhost:5173/src/components/landing/LandingPage.jsx?t=1787453131840:122
[   54608ms] [LOG] [LandingPage] IntersectionObserver fired for repo-narrative [Object] @ http://localhost:5173/src/components/landing/LandingPage.jsx?t=1787453131840:119
[   54608ms] [LOG] [LandingPage] Loading section: repo-narrative @ http://localhost:5173/src/components/landing/LandingPage.jsx?t=1787453131840:122
[   54608ms] [LOG] [LandingPage] IntersectionObserver fired for repo-social-ads [Object] @ http://localhost:5173/src/components/landing/LandingPage.jsx?t=1787453131840:119
[   54608ms] [LOG] [LandingPage] Loading section: repo-social-ads @ http://localhost:5173/src/components/landing/LandingPage.jsx?t=1787453131840:122
[   54608ms] [LOG] [LandingPage] IntersectionObserver fired for repo-animation [Object] @ http://localhost:5173/src/components/landing/LandingPage.jsx?t=1787453131840:119
[   54608ms] [LOG] [LandingPage] Loading section: repo-animation @ http://localhost:5173/src/components/landing/LandingPage.jsx?t=1787453131840:122
[   54608ms] [LOG] [LandingPage] IntersectionObserver fired for repo-kinetic [Object] @ http://localhost:5173/src/components/landing/LandingPage.jsx?t=1787453131840:119
[   54608ms] [LOG] [LandingPage] Loading section: repo-kinetic @ http://localhost:5173/src/components/landing/LandingPage.jsx?t=1787453131840:122
[   54608ms] [LOG] [LandingPage] IntersectionObserver fired for repo-ecommerce [Object] @ http://localhost:5173/src/components/landing/LandingPage.jsx?t=1787453131840:119
[   54609ms] [LOG] [LandingPage] Loading section: repo-ecommerce @ http://localhost:5173/src/components/landing/LandingPage.jsx?t=1787453131840:122
[   54610ms] [LOG] [LandingPage] IntersectionObserver fired for apps [Object] @ http://localhost:5173/src/components/landing/LandingPage.jsx?t=1787453131840:119
[   54611ms] [LOG] [LandingPage] Loading section: apps @ http://localhost:5173/src/components/landing/LandingPage.jsx?t=1787453131840:122
[   54612ms] [LOG] [LandingPage] IntersectionObserver fired for workflow [Object] @ http://localhost:5173/src/components/landing/LandingPage.jsx?t=1787453131840:119
[   54612ms] [LOG] [LandingPage] Loading section: workflow @ http://localhost:5173/src/components/landing/LandingPage.jsx?t=1787453131840:122
[   54613ms] [LOG] [LandingPage] IntersectionObserver fired for repo-vertical [Object] @ http://localhost:5173/src/components/landing/LandingPage.jsx?t=1787453131840:119
[   54613ms] [LOG] [LandingPage] Loading section: repo-vertical @ http://localhost:5173/src/components/landing/LandingPage.jsx?t=1787453131840:122
[   54613ms] [LOG] [LandingPage] IntersectionObserver fired for gallery [Object] @ http://localhost:5173/src/components/landing/LandingPage.jsx?t=1787453131840:119
[   54614ms] [LOG] [LandingPage] Loading section: gallery @ http://localhost:5173/src/components/landing/LandingPage.jsx?t=1787453131840:122
[   54614ms] [LOG] [LandingPage] IntersectionObserver fired for repo-fashion [Object] @ http://localhost:5173/src/components/landing/LandingPage.jsx?t=1787453131840:119
[   54614ms] [LOG] [LandingPage] Loading section: repo-fashion @ http://localhost:5173/src/components/landing/LandingPage.jsx?t=1787453131840:122
[   54614ms] [LOG] [LandingPage] IntersectionObserver fired for features [Object] @ http://localhost:5173/src/components/landing/LandingPage.jsx?t=1787453131840:119
[   54615ms] [LOG] [LandingPage] Loading section: features @ http://localhost:5173/src/components/landing/LandingPage.jsx?t=1787453131840:122
[   54616ms] [LOG] [LandingPage] IntersectionObserver fired for hook [Object] @ http://localhost:5173/src/components/landing/LandingPage.jsx?t=1787453131840:119
[   54616ms] [LOG] [LandingPage] Loading section: hook @ http://localhost:5173/src/components/landing/LandingPage.jsx?t=1787453131840:122
[   54616ms] [LOG] [LandingPage] IntersectionObserver fired for repo-cinema [Object] @ http://localhost:5173/src/components/landing/LandingPage.jsx?t=1787453131840:119
[   54616ms] [LOG] [LandingPage] Loading section: repo-cinema @ http://localhost:5173/src/components/landing/LandingPage.jsx?t=1787453131840:122
[   54617ms] [LOG] [LandingPage] IntersectionObserver fired for agency [Object] @ http://localhost:5173/src/components/landing/LandingPage.jsx?t=1787453131840:119
[   54617ms] [LOG] [LandingPage] Loading section: agency @ http://localhost:5173/src/components/landing/LandingPage.jsx?t=1787453131840:122
[   54617ms] [LOG] [LandingPage] IntersectionObserver fired for made-with [Object] @ http://localhost:5173/src/components/landing/LandingPage.jsx?t=1787453131840:119
[   54617ms] [LOG] [LandingPage] Loading section: made-with @ http://localhost:5173/src/components/landing/LandingPage.jsx?t=1787453131840:122
[   54618ms] [LOG] [LandingPage] IntersectionObserver fired for comparison [Object] @ http://localhost:5173/src/components/landing/LandingPage.jsx?t=1787453131840:119
[   54618ms] [LOG] [LandingPage] Loading section: comparison @ http://localhost:5173/src/components/landing/LandingPage.jsx?t=1787453131840:122
[   54619ms] [LOG] [LandingPage] IntersectionObserver fired for cta [Object] @ http://localhost:5173/src/components/landing/LandingPage.jsx?t=1787453131840:119
[   54619ms] [LOG] [LandingPage] Loading section: cta @ http://localhost:5173/src/components/landing/LandingPage.jsx?t=1787453131840:122
[   54620ms] [LOG] [LandingPage] IntersectionObserver fired for gtm-boost [Object] @ http://localhost:5173/src/components/landing/LandingPage.jsx?t=1787453131840:119
[   54620ms] [LOG] [LandingPage] Loading section: gtm-boost @ http://localhost:5173/src/components/landing/LandingPage.jsx?t=1787453131840:122
[   54621ms] [LOG] [LandingPage] IntersectionObserver fired for ai-workflow [Object] @ http://localhost:5173/src/components/landing/LandingPage.jsx?t=1787453131840:119
[   54621ms] [LOG] [LandingPage] Loading section: ai-workflow @ http://localhost:5173/src/components/landing/LandingPage.jsx?t=1787453131840:122
[   54621ms] [LOG] [LandingPage] IntersectionObserver fired for repo-animated [Object] @ http://localhost:5173/src/components/landing/LandingPage.jsx?t=1787453131840:119
[   54622ms] [LOG] [LandingPage] Loading section: repo-animated @ http://localhost:5173/src/components/landing/LandingPage.jsx?t=1787453131840:122
[   54622ms] [LOG] [LandingPage] IntersectionObserver fired for repo-reference [Object] @ http://localhost:5173/src/components/landing/LandingPage.jsx?t=1787453131840:119
[   54622ms] [LOG] [LandingPage] Loading section: repo-reference @ http://localhost:5173/src/components/landing/LandingPage.jsx?t=1787453131840:122
[   54622ms] [LOG] [LandingPage] IntersectionObserver fired for offer [Object] @ http://localhost:5173/src/components/landing/LandingPage.jsx?t=1787453131840:119
[   54622ms] [LOG] [LandingPage] Loading section: offer @ http://localhost:5173/src/components/landing/LandingPage.jsx?t=1787453131840:122
[   54622ms] [LOG] [LandingPage] IntersectionObserver fired for problem [Object] @ http://localhost:5173/src/components/landing/LandingPage.jsx?t=1787453131840:119
[   54623ms] [LOG] [LandingPage] Loading section: problem @ http://localhost:5173/src/components/landing/LandingPage.jsx?t=1787453131840:122
[   54623ms] [LOG] [LandingPage] IntersectionObserver fired for engines [Object] @ http://localhost:5173/src/components/landing/LandingPage.jsx?t=1787453131840:119
[   54623ms] [LOG] [LandingPage] Loading section: engines @ http://localhost:5173/src/components/landing/LandingPage.jsx?t=1787453131840:122
[   54624ms] [LOG] [LandingPage] IntersectionObserver fired for repos [Object] @ http://localhost:5173/src/components/landing/LandingPage.jsx?t=1787453131840:119
[   54624ms] [LOG] [LandingPage] Loading section: repos @ http://localhost:5173/src/components/landing/LandingPage.jsx?t=1787453131840:122
[   54624ms] [LOG] [LandingPage] IntersectionObserver fired for ugc [Object] @ http://localhost:5173/src/components/landing/LandingPage.jsx?t=1787453131840:119
[   54624ms] [LOG] [LandingPage] Loading section: ugc @ http://localhost:5173/src/components/landing/LandingPage.jsx?t=1787453131840:122
[   54624ms] [LOG] [LandingPage] IntersectionObserver fired for academy [Object] @ http://localhost:5173/src/components/landing/LandingPage.jsx?t=1787453131840:119
[   54625ms] [LOG] [LandingPage] Loading section: academy @ http://localhost:5173/src/components/landing/LandingPage.jsx?t=1787453131840:122
[   54948ms] [LOG] [LandingPage] Section loaded: scrolling @ http://localhost:5173/src/components/landing/LandingPage.jsx?t=1787453131840:141
[   54950ms] [LOG] [LandingPage] Section loaded: value @ http://localhost:5173/src/components/landing/LandingPage.jsx?t=1787453131840:141
[   54953ms] [LOG] [LandingPage] Section loaded: workflow @ http://localhost:5173/src/components/landing/LandingPage.jsx?t=1787453131840:141
[   54956ms] [LOG] [LandingPage] Section loaded: features @ http://localhost:5173/src/components/landing/LandingPage.jsx?t=1787453131840:141
[   55019ms] [LOG] [LandingPage] Section loaded: hook @ http://localhost:5173/src/components/landing/LandingPage.jsx?t=1787453131840:141
[   55020ms] [LOG] [LandingPage] Section loaded: agency @ http://localhost:5173/src/components/landing/LandingPage.jsx?t=1787453131840:141
[   55020ms] [LOG] [LandingPage] Section loaded: comparison @ http://localhost:5173/src/components/landing/LandingPage.jsx?t=1787453131840:141
[   55021ms] [LOG] [LandingPage] Section loaded: cta @ http://localhost:5173/src/components/landing/LandingPage.jsx?t=1787453131840:141
[   55022ms] [LOG] [LandingPage] Section loaded: offer @ http://localhost:5173/src/components/landing/LandingPage.jsx?t=1787453131840:141
[   55022ms] [LOG] [LandingPage] Section loaded: problem @ http://localhost:5173/src/components/landing/LandingPage.jsx?t=1787453131840:141
[   55024ms] [LOG] [LandingPage] Section loaded: engines @ http://localhost:5173/src/components/landing/LandingPage.jsx?t=1787453131840:141
[   55118ms] [LOG] [LandingPage] Section loaded: repos @ http://localhost:5173/src/components/landing/LandingPage.jsx?t=1787453131840:141
[   55122ms] [LOG] [LandingPage] Section loaded: gtm-boost @ http://localhost:5173/src/components/landing/LandingPage.jsx?t=1787453131840:141
[   55128ms] [LOG] [LandingPage] Section loaded: ugc @ http://localhost:5173/src/components/landing/LandingPage.jsx?t=1787453131840:141
[   55156ms] [LOG] [LandingPage] Section loaded: made-with @ http://localhost:5173/src/components/landing/LandingPage.jsx?t=1787453131840:141
[   55181ms] [LOG] [LandingPage] Section loaded: gallery @ http://localhost:5173/src/components/landing/LandingPage.jsx?t=1787453131840:141
[   55184ms] [LOG] [LandingPage] Section loaded: ai-workflow @ http://localhost:5173/src/components/landing/LandingPage.jsx?t=1787453131840:141
[   55191ms] [LOG] [LandingPage] Section loaded: apps @ http://localhost:5173/src/components/landing/LandingPage.jsx?t=1787453131840:141
[   55217ms] [LOG] [LandingPage] Section loaded: repo-vfx @ http://localhost:5173/src/components/landing/LandingPage.jsx?t=1787453131840:141
[   55288ms] [LOG] [LandingPage] Section loaded: repo-vertical @ http://localhost:5173/src/components/landing/LandingPage.jsx?t=1787453131840:141
[   55294ms] [LOG] [LandingPage] Section loaded: repo-reference @ http://localhost:5173/src/components/landing/LandingPage.jsx?t=1787453131840:141
[   55302ms] [LOG] [LandingPage] Section loaded: repo-ecommerce @ http://localhost:5173/src/components/landing/LandingPage.jsx?t=1787453131840:141
[   55309ms] [LOG] [LandingPage] Section loaded: repo-animated @ http://localhost:5173/src/components/landing/LandingPage.jsx?t=1787453131840:141
[   55315ms] [LOG] [LandingPage] Section loaded: repo-fashion @ http://localhost:5173/src/components/landing/LandingPage.jsx?t=1787453131840:141
[   55321ms] [LOG] [LandingPage] Section loaded: repo-animation @ http://localhost:5173/src/components/landing/LandingPage.jsx?t=1787453131840:141
[   55329ms] [LOG] [LandingPage] Section loaded: repo-cinema @ http://localhost:5173/src/components/landing/LandingPage.jsx?t=1787453131840:141
[   55336ms] [LOG] [LandingPage] Section loaded: repo-kinetic @ http://localhost:5173/src/components/landing/LandingPage.jsx?t=1787453131840:141
[   55344ms] [LOG] [LandingPage] Section loaded: repo-narrative @ http://localhost:5173/src/components/landing/LandingPage.jsx?t=1787453131840:141
[   55352ms] [LOG] [LandingPage] Section loaded: repo-social-ads @ http://localhost:5173/src/components/landing/LandingPage.jsx?t=1787453131840:141
[   55359ms] [LOG] [LandingPage] Section loaded: repo-commercial @ http://localhost:5173/src/components/landing/LandingPage.jsx?t=1787453131840:141
[   55499ms] [LOG] [LandingPage] Section loaded: academy @ http://localhost:5173/src/components/landing/LandingPage.jsx?t=1787453131840:141
[   55863ms] [ERROR] [popcorn-init] FAILED at: plugin-image TypeError: Class constructor SortableElement cannot be invoked without 'new'
    at http://localhost:5173/components/modals/RetargetOptInModal.jsx?t=1787453131840:26:22 @ http://localhost:5173/src/lib/popcornInit.js?t=1787453131840:55
[   55866ms] [INFO] %cDownload the React DevTools for a better development experience: https://react.dev/link/react-devtools font-weight:bold @ http://localhost:5173/node_modules/.vite/deps/chunk-EEAUBQDT.js?v=93c1ec86:20096
[   55866ms] [ERROR] [ModalSystem] mount failed TypeError: Class constructor SortableElement cannot be invoked without 'new'
    at http://localhost:5173/components/modals/RetargetOptInModal.jsx?t=1787453131840:26:22 @ http://localhost:5173/src/main.js?t=1787453131840:329
[   55873ms] [ERROR] [popcorn-init] FAILED at: plugin-jsonTransition TypeError: Class constructor SortableElement cannot be invoked without 'new'
    at http://localhost:5173/components/modals/RetargetOptInModal.jsx?t=1787453131840:26:22 @ http://localhost:5173/src/lib/popcornInit.js?t=1787453131840:55
[   55884ms] [ERROR] [popcorn-init] FAILED at: plugin-lottie-json TypeError: Class constructor SortableElement cannot be invoked without 'new'
    at http://localhost:5173/components/modals/RetargetOptInModal.jsx?t=1787453131840:26:22 @ http://localhost:5173/src/lib/popcornInit.js?t=1787453131840:55
[   55890ms] [LOG] [popcorn-init] OK: plugin-json-button @ http://localhost:5173/src/lib/popcornInit.js?t=1787453131840:48
[   55898ms] [ERROR] [popcorn-init] FAILED at: plugin-personalizedImage TypeError: Class constructor SortableElement cannot be invoked without 'new'
    at http://localhost:5173/components/modals/RetargetOptInModal.jsx?t=1787453131840:26:22 @ http://localhost:5173/src/lib/popcornInit.js?t=1787453131840:55
[   55903ms] [ERROR] [popcorn-init] FAILED at: plugin-loopPlugin TypeError: Class constructor SortableElement cannot be invoked without 'new'
    at http://localhost:5173/components/modals/RetargetOptInModal.jsx?t=1787453131840:26:22 @ http://localhost:5173/src/lib/popcornInit.js?t=1787453131840:55
[   55922ms] [ERROR] [popcorn-init] FAILED at: plugin-pausePlugin TypeError: Class constructor SortableElement cannot be invoked without 'new'
    at http://localhost:5173/components/modals/RetargetOptInModal.jsx?t=1787453131840:26:22 @ http://localhost:5173/src/lib/popcornInit.js?t=1787453131840:55
[   55950ms] [ERROR] [popcorn-init] FAILED at: plugin-form TypeError: Class constructor SortableElement cannot be invoked without 'new'
    at http://localhost:5173/components/modals/RetargetOptInModal.jsx?t=1787453131840:26:22 @ http://localhost:5173/src/lib/popcornInit.js?t=1787453131840:55
[   55967ms] [ERROR] [popcorn-init] FAILED at: plugin-retarget TypeError: Class constructor SortableElement cannot be invoked without 'new'
    at http://localhost:5173/components/modals/RetargetOptInModal.jsx?t=1787453131840:26:22 @ http://localhost:5173/src/lib/popcornInit.js?t=1787453131840:55
[   55980ms] [LOG] [popcorn-init] OK: plugin-popup @ http://localhost:5173/src/lib/popcornInit.js?t=1787453131840:48
[   55990ms] [ERROR] [popcorn-init] FAILED at: plugin-sequencer TypeError: Class constructor SortableElement cannot be invoked without 'new'
    at http://localhost:5173/components/modals/RetargetOptInModal.jsx?t=1787453131840:26:22 @ http://localhost:5173/src/lib/popcornInit.js?t=1787453131840:55
[   56034ms] [ERROR] [popcorn-init] FAILED at: plugin-skip TypeError: Class constructor SortableElement cannot be invoked without 'new'
    at http://localhost:5173/components/modals/RetargetOptInModal.jsx?t=1787453131840:26:22 @ http://localhost:5173/src/lib/popcornInit.js?t=1787453131840:55
[   56080ms] [ERROR] [popcorn-init] FAILED at: plugin-text TypeError: Class constructor SortableElement cannot be invoked without 'new'
    at http://localhost:5173/components/modals/RetargetOptInModal.jsx?t=1787453131840:26:22 @ http://localhost:5173/src/lib/popcornInit.js?t=1787453131840:55
[   56107ms] [LOG] [popcorn-init] OK: plugin-social @ http://localhost:5173/src/lib/popcornInit.js?t=1787453131840:48
[   56123ms] [ERROR] [popcorn-init] FAILED at: plugin-jsonAnimation TypeError: Class constructor SortableElement cannot be invoked without 'new'
    at http://localhost:5173/components/modals/RetargetOptInModal.jsx?t=1787453131840:26:22 @ http://localhost:5173/src/lib/popcornInit.js?t=1787453131840:55
[   56207ms] [LOG] [popcorn-init] OK: plugin-videoTransition @ http://localhost:5173/src/lib/popcornInit.js?t=1787453131840:48
[   56233ms] [ERROR] [popcorn-init] FAILED at: plugin-seethroughtext TypeError: Class constructor SortableElement cannot be invoked without 'new'
    at http://localhost:5173/components/modals/RetargetOptInModal.jsx?t=1787453131840:26:22 @ http://localhost:5173/src/lib/popcornInit.js?t=1787453131840:55
[   56246ms] [LOG] [popcorn-init] OK: plugin-wikipedia @ http://localhost:5173/src/lib/popcornInit.js?t=1787453131840:48
[   56257ms] [ERROR] [popcorn-init] FAILED at: plugin-combined TypeError: Class constructor SortableElement cannot be invoked without 'new'
    at http://localhost:5173/components/modals/RetargetOptInModal.jsx?t=1787453131840:26:22 @ http://localhost:5173/src/lib/popcornInit.js?t=1787453131840:55
[   56270ms] [ERROR] [popcorn-init] FAILED at: plugin-background TypeError: Class constructor SortableElement cannot be invoked without 'new'
    at http://localhost:5173/components/modals/RetargetOptInModal.jsx?t=1787453131840:26:22 @ http://localhost:5173/src/lib/popcornInit.js?t=1787453131840:55
[   56271ms] [LOG] [popcorn-init] SUMMARY: 5/20 plugins registered; FAILED: plugin-image, plugin-jsonTransition, plugin-lottie-json, plugin-personalizedImage, plugin-loopPlugin, plugin-pausePlugin, plugin-form, plugin-retarget, plugin-sequencer, plugin-skip, plugin-text, plugin-jsonAnimation, plugin-seethroughtext, plugin-combined, plugin-background @ http://localhost:5173/src/lib/popcornInit.js?t=1787453131840:60
[   56271ms] [LOG] [popcorn] function 5 @ http://localhost:5173/src/main.js?t=1787453131840:4
[   57615ms] [LOG] [App] Starting initialization... @ http://localhost:5173/src/main.js?t=1787453131840:19
[   57740ms] [LOG] [popcorn-init] OK: jquery @ http://localhost:5173/src/lib/popcornInit.js?t=1787453131840:41
[   57741ms] [LOG] [popcorn-init] OK: jquery-textfill @ http://localhost:5173/src/lib/popcornInit.js?t=1787453131840:48
[   57744ms] [LOG] [popcorn-init] OK: popcorn-core @ http://localhost:5173/src/lib/popcornInit.js?t=1787453131840:48
[   57745ms] [LOG] [popcorn-init] OK: popcorn-ie8 @ http://localhost:5173/src/lib/popcornInit.js?t=1787453131840:48
[   57746ms] [LOG] [popcorn-init] OK: wrapper-common @ http://localhost:5173/src/lib/popcornInit.js?t=1787453131840:48
[   57746ms] [LOG] [popcorn-init] OK: wrapper-html5 @ http://localhost:5173/src/lib/popcornInit.js?t=1787453131840:48
[   57747ms] [LOG] [popcorn-init] OK: wrapper-vrview @ http://localhost:5173/src/lib/popcornInit.js?t=1787453131840:48
[   57747ms] [LOG] [popcorn-init] OK: wrapper-adaptive @ http://localhost:5173/src/lib/popcornInit.js?t=1787453131840:48
[   57747ms] [LOG] [popcorn-init] OK: wrapper-null @ http://localhost:5173/src/lib/popcornInit.js?t=1787453131840:48
[   57748ms] [LOG] [popcorn-init] OK: wrapper-soundcloud @ http://localhost:5173/src/lib/popcornInit.js?t=1787453131840:48
[   57748ms] [LOG] [popcorn-init] OK: wrapper-vimeo @ http://localhost:5173/src/lib/popcornInit.js?t=1787453131840:48
[   57748ms] [LOG] [popcorn-init] OK: wrapper-youtube @ http://localhost:5173/src/lib/popcornInit.js?t=1787453131840:48
[   57749ms] [LOG] [popcorn-init] OK: wrapper-jwplayer @ http://localhost:5173/src/lib/popcornInit.js?t=1787453131840:48
[   57749ms] [LOG] [popcorn-init] OK: player-module @ http://localhost:5173/src/lib/popcornInit.js?t=1787453131840:48
[   57767ms] [LOG] [LandingPage] Header.jsx loaded @ http://localhost:5173/src/components/landing/LandingPage.jsx?t=1787453131840:176
[   58002ms] [LOG] [LandingPage] CinematicVideoHero.jsx loaded @ http://localhost:5173/src/components/landing/LandingPage.jsx?t=1787453131840:189
[   58436ms] [LOG] [LandingPage] HeroSection.jsx loaded @ http://localhost:5173/src/components/landing/LandingPage.jsx?t=1787453131840:202
[   58437ms] [LOG] [LandingPage] Observer created for: scrolling placeholder id: section-scrolling @ http://localhost:5173/src/components/landing/LandingPage.jsx?t=1787453131840:160
[   58437ms] [LOG] [LandingPage] Observer created for: hook placeholder id: section-hook @ http://localhost:5173/src/components/landing/LandingPage.jsx?t=1787453131840:160
[   58437ms] [LOG] [LandingPage] Observer created for: engines placeholder id: section-engines @ http://localhost:5173/src/components/landing/LandingPage.jsx?t=1787453131840:160
[   58437ms] [LOG] [LandingPage] Observer created for: apps placeholder id: section-apps @ http://localhost:5173/src/components/landing/LandingPage.jsx?t=1787453131840:160
[   58437ms] [LOG] [LandingPage] Observer created for: features placeholder id: section-features @ http://localhost:5173/src/components/landing/LandingPage.jsx?t=1787453131840:160
[   58437ms] [LOG] [LandingPage] Observer created for: problem placeholder id: section-problem @ http://localhost:5173/src/components/landing/LandingPage.jsx?t=1787453131840:160
[   58437ms] [LOG] [LandingPage] Observer created for: workflow placeholder id: section-workflow @ http://localhost:5173/src/components/landing/LandingPage.jsx?t=1787453131840:160
[   58437ms] [LOG] [LandingPage] Observer created for: comparison placeholder id: section-comparison @ http://localhost:5173/src/components/landing/LandingPage.jsx?t=1787453131840:160
[   58437ms] [LOG] [LandingPage] Observer created for: value placeholder id: section-value @ http://localhost:5173/src/components/landing/LandingPage.jsx?t=1787453131840:160
[   58437ms] [LOG] [LandingPage] Observer created for: agency placeholder id: section-agency @ http://localhost:5173/src/components/landing/LandingPage.jsx?t=1787453131840:160
[   58437ms] [LOG] [LandingPage] Observer created for: offer placeholder id: section-offer @ http://localhost:5173/src/components/landing/LandingPage.jsx?t=1787453131840:160
[   58437ms] [LOG] [LandingPage] Observer created for: cta placeholder id: section-cta @ http://localhost:5173/src/components/landing/LandingPage.jsx?t=1787453131840:160
[   58438ms] [LOG] [LandingPage] Observer created for: ai-workflow placeholder id: section-ai-workflow @ http://localhost:5173/src/components/landing/LandingPage.jsx?t=1787453131840:160
[   58438ms] [LOG] [LandingPage] Observer created for: made-with placeholder id: section-made-with @ http://localhost:5173/src/components/landing/LandingPage.jsx?t=1787453131840:160
[   58438ms] [LOG] [LandingPage] Observer created for: ugc placeholder id: section-ugc @ http://localhost:5173/src/components/landing/LandingPage.jsx?t=1787453131840:160
[   58438ms] [LOG] [LandingPage] Observer created for: gallery placeholder id: section-gallery @ http://localhost:5173/src/components/landing/LandingPage.jsx?t=1787453131840:160
[   58438ms] [LOG] [LandingPage] Observer created for: academy placeholder id: section-academy @ http://localhost:5173/src/components/landing/LandingPage.jsx?t=1787453131840:160
[   58438ms] [LOG] [LandingPage] Observer created for: repo-cinema placeholder id: section-repo-cinema @ http://localhost:5173/src/components/landing/LandingPage.jsx?t=1787453131840:160
[   58438ms] [LOG] [LandingPage] Observer created for: repo-commercial placeholder id: section-repo-commercial @ http://localhost:5173/src/components/landing/LandingPage.jsx?t=1787453131840:160
[   58438ms] [LOG] [LandingPage] Observer created for: repo-social-ads placeholder id: section-repo-social-ads @ http://localhost:5173/src/components/landing/LandingPage.jsx?t=1787453131840:160
[   58438ms] [LOG] [LandingPage] Observer created for: repo-narrative placeholder id: section-repo-narrative @ http://localhost:5173/src/components/landing/LandingPage.jsx?t=1787453131840:160
[   58438ms] [LOG] [LandingPage] Observer created for: repo-vertical placeholder id: section-repo-vertical @ http://localhost:5173/src/components/landing/LandingPage.jsx?t=1787453131840:160
[   58438ms] [LOG] [LandingPage] Observer created for: repo-ecommerce placeholder id: section-repo-ecommerce @ http://localhost:5173/src/components/landing/LandingPage.jsx?t=1787453131840:160
[   58438ms] [LOG] [LandingPage] Observer created for: repo-kinetic placeholder id: section-repo-kinetic @ http://localhost:5173/src/components/landing/LandingPage.jsx?t=1787453131840:160
[   58438ms] [LOG] [LandingPage] Observer created for: repo-animated placeholder id: section-repo-animated @ http://localhost:5173/src/components/landing/LandingPage.jsx?t=1787453131840:160
[   58438ms] [LOG] [LandingPage] Observer created for: repo-animation placeholder id: section-repo-animation @ http://localhost:5173/src/components/landing/LandingPage.jsx?t=1787453131840:160
[   58438ms] [LOG] [LandingPage] Observer created for: repo-reference placeholder id: section-repo-reference @ http://localhost:5173/src/components/landing/LandingPage.jsx?t=1787453131840:160
[   58438ms] [LOG] [LandingPage] Observer created for: repo-vfx placeholder id: section-repo-vfx @ http://localhost:5173/src/components/landing/LandingPage.jsx?t=1787453131840:160
[   58439ms] [LOG] [LandingPage] Observer created for: repo-fashion placeholder id: section-repo-fashion @ http://localhost:5173/src/components/landing/LandingPage.jsx?t=1787453131840:160
[   58439ms] [LOG] [LandingPage] Observer created for: repos placeholder id: section-repos @ http://localhost:5173/src/components/landing/LandingPage.jsx?t=1787453131840:160
[   58439ms] [LOG] [LandingPage] Observer created for: gtm-boost placeholder id: section-gtm-boost @ http://localhost:5173/src/components/landing/LandingPage.jsx?t=1787453131840:160
[   58439ms] [LOG] [App] Landing page rendered @ http://localhost:5173/src/main.js?t=1787453131840:88
[   58452ms] [LOG] [LandingPage] IntersectionObserver fired for repo-narrative [Object] @ http://localhost:5173/src/components/landing/LandingPage.jsx?t=1787453131840:119
[   58453ms] [LOG] [LandingPage] Loading section: repo-narrative @ http://localhost:5173/src/components/landing/LandingPage.jsx?t=1787453131840:122
[   58453ms] [LOG] [LandingPage] IntersectionObserver fired for repo-ecommerce [Object] @ http://localhost:5173/src/components/landing/LandingPage.jsx?t=1787453131840:119
[   58453ms] [LOG] [LandingPage] Loading section: repo-ecommerce @ http://localhost:5173/src/components/landing/LandingPage.jsx?t=1787453131840:122
[   58453ms] [LOG] [LandingPage] IntersectionObserver fired for repo-vfx [Object] @ http://localhost:5173/src/components/landing/LandingPage.jsx?t=1787453131840:119
[   58453ms] [LOG] [LandingPage] Loading section: repo-vfx @ http://localhost:5173/src/components/landing/LandingPage.jsx?t=1787453131840:122
[   58453ms] [LOG] [LandingPage] IntersectionObserver fired for repo-reference [Object] @ http://localhost:5173/src/components/landing/LandingPage.jsx?t=1787453131840:119
[   58453ms] [LOG] [LandingPage] Loading section: repo-reference @ http://localhost:5173/src/components/landing/LandingPage.jsx?t=1787453131840:122
[   58453ms] [LOG] [LandingPage] IntersectionObserver fired for repo-fashion [Object] @ http://localhost:5173/src/components/landing/LandingPage.jsx?t=1787453131840:119
[   58454ms] [LOG] [LandingPage] Loading section: repo-fashion @ http://localhost:5173/src/components/landing/LandingPage.jsx?t=1787453131840:122
[   58454ms] [LOG] [LandingPage] IntersectionObserver fired for agency [Object] @ http://localhost:5173/src/components/landing/LandingPage.jsx?t=1787453131840:119
[   58454ms] [LOG] [LandingPage] Loading section: agency @ http://localhost:5173/src/components/landing/LandingPage.jsx?t=1787453131840:122
[   58454ms] [LOG] [LandingPage] IntersectionObserver fired for features [Object] @ http://localhost:5173/src/components/landing/LandingPage.jsx?t=1787453131840:119
[   58454ms] [LOG] [LandingPage] Loading section: features @ http://localhost:5173/src/components/landing/LandingPage.jsx?t=1787453131840:122
[   58454ms] [LOG] [LandingPage] IntersectionObserver fired for apps [Object] @ http://localhost:5173/src/components/landing/LandingPage.jsx?t=1787453131840:119
[   58454ms] [LOG] [LandingPage] Loading section: apps @ http://localhost:5173/src/components/landing/LandingPage.jsx?t=1787453131840:122
[   58455ms] [LOG] [LandingPage] IntersectionObserver fired for workflow [Object] @ http://localhost:5173/src/components/landing/LandingPage.jsx?t=1787453131840:119
[   58455ms] [LOG] [LandingPage] Loading section: workflow @ http://localhost:5173/src/components/landing/LandingPage.jsx?t=1787453131840:122
[   58455ms] [LOG] [LandingPage] IntersectionObserver fired for value [Object] @ http://localhost:5173/src/components/landing/LandingPage.jsx?t=1787453131840:119
[   58455ms] [LOG] [LandingPage] Loading section: value @ http://localhost:5173/src/components/landing/LandingPage.jsx?t=1787453131840:122
[   58456ms] [LOG] [LandingPage] IntersectionObserver fired for repos [Object] @ http://localhost:5173/src/components/landing/LandingPage.jsx?t=1787453131840:119
[   58456ms] [LOG] [LandingPage] Loading section: repos @ http://localhost:5173/src/components/landing/LandingPage.jsx?t=1787453131840:122
[   58456ms] [LOG] [LandingPage] IntersectionObserver fired for cta [Object] @ http://localhost:5173/src/components/landing/LandingPage.jsx?t=1787453131840:119
[   58456ms] [LOG] [LandingPage] Loading section: cta @ http://localhost:5173/src/components/landing/LandingPage.jsx?t=1787453131840:122
[   58456ms] [LOG] [LandingPage] IntersectionObserver fired for repo-cinema [Object] @ http://localhost:5173/src/components/landing/LandingPage.jsx?t=1787453131840:119
[   58456ms] [LOG] [LandingPage] Loading section: repo-cinema @ http://localhost:5173/src/components/landing/LandingPage.jsx?t=1787453131840:122
[   58456ms] [LOG] [LandingPage] IntersectionObserver fired for repo-vertical [Object] @ http://localhost:5173/src/components/landing/LandingPage.jsx?t=1787453131840:119
[   58457ms] [LOG] [LandingPage] Loading section: repo-vertical @ http://localhost:5173/src/components/landing/LandingPage.jsx?t=1787453131840:122
[   58457ms] [LOG] [LandingPage] IntersectionObserver fired for engines [Object] @ http://localhost:5173/src/components/landing/LandingPage.jsx?t=1787453131840:119
[   58457ms] [LOG] [LandingPage] Loading section: engines @ http://localhost:5173/src/components/landing/LandingPage.jsx?t=1787453131840:122
[   58457ms] [LOG] [LandingPage] IntersectionObserver fired for offer [Object] @ http://localhost:5173/src/components/landing/LandingPage.jsx?t=1787453131840:119
[   58457ms] [LOG] [LandingPage] Loading section: offer @ http://localhost:5173/src/components/landing/LandingPage.jsx?t=1787453131840:122
[   58457ms] [LOG] [LandingPage] IntersectionObserver fired for comparison [Object] @ http://localhost:5173/src/components/landing/LandingPage.jsx?t=1787453131840:119
[   58457ms] [LOG] [LandingPage] Loading section: comparison @ http://localhost:5173/src/components/landing/LandingPage.jsx?t=1787453131840:122
[   58458ms] [LOG] [LandingPage] IntersectionObserver fired for repo-kinetic [Object] @ http://localhost:5173/src/components/landing/LandingPage.jsx?t=1787453131840:119
[   58458ms] [LOG] [LandingPage] Loading section: repo-kinetic @ http://localhost:5173/src/components/landing/LandingPage.jsx?t=1787453131840:122
[   58458ms] [LOG] [LandingPage] IntersectionObserver fired for repo-social-ads [Object] @ http://localhost:5173/src/components/landing/LandingPage.jsx?t=1787453131840:119
[   58458ms] [LOG] [LandingPage] Loading section: repo-social-ads @ http://localhost:5173/src/components/landing/LandingPage.jsx?t=1787453131840:122
[   58458ms] [LOG] [LandingPage] IntersectionObserver fired for ugc [Object] @ http://localhost:5173/src/components/landing/LandingPage.jsx?t=1787453131840:119
[   58458ms] [LOG] [LandingPage] Loading section: ugc @ http://localhost:5173/src/components/landing/LandingPage.jsx?t=1787453131840:122
[   58458ms] [LOG] [LandingPage] IntersectionObserver fired for scrolling [Object] @ http://localhost:5173/src/components/landing/LandingPage.jsx?t=1787453131840:119
[   58458ms] [LOG] [LandingPage] Loading section: scrolling @ http://localhost:5173/src/components/landing/LandingPage.jsx?t=1787453131840:122
[   58458ms] [LOG] [LandingPage] IntersectionObserver fired for hook [Object] @ http://localhost:5173/src/components/landing/LandingPage.jsx?t=1787453131840:119
[   58459ms] [LOG] [LandingPage] Loading section: hook @ http://localhost:5173/src/components/landing/LandingPage.jsx?t=1787453131840:122
[   58459ms] [LOG] [LandingPage] IntersectionObserver fired for repo-commercial [Object] @ http://localhost:5173/src/components/landing/LandingPage.jsx?t=1787453131840:119
[   58459ms] [LOG] [LandingPage] Loading section: repo-commercial @ http://localhost:5173/src/components/landing/LandingPage.jsx?t=1787453131840:122
[   58459ms] [LOG] [LandingPage] IntersectionObserver fired for gtm-boost [Object] @ http://localhost:5173/src/components/landing/LandingPage.jsx?t=1787453131840:119
[   58459ms] [LOG] [LandingPage] Loading section: gtm-boost @ http://localhost:5173/src/components/landing/LandingPage.jsx?t=1787453131840:122
[   58459ms] [LOG] [LandingPage] IntersectionObserver fired for repo-animated [Object] @ http://localhost:5173/src/components/landing/LandingPage.jsx?t=1787453131840:119
[   58459ms] [LOG] [LandingPage] Loading section: repo-animated @ http://localhost:5173/src/components/landing/LandingPage.jsx?t=1787453131840:122
[   58460ms] [LOG] [LandingPage] IntersectionObserver fired for gallery [Object] @ http://localhost:5173/src/components/landing/LandingPage.jsx?t=1787453131840:119
[   58460ms] [LOG] [LandingPage] Loading section: gallery @ http://localhost:5173/src/components/landing/LandingPage.jsx?t=1787453131840:122
[   58460ms] [LOG] [LandingPage] IntersectionObserver fired for academy [Object] @ http://localhost:5173/src/components/landing/LandingPage.jsx?t=1787453131840:119
[   58460ms] [LOG] [LandingPage] Loading section: academy @ http://localhost:5173/src/components/landing/LandingPage.jsx?t=1787453131840:122
[   58460ms] [LOG] [LandingPage] IntersectionObserver fired for made-with [Object] @ http://localhost:5173/src/components/landing/LandingPage.jsx?t=1787453131840:119
[   58461ms] [LOG] [LandingPage] Loading section: made-with @ http://localhost:5173/src/components/landing/LandingPage.jsx?t=1787453131840:122
[   58461ms] [LOG] [LandingPage] IntersectionObserver fired for ai-workflow [Object] @ http://localhost:5173/src/components/landing/LandingPage.jsx?t=1787453131840:119
[   58461ms] [LOG] [LandingPage] Loading section: ai-workflow @ http://localhost:5173/src/components/landing/LandingPage.jsx?t=1787453131840:122
[   58461ms] [LOG] [LandingPage] IntersectionObserver fired for problem [Object] @ http://localhost:5173/src/components/landing/LandingPage.jsx?t=1787453131840:119
[   58462ms] [LOG] [LandingPage] Loading section: problem @ http://localhost:5173/src/components/landing/LandingPage.jsx?t=1787453131840:122
[   58462ms] [LOG] [LandingPage] IntersectionObserver fired for repo-animation [Object] @ http://localhost:5173/src/components/landing/LandingPage.jsx?t=1787453131840:119
[   58462ms] [LOG] [LandingPage] Loading section: repo-animation @ http://localhost:5173/src/components/landing/LandingPage.jsx?t=1787453131840:122
[   58912ms] [LOG] [LandingPage] Section loaded: agency @ http://localhost:5173/src/components/landing/LandingPage.jsx?t=1787453131840:141
[   58918ms] [LOG] [LandingPage] Section loaded: features @ http://localhost:5173/src/components/landing/LandingPage.jsx?t=1787453131840:141
[   58923ms] [LOG] [LandingPage] Section loaded: workflow @ http://localhost:5173/src/components/landing/LandingPage.jsx?t=1787453131840:141
[   58934ms] [LOG] [LandingPage] Section loaded: value @ http://localhost:5173/src/components/landing/LandingPage.jsx?t=1787453131840:141
[   58938ms] [LOG] [LandingPage] Section loaded: repos @ http://localhost:5173/src/components/landing/LandingPage.jsx?t=1787453131840:141
[   58963ms] [LOG] [LandingPage] Section loaded: cta @ http://localhost:5173/src/components/landing/LandingPage.jsx?t=1787453131840:141
[   58965ms] [LOG] [LandingPage] Section loaded: engines @ http://localhost:5173/src/components/landing/LandingPage.jsx?t=1787453131840:141
[   58966ms] [LOG] [LandingPage] Section loaded: offer @ http://localhost:5173/src/components/landing/LandingPage.jsx?t=1787453131840:141
[   58966ms] [LOG] [LandingPage] Section loaded: comparison @ http://localhost:5173/src/components/landing/LandingPage.jsx?t=1787453131840:141
[   58973ms] [LOG] [LandingPage] Section loaded: scrolling @ http://localhost:5173/src/components/landing/LandingPage.jsx?t=1787453131840:141
[   59052ms] [LOG] [LandingPage] Section loaded: hook @ http://localhost:5173/src/components/landing/LandingPage.jsx?t=1787453131840:141
[   59055ms] [LOG] [LandingPage] Section loaded: problem @ http://localhost:5173/src/components/landing/LandingPage.jsx?t=1787453131840:141
[   59125ms] [LOG] [LandingPage] Section loaded: gtm-boost @ http://localhost:5173/src/components/landing/LandingPage.jsx?t=1787453131840:141
[   59135ms] [LOG] [LandingPage] Section loaded: made-with @ http://localhost:5173/src/components/landing/LandingPage.jsx?t=1787453131840:141
[   59138ms] [LOG] [LandingPage] Section loaded: ugc @ http://localhost:5173/src/components/landing/LandingPage.jsx?t=1787453131840:141
[   59147ms] [LOG] [LandingPage] Section loaded: gallery @ http://localhost:5173/src/components/landing/LandingPage.jsx?t=1787453131840:141
[   59148ms] [LOG] [LandingPage] Section loaded: ai-workflow @ http://localhost:5173/src/components/landing/LandingPage.jsx?t=1787453131840:141
[   59165ms] [LOG] [LandingPage] Section loaded: repo-vfx @ http://localhost:5173/src/components/landing/LandingPage.jsx?t=1787453131840:141
[   59188ms] [LOG] [LandingPage] Section loaded: repo-cinema @ http://localhost:5173/src/components/landing/LandingPage.jsx?t=1787453131840:141
[   59216ms] [LOG] [LandingPage] Section loaded: repo-animated @ http://localhost:5173/src/components/landing/LandingPage.jsx?t=1787453131840:141
[   59313ms] [LOG] [LandingPage] Section loaded: repo-reference @ http://localhost:5173/src/components/landing/LandingPage.jsx?t=1787453131840:141
[   59333ms] [LOG] [LandingPage] Section loaded: repo-kinetic @ http://localhost:5173/src/components/landing/LandingPage.jsx?t=1787453131840:141
[   59349ms] [LOG] [LandingPage] Section loaded: repo-ecommerce @ http://localhost:5173/src/components/landing/LandingPage.jsx?t=1787453131840:141
[   59363ms] [LOG] [LandingPage] Section loaded: repo-animation @ http://localhost:5173/src/components/landing/LandingPage.jsx?t=1787453131840:141
[   59370ms] [LOG] [LandingPage] Section loaded: repo-commercial @ http://localhost:5173/src/components/landing/LandingPage.jsx?t=1787453131840:141
[   59377ms] [LOG] [LandingPage] Section loaded: repo-narrative @ http://localhost:5173/src/components/landing/LandingPage.jsx?t=1787453131840:141
[   59385ms] [LOG] [LandingPage] Section loaded: repo-social-ads @ http://localhost:5173/src/components/landing/LandingPage.jsx?t=1787453131840:141
[   59390ms] [LOG] [LandingPage] Section loaded: repo-fashion @ http://localhost:5173/src/components/landing/LandingPage.jsx?t=1787453131840:141
[   59397ms] [LOG] [LandingPage] Section loaded: repo-vertical @ http://localhost:5173/src/components/landing/LandingPage.jsx?t=1787453131840:141
[   59401ms] [LOG] [LandingPage] Section loaded: apps @ http://localhost:5173/src/components/landing/LandingPage.jsx?t=1787453131840:141
[   59415ms] [LOG] [LandingPage] Section loaded: academy @ http://localhost:5173/src/components/landing/LandingPage.jsx?t=1787453131840:141
[   59679ms] [ERROR] [popcorn-init] FAILED at: plugin-image TypeError: Class constructor SortableElement cannot be invoked without 'new'
    at http://localhost:5173/components/modals/RetargetOptInModal.jsx?t=1787453131840:26:22 @ http://localhost:5173/src/lib/popcornInit.js?t=1787453131840:55
[   59681ms] [INFO] %cDownload the React DevTools for a better development experience: https://react.dev/link/react-devtools font-weight:bold @ http://localhost:5173/node_modules/.vite/deps/chunk-EEAUBQDT.js?v=93c1ec86:20096
[   59681ms] [ERROR] [ModalSystem] mount failed TypeError: Class constructor SortableElement cannot be invoked without 'new'
    at http://localhost:5173/components/modals/RetargetOptInModal.jsx?t=1787453131840:26:22 @ http://localhost:5173/src/main.js?t=1787453131840:329
[   59689ms] [ERROR] [popcorn-init] FAILED at: plugin-jsonTransition TypeError: Class constructor SortableElement cannot be invoked without 'new'
    at http://localhost:5173/components/modals/RetargetOptInModal.jsx?t=1787453131840:26:22 @ http://localhost:5173/src/lib/popcornInit.js?t=1787453131840:55
[   59706ms] [ERROR] [popcorn-init] FAILED at: plugin-lottie-json TypeError: Class constructor SortableElement cannot be invoked without 'new'
    at http://localhost:5173/components/modals/RetargetOptInModal.jsx?t=1787453131840:26:22 @ http://localhost:5173/src/lib/popcornInit.js?t=1787453131840:55
[   59715ms] [LOG] [popcorn-init] OK: plugin-json-button @ http://localhost:5173/src/lib/popcornInit.js?t=1787453131840:48
[   59720ms] [ERROR] [popcorn-init] FAILED at: plugin-personalizedImage TypeError: Class constructor SortableElement cannot be invoked without 'new'
    at http://localhost:5173/components/modals/RetargetOptInModal.jsx?t=1787453131840:26:22 @ http://localhost:5173/src/lib/popcornInit.js?t=1787453131840:55
[   59724ms] [ERROR] [popcorn-init] FAILED at: plugin-loopPlugin TypeError: Class constructor SortableElement cannot be invoked without 'new'
    at http://localhost:5173/components/modals/RetargetOptInModal.jsx?t=1787453131840:26:22 @ http://localhost:5173/src/lib/popcornInit.js?t=1787453131840:55
[   59731ms] [ERROR] [popcorn-init] FAILED at: plugin-pausePlugin TypeError: Class constructor SortableElement cannot be invoked without 'new'
    at http://localhost:5173/components/modals/RetargetOptInModal.jsx?t=1787453131840:26:22 @ http://localhost:5173/src/lib/popcornInit.js?t=1787453131840:55
[   59739ms] [ERROR] [popcorn-init] FAILED at: plugin-form TypeError: Class constructor SortableElement cannot be invoked without 'new'
    at http://localhost:5173/components/modals/RetargetOptInModal.jsx?t=1787453131840:26:22 @ http://localhost:5173/src/lib/popcornInit.js?t=1787453131840:55
[   59751ms] [ERROR] [popcorn-init] FAILED at: plugin-retarget TypeError: Class constructor SortableElement cannot be invoked without 'new'
    at http://localhost:5173/components/modals/RetargetOptInModal.jsx?t=1787453131840:26:22 @ http://localhost:5173/src/lib/popcornInit.js?t=1787453131840:55
[   59755ms] [LOG] [popcorn-init] OK: plugin-popup @ http://localhost:5173/src/lib/popcornInit.js?t=1787453131840:48
[   59764ms] [ERROR] [popcorn-init] FAILED at: plugin-sequencer TypeError: Class constructor SortableElement cannot be invoked without 'new'
    at http://localhost:5173/components/modals/RetargetOptInModal.jsx?t=1787453131840:26:22 @ http://localhost:5173/src/lib/popcornInit.js?t=1787453131840:55
[   59769ms] [ERROR] [popcorn-init] FAILED at: plugin-skip TypeError: Class constructor SortableElement cannot be invoked without 'new'
    at http://localhost:5173/components/modals/RetargetOptInModal.jsx?t=1787453131840:26:22 @ http://localhost:5173/src/lib/popcornInit.js?t=1787453131840:55
[   59788ms] [ERROR] [popcorn-init] FAILED at: plugin-text TypeError: Class constructor SortableElement cannot be invoked without 'new'
    at http://localhost:5173/components/modals/RetargetOptInModal.jsx?t=1787453131840:26:22 @ http://localhost:5173/src/lib/popcornInit.js?t=1787453131840:55
[   59797ms] [LOG] [popcorn-init] OK: plugin-social @ http://localhost:5173/src/lib/popcornInit.js?t=1787453131840:48
[   59801ms] [ERROR] [popcorn-init] FAILED at: plugin-jsonAnimation TypeError: Class constructor SortableElement cannot be invoked without 'new'
    at http://localhost:5173/components/modals/RetargetOptInModal.jsx?t=1787453131840:26:22 @ http://localhost:5173/src/lib/popcornInit.js?t=1787453131840:55
[   59812ms] [LOG] [popcorn-init] OK: plugin-videoTransition @ http://localhost:5173/src/lib/popcornInit.js?t=1787453131840:48
[   59817ms] [ERROR] [popcorn-init] FAILED at: plugin-seethroughtext TypeError: Class constructor SortableElement cannot be invoked without 'new'
    at http://localhost:5173/components/modals/RetargetOptInModal.jsx?t=1787453131840:26:22 @ http://localhost:5173/src/lib/popcornInit.js?t=1787453131840:55
[   59821ms] [LOG] [popcorn-init] OK: plugin-wikipedia @ http://localhost:5173/src/lib/popcornInit.js?t=1787453131840:48
[   59825ms] [ERROR] [popcorn-init] FAILED at: plugin-combined TypeError: Class constructor SortableElement cannot be invoked without 'new'
    at http://localhost:5173/components/modals/RetargetOptInModal.jsx?t=1787453131840:26:22 @ http://localhost:5173/src/lib/popcornInit.js?t=1787453131840:55
[   59832ms] [ERROR] [popcorn-init] FAILED at: plugin-background TypeError: Class constructor SortableElement cannot be invoked without 'new'
    at http://localhost:5173/components/modals/RetargetOptInModal.jsx?t=1787453131840:26:22 @ http://localhost:5173/src/lib/popcornInit.js?t=1787453131840:55
[   59832ms] [LOG] [popcorn-init] SUMMARY: 5/20 plugins registered; FAILED: plugin-image, plugin-jsonTransition, plugin-lottie-json, plugin-personalizedImage, plugin-loopPlugin, plugin-pausePlugin, plugin-form, plugin-retarget, plugin-sequencer, plugin-skip, plugin-text, plugin-jsonAnimation, plugin-seethroughtext, plugin-combined, plugin-background @ http://localhost:5173/src/lib/popcornInit.js?t=1787453131840:60
[   59832ms] [LOG] [popcorn] function 5 @ http://localhost:5173/src/main.js?t=1787453131840:4
[   61397ms] [LOG] [App] Starting initialization... @ http://localhost:5173/src/main.js?t=1787453131840:19
[   61438ms] [LOG] [popcorn-init] OK: jquery @ http://localhost:5173/src/lib/popcornInit.js?t=1787453131840:41
[   61452ms] [LOG] [popcorn-init] OK: jquery-textfill @ http://localhost:5173/src/lib/popcornInit.js?t=1787453131840:48
[   61466ms] [LOG] [popcorn-init] OK: popcorn-core @ http://localhost:5173/src/lib/popcornInit.js?t=1787453131840:48
[   61495ms] [LOG] [popcorn-init] OK: popcorn-ie8 @ http://localhost:5173/src/lib/popcornInit.js?t=1787453131840:48
[   61497ms] [LOG] [popcorn-init] OK: wrapper-common @ http://localhost:5173/src/lib/popcornInit.js?t=1787453131840:48
[   61497ms] [LOG] [popcorn-init] OK: wrapper-html5 @ http://localhost:5173/src/lib/popcornInit.js?t=1787453131840:48
[   61498ms] [LOG] [popcorn-init] OK: wrapper-vrview @ http://localhost:5173/src/lib/popcornInit.js?t=1787453131840:48
[   61498ms] [LOG] [popcorn-init] OK: wrapper-adaptive @ http://localhost:5173/src/lib/popcornInit.js?t=1787453131840:48
[   61499ms] [LOG] [popcorn-init] OK: wrapper-null @ http://localhost:5173/src/lib/popcornInit.js?t=1787453131840:48
[   61499ms] [LOG] [LandingPage] Header.jsx loaded @ http://localhost:5173/src/components/landing/LandingPage.jsx?t=1787453131840:176
[   61500ms] [LOG] [popcorn-init] OK: wrapper-soundcloud @ http://localhost:5173/src/lib/popcornInit.js?t=1787453131840:48
[   61501ms] [LOG] [popcorn-init] OK: wrapper-vimeo @ http://localhost:5173/src/lib/popcornInit.js?t=1787453131840:48
[   61501ms] [LOG] [popcorn-init] OK: wrapper-youtube @ http://localhost:5173/src/lib/popcornInit.js?t=1787453131840:48
[   61502ms] [LOG] [popcorn-init] OK: wrapper-jwplayer @ http://localhost:5173/src/lib/popcornInit.js?t=1787453131840:48
[   61502ms] [LOG] [popcorn-init] OK: player-module @ http://localhost:5173/src/lib/popcornInit.js?t=1787453131840:48
[   61738ms] [LOG] [LandingPage] CinematicVideoHero.jsx loaded @ http://localhost:5173/src/components/landing/LandingPage.jsx?t=1787453131840:189
[   62015ms] [LOG] [LandingPage] HeroSection.jsx loaded @ http://localhost:5173/src/components/landing/LandingPage.jsx?t=1787453131840:202
[   62016ms] [LOG] [LandingPage] Observer created for: scrolling placeholder id: section-scrolling @ http://localhost:5173/src/components/landing/LandingPage.jsx?t=1787453131840:160
[   62016ms] [LOG] [LandingPage] Observer created for: hook placeholder id: section-hook @ http://localhost:5173/src/components/landing/LandingPage.jsx?t=1787453131840:160
[   62016ms] [LOG] [LandingPage] Observer created for: engines placeholder id: section-engines @ http://localhost:5173/src/components/landing/LandingPage.jsx?t=1787453131840:160
[   62016ms] [LOG] [LandingPage] Observer created for: apps placeholder id: section-apps @ http://localhost:5173/src/components/landing/LandingPage.jsx?t=1787453131840:160
[   62016ms] [LOG] [LandingPage] Observer created for: features placeholder id: section-features @ http://localhost:5173/src/components/landing/LandingPage.jsx?t=1787453131840:160
[   62016ms] [LOG] [LandingPage] Observer created for: problem placeholder id: section-problem @ http://localhost:5173/src/components/landing/LandingPage.jsx?t=1787453131840:160
[   62016ms] [LOG] [LandingPage] Observer created for: workflow placeholder id: section-workflow @ http://localhost:5173/src/components/landing/LandingPage.jsx?t=1787453131840:160
[   62016ms] [LOG] [LandingPage] Observer created for: comparison placeholder id: section-comparison @ http://localhost:5173/src/components/landing/LandingPage.jsx?t=1787453131840:160
[   62016ms] [LOG] [LandingPage] Observer created for: value placeholder id: section-value @ http://localhost:5173/src/components/landing/LandingPage.jsx?t=1787453131840:160
[   62016ms] [LOG] [LandingPage] Observer created for: agency placeholder id: section-agency @ http://localhost:5173/src/components/landing/LandingPage.jsx?t=1787453131840:160
[   62016ms] [LOG] [LandingPage] Observer created for: offer placeholder id: section-offer @ http://localhost:5173/src/components/landing/LandingPage.jsx?t=1787453131840:160
[   62016ms] [LOG] [LandingPage] Observer created for: cta placeholder id: section-cta @ http://localhost:5173/src/components/landing/LandingPage.jsx?t=1787453131840:160
[   62016ms] [LOG] [LandingPage] Observer created for: ai-workflow placeholder id: section-ai-workflow @ http://localhost:5173/src/components/landing/LandingPage.jsx?t=1787453131840:160
[   62017ms] [LOG] [LandingPage] Observer created for: made-with placeholder id: section-made-with @ http://localhost:5173/src/components/landing/LandingPage.jsx?t=1787453131840:160
[   62017ms] [LOG] [LandingPage] Observer created for: ugc placeholder id: section-ugc @ http://localhost:5173/src/components/landing/LandingPage.jsx?t=1787453131840:160
[   62017ms] [LOG] [LandingPage] Observer created for: gallery placeholder id: section-gallery @ http://localhost:5173/src/components/landing/LandingPage.jsx?t=1787453131840:160
[   62017ms] [LOG] [LandingPage] Observer created for: academy placeholder id: section-academy @ http://localhost:5173/src/components/landing/LandingPage.jsx?t=1787453131840:160
[   62017ms] [LOG] [LandingPage] Observer created for: repo-cinema placeholder id: section-repo-cinema @ http://localhost:5173/src/components/landing/LandingPage.jsx?t=1787453131840:160
[   62017ms] [LOG] [LandingPage] Observer created for: repo-commercial placeholder id: section-repo-commercial @ http://localhost:5173/src/components/landing/LandingPage.jsx?t=1787453131840:160
[   62017ms] [LOG] [LandingPage] Observer created for: repo-social-ads placeholder id: section-repo-social-ads @ http://localhost:5173/src/components/landing/LandingPage.jsx?t=1787453131840:160
[   62017ms] [LOG] [LandingPage] Observer created for: repo-narrative placeholder id: section-repo-narrative @ http://localhost:5173/src/components/landing/LandingPage.jsx?t=1787453131840:160
[   62017ms] [LOG] [LandingPage] Observer created for: repo-vertical placeholder id: section-repo-vertical @ http://localhost:5173/src/components/landing/LandingPage.jsx?t=1787453131840:160
[   62017ms] [LOG] [LandingPage] Observer created for: repo-ecommerce placeholder id: section-repo-ecommerce @ http://localhost:5173/src/components/landing/LandingPage.jsx?t=1787453131840:160
[   62017ms] [LOG] [LandingPage] Observer created for: repo-kinetic placeholder id: section-repo-kinetic @ http://localhost:5173/src/components/landing/LandingPage.jsx?t=1787453131840:160
[   62017ms] [LOG] [LandingPage] Observer created for: repo-animated placeholder id: section-repo-animated @ http://localhost:5173/src/components/landing/LandingPage.jsx?t=1787453131840:160
[   62017ms] [LOG] [LandingPage] Observer created for: repo-animation placeholder id: section-repo-animation @ http://localhost:5173/src/components/landing/LandingPage.jsx?t=1787453131840:160
[   62017ms] [LOG] [LandingPage] Observer created for: repo-reference placeholder id: section-repo-reference @ http://localhost:5173/src/components/landing/LandingPage.jsx?t=1787453131840:160
[   62017ms] [LOG] [LandingPage] Observer created for: repo-vfx placeholder id: section-repo-vfx @ http://localhost:5173/src/components/landing/LandingPage.jsx?t=1787453131840:160
[   62017ms] [LOG] [LandingPage] Observer created for: repo-fashion placeholder id: section-repo-fashion @ http://localhost:5173/src/components/landing/LandingPage.jsx?t=1787453131840:160
[   62017ms] [LOG] [LandingPage] Observer created for: repos placeholder id: section-repos @ http://localhost:5173/src/components/landing/LandingPage.jsx?t=1787453131840:160
[   62017ms] [LOG] [LandingPage] Observer created for: gtm-boost placeholder id: section-gtm-boost @ http://localhost:5173/src/components/landing/LandingPage.jsx?t=1787453131840:160
[   62018ms] [LOG] [App] Landing page rendered @ http://localhost:5173/src/main.js?t=1787453131840:88
[   62036ms] [LOG] [LandingPage] IntersectionObserver fired for apps [Object] @ http://localhost:5173/src/components/landing/LandingPage.jsx?t=1787453131840:119
[   62037ms] [LOG] [LandingPage] Loading section: apps @ http://localhost:5173/src/components/landing/LandingPage.jsx?t=1787453131840:122
[   62037ms] [LOG] [LandingPage] IntersectionObserver fired for repo-ecommerce [Object] @ http://localhost:5173/src/components/landing/LandingPage.jsx?t=1787453131840:119
[   62037ms] [LOG] [LandingPage] Loading section: repo-ecommerce @ http://localhost:5173/src/components/landing/LandingPage.jsx?t=1787453131840:122
[   62038ms] [LOG] [LandingPage] IntersectionObserver fired for repo-kinetic [Object] @ http://localhost:5173/src/components/landing/LandingPage.jsx?t=1787453131840:119
[   62038ms] [LOG] [LandingPage] Loading section: repo-kinetic @ http://localhost:5173/src/components/landing/LandingPage.jsx?t=1787453131840:122
[   62038ms] [LOG] [LandingPage] IntersectionObserver fired for offer [Object] @ http://localhost:5173/src/components/landing/LandingPage.jsx?t=1787453131840:119
[   62038ms] [LOG] [LandingPage] Loading section: offer @ http://localhost:5173/src/components/landing/LandingPage.jsx?t=1787453131840:122
[   62039ms] [LOG] [LandingPage] IntersectionObserver fired for repo-reference [Object] @ http://localhost:5173/src/components/landing/LandingPage.jsx?t=1787453131840:119
[   62039ms] [LOG] [LandingPage] Loading section: repo-reference @ http://localhost:5173/src/components/landing/LandingPage.jsx?t=1787453131840:122
[   62039ms] [LOG] [LandingPage] IntersectionObserver fired for cta [Object] @ http://localhost:5173/src/components/landing/LandingPage.jsx?t=1787453131840:119
[   62040ms] [LOG] [LandingPage] Loading section: cta @ http://localhost:5173/src/components/landing/LandingPage.jsx?t=1787453131840:122
[   62041ms] [LOG] [LandingPage] IntersectionObserver fired for repo-animation [Object] @ http://localhost:5173/src/components/landing/LandingPage.jsx?t=1787453131840:119
[   62048ms] [LOG] [LandingPage] Loading section: repo-animation @ http://localhost:5173/src/components/landing/LandingPage.jsx?t=1787453131840:122
[   62048ms] [LOG] [LandingPage] IntersectionObserver fired for made-with [Object] @ http://localhost:5173/src/components/landing/LandingPage.jsx?t=1787453131840:119
[   62049ms] [LOG] [LandingPage] Loading section: made-with @ http://localhost:5173/src/components/landing/LandingPage.jsx?t=1787453131840:122
[   62050ms] [LOG] [LandingPage] IntersectionObserver fired for ugc [Object] @ http://localhost:5173/src/components/landing/LandingPage.jsx?t=1787453131840:119
[   62050ms] [LOG] [LandingPage] Loading section: ugc @ http://localhost:5173/src/components/landing/LandingPage.jsx?t=1787453131840:122
[   62051ms] [LOG] [LandingPage] IntersectionObserver fired for gtm-boost [Object] @ http://localhost:5173/src/components/landing/LandingPage.jsx?t=1787453131840:119
[   62051ms] [LOG] [LandingPage] Loading section: gtm-boost @ http://localhost:5173/src/components/landing/LandingPage.jsx?t=1787453131840:122
[   62052ms] [LOG] [LandingPage] IntersectionObserver fired for features [Object] @ http://localhost:5173/src/components/landing/LandingPage.jsx?t=1787453131840:119
[   62052ms] [LOG] [LandingPage] Loading section: features @ http://localhost:5173/src/components/landing/LandingPage.jsx?t=1787453131840:122
[   62052ms] [LOG] [LandingPage] IntersectionObserver fired for gallery [Object] @ http://localhost:5173/src/components/landing/LandingPage.jsx?t=1787453131840:119
[   62053ms] [LOG] [LandingPage] Loading section: gallery @ http://localhost:5173/src/components/landing/LandingPage.jsx?t=1787453131840:122
[   62053ms] [LOG] [LandingPage] IntersectionObserver fired for repos [Object] @ http://localhost:5173/src/components/landing/LandingPage.jsx?t=1787453131840:119
[   62053ms] [LOG] [LandingPage] Loading section: repos @ http://localhost:5173/src/components/landing/LandingPage.jsx?t=1787453131840:122
[   62054ms] [LOG] [LandingPage] IntersectionObserver fired for value [Object] @ http://localhost:5173/src/components/landing/LandingPage.jsx?t=1787453131840:119
[   62054ms] [LOG] [LandingPage] Loading section: value @ http://localhost:5173/src/components/landing/LandingPage.jsx?t=1787453131840:122
[   62054ms] [LOG] [LandingPage] IntersectionObserver fired for repo-vfx [Object] @ http://localhost:5173/src/components/landing/LandingPage.jsx?t=1787453131840:119
[   62055ms] [LOG] [LandingPage] Loading section: repo-vfx @ http://localhost:5173/src/components/landing/LandingPage.jsx?t=1787453131840:122
[   62055ms] [LOG] [LandingPage] IntersectionObserver fired for repo-cinema [Object] @ http://localhost:5173/src/components/landing/LandingPage.jsx?t=1787453131840:119
[   62055ms] [LOG] [LandingPage] Loading section: repo-cinema @ http://localhost:5173/src/components/landing/LandingPage.jsx?t=1787453131840:122
[   62055ms] [LOG] [LandingPage] IntersectionObserver fired for repo-animated [Object] @ http://localhost:5173/src/components/landing/LandingPage.jsx?t=1787453131840:119
[   62056ms] [LOG] [LandingPage] Loading section: repo-animated @ http://localhost:5173/src/components/landing/LandingPage.jsx?t=1787453131840:122
[   62056ms] [LOG] [LandingPage] IntersectionObserver fired for engines [Object] @ http://localhost:5173/src/components/landing/LandingPage.jsx?t=1787453131840:119
[   62056ms] [LOG] [LandingPage] Loading section: engines @ http://localhost:5173/src/components/landing/LandingPage.jsx?t=1787453131840:122
[   62056ms] [LOG] [LandingPage] IntersectionObserver fired for repo-fashion [Object] @ http://localhost:5173/src/components/landing/LandingPage.jsx?t=1787453131840:119
[   62057ms] [LOG] [LandingPage] Loading section: repo-fashion @ http://localhost:5173/src/components/landing/LandingPage.jsx?t=1787453131840:122
[   62057ms] [LOG] [LandingPage] IntersectionObserver fired for repo-narrative [Object] @ http://localhost:5173/src/components/landing/LandingPage.jsx?t=1787453131840:119
[   62057ms] [LOG] [LandingPage] Loading section: repo-narrative @ http://localhost:5173/src/components/landing/LandingPage.jsx?t=1787453131840:122
[   62057ms] [LOG] [LandingPage] IntersectionObserver fired for hook [Object] @ http://localhost:5173/src/components/landing/LandingPage.jsx?t=1787453131840:119
[   62057ms] [LOG] [LandingPage] Loading section: hook @ http://localhost:5173/src/components/landing/LandingPage.jsx?t=1787453131840:122
[   62058ms] [LOG] [LandingPage] IntersectionObserver fired for academy [Object] @ http://localhost:5173/src/components/landing/LandingPage.jsx?t=1787453131840:119
[   62059ms] [LOG] [LandingPage] Loading section: academy @ http://localhost:5173/src/components/landing/LandingPage.jsx?t=1787453131840:122
[   62062ms] [LOG] [LandingPage] IntersectionObserver fired for repo-vertical [Object] @ http://localhost:5173/src/components/landing/LandingPage.jsx?t=1787453131840:119
[   62062ms] [LOG] [LandingPage] Loading section: repo-vertical @ http://localhost:5173/src/components/landing/LandingPage.jsx?t=1787453131840:122
[   62063ms] [LOG] [LandingPage] IntersectionObserver fired for agency [Object] @ http://localhost:5173/src/components/landing/LandingPage.jsx?t=1787453131840:119
[   62063ms] [LOG] [LandingPage] Loading section: agency @ http://localhost:5173/src/components/landing/LandingPage.jsx?t=1787453131840:122
[   62063ms] [LOG] [LandingPage] IntersectionObserver fired for ai-workflow [Object] @ http://localhost:5173/src/components/landing/LandingPage.jsx?t=1787453131840:119
[   62063ms] [LOG] [LandingPage] Loading section: ai-workflow @ http://localhost:5173/src/components/landing/LandingPage.jsx?t=1787453131840:122
[   62064ms] [LOG] [LandingPage] IntersectionObserver fired for repo-social-ads [Object] @ http://localhost:5173/src/components/landing/LandingPage.jsx?t=1787453131840:119
[   62064ms] [LOG] [LandingPage] Loading section: repo-social-ads @ http://localhost:5173/src/components/landing/LandingPage.jsx?t=1787453131840:122
[   62064ms] [LOG] [LandingPage] IntersectionObserver fired for workflow [Object] @ http://localhost:5173/src/components/landing/LandingPage.jsx?t=1787453131840:119
[   62064ms] [LOG] [LandingPage] Loading section: workflow @ http://localhost:5173/src/components/landing/LandingPage.jsx?t=1787453131840:122
[   62065ms] [LOG] [LandingPage] IntersectionObserver fired for repo-commercial [Object] @ http://localhost:5173/src/components/landing/LandingPage.jsx?t=1787453131840:119
[   62065ms] [LOG] [LandingPage] Loading section: repo-commercial @ http://localhost:5173/src/components/landing/LandingPage.jsx?t=1787453131840:122
[   62065ms] [LOG] [LandingPage] IntersectionObserver fired for problem [Object] @ http://localhost:5173/src/components/landing/LandingPage.jsx?t=1787453131840:119
[   62065ms] [LOG] [LandingPage] Loading section: problem @ http://localhost:5173/src/components/landing/LandingPage.jsx?t=1787453131840:122
[   62066ms] [LOG] [LandingPage] IntersectionObserver fired for scrolling [Object] @ http://localhost:5173/src/components/landing/LandingPage.jsx?t=1787453131840:119
[   62066ms] [LOG] [LandingPage] Loading section: scrolling @ http://localhost:5173/src/components/landing/LandingPage.jsx?t=1787453131840:122
[   62066ms] [LOG] [LandingPage] IntersectionObserver fired for comparison [Object] @ http://localhost:5173/src/components/landing/LandingPage.jsx?t=1787453131840:119
[   62066ms] [LOG] [LandingPage] Loading section: comparison @ http://localhost:5173/src/components/landing/LandingPage.jsx?t=1787453131840:122
[   62416ms] [LOG] [LandingPage] Section loaded: offer @ http://localhost:5173/src/components/landing/LandingPage.jsx?t=1787453131840:141
[   62417ms] [LOG] [LandingPage] Section loaded: cta @ http://localhost:5173/src/components/landing/LandingPage.jsx?t=1787453131840:141
[   62448ms] [LOG] [LandingPage] Section loaded: features @ http://localhost:5173/src/components/landing/LandingPage.jsx?t=1787453131840:141
[   62448ms] [LOG] [LandingPage] Section loaded: value @ http://localhost:5173/src/components/landing/LandingPage.jsx?t=1787453131840:141
[   62450ms] [LOG] [LandingPage] Section loaded: engines @ http://localhost:5173/src/components/landing/LandingPage.jsx?t=1787453131840:141
[   62450ms] [LOG] [LandingPage] Section loaded: hook @ http://localhost:5173/src/components/landing/LandingPage.jsx?t=1787453131840:141
[   62451ms] [LOG] [LandingPage] Section loaded: agency @ http://localhost:5173/src/components/landing/LandingPage.jsx?t=1787453131840:141
[   62452ms] [LOG] [LandingPage] Section loaded: workflow @ http://localhost:5173/src/components/landing/LandingPage.jsx?t=1787453131840:141
[   62454ms] [LOG] [LandingPage] Section loaded: repos @ http://localhost:5173/src/components/landing/LandingPage.jsx?t=1787453131840:141
[   62465ms] [LOG] [LandingPage] Section loaded: scrolling @ http://localhost:5173/src/components/landing/LandingPage.jsx?t=1787453131840:141
[   62619ms] [LOG] [LandingPage] Section loaded: problem @ http://localhost:5173/src/components/landing/LandingPage.jsx?t=1787453131840:141
[   62624ms] [LOG] [LandingPage] Section loaded: apps @ http://localhost:5173/src/components/landing/LandingPage.jsx?t=1787453131840:141
[   62629ms] [LOG] [LandingPage] Section loaded: ai-workflow @ http://localhost:5173/src/components/landing/LandingPage.jsx?t=1787453131840:141
[   62633ms] [LOG] [LandingPage] Section loaded: ugc @ http://localhost:5173/src/components/landing/LandingPage.jsx?t=1787453131840:141
[   62657ms] [LOG] [LandingPage] Section loaded: repo-commercial @ http://localhost:5173/src/components/landing/LandingPage.jsx?t=1787453131840:141
[   62685ms] [LOG] [LandingPage] Section loaded: gallery @ http://localhost:5173/src/components/landing/LandingPage.jsx?t=1787453131840:141
[   62706ms] [LOG] [LandingPage] Section loaded: repo-vertical @ http://localhost:5173/src/components/landing/LandingPage.jsx?t=1787453131840:141
[   62719ms] [LOG] [LandingPage] Section loaded: gtm-boost @ http://localhost:5173/src/components/landing/LandingPage.jsx?t=1787453131840:141
[   62805ms] [LOG] [LandingPage] Section loaded: repo-cinema @ http://localhost:5173/src/components/landing/LandingPage.jsx?t=1787453131840:141
[   62814ms] [LOG] [LandingPage] Section loaded: repo-social-ads @ http://localhost:5173/src/components/landing/LandingPage.jsx?t=1787453131840:141
[   62822ms] [LOG] [LandingPage] Section loaded: repo-narrative @ http://localhost:5173/src/components/landing/LandingPage.jsx?t=1787453131840:141
[   62831ms] [LOG] [LandingPage] Section loaded: repo-animation @ http://localhost:5173/src/components/landing/LandingPage.jsx?t=1787453131840:141
[   62835ms] [LOG] [LandingPage] Section loaded: repo-reference @ http://localhost:5173/src/components/landing/LandingPage.jsx?t=1787453131840:141
[   62843ms] [LOG] [LandingPage] Section loaded: repo-ecommerce @ http://localhost:5173/src/components/landing/LandingPage.jsx?t=1787453131840:141
[   62853ms] [LOG] [LandingPage] Section loaded: repo-kinetic @ http://localhost:5173/src/components/landing/LandingPage.jsx?t=1787453131840:141
[   62861ms] [LOG] [LandingPage] Section loaded: repo-animated @ http://localhost:5173/src/components/landing/LandingPage.jsx?t=1787453131840:141
[   62867ms] [LOG] [LandingPage] Section loaded: repo-fashion @ http://localhost:5173/src/components/landing/LandingPage.jsx?t=1787453131840:141
[   62915ms] [LOG] [LandingPage] Section loaded: made-with @ http://localhost:5173/src/components/landing/LandingPage.jsx?t=1787453131840:141
[   63149ms] [LOG] [LandingPage] Section loaded: repo-vfx @ http://localhost:5173/src/components/landing/LandingPage.jsx?t=1787453131840:141
[   63167ms] [LOG] [LandingPage] Section loaded: academy @ http://localhost:5173/src/components/landing/LandingPage.jsx?t=1787453131840:141
[   63172ms] [LOG] [LandingPage] Section loaded: comparison @ http://localhost:5173/src/components/landing/LandingPage.jsx?t=1787453131840:141
[   63589ms] [ERROR] [popcorn-init] FAILED at: plugin-image TypeError: Class constructor SortableElement cannot be invoked without 'new'
    at http://localhost:5173/components/modals/RetargetOptInModal.jsx?t=1787453131840:26:22 @ http://localhost:5173/src/lib/popcornInit.js?t=1787453131840:55
[   63592ms] [INFO] %cDownload the React DevTools for a better development experience: https://react.dev/link/react-devtools font-weight:bold @ http://localhost:5173/node_modules/.vite/deps/chunk-EEAUBQDT.js?v=93c1ec86:20096
[   63593ms] [ERROR] [ModalSystem] mount failed TypeError: Class constructor SortableElement cannot be invoked without 'new'
    at http://localhost:5173/components/modals/RetargetOptInModal.jsx?t=1787453131840:26:22 @ http://localhost:5173/src/main.js?t=1787453131840:329
[   63601ms] [ERROR] [popcorn-init] FAILED at: plugin-jsonTransition TypeError: Class constructor SortableElement cannot be invoked without 'new'
    at http://localhost:5173/components/modals/RetargetOptInModal.jsx?t=1787453131840:26:22 @ http://localhost:5173/src/lib/popcornInit.js?t=1787453131840:55
[   63607ms] [ERROR] [popcorn-init] FAILED at: plugin-lottie-json TypeError: Class constructor SortableElement cannot be invoked without 'new'
    at http://localhost:5173/components/modals/RetargetOptInModal.jsx?t=1787453131840:26:22 @ http://localhost:5173/src/lib/popcornInit.js?t=1787453131840:55
[   63888ms] [LOG] [popcorn-init] OK: plugin-json-button @ http://localhost:5173/src/lib/popcornInit.js?t=1787453131840:48
[   67064ms] [LOG] [App] Starting initialization... @ http://localhost:5173/src/main.js?t=1787453159870:19
[   67089ms] [LOG] [popcorn-init] OK: jquery @ http://localhost:5173/src/lib/popcornInit.js?t=1787453159870:41
[   67090ms] [LOG] [popcorn-init] OK: jquery-textfill @ http://localhost:5173/src/lib/popcornInit.js?t=1787453159870:48
[   67091ms] [LOG] [popcorn-init] OK: popcorn-core @ http://localhost:5173/src/lib/popcornInit.js?t=1787453159870:48
[   67092ms] [LOG] [popcorn-init] OK: popcorn-ie8 @ http://localhost:5173/src/lib/popcornInit.js?t=1787453159870:48
[   67092ms] [LOG] [popcorn-init] OK: wrapper-common @ http://localhost:5173/src/lib/popcornInit.js?t=1787453159870:48
[   67093ms] [LOG] [popcorn-init] OK: wrapper-html5 @ http://localhost:5173/src/lib/popcornInit.js?t=1787453159870:48
[   67093ms] [LOG] [popcorn-init] OK: wrapper-vrview @ http://localhost:5173/src/lib/popcornInit.js?t=1787453159870:48
[   67094ms] [LOG] [popcorn-init] OK: wrapper-adaptive @ http://localhost:5173/src/lib/popcornInit.js?t=1787453159870:48
[   67094ms] [LOG] [popcorn-init] OK: wrapper-null @ http://localhost:5173/src/lib/popcornInit.js?t=1787453159870:48
[   67095ms] [LOG] [popcorn-init] OK: wrapper-soundcloud @ http://localhost:5173/src/lib/popcornInit.js?t=1787453159870:48
[   67095ms] [LOG] [popcorn-init] OK: wrapper-vimeo @ http://localhost:5173/src/lib/popcornInit.js?t=1787453159870:48
[   67096ms] [LOG] [popcorn-init] OK: wrapper-youtube @ http://localhost:5173/src/lib/popcornInit.js?t=1787453159870:48
[   67096ms] [LOG] [popcorn-init] OK: wrapper-jwplayer @ http://localhost:5173/src/lib/popcornInit.js?t=1787453159870:48
[   67097ms] [LOG] [popcorn-init] OK: player-module @ http://localhost:5173/src/lib/popcornInit.js?t=1787453159870:48
[   67290ms] [LOG] [App] Starting initialization... @ http://localhost:5173/src/main.js?t=1787453159870:19
[   67304ms] [LOG] [popcorn-init] OK: jquery @ http://localhost:5173/src/lib/popcornInit.js?t=1787453159870:41
[   67305ms] [LOG] [popcorn-init] OK: jquery-textfill @ http://localhost:5173/src/lib/popcornInit.js?t=1787453159870:48
[   67306ms] [LOG] [popcorn-init] OK: popcorn-core @ http://localhost:5173/src/lib/popcornInit.js?t=1787453159870:48
[   67306ms] [LOG] [popcorn-init] OK: popcorn-ie8 @ http://localhost:5173/src/lib/popcornInit.js?t=1787453159870:48
[   67307ms] [LOG] [popcorn-init] OK: wrapper-common @ http://localhost:5173/src/lib/popcornInit.js?t=1787453159870:48
[   67307ms] [LOG] [popcorn-init] OK: wrapper-html5 @ http://localhost:5173/src/lib/popcornInit.js?t=1787453159870:48
[   67309ms] [LOG] [popcorn-init] OK: wrapper-vrview @ http://localhost:5173/src/lib/popcornInit.js?t=1787453159870:48
[   67309ms] [LOG] [popcorn-init] OK: wrapper-adaptive @ http://localhost:5173/src/lib/popcornInit.js?t=1787453159870:48
[   67310ms] [LOG] [popcorn-init] OK: wrapper-null @ http://localhost:5173/src/lib/popcornInit.js?t=1787453159870:48
[   67310ms] [LOG] [popcorn-init] OK: wrapper-soundcloud @ http://localhost:5173/src/lib/popcornInit.js?t=1787453159870:48
[   67311ms] [LOG] [popcorn-init] OK: wrapper-vimeo @ http://localhost:5173/src/lib/popcornInit.js?t=1787453159870:48
[   67311ms] [LOG] [popcorn-init] OK: wrapper-youtube @ http://localhost:5173/src/lib/popcornInit.js?t=1787453159870:48
[   67312ms] [LOG] [popcorn-init] OK: wrapper-jwplayer @ http://localhost:5173/src/lib/popcornInit.js?t=1787453159870:48
[   67312ms] [LOG] [popcorn-init] OK: player-module @ http://localhost:5173/src/lib/popcornInit.js?t=1787453159870:48
[   67338ms] [LOG] [LandingPage] Header.jsx loaded @ http://localhost:5173/src/components/landing/LandingPage.jsx?t=1787453159870:176
[   67814ms] [LOG] [LandingPage] CinematicVideoHero.jsx loaded @ http://localhost:5173/src/components/landing/LandingPage.jsx?t=1787453159870:189
[   68773ms] [LOG] [LandingPage] HeroSection.jsx loaded @ http://localhost:5173/src/components/landing/LandingPage.jsx?t=1787453159870:202
[   68774ms] [LOG] [LandingPage] Observer created for: scrolling placeholder id: section-scrolling @ http://localhost:5173/src/components/landing/LandingPage.jsx?t=1787453159870:160
[   68774ms] [LOG] [LandingPage] Observer created for: hook placeholder id: section-hook @ http://localhost:5173/src/components/landing/LandingPage.jsx?t=1787453159870:160
[   68774ms] [LOG] [LandingPage] Observer created for: engines placeholder id: section-engines @ http://localhost:5173/src/components/landing/LandingPage.jsx?t=1787453159870:160
[   68774ms] [LOG] [LandingPage] Observer created for: apps placeholder id: section-apps @ http://localhost:5173/src/components/landing/LandingPage.jsx?t=1787453159870:160
[   68774ms] [LOG] [LandingPage] Observer created for: features placeholder id: section-features @ http://localhost:5173/src/components/landing/LandingPage.jsx?t=1787453159870:160
[   68774ms] [LOG] [LandingPage] Observer created for: problem placeholder id: section-problem @ http://localhost:5173/src/components/landing/LandingPage.jsx?t=1787453159870:160
[   68774ms] [LOG] [LandingPage] Observer created for: workflow placeholder id: section-workflow @ http://localhost:5173/src/components/landing/LandingPage.jsx?t=1787453159870:160
[   68774ms] [LOG] [LandingPage] Observer created for: comparison placeholder id: section-comparison @ http://localhost:5173/src/components/landing/LandingPage.jsx?t=1787453159870:160
[   68775ms] [LOG] [LandingPage] Observer created for: value placeholder id: section-value @ http://localhost:5173/src/components/landing/LandingPage.jsx?t=1787453159870:160
[   68775ms] [LOG] [LandingPage] Observer created for: agency placeholder id: section-agency @ http://localhost:5173/src/components/landing/LandingPage.jsx?t=1787453159870:160
[   68775ms] [LOG] [LandingPage] Observer created for: offer placeholder id: section-offer @ http://localhost:5173/src/components/landing/LandingPage.jsx?t=1787453159870:160
[   68775ms] [LOG] [LandingPage] Observer created for: cta placeholder id: section-cta @ http://localhost:5173/src/components/landing/LandingPage.jsx?t=1787453159870:160
[   68775ms] [LOG] [LandingPage] Observer created for: ai-workflow placeholder id: section-ai-workflow @ http://localhost:5173/src/components/landing/LandingPage.jsx?t=1787453159870:160
[   68775ms] [LOG] [LandingPage] Observer created for: made-with placeholder id: section-made-with @ http://localhost:5173/src/components/landing/LandingPage.jsx?t=1787453159870:160
[   68775ms] [LOG] [LandingPage] Observer created for: ugc placeholder id: section-ugc @ http://localhost:5173/src/components/landing/LandingPage.jsx?t=1787453159870:160
[   68775ms] [LOG] [LandingPage] Observer created for: gallery placeholder id: section-gallery @ http://localhost:5173/src/components/landing/LandingPage.jsx?t=1787453159870:160
[   68775ms] [LOG] [LandingPage] Observer created for: academy placeholder id: section-academy @ http://localhost:5173/src/components/landing/LandingPage.jsx?t=1787453159870:160
[   68776ms] [LOG] [LandingPage] Observer created for: repo-cinema placeholder id: section-repo-cinema @ http://localhost:5173/src/components/landing/LandingPage.jsx?t=1787453159870:160
[   68776ms] [LOG] [LandingPage] Observer created for: repo-commercial placeholder id: section-repo-commercial @ http://localhost:5173/src/components/landing/LandingPage.jsx?t=1787453159870:160
[   68776ms] [LOG] [LandingPage] Observer created for: repo-social-ads placeholder id: section-repo-social-ads @ http://localhost:5173/src/components/landing/LandingPage.jsx?t=1787453159870:160
[   68776ms] [LOG] [LandingPage] Observer created for: repo-narrative placeholder id: section-repo-narrative @ http://localhost:5173/src/components/landing/LandingPage.jsx?t=1787453159870:160
[   68776ms] [LOG] [LandingPage] Observer created for: repo-vertical placeholder id: section-repo-vertical @ http://localhost:5173/src/components/landing/LandingPage.jsx?t=1787453159870:160
[   68776ms] [LOG] [LandingPage] Observer created for: repo-ecommerce placeholder id: section-repo-ecommerce @ http://localhost:5173/src/components/landing/LandingPage.jsx?t=1787453159870:160
[   68776ms] [LOG] [LandingPage] Observer created for: repo-kinetic placeholder id: section-repo-kinetic @ http://localhost:5173/src/components/landing/LandingPage.jsx?t=1787453159870:160
[   68776ms] [LOG] [LandingPage] Observer created for: repo-animated placeholder id: section-repo-animated @ http://localhost:5173/src/components/landing/LandingPage.jsx?t=1787453159870:160
[   68776ms] [LOG] [LandingPage] Observer created for: repo-animation placeholder id: section-repo-animation @ http://localhost:5173/src/components/landing/LandingPage.jsx?t=1787453159870:160
[   68776ms] [LOG] [LandingPage] Observer created for: repo-reference placeholder id: section-repo-reference @ http://localhost:5173/src/components/landing/LandingPage.jsx?t=1787453159870:160
[   68776ms] [LOG] [LandingPage] Observer created for: repo-vfx placeholder id: section-repo-vfx @ http://localhost:5173/src/components/landing/LandingPage.jsx?t=1787453159870:160
[   68776ms] [LOG] [LandingPage] Observer created for: repo-fashion placeholder id: section-repo-fashion @ http://localhost:5173/src/components/landing/LandingPage.jsx?t=1787453159870:160
[   68776ms] [LOG] [LandingPage] Observer created for: repos placeholder id: section-repos @ http://localhost:5173/src/components/landing/LandingPage.jsx?t=1787453159870:160
[   68777ms] [LOG] [LandingPage] Observer created for: gtm-boost placeholder id: section-gtm-boost @ http://localhost:5173/src/components/landing/LandingPage.jsx?t=1787453159870:160
[   68777ms] [LOG] [App] Landing page rendered @ http://localhost:5173/src/main.js?t=1787453159870:88
[   68798ms] [LOG] [LandingPage] IntersectionObserver fired for ai-workflow [Object] @ http://localhost:5173/src/components/landing/LandingPage.jsx?t=1787453159870:119
[   68798ms] [LOG] [LandingPage] Loading section: ai-workflow @ http://localhost:5173/src/components/landing/LandingPage.jsx?t=1787453159870:122
[   68798ms] [LOG] [LandingPage] IntersectionObserver fired for made-with [Object] @ http://localhost:5173/src/components/landing/LandingPage.jsx?t=1787453159870:119
[   68799ms] [LOG] [LandingPage] Loading section: made-with @ http://localhost:5173/src/components/landing/LandingPage.jsx?t=1787453159870:122
[   68799ms] [LOG] [LandingPage] IntersectionObserver fired for repo-vfx [Object] @ http://localhost:5173/src/components/landing/LandingPage.jsx?t=1787453159870:119
[   68799ms] [LOG] [LandingPage] Loading section: repo-vfx @ http://localhost:5173/src/components/landing/LandingPage.jsx?t=1787453159870:122
[   68799ms] [LOG] [LandingPage] IntersectionObserver fired for ugc [Object] @ http://localhost:5173/src/components/landing/LandingPage.jsx?t=1787453159870:119
[   68799ms] [LOG] [LandingPage] Loading section: ugc @ http://localhost:5173/src/components/landing/LandingPage.jsx?t=1787453159870:122
[   68800ms] [LOG] [LandingPage] IntersectionObserver fired for repo-ecommerce [Object] @ http://localhost:5173/src/components/landing/LandingPage.jsx?t=1787453159870:119
[   68800ms] [LOG] [LandingPage] Loading section: repo-ecommerce @ http://localhost:5173/src/components/landing/LandingPage.jsx?t=1787453159870:122
[   68800ms] [LOG] [LandingPage] IntersectionObserver fired for agency [Object] @ http://localhost:5173/src/components/landing/LandingPage.jsx?t=1787453159870:119
[   68800ms] [LOG] [LandingPage] Loading section: agency @ http://localhost:5173/src/components/landing/LandingPage.jsx?t=1787453159870:122
[   68800ms] [LOG] [LandingPage] IntersectionObserver fired for repo-commercial [Object] @ http://localhost:5173/src/components/landing/LandingPage.jsx?t=1787453159870:119
[   68801ms] [LOG] [LandingPage] Loading section: repo-commercial @ http://localhost:5173/src/components/landing/LandingPage.jsx?t=1787453159870:122
[   68801ms] [LOG] [LandingPage] IntersectionObserver fired for repo-reference [Object] @ http://localhost:5173/src/components/landing/LandingPage.jsx?t=1787453159870:119
[   68801ms] [LOG] [LandingPage] Loading section: repo-reference @ http://localhost:5173/src/components/landing/LandingPage.jsx?t=1787453159870:122
[   68801ms] [LOG] [LandingPage] IntersectionObserver fired for workflow [Object] @ http://localhost:5173/src/components/landing/LandingPage.jsx?t=1787453159870:119
[   68801ms] [LOG] [LandingPage] Loading section: workflow @ http://localhost:5173/src/components/landing/LandingPage.jsx?t=1787453159870:122
[   68801ms] [LOG] [LandingPage] IntersectionObserver fired for gallery [Object] @ http://localhost:5173/src/components/landing/LandingPage.jsx?t=1787453159870:119
[   68802ms] [LOG] [LandingPage] Loading section: gallery @ http://localhost:5173/src/components/landing/LandingPage.jsx?t=1787453159870:122
[   68802ms] [LOG] [LandingPage] IntersectionObserver fired for engines [Object] @ http://localhost:5173/src/components/landing/LandingPage.jsx?t=1787453159870:119
[   68802ms] [LOG] [LandingPage] Loading section: engines @ http://localhost:5173/src/components/landing/LandingPage.jsx?t=1787453159870:122
[   68803ms] [LOG] [LandingPage] IntersectionObserver fired for repo-cinema [Object] @ http://localhost:5173/src/components/landing/LandingPage.jsx?t=1787453159870:119
[   68803ms] [LOG] [LandingPage] Loading section: repo-cinema @ http://localhost:5173/src/components/landing/LandingPage.jsx?t=1787453159870:122
[   68803ms] [LOG] [LandingPage] IntersectionObserver fired for repo-kinetic [Object] @ http://localhost:5173/src/components/landing/LandingPage.jsx?t=1787453159870:119
[   68803ms] [LOG] [LandingPage] Loading section: repo-kinetic @ http://localhost:5173/src/components/landing/LandingPage.jsx?t=1787453159870:122
[   68803ms] [LOG] [LandingPage] IntersectionObserver fired for repo-vertical [Object] @ http://localhost:5173/src/components/landing/LandingPage.jsx?t=1787453159870:119
[   68803ms] [LOG] [LandingPage] Loading section: repo-vertical @ http://localhost:5173/src/components/landing/LandingPage.jsx?t=1787453159870:122
[   68803ms] [LOG] [LandingPage] IntersectionObserver fired for academy [Object] @ http://localhost:5173/src/components/landing/LandingPage.jsx?t=1787453159870:119
[   68803ms] [LOG] [LandingPage] Loading section: academy @ http://localhost:5173/src/components/landing/LandingPage.jsx?t=1787453159870:122
[   68804ms] [LOG] [LandingPage] IntersectionObserver fired for repo-narrative [Object] @ http://localhost:5173/src/components/landing/LandingPage.jsx?t=1787453159870:119
[   68804ms] [LOG] [LandingPage] Loading section: repo-narrative @ http://localhost:5173/src/components/landing/LandingPage.jsx?t=1787453159870:122
[   68804ms] [LOG] [LandingPage] IntersectionObserver fired for repo-fashion [Object] @ http://localhost:5173/src/components/landing/LandingPage.jsx?t=1787453159870:119
[   68804ms] [LOG] [LandingPage] Loading section: repo-fashion @ http://localhost:5173/src/components/landing/LandingPage.jsx?t=1787453159870:122
[   68804ms] [LOG] [LandingPage] IntersectionObserver fired for apps [Object] @ http://localhost:5173/src/components/landing/LandingPage.jsx?t=1787453159870:119
[   68805ms] [LOG] [LandingPage] Loading section: apps @ http://localhost:5173/src/components/landing/LandingPage.jsx?t=1787453159870:122
[   68805ms] [LOG] [LandingPage] IntersectionObserver fired for comparison [Object] @ http://localhost:5173/src/components/landing/LandingPage.jsx?t=1787453159870:119
[   68805ms] [LOG] [LandingPage] Loading section: comparison @ http://localhost:5173/src/components/landing/LandingPage.jsx?t=1787453159870:122
[   68805ms] [LOG] [LandingPage] IntersectionObserver fired for hook [Object] @ http://localhost:5173/src/components/landing/LandingPage.jsx?t=1787453159870:119
[   68805ms] [LOG] [LandingPage] Loading section: hook @ http://localhost:5173/src/components/landing/LandingPage.jsx?t=1787453159870:122
[   68806ms] [LOG] [LandingPage] IntersectionObserver fired for repo-animation [Object] @ http://localhost:5173/src/components/landing/LandingPage.jsx?t=1787453159870:119
[   68806ms] [LOG] [LandingPage] Loading section: repo-animation @ http://localhost:5173/src/components/landing/LandingPage.jsx?t=1787453159870:122
[   68806ms] [LOG] [LandingPage] IntersectionObserver fired for gtm-boost [Object] @ http://localhost:5173/src/components/landing/LandingPage.jsx?t=1787453159870:119
[   68806ms] [LOG] [LandingPage] Loading section: gtm-boost @ http://localhost:5173/src/components/landing/LandingPage.jsx?t=1787453159870:122
[   68807ms] [LOG] [LandingPage] IntersectionObserver fired for repo-animated [Object] @ http://localhost:5173/src/components/landing/LandingPage.jsx?t=1787453159870:119
[   68807ms] [LOG] [LandingPage] Loading section: repo-animated @ http://localhost:5173/src/components/landing/LandingPage.jsx?t=1787453159870:122
[   68807ms] [LOG] [LandingPage] IntersectionObserver fired for cta [Object] @ http://localhost:5173/src/components/landing/LandingPage.jsx?t=1787453159870:119
[   68807ms] [LOG] [LandingPage] Loading section: cta @ http://localhost:5173/src/components/landing/LandingPage.jsx?t=1787453159870:122
[   68807ms] [LOG] [LandingPage] IntersectionObserver fired for problem [Object] @ http://localhost:5173/src/components/landing/LandingPage.jsx?t=1787453159870:119
[   68808ms] [LOG] [LandingPage] Loading section: problem @ http://localhost:5173/src/components/landing/LandingPage.jsx?t=1787453159870:122
[   68809ms] [LOG] [LandingPage] IntersectionObserver fired for features [Object] @ http://localhost:5173/src/components/landing/LandingPage.jsx?t=1787453159870:119
[   68809ms] [LOG] [LandingPage] Loading section: features @ http://localhost:5173/src/components/landing/LandingPage.jsx?t=1787453159870:122
[   68809ms] [LOG] [LandingPage] IntersectionObserver fired for offer [Object] @ http://localhost:5173/src/components/landing/LandingPage.jsx?t=1787453159870:119
[   68809ms] [LOG] [LandingPage] Loading section: offer @ http://localhost:5173/src/components/landing/LandingPage.jsx?t=1787453159870:122
[   68810ms] [LOG] [LandingPage] IntersectionObserver fired for repo-social-ads [Object] @ http://localhost:5173/src/components/landing/LandingPage.jsx?t=1787453159870:119
[   68810ms] [LOG] [LandingPage] Loading section: repo-social-ads @ http://localhost:5173/src/components/landing/LandingPage.jsx?t=1787453159870:122
[   68810ms] [LOG] [LandingPage] IntersectionObserver fired for repos [Object] @ http://localhost:5173/src/components/landing/LandingPage.jsx?t=1787453159870:119
[   68810ms] [LOG] [LandingPage] Loading section: repos @ http://localhost:5173/src/components/landing/LandingPage.jsx?t=1787453159870:122
[   68811ms] [LOG] [LandingPage] IntersectionObserver fired for value [Object] @ http://localhost:5173/src/components/landing/LandingPage.jsx?t=1787453159870:119
[   68811ms] [LOG] [LandingPage] Loading section: value @ http://localhost:5173/src/components/landing/LandingPage.jsx?t=1787453159870:122
[   68811ms] [LOG] [LandingPage] IntersectionObserver fired for scrolling [Object] @ http://localhost:5173/src/components/landing/LandingPage.jsx?t=1787453159870:119
[   68812ms] [LOG] [LandingPage] Loading section: scrolling @ http://localhost:5173/src/components/landing/LandingPage.jsx?t=1787453159870:122
[   69454ms] [LOG] [LandingPage] Section loaded: agency @ http://localhost:5173/src/components/landing/LandingPage.jsx?t=1787453159870:141
[   69500ms] [LOG] [LandingPage] Section loaded: workflow @ http://localhost:5173/src/components/landing/LandingPage.jsx?t=1787453159870:141
[   69515ms] [LOG] [LandingPage] Section loaded: engines @ http://localhost:5173/src/components/landing/LandingPage.jsx?t=1787453159870:141
[   69521ms] [LOG] [LandingPage] Section loaded: comparison @ http://localhost:5173/src/components/landing/LandingPage.jsx?t=1787453159870:141
[   69524ms] [LOG] [LandingPage] Section loaded: hook @ http://localhost:5173/src/components/landing/LandingPage.jsx?t=1787453159870:141
[   69571ms] [LOG] [LandingPage] Section loaded: cta @ http://localhost:5173/src/components/landing/LandingPage.jsx?t=1787453159870:141
[   69573ms] [LOG] [LandingPage] Section loaded: problem @ http://localhost:5173/src/components/landing/LandingPage.jsx?t=1787453159870:141
[   69573ms] [LOG] [LandingPage] Section loaded: features @ http://localhost:5173/src/components/landing/LandingPage.jsx?t=1787453159870:141
[   69580ms] [LOG] [LandingPage] Section loaded: offer @ http://localhost:5173/src/components/landing/LandingPage.jsx?t=1787453159870:141
[   69581ms] [LOG] [LandingPage] Section loaded: value @ http://localhost:5173/src/components/landing/LandingPage.jsx?t=1787453159870:141
[   69665ms] [LOG] [LandingPage] Section loaded: scrolling @ http://localhost:5173/src/components/landing/LandingPage.jsx?t=1787453159870:141
[   69668ms] [LOG] [LandingPage] Section loaded: ai-workflow @ http://localhost:5173/src/components/landing/LandingPage.jsx?t=1787453159870:141
[   69748ms] [LOG] [LandingPage] Section loaded: repos @ http://localhost:5173/src/components/landing/LandingPage.jsx?t=1787453159870:141
[   69769ms] [LOG] [LandingPage] Section loaded: gtm-boost @ http://localhost:5173/src/components/landing/LandingPage.jsx?t=1787453159870:141
[   69782ms] [LOG] [LandingPage] Section loaded: made-with @ http://localhost:5173/src/components/landing/LandingPage.jsx?t=1787453159870:141
[   69787ms] [LOG] [LandingPage] Section loaded: ugc @ http://localhost:5173/src/components/landing/LandingPage.jsx?t=1787453159870:141
[   69798ms] [LOG] [LandingPage] Section loaded: gallery @ http://localhost:5173/src/components/landing/LandingPage.jsx?t=1787453159870:141
[   69812ms] [LOG] [LandingPage] Section loaded: repo-animated @ http://localhost:5173/src/components/landing/LandingPage.jsx?t=1787453159870:141
[   69822ms] [LOG] [LandingPage] Section loaded: repo-social-ads @ http://localhost:5173/src/components/landing/LandingPage.jsx?t=1787453159870:141
[   69833ms] [LOG] [LandingPage] Section loaded: repo-ecommerce @ http://localhost:5173/src/components/landing/LandingPage.jsx?t=1787453159870:141
[   69845ms] [LOG] [LandingPage] Section loaded: repo-kinetic @ http://localhost:5173/src/components/landing/LandingPage.jsx?t=1787453159870:141
[   69856ms] [LOG] [LandingPage] Section loaded: repo-vertical @ http://localhost:5173/src/components/landing/LandingPage.jsx?t=1787453159870:141
[   69864ms] [LOG] [LandingPage] Section loaded: repo-fashion @ http://localhost:5173/src/components/landing/LandingPage.jsx?t=1787453159870:141
[   70104ms] [LOG] [LandingPage] Section loaded: repo-vfx @ http://localhost:5173/src/components/landing/LandingPage.jsx?t=1787453159870:141
[   70116ms] [LOG] [LandingPage] Section loaded: repo-commercial @ http://localhost:5173/src/components/landing/LandingPage.jsx?t=1787453159870:141
[   70123ms] [LOG] [LandingPage] Section loaded: repo-animation @ http://localhost:5173/src/components/landing/LandingPage.jsx?t=1787453159870:141
[   70135ms] [LOG] [LandingPage] Section loaded: repo-narrative @ http://localhost:5173/src/components/landing/LandingPage.jsx?t=1787453159870:141
[   70146ms] [LOG] [LandingPage] Section loaded: repo-cinema @ http://localhost:5173/src/components/landing/LandingPage.jsx?t=1787453159870:141
[   70154ms] [LOG] [LandingPage] Section loaded: repo-reference @ http://localhost:5173/src/components/landing/LandingPage.jsx?t=1787453159870:141
[   70162ms] [LOG] [LandingPage] Section loaded: apps @ http://localhost:5173/src/components/landing/LandingPage.jsx?t=1787453159870:141
[   70184ms] [LOG] [LandingPage] Section loaded: academy @ http://localhost:5173/src/components/landing/LandingPage.jsx?t=1787453159870:141
[   70441ms] [INFO] %cDownload the React DevTools for a better development experience: https://react.dev/link/react-devtools font-weight:bold @ http://localhost:5173/node_modules/.vite/deps/chunk-EEAUBQDT.js?v=93c1ec86:20096
[   70448ms] [ERROR] [ModalSystem] mount failed TypeError: Class constructor SortableElement cannot be invoked without 'new'
    at http://localhost:5173/components/modals/RetargetOptInModal.jsx?t=1787453159870:26:22 @ http://localhost:5173/src/main.js?t=1787453159870:329
[   70450ms] [ERROR] [popcorn-init] FAILED at: plugin-image TypeError: Class constructor SortableElement cannot be invoked without 'new'
    at http://localhost:5173/components/modals/RetargetOptInModal.jsx?t=1787453159870:26:22 @ http://localhost:5173/src/lib/popcornInit.js?t=1787453159870:55
[   70546ms] [ERROR] [popcorn-init] FAILED at: plugin-jsonTransition TypeError: Class constructor SortableElement cannot be invoked without 'new'
    at http://localhost:5173/components/modals/RetargetOptInModal.jsx?t=1787453159870:26:22 @ http://localhost:5173/src/lib/popcornInit.js?t=1787453159870:55
[   70646ms] [ERROR] [popcorn-init] FAILED at: plugin-lottie-json TypeError: Class constructor SortableElement cannot be invoked without 'new'
    at http://localhost:5173/components/modals/RetargetOptInModal.jsx?t=1787453159870:26:22 @ http://localhost:5173/src/lib/popcornInit.js?t=1787453159870:55
[   70812ms] [LOG] [popcorn-init] OK: plugin-json-button @ http://localhost:5173/src/lib/popcornInit.js?t=1787453159870:48
[   70862ms] [ERROR] [popcorn-init] FAILED at: plugin-personalizedImage TypeError: Class constructor SortableElement cannot be invoked without 'new'
    at http://localhost:5173/components/modals/RetargetOptInModal.jsx?t=1787453159870:26:22 @ http://localhost:5173/src/lib/popcornInit.js?t=1787453159870:55
[   70884ms] [ERROR] [popcorn-init] FAILED at: plugin-loopPlugin TypeError: Class constructor SortableElement cannot be invoked without 'new'
    at http://localhost:5173/components/modals/RetargetOptInModal.jsx?t=1787453159870:26:22 @ http://localhost:5173/src/lib/popcornInit.js?t=1787453159870:55
[   71170ms] [ERROR] [popcorn-init] FAILED at: plugin-pausePlugin TypeError: Class constructor SortableElement cannot be invoked without 'new'
    at http://localhost:5173/components/modals/RetargetOptInModal.jsx?t=1787453159870:26:22 @ http://localhost:5173/src/lib/popcornInit.js?t=1787453159870:55
[   71203ms] [ERROR] [popcorn-init] FAILED at: plugin-form TypeError: Class constructor SortableElement cannot be invoked without 'new'
    at http://localhost:5173/components/modals/RetargetOptInModal.jsx?t=1787453159870:26:22 @ http://localhost:5173/src/lib/popcornInit.js?t=1787453159870:55
[   71226ms] [ERROR] [popcorn-init] FAILED at: plugin-retarget TypeError: Class constructor SortableElement cannot be invoked without 'new'
    at http://localhost:5173/components/modals/RetargetOptInModal.jsx?t=1787453159870:26:22 @ http://localhost:5173/src/lib/popcornInit.js?t=1787453159870:55
[   71234ms] [LOG] [popcorn-init] OK: plugin-popup @ http://localhost:5173/src/lib/popcornInit.js?t=1787453159870:48
[   71243ms] [ERROR] [popcorn-init] FAILED at: plugin-sequencer TypeError: Class constructor SortableElement cannot be invoked without 'new'
    at http://localhost:5173/components/modals/RetargetOptInModal.jsx?t=1787453159870:26:22 @ http://localhost:5173/src/lib/popcornInit.js?t=1787453159870:55
[   71252ms] [ERROR] [popcorn-init] FAILED at: plugin-skip TypeError: Class constructor SortableElement cannot be invoked without 'new'
    at http://localhost:5173/components/modals/RetargetOptInModal.jsx?t=1787453159870:26:22 @ http://localhost:5173/src/lib/popcornInit.js?t=1787453159870:55
[   71404ms] [ERROR] [popcorn-init] FAILED at: plugin-text TypeError: Class constructor SortableElement cannot be invoked without 'new'
    at http://localhost:5173/components/modals/RetargetOptInModal.jsx?t=1787453159870:26:22 @ http://localhost:5173/src/lib/popcornInit.js?t=1787453159870:55
[   71543ms] [LOG] [popcorn-init] OK: plugin-social @ http://localhost:5173/src/lib/popcornInit.js?t=1787453159870:48
[   71608ms] [ERROR] [popcorn-init] FAILED at: plugin-jsonAnimation TypeError: Class constructor SortableElement cannot be invoked without 'new'
    at http://localhost:5173/components/modals/RetargetOptInModal.jsx?t=1787453159870:26:22 @ http://localhost:5173/src/lib/popcornInit.js?t=1787453159870:55
[   71636ms] [LOG] [popcorn-init] OK: plugin-videoTransition @ http://localhost:5173/src/lib/popcornInit.js?t=1787453159870:48
[   71646ms] [ERROR] [popcorn-init] FAILED at: plugin-seethroughtext TypeError: Class constructor SortableElement cannot be invoked without 'new'
    at http://localhost:5173/components/modals/RetargetOptInModal.jsx?t=1787453159870:26:22 @ http://localhost:5173/src/lib/popcornInit.js?t=1787453159870:55
[   71654ms] [LOG] [popcorn-init] OK: plugin-wikipedia @ http://localhost:5173/src/lib/popcornInit.js?t=1787453159870:48
[   71667ms] [ERROR] [popcorn-init] FAILED at: plugin-combined TypeError: Class constructor SortableElement cannot be invoked without 'new'
    at http://localhost:5173/components/modals/RetargetOptInModal.jsx?t=1787453159870:26:22 @ http://localhost:5173/src/lib/popcornInit.js?t=1787453159870:55
[   71688ms] [ERROR] [popcorn-init] FAILED at: plugin-background TypeError: Class constructor SortableElement cannot be invoked without 'new'
    at http://localhost:5173/components/modals/RetargetOptInModal.jsx?t=1787453159870:26:22 @ http://localhost:5173/src/lib/popcornInit.js?t=1787453159870:55
[   71689ms] [LOG] [popcorn-init] SUMMARY: 5/20 plugins registered; FAILED: plugin-image, plugin-jsonTransition, plugin-lottie-json, plugin-personalizedImage, plugin-loopPlugin, plugin-pausePlugin, plugin-form, plugin-retarget, plugin-sequencer, plugin-skip, plugin-text, plugin-jsonAnimation, plugin-seethroughtext, plugin-combined, plugin-background @ http://localhost:5173/src/lib/popcornInit.js?t=1787453159870:60
[   71689ms] [LOG] [popcorn] function 5 @ http://localhost:5173/src/main.js?t=1787453159870:4
[   73017ms] [LOG] [App] Starting initialization... @ http://localhost:5173/src/main.js?t=1787453159870:19
[   73025ms] [LOG] [popcorn-init] OK: jquery @ http://localhost:5173/src/lib/popcornInit.js?t=1787453159870:41
[   73027ms] [LOG] [popcorn-init] OK: jquery-textfill @ http://localhost:5173/src/lib/popcornInit.js?t=1787453159870:48
[   73029ms] [LOG] [popcorn-init] OK: popcorn-core @ http://localhost:5173/src/lib/popcornInit.js?t=1787453159870:48
[   73030ms] [LOG] [popcorn-init] OK: popcorn-ie8 @ http://localhost:5173/src/lib/popcornInit.js?t=1787453159870:48
[   73031ms] [LOG] [popcorn-init] OK: wrapper-common @ http://localhost:5173/src/lib/popcornInit.js?t=1787453159870:48
[   73032ms] [LOG] [popcorn-init] OK: wrapper-html5 @ http://localhost:5173/src/lib/popcornInit.js?t=1787453159870:48
[   73034ms] [LOG] [popcorn-init] OK: wrapper-vrview @ http://localhost:5173/src/lib/popcornInit.js?t=1787453159870:48
[   73035ms] [LOG] [popcorn-init] OK: wrapper-adaptive @ http://localhost:5173/src/lib/popcornInit.js?t=1787453159870:48
[   73037ms] [LOG] [popcorn-init] OK: wrapper-null @ http://localhost:5173/src/lib/popcornInit.js?t=1787453159870:48
[   73037ms] [LOG] [popcorn-init] OK: wrapper-soundcloud @ http://localhost:5173/src/lib/popcornInit.js?t=1787453159870:48
[   73038ms] [LOG] [popcorn-init] OK: wrapper-vimeo @ http://localhost:5173/src/lib/popcornInit.js?t=1787453159870:48
[   73038ms] [LOG] [popcorn-init] OK: wrapper-youtube @ http://localhost:5173/src/lib/popcornInit.js?t=1787453159870:48
[   73069ms] [LOG] [popcorn-init] OK: wrapper-jwplayer @ http://localhost:5173/src/lib/popcornInit.js?t=1787453159870:48
[   73116ms] [LOG] [popcorn-init] OK: player-module @ http://localhost:5173/src/lib/popcornInit.js?t=1787453159870:48
[   73119ms] [LOG] [LandingPage] Header.jsx loaded @ http://localhost:5173/src/components/landing/LandingPage.jsx?t=1787453159870:176
[   73440ms] [LOG] [LandingPage] CinematicVideoHero.jsx loaded @ http://localhost:5173/src/components/landing/LandingPage.jsx?t=1787453159870:189
[   73652ms] [LOG] [LandingPage] HeroSection.jsx loaded @ http://localhost:5173/src/components/landing/LandingPage.jsx?t=1787453159870:202
[   73653ms] [LOG] [LandingPage] Observer created for: scrolling placeholder id: section-scrolling @ http://localhost:5173/src/components/landing/LandingPage.jsx?t=1787453159870:160
[   73653ms] [LOG] [LandingPage] Observer created for: hook placeholder id: section-hook @ http://localhost:5173/src/components/landing/LandingPage.jsx?t=1787453159870:160
[   73653ms] [LOG] [LandingPage] Observer created for: engines placeholder id: section-engines @ http://localhost:5173/src/components/landing/LandingPage.jsx?t=1787453159870:160
[   73653ms] [LOG] [LandingPage] Observer created for: apps placeholder id: section-apps @ http://localhost:5173/src/components/landing/LandingPage.jsx?t=1787453159870:160
[   73653ms] [LOG] [LandingPage] Observer created for: features placeholder id: section-features @ http://localhost:5173/src/components/landing/LandingPage.jsx?t=1787453159870:160
[   73653ms] [LOG] [LandingPage] Observer created for: problem placeholder id: section-problem @ http://localhost:5173/src/components/landing/LandingPage.jsx?t=1787453159870:160
[   73653ms] [LOG] [LandingPage] Observer created for: workflow placeholder id: section-workflow @ http://localhost:5173/src/components/landing/LandingPage.jsx?t=1787453159870:160
[   73653ms] [LOG] [LandingPage] Observer created for: comparison placeholder id: section-comparison @ http://localhost:5173/src/components/landing/LandingPage.jsx?t=1787453159870:160
[   73653ms] [LOG] [LandingPage] Observer created for: value placeholder id: section-value @ http://localhost:5173/src/components/landing/LandingPage.jsx?t=1787453159870:160
[   73653ms] [LOG] [LandingPage] Observer created for: agency placeholder id: section-agency @ http://localhost:5173/src/components/landing/LandingPage.jsx?t=1787453159870:160
[   73653ms] [LOG] [LandingPage] Observer created for: offer placeholder id: section-offer @ http://localhost:5173/src/components/landing/LandingPage.jsx?t=1787453159870:160
[   73653ms] [LOG] [LandingPage] Observer created for: cta placeholder id: section-cta @ http://localhost:5173/src/components/landing/LandingPage.jsx?t=1787453159870:160
[   73654ms] [LOG] [LandingPage] Observer created for: ai-workflow placeholder id: section-ai-workflow @ http://localhost:5173/src/components/landing/LandingPage.jsx?t=1787453159870:160
[   73654ms] [LOG] [LandingPage] Observer created for: made-with placeholder id: section-made-with @ http://localhost:5173/src/components/landing/LandingPage.jsx?t=1787453159870:160
[   73654ms] [LOG] [LandingPage] Observer created for: ugc placeholder id: section-ugc @ http://localhost:5173/src/components/landing/LandingPage.jsx?t=1787453159870:160
[   73654ms] [LOG] [LandingPage] Observer created for: gallery placeholder id: section-gallery @ http://localhost:5173/src/components/landing/LandingPage.jsx?t=1787453159870:160
[   73654ms] [LOG] [LandingPage] Observer created for: academy placeholder id: section-academy @ http://localhost:5173/src/components/landing/LandingPage.jsx?t=1787453159870:160
[   73654ms] [LOG] [LandingPage] Observer created for: repo-cinema placeholder id: section-repo-cinema @ http://localhost:5173/src/components/landing/LandingPage.jsx?t=1787453159870:160
[   73654ms] [LOG] [LandingPage] Observer created for: repo-commercial placeholder id: section-repo-commercial @ http://localhost:5173/src/components/landing/LandingPage.jsx?t=1787453159870:160
[   73654ms] [LOG] [LandingPage] Observer created for: repo-social-ads placeholder id: section-repo-social-ads @ http://localhost:5173/src/components/landing/LandingPage.jsx?t=1787453159870:160
[   73654ms] [LOG] [LandingPage] Observer created for: repo-narrative placeholder id: section-repo-narrative @ http://localhost:5173/src/components/landing/LandingPage.jsx?t=1787453159870:160
[   73654ms] [LOG] [LandingPage] Observer created for: repo-vertical placeholder id: section-repo-vertical @ http://localhost:5173/src/components/landing/LandingPage.jsx?t=1787453159870:160
[   73654ms] [LOG] [LandingPage] Observer created for: repo-ecommerce placeholder id: section-repo-ecommerce @ http://localhost:5173/src/components/landing/LandingPage.jsx?t=1787453159870:160
[   73654ms] [LOG] [LandingPage] Observer created for: repo-kinetic placeholder id: section-repo-kinetic @ http://localhost:5173/src/components/landing/LandingPage.jsx?t=1787453159870:160
[   73654ms] [LOG] [LandingPage] Observer created for: repo-animated placeholder id: section-repo-animated @ http://localhost:5173/src/components/landing/LandingPage.jsx?t=1787453159870:160
[   73654ms] [LOG] [LandingPage] Observer created for: repo-animation placeholder id: section-repo-animation @ http://localhost:5173/src/components/landing/LandingPage.jsx?t=1787453159870:160
[   73654ms] [LOG] [LandingPage] Observer created for: repo-reference placeholder id: section-repo-reference @ http://localhost:5173/src/components/landing/LandingPage.jsx?t=1787453159870:160
[   73654ms] [LOG] [LandingPage] Observer created for: repo-vfx placeholder id: section-repo-vfx @ http://localhost:5173/src/components/landing/LandingPage.jsx?t=1787453159870:160
[   73654ms] [LOG] [LandingPage] Observer created for: repo-fashion placeholder id: section-repo-fashion @ http://localhost:5173/src/components/landing/LandingPage.jsx?t=1787453159870:160
[   73654ms] [LOG] [LandingPage] Observer created for: repos placeholder id: section-repos @ http://localhost:5173/src/components/landing/LandingPage.jsx?t=1787453159870:160
[   73655ms] [LOG] [LandingPage] Observer created for: gtm-boost placeholder id: section-gtm-boost @ http://localhost:5173/src/components/landing/LandingPage.jsx?t=1787453159870:160
[   73655ms] [LOG] [App] Landing page rendered @ http://localhost:5173/src/main.js?t=1787453159870:88
[   73669ms] [LOG] [LandingPage] IntersectionObserver fired for comparison [Object] @ http://localhost:5173/src/components/landing/LandingPage.jsx?t=1787453159870:119
[   73669ms] [LOG] [LandingPage] Loading section: comparison @ http://localhost:5173/src/components/landing/LandingPage.jsx?t=1787453159870:122
[   73669ms] [LOG] [LandingPage] IntersectionObserver fired for ugc [Object] @ http://localhost:5173/src/components/landing/LandingPage.jsx?t=1787453159870:119
[   73669ms] [LOG] [LandingPage] Loading section: ugc @ http://localhost:5173/src/components/landing/LandingPage.jsx?t=1787453159870:122
[   73670ms] [LOG] [LandingPage] IntersectionObserver fired for agency [Object] @ http://localhost:5173/src/components/landing/LandingPage.jsx?t=1787453159870:119
[   73670ms] [LOG] [LandingPage] Loading section: agency @ http://localhost:5173/src/components/landing/LandingPage.jsx?t=1787453159870:122
[   73670ms] [LOG] [LandingPage] IntersectionObserver fired for problem [Object] @ http://localhost:5173/src/components/landing/LandingPage.jsx?t=1787453159870:119
[   73670ms] [LOG] [LandingPage] Loading section: problem @ http://localhost:5173/src/components/landing/LandingPage.jsx?t=1787453159870:122
[   73671ms] [LOG] [LandingPage] IntersectionObserver fired for value [Object] @ http://localhost:5173/src/components/landing/LandingPage.jsx?t=1787453159870:119
[   73671ms] [LOG] [LandingPage] Loading section: value @ http://localhost:5173/src/components/landing/LandingPage.jsx?t=1787453159870:122
[   73671ms] [LOG] [LandingPage] IntersectionObserver fired for repo-animation [Object] @ http://localhost:5173/src/components/landing/LandingPage.jsx?t=1787453159870:119
[   73671ms] [LOG] [LandingPage] Loading section: repo-animation @ http://localhost:5173/src/components/landing/LandingPage.jsx?t=1787453159870:122
[   73671ms] [LOG] [LandingPage] IntersectionObserver fired for repo-narrative [Object] @ http://localhost:5173/src/components/landing/LandingPage.jsx?t=1787453159870:119
[   73671ms] [LOG] [LandingPage] Loading section: repo-narrative @ http://localhost:5173/src/components/landing/LandingPage.jsx?t=1787453159870:122
[   73671ms] [LOG] [LandingPage] IntersectionObserver fired for repo-animated [Object] @ http://localhost:5173/src/components/landing/LandingPage.jsx?t=1787453159870:119
[   73671ms] [LOG] [LandingPage] Loading section: repo-animated @ http://localhost:5173/src/components/landing/LandingPage.jsx?t=1787453159870:122
[   73671ms] [LOG] [LandingPage] IntersectionObserver fired for cta [Object] @ http://localhost:5173/src/components/landing/LandingPage.jsx?t=1787453159870:119
[   73672ms] [LOG] [LandingPage] Loading section: cta @ http://localhost:5173/src/components/landing/LandingPage.jsx?t=1787453159870:122
[   73672ms] [LOG] [LandingPage] IntersectionObserver fired for offer [Object] @ http://localhost:5173/src/components/landing/LandingPage.jsx?t=1787453159870:119
[   73672ms] [LOG] [LandingPage] Loading section: offer @ http://localhost:5173/src/components/landing/LandingPage.jsx?t=1787453159870:122
[   73672ms] [LOG] [LandingPage] IntersectionObserver fired for scrolling [Object] @ http://localhost:5173/src/components/landing/LandingPage.jsx?t=1787453159870:119
[   73672ms] [LOG] [LandingPage] Loading section: scrolling @ http://localhost:5173/src/components/landing/LandingPage.jsx?t=1787453159870:122
[   73672ms] [LOG] [LandingPage] IntersectionObserver fired for made-with [Object] @ http://localhost:5173/src/components/landing/LandingPage.jsx?t=1787453159870:119
[   73672ms] [LOG] [LandingPage] Loading section: made-with @ http://localhost:5173/src/components/landing/LandingPage.jsx?t=1787453159870:122
[   73673ms] [LOG] [LandingPage] IntersectionObserver fired for repo-cinema [Object] @ http://localhost:5173/src/components/landing/LandingPage.jsx?t=1787453159870:119
[   73673ms] [LOG] [LandingPage] Loading section: repo-cinema @ http://localhost:5173/src/components/landing/LandingPage.jsx?t=1787453159870:122
[   73673ms] [LOG] [LandingPage] IntersectionObserver fired for ai-workflow [Object] @ http://localhost:5173/src/components/landing/LandingPage.jsx?t=1787453159870:119
[   73673ms] [LOG] [LandingPage] Loading section: ai-workflow @ http://localhost:5173/src/components/landing/LandingPage.jsx?t=1787453159870:122
[   73673ms] [LOG] [LandingPage] IntersectionObserver fired for repo-kinetic [Object] @ http://localhost:5173/src/components/landing/LandingPage.jsx?t=1787453159870:119
[   73673ms] [LOG] [LandingPage] Loading section: repo-kinetic @ http://localhost:5173/src/components/landing/LandingPage.jsx?t=1787453159870:122
[   73673ms] [LOG] [LandingPage] IntersectionObserver fired for repo-vertical [Object] @ http://localhost:5173/src/components/landing/LandingPage.jsx?t=1787453159870:119
[   73673ms] [LOG] [LandingPage] Loading section: repo-vertical @ http://localhost:5173/src/components/landing/LandingPage.jsx?t=1787453159870:122
[   73673ms] [LOG] [LandingPage] IntersectionObserver fired for workflow [Object] @ http://localhost:5173/src/components/landing/LandingPage.jsx?t=1787453159870:119
[   73674ms] [LOG] [LandingPage] Loading section: workflow @ http://localhost:5173/src/components/landing/LandingPage.jsx?t=1787453159870:122
[   73674ms] [LOG] [LandingPage] IntersectionObserver fired for repo-reference [Object] @ http://localhost:5173/src/components/landing/LandingPage.jsx?t=1787453159870:119
[   73674ms] [LOG] [LandingPage] Loading section: repo-reference @ http://localhost:5173/src/components/landing/LandingPage.jsx?t=1787453159870:122
[   73674ms] [LOG] [LandingPage] IntersectionObserver fired for academy [Object] @ http://localhost:5173/src/components/landing/LandingPage.jsx?t=1787453159870:119
[   73674ms] [LOG] [LandingPage] Loading section: academy @ http://localhost:5173/src/components/landing/LandingPage.jsx?t=1787453159870:122
[   73674ms] [LOG] [LandingPage] IntersectionObserver fired for repo-vfx [Object] @ http://localhost:5173/src/components/landing/LandingPage.jsx?t=1787453159870:119
[   73674ms] [LOG] [LandingPage] Loading section: repo-vfx @ http://localhost:5173/src/components/landing/LandingPage.jsx?t=1787453159870:122
[   73674ms] [LOG] [LandingPage] IntersectionObserver fired for repo-social-ads [Object] @ http://localhost:5173/src/components/landing/LandingPage.jsx?t=1787453159870:119
[   73674ms] [LOG] [LandingPage] Loading section: repo-social-ads @ http://localhost:5173/src/components/landing/LandingPage.jsx?t=1787453159870:122
[   73675ms] [LOG] [LandingPage] IntersectionObserver fired for repo-ecommerce [Object] @ http://localhost:5173/src/components/landing/LandingPage.jsx?t=1787453159870:119
[   73675ms] [LOG] [LandingPage] Loading section: repo-ecommerce @ http://localhost:5173/src/components/landing/LandingPage.jsx?t=1787453159870:122
[   73675ms] [LOG] [LandingPage] IntersectionObserver fired for gallery [Object] @ http://localhost:5173/src/components/landing/LandingPage.jsx?t=1787453159870:119
[   73675ms] [LOG] [LandingPage] Loading section: gallery @ http://localhost:5173/src/components/landing/LandingPage.jsx?t=1787453159870:122
[   73675ms] [LOG] [LandingPage] IntersectionObserver fired for apps [Object] @ http://localhost:5173/src/components/landing/LandingPage.jsx?t=1787453159870:119
[   73675ms] [LOG] [LandingPage] Loading section: apps @ http://localhost:5173/src/components/landing/LandingPage.jsx?t=1787453159870:122
[   73675ms] [LOG] [LandingPage] IntersectionObserver fired for repo-fashion [Object] @ http://localhost:5173/src/components/landing/LandingPage.jsx?t=1787453159870:119
[   73676ms] [LOG] [LandingPage] Loading section: repo-fashion @ http://localhost:5173/src/components/landing/LandingPage.jsx?t=1787453159870:122
[   73676ms] [LOG] [LandingPage] IntersectionObserver fired for gtm-boost [Object] @ http://localhost:5173/src/components/landing/LandingPage.jsx?t=1787453159870:119
[   73676ms] [LOG] [LandingPage] Loading section: gtm-boost @ http://localhost:5173/src/components/landing/LandingPage.jsx?t=1787453159870:122
[   73676ms] [LOG] [LandingPage] IntersectionObserver fired for hook [Object] @ http://localhost:5173/src/components/landing/LandingPage.jsx?t=1787453159870:119
[   73676ms] [LOG] [LandingPage] Loading section: hook @ http://localhost:5173/src/components/landing/LandingPage.jsx?t=1787453159870:122
[   73677ms] [LOG] [LandingPage] IntersectionObserver fired for features [Object] @ http://localhost:5173/src/components/landing/LandingPage.jsx?t=1787453159870:119
[   73677ms] [LOG] [LandingPage] Loading section: features @ http://localhost:5173/src/components/landing/LandingPage.jsx?t=1787453159870:122
[   73677ms] [LOG] [LandingPage] IntersectionObserver fired for engines [Object] @ http://localhost:5173/src/components/landing/LandingPage.jsx?t=1787453159870:119
[   73677ms] [LOG] [LandingPage] Loading section: engines @ http://localhost:5173/src/components/landing/LandingPage.jsx?t=1787453159870:122
[   73677ms] [LOG] [LandingPage] IntersectionObserver fired for repo-commercial [Object] @ http://localhost:5173/src/components/landing/LandingPage.jsx?t=1787453159870:119
[   73677ms] [LOG] [LandingPage] Loading section: repo-commercial @ http://localhost:5173/src/components/landing/LandingPage.jsx?t=1787453159870:122
[   73678ms] [LOG] [LandingPage] IntersectionObserver fired for repos [Object] @ http://localhost:5173/src/components/landing/LandingPage.jsx?t=1787453159870:119
[   73678ms] [LOG] [LandingPage] Loading section: repos @ http://localhost:5173/src/components/landing/LandingPage.jsx?t=1787453159870:122
[   73746ms] [LOG] [LandingPage] Section loaded: comparison @ http://localhost:5173/src/components/landing/LandingPage.jsx?t=1787453159870:141
[   73752ms] [LOG] [LandingPage] Section loaded: agency @ http://localhost:5173/src/components/landing/LandingPage.jsx?t=1787453159870:141
[   73752ms] [LOG] [LandingPage] Section loaded: problem @ http://localhost:5173/src/components/landing/LandingPage.jsx?t=1787453159870:141
[   73772ms] [LOG] [LandingPage] Section loaded: value @ http://localhost:5173/src/components/landing/LandingPage.jsx?t=1787453159870:141
[   73783ms] [LOG] [LandingPage] Section loaded: cta @ http://localhost:5173/src/components/landing/LandingPage.jsx?t=1787453159870:141
[   73798ms] [LOG] [LandingPage] Section loaded: offer @ http://localhost:5173/src/components/landing/LandingPage.jsx?t=1787453159870:141
[   73804ms] [LOG] [LandingPage] Section loaded: scrolling @ http://localhost:5173/src/components/landing/LandingPage.jsx?t=1787453159870:141
[   73806ms] [LOG] [LandingPage] Section loaded: workflow @ http://localhost:5173/src/components/landing/LandingPage.jsx?t=1787453159870:141
[   73984ms] [LOG] [LandingPage] Section loaded: hook @ http://localhost:5173/src/components/landing/LandingPage.jsx?t=1787453159870:141
[   73985ms] [LOG] [LandingPage] Section loaded: features @ http://localhost:5173/src/components/landing/LandingPage.jsx?t=1787453159870:141
[   73998ms] [LOG] [LandingPage] Section loaded: engines @ http://localhost:5173/src/components/landing/LandingPage.jsx?t=1787453159870:141
[   74138ms] [LOG] [LandingPage] Section loaded: apps @ http://localhost:5173/src/components/landing/LandingPage.jsx?t=1787453159870:141
[   74163ms] [LOG] [LandingPage] Section loaded: ugc @ http://localhost:5173/src/components/landing/LandingPage.jsx?t=1787453159870:141
[   74167ms] [LOG] [LandingPage] Section loaded: gtm-boost @ http://localhost:5173/src/components/landing/LandingPage.jsx?t=1787453159870:141
[   74200ms] [LOG] [LandingPage] Section loaded: gallery @ http://localhost:5173/src/components/landing/LandingPage.jsx?t=1787453159870:141
[   74229ms] [LOG] [LandingPage] Section loaded: made-with @ http://localhost:5173/src/components/landing/LandingPage.jsx?t=1787453159870:141
[   74264ms] [LOG] [LandingPage] Section loaded: academy @ http://localhost:5173/src/components/landing/LandingPage.jsx?t=1787453159870:141
[   74401ms] [LOG] [LandingPage] Section loaded: repo-cinema @ http://localhost:5173/src/components/landing/LandingPage.jsx?t=1787453159870:141
[   74435ms] [LOG] [LandingPage] Section loaded: repo-reference @ http://localhost:5173/src/components/landing/LandingPage.jsx?t=1787453159870:141
[   74456ms] [LOG] [LandingPage] Section loaded: repo-social-ads @ http://localhost:5173/src/components/landing/LandingPage.jsx?t=1787453159870:141
[   74529ms] [LOG] [LandingPage] Section loaded: repo-animation @ http://localhost:5173/src/components/landing/LandingPage.jsx?t=1787453159870:141
[   74535ms] [LOG] [LandingPage] Section loaded: repo-vertical @ http://localhost:5173/src/components/landing/LandingPage.jsx?t=1787453159870:141
[   74544ms] [LOG] [LandingPage] Section loaded: repo-ecommerce @ http://localhost:5173/src/components/landing/LandingPage.jsx?t=1787453159870:141
[   74549ms] [LOG] [LandingPage] Section loaded: repo-fashion @ http://localhost:5173/src/components/landing/LandingPage.jsx?t=1787453159870:141
[   74555ms] [LOG] [LandingPage] Section loaded: repo-narrative @ http://localhost:5173/src/components/landing/LandingPage.jsx?t=1787453159870:141
[   74556ms] [LOG] [LandingPage] Section loaded: ai-workflow @ http://localhost:5173/src/components/landing/LandingPage.jsx?t=1787453159870:141
[   74562ms] [LOG] [LandingPage] Section loaded: repo-animated @ http://localhost:5173/src/components/landing/LandingPage.jsx?t=1787453159870:141
[   74569ms] [LOG] [LandingPage] Section loaded: repo-vfx @ http://localhost:5173/src/components/landing/LandingPage.jsx?t=1787453159870:141
[   74576ms] [LOG] [LandingPage] Section loaded: repo-kinetic @ http://localhost:5173/src/components/landing/LandingPage.jsx?t=1787453159870:141
[   74584ms] [LOG] [LandingPage] Section loaded: repo-commercial @ http://localhost:5173/src/components/landing/LandingPage.jsx?t=1787453159870:141
[   74587ms] [LOG] [LandingPage] Section loaded: repos @ http://localhost:5173/src/components/landing/LandingPage.jsx?t=1787453159870:141
[   74850ms] [INFO] %cDownload the React DevTools for a better development experience: https://react.dev/link/react-devtools font-weight:bold @ http://localhost:5173/node_modules/.vite/deps/chunk-EEAUBQDT.js?v=93c1ec86:20096
[   74853ms] [ERROR] [ModalSystem] mount failed TypeError: Class constructor SortableElement cannot be invoked without 'new'
    at http://localhost:5173/components/modals/RetargetOptInModal.jsx?t=1787453159870:26:22 @ http://localhost:5173/src/main.js?t=1787453159870:329
[   74856ms] [ERROR] [popcorn-init] FAILED at: plugin-image TypeError: Class constructor SortableElement cannot be invoked without 'new'
    at http://localhost:5173/components/modals/RetargetOptInModal.jsx?t=1787453159870:26:22 @ http://localhost:5173/src/lib/popcornInit.js?t=1787453159870:55
[   75528ms] [ERROR] [popcorn-init] FAILED at: plugin-jsonTransition TypeError: Class constructor SortableElement cannot be invoked without 'new'
    at http://localhost:5173/components/modals/RetargetOptInModal.jsx?t=1787453159870:26:22 @ http://localhost:5173/src/lib/popcornInit.js?t=1787453159870:55
[   75619ms] [ERROR] [popcorn-init] FAILED at: plugin-lottie-json TypeError: Class constructor SortableElement cannot be invoked without 'new'
    at http://localhost:5173/components/modals/RetargetOptInModal.jsx?t=1787453159870:26:22 @ http://localhost:5173/src/lib/popcornInit.js?t=1787453159870:55
[   75639ms] [LOG] [popcorn-init] OK: plugin-json-button @ http://localhost:5173/src/lib/popcornInit.js?t=1787453159870:48
[   75673ms] [ERROR] [popcorn-init] FAILED at: plugin-personalizedImage TypeError: Class constructor SortableElement cannot be invoked without 'new'
    at http://localhost:5173/components/modals/RetargetOptInModal.jsx?t=1787453159870:26:22 @ http://localhost:5173/src/lib/popcornInit.js?t=1787453159870:55
[   75698ms] [ERROR] [popcorn-init] FAILED at: plugin-loopPlugin TypeError: Class constructor SortableElement cannot be invoked without 'new'
    at http://localhost:5173/components/modals/RetargetOptInModal.jsx?t=1787453159870:26:22 @ http://localhost:5173/src/lib/popcornInit.js?t=1787453159870:55
[   75721ms] [ERROR] [popcorn-init] FAILED at: plugin-pausePlugin TypeError: Class constructor SortableElement cannot be invoked without 'new'
    at http://localhost:5173/components/modals/RetargetOptInModal.jsx?t=1787453159870:26:22 @ http://localhost:5173/src/lib/popcornInit.js?t=1787453159870:55
[   75754ms] [ERROR] [popcorn-init] FAILED at: plugin-form TypeError: Class constructor SortableElement cannot be invoked without 'new'
    at http://localhost:5173/components/modals/RetargetOptInModal.jsx?t=1787453159870:26:22 @ http://localhost:5173/src/lib/popcornInit.js?t=1787453159870:55
[   75779ms] [ERROR] [popcorn-init] FAILED at: plugin-retarget TypeError: Class constructor SortableElement cannot be invoked without 'new'
    at http://localhost:5173/components/modals/RetargetOptInModal.jsx?t=1787453159870:26:22 @ http://localhost:5173/src/lib/popcornInit.js?t=1787453159870:55
[   75810ms] [LOG] [popcorn-init] OK: plugin-popup @ http://localhost:5173/src/lib/popcornInit.js?t=1787453159870:48
[   75840ms] [ERROR] [popcorn-init] FAILED at: plugin-sequencer TypeError: Class constructor SortableElement cannot be invoked without 'new'
    at http://localhost:5173/components/modals/RetargetOptInModal.jsx?t=1787453159870:26:22 @ http://localhost:5173/src/lib/popcornInit.js?t=1787453159870:55
[   75855ms] [ERROR] [popcorn-init] FAILED at: plugin-skip TypeError: Class constructor SortableElement cannot be invoked without 'new'
    at http://localhost:5173/components/modals/RetargetOptInModal.jsx?t=1787453159870:26:22 @ http://localhost:5173/src/lib/popcornInit.js?t=1787453159870:55
[   75960ms] [ERROR] [popcorn-init] FAILED at: plugin-text TypeError: Class constructor SortableElement cannot be invoked without 'new'
    at http://localhost:5173/components/modals/RetargetOptInModal.jsx?t=1787453159870:26:22 @ http://localhost:5173/src/lib/popcornInit.js?t=1787453159870:55
[   75979ms] [LOG] [popcorn-init] OK: plugin-social @ http://localhost:5173/src/lib/popcornInit.js?t=1787453159870:48
[   75987ms] [ERROR] [popcorn-init] FAILED at: plugin-jsonAnimation TypeError: Class constructor SortableElement cannot be invoked without 'new'
    at http://localhost:5173/components/modals/RetargetOptInModal.jsx?t=1787453159870:26:22 @ http://localhost:5173/src/lib/popcornInit.js?t=1787453159870:55
[   76017ms] [LOG] [popcorn-init] OK: plugin-videoTransition @ http://localhost:5173/src/lib/popcornInit.js?t=1787453159870:48
[   76023ms] [ERROR] [popcorn-init] FAILED at: plugin-seethroughtext TypeError: Class constructor SortableElement cannot be invoked without 'new'
    at http://localhost:5173/components/modals/RetargetOptInModal.jsx?t=1787453159870:26:22 @ http://localhost:5173/src/lib/popcornInit.js?t=1787453159870:55
[   76033ms] [LOG] [popcorn-init] OK: plugin-wikipedia @ http://localhost:5173/src/lib/popcornInit.js?t=1787453159870:48
[   76040ms] [ERROR] [popcorn-init] FAILED at: plugin-combined TypeError: Class constructor SortableElement cannot be invoked without 'new'
    at http://localhost:5173/components/modals/RetargetOptInModal.jsx?t=1787453159870:26:22 @ http://localhost:5173/src/lib/popcornInit.js?t=1787453159870:55
[   76052ms] [ERROR] [popcorn-init] FAILED at: plugin-background TypeError: Class constructor SortableElement cannot be invoked without 'new'
    at http://localhost:5173/components/modals/RetargetOptInModal.jsx?t=1787453159870:26:22 @ http://localhost:5173/src/lib/popcornInit.js?t=1787453159870:55
[   76052ms] [LOG] [popcorn-init] SUMMARY: 5/20 plugins registered; FAILED: plugin-image, plugin-jsonTransition, plugin-lottie-json, plugin-personalizedImage, plugin-loopPlugin, plugin-pausePlugin, plugin-form, plugin-retarget, plugin-sequencer, plugin-skip, plugin-text, plugin-jsonAnimation, plugin-seethroughtext, plugin-combined, plugin-background @ http://localhost:5173/src/lib/popcornInit.js?t=1787453159870:60
[   76052ms] [LOG] [popcorn] function 5 @ http://localhost:5173/src/main.js?t=1787453159870:4
[   77685ms] [LOG] [App] Starting initialization... @ http://localhost:5173/src/main.js?t=1787453159870:19
[   77696ms] [LOG] [popcorn-init] OK: jquery @ http://localhost:5173/src/lib/popcornInit.js?t=1787453159870:41
[   77697ms] [LOG] [popcorn-init] OK: jquery-textfill @ http://localhost:5173/src/lib/popcornInit.js?t=1787453159870:48
[   77698ms] [LOG] [popcorn-init] OK: popcorn-core @ http://localhost:5173/src/lib/popcornInit.js?t=1787453159870:48
[   77701ms] [LOG] [popcorn-init] OK: popcorn-ie8 @ http://localhost:5173/src/lib/popcornInit.js?t=1787453159870:48
[   77702ms] [LOG] [popcorn-init] OK: wrapper-common @ http://localhost:5173/src/lib/popcornInit.js?t=1787453159870:48
[   77703ms] [LOG] [popcorn-init] OK: wrapper-html5 @ http://localhost:5173/src/lib/popcornInit.js?t=1787453159870:48
[   77703ms] [LOG] [popcorn-init] OK: wrapper-vrview @ http://localhost:5173/src/lib/popcornInit.js?t=1787453159870:48
[   77703ms] [LOG] [popcorn-init] OK: wrapper-adaptive @ http://localhost:5173/src/lib/popcornInit.js?t=1787453159870:48
[   77704ms] [LOG] [popcorn-init] OK: wrapper-null @ http://localhost:5173/src/lib/popcornInit.js?t=1787453159870:48
[   77705ms] [LOG] [popcorn-init] OK: wrapper-soundcloud @ http://localhost:5173/src/lib/popcornInit.js?t=1787453159870:48
[   77705ms] [LOG] [popcorn-init] OK: wrapper-vimeo @ http://localhost:5173/src/lib/popcornInit.js?t=1787453159870:48
[   77706ms] [LOG] [popcorn-init] OK: wrapper-youtube @ http://localhost:5173/src/lib/popcornInit.js?t=1787453159870:48
[   77708ms] [LOG] [popcorn-init] OK: wrapper-jwplayer @ http://localhost:5173/src/lib/popcornInit.js?t=1787453159870:48
[   77709ms] [LOG] [popcorn-init] OK: player-module @ http://localhost:5173/src/lib/popcornInit.js?t=1787453159870:48
[   77710ms] [LOG] [LandingPage] Header.jsx loaded @ http://localhost:5173/src/components/landing/LandingPage.jsx?t=1787453159870:176
[   77773ms] [LOG] [LandingPage] CinematicVideoHero.jsx loaded @ http://localhost:5173/src/components/landing/LandingPage.jsx?t=1787453159870:189
[   77915ms] [LOG] [LandingPage] HeroSection.jsx loaded @ http://localhost:5173/src/components/landing/LandingPage.jsx?t=1787453159870:202
[   77916ms] [LOG] [LandingPage] Observer created for: scrolling placeholder id: section-scrolling @ http://localhost:5173/src/components/landing/LandingPage.jsx?t=1787453159870:160
[   77916ms] [LOG] [LandingPage] Observer created for: hook placeholder id: section-hook @ http://localhost:5173/src/components/landing/LandingPage.jsx?t=1787453159870:160
[   77916ms] [LOG] [LandingPage] Observer created for: engines placeholder id: section-engines @ http://localhost:5173/src/components/landing/LandingPage.jsx?t=1787453159870:160
[   77916ms] [LOG] [LandingPage] Observer created for: apps placeholder id: section-apps @ http://localhost:5173/src/components/landing/LandingPage.jsx?t=1787453159870:160
[   77916ms] [LOG] [LandingPage] Observer created for: features placeholder id: section-features @ http://localhost:5173/src/components/landing/LandingPage.jsx?t=1787453159870:160
[   77916ms] [LOG] [LandingPage] Observer created for: problem placeholder id: section-problem @ http://localhost:5173/src/components/landing/LandingPage.jsx?t=1787453159870:160
[   77916ms] [LOG] [LandingPage] Observer created for: workflow placeholder id: section-workflow @ http://localhost:5173/src/components/landing/LandingPage.jsx?t=1787453159870:160
[   77916ms] [LOG] [LandingPage] Observer created for: comparison placeholder id: section-comparison @ http://localhost:5173/src/components/landing/LandingPage.jsx?t=1787453159870:160
[   77916ms] [LOG] [LandingPage] Observer created for: value placeholder id: section-value @ http://localhost:5173/src/components/landing/LandingPage.jsx?t=1787453159870:160
[   77916ms] [LOG] [LandingPage] Observer created for: agency placeholder id: section-agency @ http://localhost:5173/src/components/landing/LandingPage.jsx?t=1787453159870:160
[   77916ms] [LOG] [LandingPage] Observer created for: offer placeholder id: section-offer @ http://localhost:5173/src/components/landing/LandingPage.jsx?t=1787453159870:160
[   77916ms] [LOG] [LandingPage] Observer created for: cta placeholder id: section-cta @ http://localhost:5173/src/components/landing/LandingPage.jsx?t=1787453159870:160
[   77916ms] [LOG] [LandingPage] Observer created for: ai-workflow placeholder id: section-ai-workflow @ http://localhost:5173/src/components/landing/LandingPage.jsx?t=1787453159870:160
[   77916ms] [LOG] [LandingPage] Observer created for: made-with placeholder id: section-made-with @ http://localhost:5173/src/components/landing/LandingPage.jsx?t=1787453159870:160
[   77917ms] [LOG] [LandingPage] Observer created for: ugc placeholder id: section-ugc @ http://localhost:5173/src/components/landing/LandingPage.jsx?t=1787453159870:160
[   77917ms] [LOG] [LandingPage] Observer created for: gallery placeholder id: section-gallery @ http://localhost:5173/src/components/landing/LandingPage.jsx?t=1787453159870:160
[   77917ms] [LOG] [LandingPage] Observer created for: academy placeholder id: section-academy @ http://localhost:5173/src/components/landing/LandingPage.jsx?t=1787453159870:160
[   77917ms] [LOG] [LandingPage] Observer created for: repo-cinema placeholder id: section-repo-cinema @ http://localhost:5173/src/components/landing/LandingPage.jsx?t=1787453159870:160
[   77917ms] [LOG] [LandingPage] Observer created for: repo-commercial placeholder id: section-repo-commercial @ http://localhost:5173/src/components/landing/LandingPage.jsx?t=1787453159870:160
[   77917ms] [LOG] [LandingPage] Observer created for: repo-social-ads placeholder id: section-repo-social-ads @ http://localhost:5173/src/components/landing/LandingPage.jsx?t=1787453159870:160
[   77917ms] [LOG] [LandingPage] Observer created for: repo-narrative placeholder id: section-repo-narrative @ http://localhost:5173/src/components/landing/LandingPage.jsx?t=1787453159870:160
[   77917ms] [LOG] [LandingPage] Observer created for: repo-vertical placeholder id: section-repo-vertical @ http://localhost:5173/src/components/landing/LandingPage.jsx?t=1787453159870:160
[   77917ms] [LOG] [LandingPage] Observer created for: repo-ecommerce placeholder id: section-repo-ecommerce @ http://localhost:5173/src/components/landing/LandingPage.jsx?t=1787453159870:160
[   77917ms] [LOG] [LandingPage] Observer created for: repo-kinetic placeholder id: section-repo-kinetic @ http://localhost:5173/src/components/landing/LandingPage.jsx?t=1787453159870:160
[   77917ms] [LOG] [LandingPage] Observer created for: repo-animated placeholder id: section-repo-animated @ http://localhost:5173/src/components/landing/LandingPage.jsx?t=1787453159870:160
[   77917ms] [LOG] [LandingPage] Observer created for: repo-animation placeholder id: section-repo-animation @ http://localhost:5173/src/components/landing/LandingPage.jsx?t=1787453159870:160
[   77917ms] [LOG] [LandingPage] Observer created for: repo-reference placeholder id: section-repo-reference @ http://localhost:5173/src/components/landing/LandingPage.jsx?t=1787453159870:160
[   77917ms] [LOG] [LandingPage] Observer created for: repo-vfx placeholder id: section-repo-vfx @ http://localhost:5173/src/components/landing/LandingPage.jsx?t=1787453159870:160
[   77917ms] [LOG] [LandingPage] Observer created for: repo-fashion placeholder id: section-repo-fashion @ http://localhost:5173/src/components/landing/LandingPage.jsx?t=1787453159870:160
[   77917ms] [LOG] [LandingPage] Observer created for: repos placeholder id: section-repos @ http://localhost:5173/src/components/landing/LandingPage.jsx?t=1787453159870:160
[   77917ms] [LOG] [LandingPage] Observer created for: gtm-boost placeholder id: section-gtm-boost @ http://localhost:5173/src/components/landing/LandingPage.jsx?t=1787453159870:160
[   77918ms] [LOG] [App] Landing page rendered @ http://localhost:5173/src/main.js?t=1787453159870:88
[   77932ms] [LOG] [LandingPage] IntersectionObserver fired for engines [Object] @ http://localhost:5173/src/components/landing/LandingPage.jsx?t=1787453159870:119
[   77933ms] [LOG] [LandingPage] Loading section: engines @ http://localhost:5173/src/components/landing/LandingPage.jsx?t=1787453159870:122
[   77933ms] [LOG] [LandingPage] IntersectionObserver fired for value [Object] @ http://localhost:5173/src/components/landing/LandingPage.jsx?t=1787453159870:119
[   77933ms] [LOG] [LandingPage] Loading section: value @ http://localhost:5173/src/components/landing/LandingPage.jsx?t=1787453159870:122
[   77933ms] [LOG] [LandingPage] IntersectionObserver fired for ai-workflow [Object] @ http://localhost:5173/src/components/landing/LandingPage.jsx?t=1787453159870:119
[   77933ms] [LOG] [LandingPage] Loading section: ai-workflow @ http://localhost:5173/src/components/landing/LandingPage.jsx?t=1787453159870:122
[   77934ms] [LOG] [LandingPage] IntersectionObserver fired for made-with [Object] @ http://localhost:5173/src/components/landing/LandingPage.jsx?t=1787453159870:119
[   77934ms] [LOG] [LandingPage] Loading section: made-with @ http://localhost:5173/src/components/landing/LandingPage.jsx?t=1787453159870:122
[   77934ms] [LOG] [LandingPage] IntersectionObserver fired for features [Object] @ http://localhost:5173/src/components/landing/LandingPage.jsx?t=1787453159870:119
[   77934ms] [LOG] [LandingPage] Loading section: features @ http://localhost:5173/src/components/landing/LandingPage.jsx?t=1787453159870:122
[   77934ms] [LOG] [LandingPage] IntersectionObserver fired for cta [Object] @ http://localhost:5173/src/components/landing/LandingPage.jsx?t=1787453159870:119
[   77935ms] [LOG] [LandingPage] Loading section: cta @ http://localhost:5173/src/components/landing/LandingPage.jsx?t=1787453159870:122
[   77935ms] [LOG] [LandingPage] IntersectionObserver fired for repo-kinetic [Object] @ http://localhost:5173/src/components/landing/LandingPage.jsx?t=1787453159870:119
[   77935ms] [LOG] [LandingPage] Loading section: repo-kinetic @ http://localhost:5173/src/components/landing/LandingPage.jsx?t=1787453159870:122
[   77935ms] [LOG] [LandingPage] IntersectionObserver fired for repo-fashion [Object] @ http://localhost:5173/src/components/landing/LandingPage.jsx?t=1787453159870:119
[   77935ms] [LOG] [LandingPage] Loading section: repo-fashion @ http://localhost:5173/src/components/landing/LandingPage.jsx?t=1787453159870:122
[   77935ms] [LOG] [LandingPage] IntersectionObserver fired for repo-reference [Object] @ http://localhost:5173/src/components/landing/LandingPage.jsx?t=1787453159870:119
[   77935ms] [LOG] [LandingPage] Loading section: repo-reference @ http://localhost:5173/src/components/landing/LandingPage.jsx?t=1787453159870:122
[   77936ms] [LOG] [LandingPage] IntersectionObserver fired for apps [Object] @ http://localhost:5173/src/components/landing/LandingPage.jsx?t=1787453159870:119
[   77936ms] [LOG] [LandingPage] Loading section: apps @ http://localhost:5173/src/components/landing/LandingPage.jsx?t=1787453159870:122
[   77936ms] [LOG] [LandingPage] IntersectionObserver fired for offer [Object] @ http://localhost:5173/src/components/landing/LandingPage.jsx?t=1787453159870:119
[   77936ms] [LOG] [LandingPage] Loading section: offer @ http://localhost:5173/src/components/landing/LandingPage.jsx?t=1787453159870:122
[   77936ms] [LOG] [LandingPage] IntersectionObserver fired for repo-narrative [Object] @ http://localhost:5173/src/components/landing/LandingPage.jsx?t=1787453159870:119
[   77936ms] [LOG] [LandingPage] Loading section: repo-narrative @ http://localhost:5173/src/components/landing/LandingPage.jsx?t=1787453159870:122
[   77936ms] [LOG] [LandingPage] IntersectionObserver fired for repo-cinema [Object] @ http://localhost:5173/src/components/landing/LandingPage.jsx?t=1787453159870:119
[   77936ms] [LOG] [LandingPage] Loading section: repo-cinema @ http://localhost:5173/src/components/landing/LandingPage.jsx?t=1787453159870:122
[   77937ms] [LOG] [LandingPage] IntersectionObserver fired for repo-ecommerce [Object] @ http://localhost:5173/src/components/landing/LandingPage.jsx?t=1787453159870:119
[   77937ms] [LOG] [LandingPage] Loading section: repo-ecommerce @ http://localhost:5173/src/components/landing/LandingPage.jsx?t=1787453159870:122
[   77937ms] [LOG] [LandingPage] IntersectionObserver fired for hook [Object] @ http://localhost:5173/src/components/landing/LandingPage.jsx?t=1787453159870:119
[   77937ms] [LOG] [LandingPage] Loading section: hook @ http://localhost:5173/src/components/landing/LandingPage.jsx?t=1787453159870:122
[   77937ms] [LOG] [LandingPage] IntersectionObserver fired for repo-commercial [Object] @ http://localhost:5173/src/components/landing/LandingPage.jsx?t=1787453159870:119
[   77937ms] [LOG] [LandingPage] Loading section: repo-commercial @ http://localhost:5173/src/components/landing/LandingPage.jsx?t=1787453159870:122
[   77937ms] [LOG] [LandingPage] IntersectionObserver fired for agency [Object] @ http://localhost:5173/src/components/landing/LandingPage.jsx?t=1787453159870:119
[   77937ms] [LOG] [LandingPage] Loading section: agency @ http://localhost:5173/src/components/landing/LandingPage.jsx?t=1787453159870:122
[   77938ms] [LOG] [LandingPage] IntersectionObserver fired for repo-vfx [Object] @ http://localhost:5173/src/components/landing/LandingPage.jsx?t=1787453159870:119
[   77938ms] [LOG] [LandingPage] Loading section: repo-vfx @ http://localhost:5173/src/components/landing/LandingPage.jsx?t=1787453159870:122
[   77938ms] [LOG] [LandingPage] IntersectionObserver fired for repos [Object] @ http://localhost:5173/src/components/landing/LandingPage.jsx?t=1787453159870:119
[   77938ms] [LOG] [LandingPage] Loading section: repos @ http://localhost:5173/src/components/landing/LandingPage.jsx?t=1787453159870:122
[   77938ms] [LOG] [LandingPage] IntersectionObserver fired for academy [Object] @ http://localhost:5173/src/components/landing/LandingPage.jsx?t=1787453159870:119
[   77938ms] [LOG] [LandingPage] Loading section: academy @ http://localhost:5173/src/components/landing/LandingPage.jsx?t=1787453159870:122
[   77938ms] [LOG] [LandingPage] IntersectionObserver fired for repo-vertical [Object] @ http://localhost:5173/src/components/landing/LandingPage.jsx?t=1787453159870:119
[   77938ms] [LOG] [LandingPage] Loading section: repo-vertical @ http://localhost:5173/src/components/landing/LandingPage.jsx?t=1787453159870:122
[   77939ms] [LOG] [LandingPage] IntersectionObserver fired for problem [Object] @ http://localhost:5173/src/components/landing/LandingPage.jsx?t=1787453159870:119
[   77939ms] [LOG] [LandingPage] Loading section: problem @ http://localhost:5173/src/components/landing/LandingPage.jsx?t=1787453159870:122
[   77939ms] [LOG] [LandingPage] IntersectionObserver fired for repo-social-ads [Object] @ http://localhost:5173/src/components/landing/LandingPage.jsx?t=1787453159870:119
[   77939ms] [LOG] [LandingPage] Loading section: repo-social-ads @ http://localhost:5173/src/components/landing/LandingPage.jsx?t=1787453159870:122
[   77939ms] [LOG] [LandingPage] IntersectionObserver fired for gallery [Object] @ http://localhost:5173/src/components/landing/LandingPage.jsx?t=1787453159870:119
[   77939ms] [LOG] [LandingPage] Loading section: gallery @ http://localhost:5173/src/components/landing/LandingPage.jsx?t=1787453159870:122
[   77939ms] [LOG] [LandingPage] IntersectionObserver fired for gtm-boost [Object] @ http://localhost:5173/src/components/landing/LandingPage.jsx?t=1787453159870:119
[   77939ms] [LOG] [LandingPage] Loading section: gtm-boost @ http://localhost:5173/src/components/landing/LandingPage.jsx?t=1787453159870:122
[   77940ms] [LOG] [LandingPage] IntersectionObserver fired for workflow [Object] @ http://localhost:5173/src/components/landing/LandingPage.jsx?t=1787453159870:119
[   77940ms] [LOG] [LandingPage] Loading section: workflow @ http://localhost:5173/src/components/landing/LandingPage.jsx?t=1787453159870:122
[   77940ms] [LOG] [LandingPage] IntersectionObserver fired for ugc [Object] @ http://localhost:5173/src/components/landing/LandingPage.jsx?t=1787453159870:119
[   77940ms] [LOG] [LandingPage] Loading section: ugc @ http://localhost:5173/src/components/landing/LandingPage.jsx?t=1787453159870:122
[   77940ms] [LOG] [LandingPage] IntersectionObserver fired for repo-animated [Object] @ http://localhost:5173/src/components/landing/LandingPage.jsx?t=1787453159870:119
[   77940ms] [LOG] [LandingPage] Loading section: repo-animated @ http://localhost:5173/src/components/landing/LandingPage.jsx?t=1787453159870:122
[   77940ms] [LOG] [LandingPage] IntersectionObserver fired for repo-animation [Object] @ http://localhost:5173/src/components/landing/LandingPage.jsx?t=1787453159870:119
[   77941ms] [LOG] [LandingPage] Loading section: repo-animation @ http://localhost:5173/src/components/landing/LandingPage.jsx?t=1787453159870:122
[   77941ms] [LOG] [LandingPage] IntersectionObserver fired for comparison [Object] @ http://localhost:5173/src/components/landing/LandingPage.jsx?t=1787453159870:119
[   77941ms] [LOG] [LandingPage] Loading section: comparison @ http://localhost:5173/src/components/landing/LandingPage.jsx?t=1787453159870:122
[   77941ms] [LOG] [LandingPage] IntersectionObserver fired for scrolling [Object] @ http://localhost:5173/src/components/landing/LandingPage.jsx?t=1787453159870:119
[   77941ms] [LOG] [LandingPage] Loading section: scrolling @ http://localhost:5173/src/components/landing/LandingPage.jsx?t=1787453159870:122
[   78212ms] [LOG] [LandingPage] Section loaded: engines @ http://localhost:5173/src/components/landing/LandingPage.jsx?t=1787453159870:141
[   78214ms] [LOG] [LandingPage] Section loaded: value @ http://localhost:5173/src/components/landing/LandingPage.jsx?t=1787453159870:141
[   78216ms] [LOG] [LandingPage] Section loaded: features @ http://localhost:5173/src/components/landing/LandingPage.jsx?t=1787453159870:141
[   78217ms] [LOG] [LandingPage] Section loaded: cta @ http://localhost:5173/src/components/landing/LandingPage.jsx?t=1787453159870:141
[   78221ms] [LOG] [LandingPage] Section loaded: offer @ http://localhost:5173/src/components/landing/LandingPage.jsx?t=1787453159870:141
[   78222ms] [LOG] [LandingPage] Section loaded: hook @ http://localhost:5173/src/components/landing/LandingPage.jsx?t=1787453159870:141
[   78263ms] [LOG] [LandingPage] Section loaded: agency @ http://localhost:5173/src/components/landing/LandingPage.jsx?t=1787453159870:141
[   78272ms] [LOG] [LandingPage] Section loaded: problem @ http://localhost:5173/src/components/landing/LandingPage.jsx?t=1787453159870:141
[   78273ms] [LOG] [LandingPage] Section loaded: workflow @ http://localhost:5173/src/components/landing/LandingPage.jsx?t=1787453159870:141
[   78274ms] [LOG] [LandingPage] Section loaded: comparison @ http://localhost:5173/src/components/landing/LandingPage.jsx?t=1787453159870:141
[   78281ms] [LOG] [LandingPage] Section loaded: scrolling @ http://localhost:5173/src/components/landing/LandingPage.jsx?t=1787453159870:141
[   78389ms] [LOG] [LandingPage] Section loaded: repos @ http://localhost:5173/src/components/landing/LandingPage.jsx?t=1787453159870:141
[   78648ms] [LOG] [LandingPage] Section loaded: ai-workflow @ http://localhost:5173/src/components/landing/LandingPage.jsx?t=1787453159870:141
[   78654ms] [LOG] [LandingPage] Section loaded: made-with @ http://localhost:5173/src/components/landing/LandingPage.jsx?t=1787453159870:141
[   78660ms] [LOG] [LandingPage] Section loaded: gtm-boost @ http://localhost:5173/src/components/landing/LandingPage.jsx?t=1787453159870:141
[   78667ms] [LOG] [LandingPage] Section loaded: gallery @ http://localhost:5173/src/components/landing/LandingPage.jsx?t=1787453159870:141
[   78672ms] [LOG] [LandingPage] Section loaded: ugc @ http://localhost:5173/src/components/landing/LandingPage.jsx?t=1787453159870:141
[   78906ms] [LOG] [LandingPage] Section loaded: academy @ http://localhost:5173/src/components/landing/LandingPage.jsx?t=1787453159870:141
[   78946ms] [LOG] [LandingPage] Section loaded: repo-cinema @ http://localhost:5173/src/components/landing/LandingPage.jsx?t=1787453159870:141
[   78955ms] [LOG] [LandingPage] Section loaded: repo-ecommerce @ http://localhost:5173/src/components/landing/LandingPage.jsx?t=1787453159870:141
[   78967ms] [LOG] [LandingPage] Section loaded: repo-vfx @ http://localhost:5173/src/components/landing/LandingPage.jsx?t=1787453159870:141
[   78976ms] [LOG] [LandingPage] Section loaded: repo-kinetic @ http://localhost:5173/src/components/landing/LandingPage.jsx?t=1787453159870:141
[   78984ms] [LOG] [LandingPage] Section loaded: repo-reference @ http://localhost:5173/src/components/landing/LandingPage.jsx?t=1787453159870:141
[   78989ms] [LOG] [LandingPage] Section loaded: repo-fashion @ http://localhost:5173/src/components/landing/LandingPage.jsx?t=1787453159870:141
[   79000ms] [LOG] [LandingPage] Section loaded: repo-narrative @ http://localhost:5173/src/components/landing/LandingPage.jsx?t=1787453159870:141
[   79133ms] [LOG] [LandingPage] Section loaded: repo-social-ads @ http://localhost:5173/src/components/landing/LandingPage.jsx?t=1787453159870:141
[   79331ms] [LOG] [LandingPage] Section loaded: repo-animation @ http://localhost:5173/src/components/landing/LandingPage.jsx?t=1787453159870:141
[   79346ms] [LOG] [LandingPage] Section loaded: repo-commercial @ http://localhost:5173/src/components/landing/LandingPage.jsx?t=1787453159870:141
[   79355ms] [LOG] [LandingPage] Section loaded: repo-vertical @ http://localhost:5173/src/components/landing/LandingPage.jsx?t=1787453159870:141
[   79370ms] [LOG] [LandingPage] Section loaded: repo-animated @ http://localhost:5173/src/components/landing/LandingPage.jsx?t=1787453159870:141
[   79381ms] [LOG] [LandingPage] Section loaded: apps @ http://localhost:5173/src/components/landing/LandingPage.jsx?t=1787453159870:141
[   79486ms] [INFO] %cDownload the React DevTools for a better development experience: https://react.dev/link/react-devtools font-weight:bold @ http://localhost:5173/node_modules/.vite/deps/chunk-EEAUBQDT.js?v=93c1ec86:20096
[   79489ms] [ERROR] [ModalSystem] mount failed TypeError: Class constructor SortableElement cannot be invoked without 'new'
    at http://localhost:5173/components/modals/RetargetOptInModal.jsx?t=1787453159870:26:22 @ http://localhost:5173/src/main.js?t=1787453159870:329
[   79491ms] [ERROR] [popcorn-init] FAILED at: plugin-image TypeError: Class constructor SortableElement cannot be invoked without 'new'
    at http://localhost:5173/components/modals/RetargetOptInModal.jsx?t=1787453159870:26:22 @ http://localhost:5173/src/lib/popcornInit.js?t=1787453159870:55
[   79534ms] [ERROR] [popcorn-init] FAILED at: plugin-jsonTransition TypeError: Class constructor SortableElement cannot be invoked without 'new'
    at http://localhost:5173/components/modals/RetargetOptInModal.jsx?t=1787453159870:26:22 @ http://localhost:5173/src/lib/popcornInit.js?t=1787453159870:55
[   79550ms] [ERROR] [popcorn-init] FAILED at: plugin-lottie-json TypeError: Class constructor SortableElement cannot be invoked without 'new'
    at http://localhost:5173/components/modals/RetargetOptInModal.jsx?t=1787453159870:26:22 @ http://localhost:5173/src/lib/popcornInit.js?t=1787453159870:55
[   79565ms] [LOG] [popcorn-init] OK: plugin-json-button @ http://localhost:5173/src/lib/popcornInit.js?t=1787453159870:48
[   79570ms] [ERROR] [popcorn-init] FAILED at: plugin-personalizedImage TypeError: Class constructor SortableElement cannot be invoked without 'new'
    at http://localhost:5173/components/modals/RetargetOptInModal.jsx?t=1787453159870:26:22 @ http://localhost:5173/src/lib/popcornInit.js?t=1787453159870:55
[   79575ms] [ERROR] [popcorn-init] FAILED at: plugin-loopPlugin TypeError: Class constructor SortableElement cannot be invoked without 'new'
    at http://localhost:5173/components/modals/RetargetOptInModal.jsx?t=1787453159870:26:22 @ http://localhost:5173/src/lib/popcornInit.js?t=1787453159870:55
[   79585ms] [ERROR] [popcorn-init] FAILED at: plugin-pausePlugin TypeError: Class constructor SortableElement cannot be invoked without 'new'
    at http://localhost:5173/components/modals/RetargetOptInModal.jsx?t=1787453159870:26:22 @ http://localhost:5173/src/lib/popcornInit.js?t=1787453159870:55
[   79596ms] [ERROR] [popcorn-init] FAILED at: plugin-form TypeError: Class constructor SortableElement cannot be invoked without 'new'
    at http://localhost:5173/components/modals/RetargetOptInModal.jsx?t=1787453159870:26:22 @ http://localhost:5173/src/lib/popcornInit.js?t=1787453159870:55
[   79605ms] [ERROR] [popcorn-init] FAILED at: plugin-retarget TypeError: Class constructor SortableElement cannot be invoked without 'new'
    at http://localhost:5173/components/modals/RetargetOptInModal.jsx?t=1787453159870:26:22 @ http://localhost:5173/src/lib/popcornInit.js?t=1787453159870:55
[   79614ms] [LOG] [popcorn-init] OK: plugin-popup @ http://localhost:5173/src/lib/popcornInit.js?t=1787453159870:48
[   79618ms] [ERROR] [popcorn-init] FAILED at: plugin-sequencer TypeError: Class constructor SortableElement cannot be invoked without 'new'
    at http://localhost:5173/components/modals/RetargetOptInModal.jsx?t=1787453159870:26:22 @ http://localhost:5173/src/lib/popcornInit.js?t=1787453159870:55
[   79623ms] [ERROR] [popcorn-init] FAILED at: plugin-skip TypeError: Class constructor SortableElement cannot be invoked without 'new'
    at http://localhost:5173/components/modals/RetargetOptInModal.jsx?t=1787453159870:26:22 @ http://localhost:5173/src/lib/popcornInit.js?t=1787453159870:55
[   79651ms] [ERROR] [popcorn-init] FAILED at: plugin-text TypeError: Class constructor SortableElement cannot be invoked without 'new'
    at http://localhost:5173/components/modals/RetargetOptInModal.jsx?t=1787453159870:26:22 @ http://localhost:5173/src/lib/popcornInit.js?t=1787453159870:55
[   79685ms] [LOG] [popcorn-init] OK: plugin-social @ http://localhost:5173/src/lib/popcornInit.js?t=1787453159870:48
[   79722ms] [ERROR] [popcorn-init] FAILED at: plugin-jsonAnimation TypeError: Class constructor SortableElement cannot be invoked without 'new'
    at http://localhost:5173/components/modals/RetargetOptInModal.jsx?t=1787453159870:26:22 @ http://localhost:5173/src/lib/popcornInit.js?t=1787453159870:55
[   79770ms] [LOG] [popcorn-init] OK: plugin-videoTransition @ http://localhost:5173/src/lib/popcornInit.js?t=1787453159870:48
[   79793ms] [ERROR] [popcorn-init] FAILED at: plugin-seethroughtext TypeError: Class constructor SortableElement cannot be invoked without 'new'
    at http://localhost:5173/components/modals/RetargetOptInModal.jsx?t=1787453159870:26:22 @ http://localhost:5173/src/lib/popcornInit.js?t=1787453159870:55
[   79811ms] [LOG] [popcorn-init] OK: plugin-wikipedia @ http://localhost:5173/src/lib/popcornInit.js?t=1787453159870:48
[   79816ms] [ERROR] [popcorn-init] FAILED at: plugin-combined TypeError: Class constructor SortableElement cannot be invoked without 'new'
    at http://localhost:5173/components/modals/RetargetOptInModal.jsx?t=1787453159870:26:22 @ http://localhost:5173/src/lib/popcornInit.js?t=1787453159870:55
[   79829ms] [ERROR] [popcorn-init] FAILED at: plugin-background TypeError: Class constructor SortableElement cannot be invoked without 'new'
    at http://localhost:5173/components/modals/RetargetOptInModal.jsx?t=1787453159870:26:22 @ http://localhost:5173/src/lib/popcornInit.js?t=1787453159870:55
[   79829ms] [LOG] [popcorn-init] SUMMARY: 5/20 plugins registered; FAILED: plugin-image, plugin-jsonTransition, plugin-lottie-json, plugin-personalizedImage, plugin-loopPlugin, plugin-pausePlugin, plugin-form, plugin-retarget, plugin-sequencer, plugin-skip, plugin-text, plugin-jsonAnimation, plugin-seethroughtext, plugin-combined, plugin-background @ http://localhost:5173/src/lib/popcornInit.js?t=1787453159870:60
[   79829ms] [LOG] [popcorn] function 5 @ http://localhost:5173/src/main.js?t=1787453159870:4
[   82120ms] [LOG] [App] Starting initialization... @ http://localhost:5173/src/main.js?t=1787453159870:19
[   82131ms] [LOG] [popcorn-init] OK: jquery @ http://localhost:5173/src/lib/popcornInit.js?t=1787453159870:41
[   82132ms] [LOG] [popcorn-init] OK: jquery-textfill @ http://localhost:5173/src/lib/popcornInit.js?t=1787453159870:48
[   82133ms] [LOG] [popcorn-init] OK: popcorn-core @ http://localhost:5173/src/lib/popcornInit.js?t=1787453159870:48
[   82135ms] [LOG] [popcorn-init] OK: popcorn-ie8 @ http://localhost:5173/src/lib/popcornInit.js?t=1787453159870:48
[   82136ms] [LOG] [popcorn-init] OK: wrapper-common @ http://localhost:5173/src/lib/popcornInit.js?t=1787453159870:48
[   82136ms] [LOG] [popcorn-init] OK: wrapper-html5 @ http://localhost:5173/src/lib/popcornInit.js?t=1787453159870:48
[   82137ms] [LOG] [popcorn-init] OK: wrapper-vrview @ http://localhost:5173/src/lib/popcornInit.js?t=1787453159870:48
[   82137ms] [LOG] [popcorn-init] OK: wrapper-adaptive @ http://localhost:5173/src/lib/popcornInit.js?t=1787453159870:48
[   82138ms] [LOG] [popcorn-init] OK: wrapper-null @ http://localhost:5173/src/lib/popcornInit.js?t=1787453159870:48
[   82139ms] [LOG] [popcorn-init] OK: wrapper-soundcloud @ http://localhost:5173/src/lib/popcornInit.js?t=1787453159870:48
[   82141ms] [LOG] [popcorn-init] OK: wrapper-vimeo @ http://localhost:5173/src/lib/popcornInit.js?t=1787453159870:48
[   82143ms] [LOG] [popcorn-init] OK: wrapper-youtube @ http://localhost:5173/src/lib/popcornInit.js?t=1787453159870:48
[   82144ms] [LOG] [popcorn-init] OK: wrapper-jwplayer @ http://localhost:5173/src/lib/popcornInit.js?t=1787453159870:48
[   82145ms] [LOG] [popcorn-init] OK: player-module @ http://localhost:5173/src/lib/popcornInit.js?t=1787453159870:48
[   82145ms] [LOG] [LandingPage] Header.jsx loaded @ http://localhost:5173/src/components/landing/LandingPage.jsx?t=1787453159870:176
[   82265ms] [LOG] [LandingPage] CinematicVideoHero.jsx loaded @ http://localhost:5173/src/components/landing/LandingPage.jsx?t=1787453159870:189
[   82470ms] [LOG] [LandingPage] HeroSection.jsx loaded @ http://localhost:5173/src/components/landing/LandingPage.jsx?t=1787453159870:202
[   82471ms] [LOG] [LandingPage] Observer created for: scrolling placeholder id: section-scrolling @ http://localhost:5173/src/components/landing/LandingPage.jsx?t=1787453159870:160
[   82471ms] [LOG] [LandingPage] Observer created for: hook placeholder id: section-hook @ http://localhost:5173/src/components/landing/LandingPage.jsx?t=1787453159870:160
[   82471ms] [LOG] [LandingPage] Observer created for: engines placeholder id: section-engines @ http://localhost:5173/src/components/landing/LandingPage.jsx?t=1787453159870:160
[   82471ms] [LOG] [LandingPage] Observer created for: apps placeholder id: section-apps @ http://localhost:5173/src/components/landing/LandingPage.jsx?t=1787453159870:160
[   82471ms] [LOG] [LandingPage] Observer created for: features placeholder id: section-features @ http://localhost:5173/src/components/landing/LandingPage.jsx?t=1787453159870:160
[   82471ms] [LOG] [LandingPage] Observer created for: problem placeholder id: section-problem @ http://localhost:5173/src/components/landing/LandingPage.jsx?t=1787453159870:160
[   82471ms] [LOG] [LandingPage] Observer created for: workflow placeholder id: section-workflow @ http://localhost:5173/src/components/landing/LandingPage.jsx?t=1787453159870:160
[   82471ms] [LOG] [LandingPage] Observer created for: comparison placeholder id: section-comparison @ http://localhost:5173/src/components/landing/LandingPage.jsx?t=1787453159870:160
[   82471ms] [LOG] [LandingPage] Observer created for: value placeholder id: section-value @ http://localhost:5173/src/components/landing/LandingPage.jsx?t=1787453159870:160
[   82471ms] [LOG] [LandingPage] Observer created for: agency placeholder id: section-agency @ http://localhost:5173/src/components/landing/LandingPage.jsx?t=1787453159870:160
[   82471ms] [LOG] [LandingPage] Observer created for: offer placeholder id: section-offer @ http://localhost:5173/src/components/landing/LandingPage.jsx?t=1787453159870:160
[   82471ms] [LOG] [LandingPage] Observer created for: cta placeholder id: section-cta @ http://localhost:5173/src/components/landing/LandingPage.jsx?t=1787453159870:160
[   82471ms] [LOG] [LandingPage] Observer created for: ai-workflow placeholder id: section-ai-workflow @ http://localhost:5173/src/components/landing/LandingPage.jsx?t=1787453159870:160
[   82471ms] [LOG] [LandingPage] Observer created for: made-with placeholder id: section-made-with @ http://localhost:5173/src/components/landing/LandingPage.jsx?t=1787453159870:160
[   82472ms] [LOG] [LandingPage] Observer created for: ugc placeholder id: section-ugc @ http://localhost:5173/src/components/landing/LandingPage.jsx?t=1787453159870:160
[   82472ms] [LOG] [LandingPage] Observer created for: gallery placeholder id: section-gallery @ http://localhost:5173/src/components/landing/LandingPage.jsx?t=1787453159870:160
[   82472ms] [LOG] [LandingPage] Observer created for: academy placeholder id: section-academy @ http://localhost:5173/src/components/landing/LandingPage.jsx?t=1787453159870:160
[   82472ms] [LOG] [LandingPage] Observer created for: repo-cinema placeholder id: section-repo-cinema @ http://localhost:5173/src/components/landing/LandingPage.jsx?t=1787453159870:160
[   82472ms] [LOG] [LandingPage] Observer created for: repo-commercial placeholder id: section-repo-commercial @ http://localhost:5173/src/components/landing/LandingPage.jsx?t=1787453159870:160
[   82472ms] [LOG] [LandingPage] Observer created for: repo-social-ads placeholder id: section-repo-social-ads @ http://localhost:5173/src/components/landing/LandingPage.jsx?t=1787453159870:160
[   82472ms] [LOG] [LandingPage] Observer created for: repo-narrative placeholder id: section-repo-narrative @ http://localhost:5173/src/components/landing/LandingPage.jsx?t=1787453159870:160
[   82472ms] [LOG] [LandingPage] Observer created for: repo-vertical placeholder id: section-repo-vertical @ http://localhost:5173/src/components/landing/LandingPage.jsx?t=1787453159870:160
[   82472ms] [LOG] [LandingPage] Observer created for: repo-ecommerce placeholder id: section-repo-ecommerce @ http://localhost:5173/src/components/landing/LandingPage.jsx?t=1787453159870:160
[   82472ms] [LOG] [LandingPage] Observer created for: repo-kinetic placeholder id: section-repo-kinetic @ http://localhost:5173/src/components/landing/LandingPage.jsx?t=1787453159870:160
[   82472ms] [LOG] [LandingPage] Observer created for: repo-animated placeholder id: section-repo-animated @ http://localhost:5173/src/components/landing/LandingPage.jsx?t=1787453159870:160
[   82472ms] [LOG] [LandingPage] Observer created for: repo-animation placeholder id: section-repo-animation @ http://localhost:5173/src/components/landing/LandingPage.jsx?t=1787453159870:160
[   82472ms] [LOG] [LandingPage] Observer created for: repo-reference placeholder id: section-repo-reference @ http://localhost:5173/src/components/landing/LandingPage.jsx?t=1787453159870:160
[   82472ms] [LOG] [LandingPage] Observer created for: repo-vfx placeholder id: section-repo-vfx @ http://localhost:5173/src/components/landing/LandingPage.jsx?t=1787453159870:160
[   82472ms] [LOG] [LandingPage] Observer created for: repo-fashion placeholder id: section-repo-fashion @ http://localhost:5173/src/components/landing/LandingPage.jsx?t=1787453159870:160
[   82472ms] [LOG] [LandingPage] Observer created for: repos placeholder id: section-repos @ http://localhost:5173/src/components/landing/LandingPage.jsx?t=1787453159870:160
[   82472ms] [LOG] [LandingPage] Observer created for: gtm-boost placeholder id: section-gtm-boost @ http://localhost:5173/src/components/landing/LandingPage.jsx?t=1787453159870:160
[   82473ms] [LOG] [App] Landing page rendered @ http://localhost:5173/src/main.js?t=1787453159870:88
[   82506ms] [LOG] [LandingPage] IntersectionObserver fired for hook [Object] @ http://localhost:5173/src/components/landing/LandingPage.jsx?t=1787453159870:119
[   82510ms] [LOG] [LandingPage] Loading section: hook @ http://localhost:5173/src/components/landing/LandingPage.jsx?t=1787453159870:122
[   82511ms] [LOG] [LandingPage] IntersectionObserver fired for value [Object] @ http://localhost:5173/src/components/landing/LandingPage.jsx?t=1787453159870:119
[   82511ms] [LOG] [LandingPage] Loading section: value @ http://localhost:5173/src/components/landing/LandingPage.jsx?t=1787453159870:122
[   82511ms] [LOG] [LandingPage] IntersectionObserver fired for offer [Object] @ http://localhost:5173/src/components/landing/LandingPage.jsx?t=1787453159870:119
[   82511ms] [LOG] [LandingPage] Loading section: offer @ http://localhost:5173/src/components/landing/LandingPage.jsx?t=1787453159870:122
[   82512ms] [LOG] [LandingPage] IntersectionObserver fired for ai-workflow [Object] @ http://localhost:5173/src/components/landing/LandingPage.jsx?t=1787453159870:119
[   82512ms] [LOG] [LandingPage] Loading section: ai-workflow @ http://localhost:5173/src/components/landing/LandingPage.jsx?t=1787453159870:122
[   82512ms] [LOG] [LandingPage] IntersectionObserver fired for repos [Object] @ http://localhost:5173/src/components/landing/LandingPage.jsx?t=1787453159870:119
[   82512ms] [LOG] [LandingPage] Loading section: repos @ http://localhost:5173/src/components/landing/LandingPage.jsx?t=1787453159870:122
[   82512ms] [LOG] [LandingPage] IntersectionObserver fired for repo-cinema [Object] @ http://localhost:5173/src/components/landing/LandingPage.jsx?t=1787453159870:119
[   82513ms] [LOG] [LandingPage] Loading section: repo-cinema @ http://localhost:5173/src/components/landing/LandingPage.jsx?t=1787453159870:122
[   82513ms] [LOG] [LandingPage] IntersectionObserver fired for gtm-boost [Object] @ http://localhost:5173/src/components/landing/LandingPage.jsx?t=1787453159870:119
[   82513ms] [LOG] [LandingPage] Loading section: gtm-boost @ http://localhost:5173/src/components/landing/LandingPage.jsx?t=1787453159870:122
[   82513ms] [LOG] [LandingPage] IntersectionObserver fired for repo-commercial [Object] @ http://localhost:5173/src/components/landing/LandingPage.jsx?t=1787453159870:119
[   82513ms] [LOG] [LandingPage] Loading section: repo-commercial @ http://localhost:5173/src/components/landing/LandingPage.jsx?t=1787453159870:122
[   82513ms] [LOG] [LandingPage] IntersectionObserver fired for scrolling [Object] @ http://localhost:5173/src/components/landing/LandingPage.jsx?t=1787453159870:119
[   82514ms] [LOG] [LandingPage] Loading section: scrolling @ http://localhost:5173/src/components/landing/LandingPage.jsx?t=1787453159870:122
[   82514ms] [LOG] [LandingPage] IntersectionObserver fired for repo-narrative [Object] @ http://localhost:5173/src/components/landing/LandingPage.jsx?t=1787453159870:119
[   82514ms] [LOG] [LandingPage] Loading section: repo-narrative @ http://localhost:5173/src/components/landing/LandingPage.jsx?t=1787453159870:122
[   82514ms] [LOG] [LandingPage] IntersectionObserver fired for ugc [Object] @ http://localhost:5173/src/components/landing/LandingPage.jsx?t=1787453159870:119
[   82514ms] [LOG] [LandingPage] Loading section: ugc @ http://localhost:5173/src/components/landing/LandingPage.jsx?t=1787453159870:122
[   82514ms] [LOG] [LandingPage] IntersectionObserver fired for cta [Object] @ http://localhost:5173/src/components/landing/LandingPage.jsx?t=1787453159870:119
[   82515ms] [LOG] [LandingPage] Loading section: cta @ http://localhost:5173/src/components/landing/LandingPage.jsx?t=1787453159870:122
[   82515ms] [LOG] [LandingPage] IntersectionObserver fired for apps [Object] @ http://localhost:5173/src/components/landing/LandingPage.jsx?t=1787453159870:119
[   82515ms] [LOG] [LandingPage] Loading section: apps @ http://localhost:5173/src/components/landing/LandingPage.jsx?t=1787453159870:122
[   82515ms] [LOG] [LandingPage] IntersectionObserver fired for repo-social-ads [Object] @ http://localhost:5173/src/components/landing/LandingPage.jsx?t=1787453159870:119
[   82515ms] [LOG] [LandingPage] Loading section: repo-social-ads @ http://localhost:5173/src/components/landing/LandingPage.jsx?t=1787453159870:122
[   82515ms] [LOG] [LandingPage] IntersectionObserver fired for repo-animated [Object] @ http://localhost:5173/src/components/landing/LandingPage.jsx?t=1787453159870:119
[   82516ms] [LOG] [LandingPage] Loading section: repo-animated @ http://localhost:5173/src/components/landing/LandingPage.jsx?t=1787453159870:122
[   82516ms] [LOG] [LandingPage] IntersectionObserver fired for problem [Object] @ http://localhost:5173/src/components/landing/LandingPage.jsx?t=1787453159870:119
[   82516ms] [LOG] [LandingPage] Loading section: problem @ http://localhost:5173/src/components/landing/LandingPage.jsx?t=1787453159870:122
[   82516ms] [LOG] [LandingPage] IntersectionObserver fired for made-with [Object] @ http://localhost:5173/src/components/landing/LandingPage.jsx?t=1787453159870:119
[   82516ms] [LOG] [LandingPage] Loading section: made-with @ http://localhost:5173/src/components/landing/LandingPage.jsx?t=1787453159870:122
[   82517ms] [LOG] [LandingPage] IntersectionObserver fired for repo-fashion [Object] @ http://localhost:5173/src/components/landing/LandingPage.jsx?t=1787453159870:119
[   82517ms] [LOG] [LandingPage] Loading section: repo-fashion @ http://localhost:5173/src/components/landing/LandingPage.jsx?t=1787453159870:122
[   82517ms] [LOG] [LandingPage] IntersectionObserver fired for comparison [Object] @ http://localhost:5173/src/components/landing/LandingPage.jsx?t=1787453159870:119
[   82517ms] [LOG] [LandingPage] Loading section: comparison @ http://localhost:5173/src/components/landing/LandingPage.jsx?t=1787453159870:122
[   82517ms] [LOG] [LandingPage] IntersectionObserver fired for agency [Object] @ http://localhost:5173/src/components/landing/LandingPage.jsx?t=1787453159870:119
[   82518ms] [LOG] [LandingPage] Loading section: agency @ http://localhost:5173/src/components/landing/LandingPage.jsx?t=1787453159870:122
[   82518ms] [LOG] [LandingPage] IntersectionObserver fired for workflow [Object] @ http://localhost:5173/src/components/landing/LandingPage.jsx?t=1787453159870:119
[   82518ms] [LOG] [LandingPage] Loading section: workflow @ http://localhost:5173/src/components/landing/LandingPage.jsx?t=1787453159870:122
[   82518ms] [LOG] [LandingPage] IntersectionObserver fired for repo-vertical [Object] @ http://localhost:5173/src/components/landing/LandingPage.jsx?t=1787453159870:119
[   82519ms] [LOG] [LandingPage] Loading section: repo-vertical @ http://localhost:5173/src/components/landing/LandingPage.jsx?t=1787453159870:122
[   82519ms] [LOG] [LandingPage] IntersectionObserver fired for gallery [Object] @ http://localhost:5173/src/components/landing/LandingPage.jsx?t=1787453159870:119
[   82519ms] [LOG] [LandingPage] Loading section: gallery @ http://localhost:5173/src/components/landing/LandingPage.jsx?t=1787453159870:122
[   82519ms] [LOG] [LandingPage] IntersectionObserver fired for academy [Object] @ http://localhost:5173/src/components/landing/LandingPage.jsx?t=1787453159870:119
[   82519ms] [LOG] [LandingPage] Loading section: academy @ http://localhost:5173/src/components/landing/LandingPage.jsx?t=1787453159870:122
[   82520ms] [LOG] [LandingPage] IntersectionObserver fired for repo-vfx [Object] @ http://localhost:5173/src/components/landing/LandingPage.jsx?t=1787453159870:119
[   82520ms] [LOG] [LandingPage] Loading section: repo-vfx @ http://localhost:5173/src/components/landing/LandingPage.jsx?t=1787453159870:122
[   82520ms] [LOG] [LandingPage] IntersectionObserver fired for features [Object] @ http://localhost:5173/src/components/landing/LandingPage.jsx?t=1787453159870:119
[   82520ms] [LOG] [LandingPage] Loading section: features @ http://localhost:5173/src/components/landing/LandingPage.jsx?t=1787453159870:122
[   82520ms] [LOG] [LandingPage] IntersectionObserver fired for engines [Object] @ http://localhost:5173/src/components/landing/LandingPage.jsx?t=1787453159870:119
[   82520ms] [LOG] [LandingPage] Loading section: engines @ http://localhost:5173/src/components/landing/LandingPage.jsx?t=1787453159870:122
[   82521ms] [LOG] [LandingPage] IntersectionObserver fired for repo-ecommerce [Object] @ http://localhost:5173/src/components/landing/LandingPage.jsx?t=1787453159870:119
[   82521ms] [LOG] [LandingPage] Loading section: repo-ecommerce @ http://localhost:5173/src/components/landing/LandingPage.jsx?t=1787453159870:122
[   82521ms] [LOG] [LandingPage] IntersectionObserver fired for repo-kinetic [Object] @ http://localhost:5173/src/components/landing/LandingPage.jsx?t=1787453159870:119
[   82521ms] [LOG] [LandingPage] Loading section: repo-kinetic @ http://localhost:5173/src/components/landing/LandingPage.jsx?t=1787453159870:122
[   82521ms] [LOG] [LandingPage] IntersectionObserver fired for repo-animation [Object] @ http://localhost:5173/src/components/landing/LandingPage.jsx?t=1787453159870:119
[   82521ms] [LOG] [LandingPage] Loading section: repo-animation @ http://localhost:5173/src/components/landing/LandingPage.jsx?t=1787453159870:122
[   82521ms] [LOG] [LandingPage] IntersectionObserver fired for repo-reference [Object] @ http://localhost:5173/src/components/landing/LandingPage.jsx?t=1787453159870:119
[   82521ms] [LOG] [LandingPage] Loading section: repo-reference @ http://localhost:5173/src/components/landing/LandingPage.jsx?t=1787453159870:122
[   82932ms] [LOG] [LandingPage] Section loaded: hook @ http://localhost:5173/src/components/landing/LandingPage.jsx?t=1787453159870:141
[   82937ms] [LOG] [LandingPage] Section loaded: value @ http://localhost:5173/src/components/landing/LandingPage.jsx?t=1787453159870:141
[   82938ms] [LOG] [LandingPage] Section loaded: offer @ http://localhost:5173/src/components/landing/LandingPage.jsx?t=1787453159870:141
[   82965ms] [LOG] [LandingPage] Section loaded: repos @ http://localhost:5173/src/components/landing/LandingPage.jsx?t=1787453159870:141
[   82978ms] [LOG] [LandingPage] Section loaded: scrolling @ http://localhost:5173/src/components/landing/LandingPage.jsx?t=1787453159870:141
[   83072ms] [LOG] [LandingPage] Section loaded: cta @ http://localhost:5173/src/components/landing/LandingPage.jsx?t=1787453159870:141
[   83161ms] [LOG] [LandingPage] Section loaded: problem @ http://localhost:5173/src/components/landing/LandingPage.jsx?t=1787453159870:141
[   83168ms] [LOG] [LandingPage] Section loaded: comparison @ http://localhost:5173/src/components/landing/LandingPage.jsx?t=1787453159870:141
[   83169ms] [LOG] [LandingPage] Section loaded: agency @ http://localhost:5173/src/components/landing/LandingPage.jsx?t=1787453159870:141
[   83170ms] [LOG] [LandingPage] Section loaded: workflow @ http://localhost:5173/src/components/landing/LandingPage.jsx?t=1787453159870:141
[   83171ms] [LOG] [LandingPage] Section loaded: features @ http://localhost:5173/src/components/landing/LandingPage.jsx?t=1787453159870:141
[   83172ms] [LOG] [LandingPage] Section loaded: engines @ http://localhost:5173/src/components/landing/LandingPage.jsx?t=1787453159870:141
[   83239ms] [LOG] [LandingPage] Section loaded: gtm-boost @ http://localhost:5173/src/components/landing/LandingPage.jsx?t=1787453159870:141
[   83255ms] [LOG] [LandingPage] Section loaded: ugc @ http://localhost:5173/src/components/landing/LandingPage.jsx?t=1787453159870:141
[   83285ms] [LOG] [LandingPage] Section loaded: ai-workflow @ http://localhost:5173/src/components/landing/LandingPage.jsx?t=1787453159870:141
[   83301ms] [LOG] [LandingPage] Section loaded: repo-cinema @ http://localhost:5173/src/components/landing/LandingPage.jsx?t=1787453159870:141
[   83319ms] [LOG] [LandingPage] Section loaded: repo-vfx @ http://localhost:5173/src/components/landing/LandingPage.jsx?t=1787453159870:141
[   83334ms] [LOG] [LandingPage] Section loaded: repo-narrative @ http://localhost:5173/src/components/landing/LandingPage.jsx?t=1787453159870:141
[   83347ms] [LOG] [LandingPage] Section loaded: repo-vertical @ http://localhost:5173/src/components/landing/LandingPage.jsx?t=1787453159870:141
[   83355ms] [LOG] [LandingPage] Section loaded: repo-animation @ http://localhost:5173/src/components/landing/LandingPage.jsx?t=1787453159870:141
[   83364ms] [LOG] [LandingPage] Section loaded: repo-fashion @ http://localhost:5173/src/components/landing/LandingPage.jsx?t=1787453159870:141
[   83370ms] [LOG] [LandingPage] Section loaded: repo-ecommerce @ http://localhost:5173/src/components/landing/LandingPage.jsx?t=1787453159870:141
[   83382ms] [LOG] [LandingPage] Section loaded: repo-social-ads @ http://localhost:5173/src/components/landing/LandingPage.jsx?t=1787453159870:141
[   83496ms] [LOG] [LandingPage] Section loaded: repo-animated @ http://localhost:5173/src/components/landing/LandingPage.jsx?t=1787453159870:141
[   83509ms] [LOG] [LandingPage] Section loaded: repo-commercial @ http://localhost:5173/src/components/landing/LandingPage.jsx?t=1787453159870:141
[   83516ms] [LOG] [LandingPage] Section loaded: repo-kinetic @ http://localhost:5173/src/components/landing/LandingPage.jsx?t=1787453159870:141
[   83520ms] [LOG] [LandingPage] Section loaded: repo-reference @ http://localhost:5173/src/components/landing/LandingPage.jsx?t=1787453159870:141
[   83523ms] [LOG] [LandingPage] Section loaded: apps @ http://localhost:5173/src/components/landing/LandingPage.jsx?t=1787453159870:141
[   83601ms] [LOG] [LandingPage] Section loaded: made-with @ http://localhost:5173/src/components/landing/LandingPage.jsx?t=1787453159870:141
[   83607ms] [LOG] [LandingPage] Section loaded: gallery @ http://localhost:5173/src/components/landing/LandingPage.jsx?t=1787453159870:141
[   83620ms] [LOG] [LandingPage] Section loaded: academy @ http://localhost:5173/src/components/landing/LandingPage.jsx?t=1787453159870:141
[   83818ms] [INFO] %cDownload the React DevTools for a better development experience: https://react.dev/link/react-devtools font-weight:bold @ http://localhost:5173/node_modules/.vite/deps/chunk-EEAUBQDT.js?v=93c1ec86:20096
[   83821ms] [ERROR] [ModalSystem] mount failed TypeError: Class constructor SortableElement cannot be invoked without 'new'
    at http://localhost:5173/components/modals/RetargetOptInModal.jsx?t=1787453159870:26:22 @ http://localhost:5173/src/main.js?t=1787453159870:329
[   83822ms] [ERROR] [popcorn-init] FAILED at: plugin-image TypeError: Class constructor SortableElement cannot be invoked without 'new'
    at http://localhost:5173/components/modals/RetargetOptInModal.jsx?t=1787453159870:26:22 @ http://localhost:5173/src/lib/popcornInit.js?t=1787453159870:55
[   83849ms] [ERROR] [popcorn-init] FAILED at: plugin-jsonTransition TypeError: Class constructor SortableElement cannot be invoked without 'new'
    at http://localhost:5173/components/modals/RetargetOptInModal.jsx?t=1787453159870:26:22 @ http://localhost:5173/src/lib/popcornInit.js?t=1787453159870:55
[   83906ms] [ERROR] [popcorn-init] FAILED at: plugin-lottie-json TypeError: Class constructor SortableElement cannot be invoked without 'new'
    at http://localhost:5173/components/modals/RetargetOptInModal.jsx?t=1787453159870:26:22 @ http://localhost:5173/src/lib/popcornInit.js?t=1787453159870:55
[   83942ms] [LOG] [popcorn-init] OK: plugin-json-button @ http://localhost:5173/src/lib/popcornInit.js?t=1787453159870:48
[   83951ms] [ERROR] [popcorn-init] FAILED at: plugin-personalizedImage TypeError: Class constructor SortableElement cannot be invoked without 'new'
    at http://localhost:5173/components/modals/RetargetOptInModal.jsx?t=1787453159870:26:22 @ http://localhost:5173/src/lib/popcornInit.js?t=1787453159870:55
[   83956ms] [ERROR] [popcorn-init] FAILED at: plugin-loopPlugin TypeError: Class constructor SortableElement cannot be invoked without 'new'
    at http://localhost:5173/components/modals/RetargetOptInModal.jsx?t=1787453159870:26:22 @ http://localhost:5173/src/lib/popcornInit.js?t=1787453159870:55
[   83964ms] [ERROR] [popcorn-init] FAILED at: plugin-pausePlugin TypeError: Class constructor SortableElement cannot be invoked without 'new'
    at http://localhost:5173/components/modals/RetargetOptInModal.jsx?t=1787453159870:26:22 @ http://localhost:5173/src/lib/popcornInit.js?t=1787453159870:55
[   83972ms] [ERROR] [popcorn-init] FAILED at: plugin-form TypeError: Class constructor SortableElement cannot be invoked without 'new'
    at http://localhost:5173/components/modals/RetargetOptInModal.jsx?t=1787453159870:26:22 @ http://localhost:5173/src/lib/popcornInit.js?t=1787453159870:55
[   83985ms] [ERROR] [popcorn-init] FAILED at: plugin-retarget TypeError: Class constructor SortableElement cannot be invoked without 'new'
    at http://localhost:5173/components/modals/RetargetOptInModal.jsx?t=1787453159870:26:22 @ http://localhost:5173/src/lib/popcornInit.js?t=1787453159870:55
[   83989ms] [LOG] [popcorn-init] OK: plugin-popup @ http://localhost:5173/src/lib/popcornInit.js?t=1787453159870:48
[   84008ms] [ERROR] [popcorn-init] FAILED at: plugin-sequencer TypeError: Class constructor SortableElement cannot be invoked without 'new'
    at http://localhost:5173/components/modals/RetargetOptInModal.jsx?t=1787453159870:26:22 @ http://localhost:5173/src/lib/popcornInit.js?t=1787453159870:55
[   84015ms] [ERROR] [popcorn-init] FAILED at: plugin-skip TypeError: Class constructor SortableElement cannot be invoked without 'new'
    at http://localhost:5173/components/modals/RetargetOptInModal.jsx?t=1787453159870:26:22 @ http://localhost:5173/src/lib/popcornInit.js?t=1787453159870:55
[   84036ms] [ERROR] [popcorn-init] FAILED at: plugin-text TypeError: Class constructor SortableElement cannot be invoked without 'new'
    at http://localhost:5173/components/modals/RetargetOptInModal.jsx?t=1787453159870:26:22 @ http://localhost:5173/src/lib/popcornInit.js?t=1787453159870:55
[   84046ms] [LOG] [popcorn-init] OK: plugin-social @ http://localhost:5173/src/lib/popcornInit.js?t=1787453159870:48
[   84050ms] [ERROR] [popcorn-init] FAILED at: plugin-jsonAnimation TypeError: Class constructor SortableElement cannot be invoked without 'new'
    at http://localhost:5173/components/modals/RetargetOptInModal.jsx?t=1787453159870:26:22 @ http://localhost:5173/src/lib/popcornInit.js?t=1787453159870:55
[   84072ms] [LOG] [popcorn-init] OK: plugin-videoTransition @ http://localhost:5173/src/lib/popcornInit.js?t=1787453159870:48
[   84122ms] [ERROR] [popcorn-init] FAILED at: plugin-seethroughtext TypeError: Class constructor SortableElement cannot be invoked without 'new'
    at http://localhost:5173/components/modals/RetargetOptInModal.jsx?t=1787453159870:26:22 @ http://localhost:5173/src/lib/popcornInit.js?t=1787453159870:55
[   84155ms] [LOG] [popcorn-init] OK: plugin-wikipedia @ http://localhost:5173/src/lib/popcornInit.js?t=1787453159870:48
[   84172ms] [ERROR] [popcorn-init] FAILED at: plugin-combined TypeError: Class constructor SortableElement cannot be invoked without 'new'
    at http://localhost:5173/components/modals/RetargetOptInModal.jsx?t=1787453159870:26:22 @ http://localhost:5173/src/lib/popcornInit.js?t=1787453159870:55
[   84182ms] [ERROR] [popcorn-init] FAILED at: plugin-background TypeError: Class constructor SortableElement cannot be invoked without 'new'
    at http://localhost:5173/components/modals/RetargetOptInModal.jsx?t=1787453159870:26:22 @ http://localhost:5173/src/lib/popcornInit.js?t=1787453159870:55
[   84182ms] [LOG] [popcorn-init] SUMMARY: 5/20 plugins registered; FAILED: plugin-image, plugin-jsonTransition, plugin-lottie-json, plugin-personalizedImage, plugin-loopPlugin, plugin-pausePlugin, plugin-form, plugin-retarget, plugin-sequencer, plugin-skip, plugin-text, plugin-jsonAnimation, plugin-seethroughtext, plugin-combined, plugin-background @ http://localhost:5173/src/lib/popcornInit.js?t=1787453159870:60
[   84182ms] [LOG] [popcorn] function 5 @ http://localhost:5173/src/main.js?t=1787453159870:4
[   85467ms] [LOG] [App] Starting initialization... @ http://localhost:5173/src/main.js?t=1787453159870:19
[   85475ms] [LOG] [popcorn-init] OK: jquery @ http://localhost:5173/src/lib/popcornInit.js?t=1787453159870:41
[   85477ms] [LOG] [popcorn-init] OK: jquery-textfill @ http://localhost:5173/src/lib/popcornInit.js?t=1787453159870:48
[   85478ms] [LOG] [popcorn-init] OK: popcorn-core @ http://localhost:5173/src/lib/popcornInit.js?t=1787453159870:48
[   85479ms] [LOG] [popcorn-init] OK: popcorn-ie8 @ http://localhost:5173/src/lib/popcornInit.js?t=1787453159870:48
[   85480ms] [LOG] [popcorn-init] OK: wrapper-common @ http://localhost:5173/src/lib/popcornInit.js?t=1787453159870:48
[   85481ms] [LOG] [popcorn-init] OK: wrapper-html5 @ http://localhost:5173/src/lib/popcornInit.js?t=1787453159870:48
[   85481ms] [LOG] [popcorn-init] OK: wrapper-vrview @ http://localhost:5173/src/lib/popcornInit.js?t=1787453159870:48
[   85482ms] [LOG] [popcorn-init] OK: wrapper-adaptive @ http://localhost:5173/src/lib/popcornInit.js?t=1787453159870:48
[   85482ms] [LOG] [popcorn-init] OK: wrapper-null @ http://localhost:5173/src/lib/popcornInit.js?t=1787453159870:48
[   85483ms] [LOG] [popcorn-init] OK: wrapper-soundcloud @ http://localhost:5173/src/lib/popcornInit.js?t=1787453159870:48
[   85483ms] [LOG] [popcorn-init] OK: wrapper-vimeo @ http://localhost:5173/src/lib/popcornInit.js?t=1787453159870:48
[   85483ms] [LOG] [popcorn-init] OK: wrapper-youtube @ http://localhost:5173/src/lib/popcornInit.js?t=1787453159870:48
[   85484ms] [LOG] [popcorn-init] OK: wrapper-jwplayer @ http://localhost:5173/src/lib/popcornInit.js?t=1787453159870:48
[   85484ms] [LOG] [popcorn-init] OK: player-module @ http://localhost:5173/src/lib/popcornInit.js?t=1787453159870:48
[   85489ms] [LOG] [LandingPage] Header.jsx loaded @ http://localhost:5173/src/components/landing/LandingPage.jsx?t=1787453159870:176
[   85585ms] [LOG] [LandingPage] CinematicVideoHero.jsx loaded @ http://localhost:5173/src/components/landing/LandingPage.jsx?t=1787453159870:189
[   85805ms] [LOG] [LandingPage] HeroSection.jsx loaded @ http://localhost:5173/src/components/landing/LandingPage.jsx?t=1787453159870:202
[   85806ms] [LOG] [LandingPage] Observer created for: scrolling placeholder id: section-scrolling @ http://localhost:5173/src/components/landing/LandingPage.jsx?t=1787453159870:160
[   85806ms] [LOG] [LandingPage] Observer created for: hook placeholder id: section-hook @ http://localhost:5173/src/components/landing/LandingPage.jsx?t=1787453159870:160
[   85806ms] [LOG] [LandingPage] Observer created for: engines placeholder id: section-engines @ http://localhost:5173/src/components/landing/LandingPage.jsx?t=1787453159870:160
[   85806ms] [LOG] [LandingPage] Observer created for: apps placeholder id: section-apps @ http://localhost:5173/src/components/landing/LandingPage.jsx?t=1787453159870:160
[   85806ms] [LOG] [LandingPage] Observer created for: features placeholder id: section-features @ http://localhost:5173/src/components/landing/LandingPage.jsx?t=1787453159870:160
[   85806ms] [LOG] [LandingPage] Observer created for: problem placeholder id: section-problem @ http://localhost:5173/src/components/landing/LandingPage.jsx?t=1787453159870:160
[   85806ms] [LOG] [LandingPage] Observer created for: workflow placeholder id: section-workflow @ http://localhost:5173/src/components/landing/LandingPage.jsx?t=1787453159870:160
[   85806ms] [LOG] [LandingPage] Observer created for: comparison placeholder id: section-comparison @ http://localhost:5173/src/components/landing/LandingPage.jsx?t=1787453159870:160
[   85806ms] [LOG] [LandingPage] Observer created for: value placeholder id: section-value @ http://localhost:5173/src/components/landing/LandingPage.jsx?t=1787453159870:160
[   85806ms] [LOG] [LandingPage] Observer created for: agency placeholder id: section-agency @ http://localhost:5173/src/components/landing/LandingPage.jsx?t=1787453159870:160
[   85806ms] [LOG] [LandingPage] Observer created for: offer placeholder id: section-offer @ http://localhost:5173/src/components/landing/LandingPage.jsx?t=1787453159870:160
[   85806ms] [LOG] [LandingPage] Observer created for: cta placeholder id: section-cta @ http://localhost:5173/src/components/landing/LandingPage.jsx?t=1787453159870:160
[   85806ms] [LOG] [LandingPage] Observer created for: ai-workflow placeholder id: section-ai-workflow @ http://localhost:5173/src/components/landing/LandingPage.jsx?t=1787453159870:160
[   85807ms] [LOG] [LandingPage] Observer created for: made-with placeholder id: section-made-with @ http://localhost:5173/src/components/landing/LandingPage.jsx?t=1787453159870:160
[   85807ms] [LOG] [LandingPage] Observer created for: ugc placeholder id: section-ugc @ http://localhost:5173/src/components/landing/LandingPage.jsx?t=1787453159870:160
[   85807ms] [LOG] [LandingPage] Observer created for: gallery placeholder id: section-gallery @ http://localhost:5173/src/components/landing/LandingPage.jsx?t=1787453159870:160
[   85807ms] [LOG] [LandingPage] Observer created for: academy placeholder id: section-academy @ http://localhost:5173/src/components/landing/LandingPage.jsx?t=1787453159870:160
[   85807ms] [LOG] [LandingPage] Observer created for: repo-cinema placeholder id: section-repo-cinema @ http://localhost:5173/src/components/landing/LandingPage.jsx?t=1787453159870:160
[   85807ms] [LOG] [LandingPage] Observer created for: repo-commercial placeholder id: section-repo-commercial @ http://localhost:5173/src/components/landing/LandingPage.jsx?t=1787453159870:160
[   85807ms] [LOG] [LandingPage] Observer created for: repo-social-ads placeholder id: section-repo-social-ads @ http://localhost:5173/src/components/landing/LandingPage.jsx?t=1787453159870:160
[   85807ms] [LOG] [LandingPage] Observer created for: repo-narrative placeholder id: section-repo-narrative @ http://localhost:5173/src/components/landing/LandingPage.jsx?t=1787453159870:160
[   85807ms] [LOG] [LandingPage] Observer created for: repo-vertical placeholder id: section-repo-vertical @ http://localhost:5173/src/components/landing/LandingPage.jsx?t=1787453159870:160
[   85807ms] [LOG] [LandingPage] Observer created for: repo-ecommerce placeholder id: section-repo-ecommerce @ http://localhost:5173/src/components/landing/LandingPage.jsx?t=1787453159870:160
[   85807ms] [LOG] [LandingPage] Observer created for: repo-kinetic placeholder id: section-repo-kinetic @ http://localhost:5173/src/components/landing/LandingPage.jsx?t=1787453159870:160
[   85807ms] [LOG] [LandingPage] Observer created for: repo-animated placeholder id: section-repo-animated @ http://localhost:5173/src/components/landing/LandingPage.jsx?t=1787453159870:160
[   85807ms] [LOG] [LandingPage] Observer created for: repo-animation placeholder id: section-repo-animation @ http://localhost:5173/src/components/landing/LandingPage.jsx?t=1787453159870:160
[   85807ms] [LOG] [LandingPage] Observer created for: repo-reference placeholder id: section-repo-reference @ http://localhost:5173/src/components/landing/LandingPage.jsx?t=1787453159870:160
[   85807ms] [LOG] [LandingPage] Observer created for: repo-vfx placeholder id: section-repo-vfx @ http://localhost:5173/src/components/landing/LandingPage.jsx?t=1787453159870:160
[   85807ms] [LOG] [LandingPage] Observer created for: repo-fashion placeholder id: section-repo-fashion @ http://localhost:5173/src/components/landing/LandingPage.jsx?t=1787453159870:160
[   85807ms] [LOG] [LandingPage] Observer created for: repos placeholder id: section-repos @ http://localhost:5173/src/components/landing/LandingPage.jsx?t=1787453159870:160
[   85807ms] [LOG] [LandingPage] Observer created for: gtm-boost placeholder id: section-gtm-boost @ http://localhost:5173/src/components/landing/LandingPage.jsx?t=1787453159870:160
[   85808ms] [LOG] [App] Landing page rendered @ http://localhost:5173/src/main.js?t=1787453159870:88
[   85822ms] [LOG] [LandingPage] IntersectionObserver fired for repo-animated [Object] @ http://localhost:5173/src/components/landing/LandingPage.jsx?t=1787453159870:119
[   85822ms] [LOG] [LandingPage] Loading section: repo-animated @ http://localhost:5173/src/components/landing/LandingPage.jsx?t=1787453159870:122
[   85822ms] [LOG] [LandingPage] IntersectionObserver fired for made-with [Object] @ http://localhost:5173/src/components/landing/LandingPage.jsx?t=1787453159870:119
[   85823ms] [LOG] [LandingPage] Loading section: made-with @ http://localhost:5173/src/components/landing/LandingPage.jsx?t=1787453159870:122
[   85823ms] [LOG] [LandingPage] IntersectionObserver fired for engines [Object] @ http://localhost:5173/src/components/landing/LandingPage.jsx?t=1787453159870:119
[   85823ms] [LOG] [LandingPage] Loading section: engines @ http://localhost:5173/src/components/landing/LandingPage.jsx?t=1787453159870:122
[   85823ms] [LOG] [LandingPage] IntersectionObserver fired for repo-kinetic [Object] @ http://localhost:5173/src/components/landing/LandingPage.jsx?t=1787453159870:119
[   85823ms] [LOG] [LandingPage] Loading section: repo-kinetic @ http://localhost:5173/src/components/landing/LandingPage.jsx?t=1787453159870:122
[   85823ms] [LOG] [LandingPage] IntersectionObserver fired for repo-animation [Object] @ http://localhost:5173/src/components/landing/LandingPage.jsx?t=1787453159870:119
[   85823ms] [LOG] [LandingPage] Loading section: repo-animation @ http://localhost:5173/src/components/landing/LandingPage.jsx?t=1787453159870:122
[   85823ms] [LOG] [LandingPage] IntersectionObserver fired for cta [Object] @ http://localhost:5173/src/components/landing/LandingPage.jsx?t=1787453159870:119
[   85824ms] [LOG] [LandingPage] Loading section: cta @ http://localhost:5173/src/components/landing/LandingPage.jsx?t=1787453159870:122
[   85824ms] [LOG] [LandingPage] IntersectionObserver fired for problem [Object] @ http://localhost:5173/src/components/landing/LandingPage.jsx?t=1787453159870:119
[   85824ms] [LOG] [LandingPage] Loading section: problem @ http://localhost:5173/src/components/landing/LandingPage.jsx?t=1787453159870:122
[   85824ms] [LOG] [LandingPage] IntersectionObserver fired for gallery [Object] @ http://localhost:5173/src/components/landing/LandingPage.jsx?t=1787453159870:119
[   85824ms] [LOG] [LandingPage] Loading section: gallery @ http://localhost:5173/src/components/landing/LandingPage.jsx?t=1787453159870:122
[   85824ms] [LOG] [LandingPage] IntersectionObserver fired for repo-social-ads [Object] @ http://localhost:5173/src/components/landing/LandingPage.jsx?t=1787453159870:119
[   85825ms] [LOG] [LandingPage] Loading section: repo-social-ads @ http://localhost:5173/src/components/landing/LandingPage.jsx?t=1787453159870:122
[   85825ms] [LOG] [LandingPage] IntersectionObserver fired for repo-ecommerce [Object] @ http://localhost:5173/src/components/landing/LandingPage.jsx?t=1787453159870:119
[   85825ms] [LOG] [LandingPage] Loading section: repo-ecommerce @ http://localhost:5173/src/components/landing/LandingPage.jsx?t=1787453159870:122
[   85825ms] [LOG] [LandingPage] IntersectionObserver fired for comparison [Object] @ http://localhost:5173/src/components/landing/LandingPage.jsx?t=1787453159870:119
[   85825ms] [LOG] [LandingPage] Loading section: comparison @ http://localhost:5173/src/components/landing/LandingPage.jsx?t=1787453159870:122
[   85825ms] [LOG] [LandingPage] IntersectionObserver fired for offer [Object] @ http://localhost:5173/src/components/landing/LandingPage.jsx?t=1787453159870:119
[   85825ms] [LOG] [LandingPage] Loading section: offer @ http://localhost:5173/src/components/landing/LandingPage.jsx?t=1787453159870:122
[   85826ms] [LOG] [LandingPage] IntersectionObserver fired for hook [Object] @ http://localhost:5173/src/components/landing/LandingPage.jsx?t=1787453159870:119
[   85826ms] [LOG] [LandingPage] Loading section: hook @ http://localhost:5173/src/components/landing/LandingPage.jsx?t=1787453159870:122
[   85826ms] [LOG] [LandingPage] IntersectionObserver fired for repo-reference [Object] @ http://localhost:5173/src/components/landing/LandingPage.jsx?t=1787453159870:119
[   85826ms] [LOG] [LandingPage] Loading section: repo-reference @ http://localhost:5173/src/components/landing/LandingPage.jsx?t=1787453159870:122
[   85826ms] [LOG] [LandingPage] IntersectionObserver fired for workflow [Object] @ http://localhost:5173/src/components/landing/LandingPage.jsx?t=1787453159870:119
[   85827ms] [LOG] [LandingPage] Loading section: workflow @ http://localhost:5173/src/components/landing/LandingPage.jsx?t=1787453159870:122
[   85827ms] [LOG] [LandingPage] IntersectionObserver fired for repo-vfx [Object] @ http://localhost:5173/src/components/landing/LandingPage.jsx?t=1787453159870:119
[   85827ms] [LOG] [LandingPage] Loading section: repo-vfx @ http://localhost:5173/src/components/landing/LandingPage.jsx?t=1787453159870:122
[   85827ms] [LOG] [LandingPage] IntersectionObserver fired for features [Object] @ http://localhost:5173/src/components/landing/LandingPage.jsx?t=1787453159870:119
[   85827ms] [LOG] [LandingPage] Loading section: features @ http://localhost:5173/src/components/landing/LandingPage.jsx?t=1787453159870:122
[   85827ms] [LOG] [LandingPage] IntersectionObserver fired for apps [Object] @ http://localhost:5173/src/components/landing/LandingPage.jsx?t=1787453159870:119
[   85828ms] [LOG] [LandingPage] Loading section: apps @ http://localhost:5173/src/components/landing/LandingPage.jsx?t=1787453159870:122
[   85828ms] [LOG] [LandingPage] IntersectionObserver fired for repo-commercial [Object] @ http://localhost:5173/src/components/landing/LandingPage.jsx?t=1787453159870:119
[   85828ms] [LOG] [LandingPage] Loading section: repo-commercial @ http://localhost:5173/src/components/landing/LandingPage.jsx?t=1787453159870:122
[   85828ms] [LOG] [LandingPage] IntersectionObserver fired for value [Object] @ http://localhost:5173/src/components/landing/LandingPage.jsx?t=1787453159870:119
[   85828ms] [LOG] [LandingPage] Loading section: value @ http://localhost:5173/src/components/landing/LandingPage.jsx?t=1787453159870:122
[   85828ms] [LOG] [LandingPage] IntersectionObserver fired for scrolling [Object] @ http://localhost:5173/src/components/landing/LandingPage.jsx?t=1787453159870:119
[   85828ms] [LOG] [LandingPage] Loading section: scrolling @ http://localhost:5173/src/components/landing/LandingPage.jsx?t=1787453159870:122
[   85829ms] [LOG] [LandingPage] IntersectionObserver fired for repos [Object] @ http://localhost:5173/src/components/landing/LandingPage.jsx?t=1787453159870:119
[   85829ms] [LOG] [LandingPage] Loading section: repos @ http://localhost:5173/src/components/landing/LandingPage.jsx?t=1787453159870:122
[   85829ms] [LOG] [LandingPage] IntersectionObserver fired for repo-cinema [Object] @ http://localhost:5173/src/components/landing/LandingPage.jsx?t=1787453159870:119
[   85829ms] [LOG] [LandingPage] Loading section: repo-cinema @ http://localhost:5173/src/components/landing/LandingPage.jsx?t=1787453159870:122
[   85829ms] [LOG] [LandingPage] IntersectionObserver fired for ai-workflow [Object] @ http://localhost:5173/src/components/landing/LandingPage.jsx?t=1787453159870:119
[   85829ms] [LOG] [LandingPage] Loading section: ai-workflow @ http://localhost:5173/src/components/landing/LandingPage.jsx?t=1787453159870:122
[   85829ms] [LOG] [LandingPage] IntersectionObserver fired for ugc [Object] @ http://localhost:5173/src/components/landing/LandingPage.jsx?t=1787453159870:119
[   85830ms] [LOG] [LandingPage] Loading section: ugc @ http://localhost:5173/src/components/landing/LandingPage.jsx?t=1787453159870:122
[   85830ms] [LOG] [LandingPage] IntersectionObserver fired for repo-fashion [Object] @ http://localhost:5173/src/components/landing/LandingPage.jsx?t=1787453159870:119
[   85830ms] [LOG] [LandingPage] Loading section: repo-fashion @ http://localhost:5173/src/components/landing/LandingPage.jsx?t=1787453159870:122
[   85830ms] [LOG] [LandingPage] IntersectionObserver fired for gtm-boost [Object] @ http://localhost:5173/src/components/landing/LandingPage.jsx?t=1787453159870:119
[   85830ms] [LOG] [LandingPage] Loading section: gtm-boost @ http://localhost:5173/src/components/landing/LandingPage.jsx?t=1787453159870:122
[   85830ms] [LOG] [LandingPage] IntersectionObserver fired for agency [Object] @ http://localhost:5173/src/components/landing/LandingPage.jsx?t=1787453159870:119
[   85830ms] [LOG] [LandingPage] Loading section: agency @ http://localhost:5173/src/components/landing/LandingPage.jsx?t=1787453159870:122
[   85831ms] [LOG] [LandingPage] IntersectionObserver fired for academy [Object] @ http://localhost:5173/src/components/landing/LandingPage.jsx?t=1787453159870:119
[   85831ms] [LOG] [LandingPage] Loading section: academy @ http://localhost:5173/src/components/landing/LandingPage.jsx?t=1787453159870:122
[   85831ms] [LOG] [LandingPage] IntersectionObserver fired for repo-vertical [Object] @ http://localhost:5173/src/components/landing/LandingPage.jsx?t=1787453159870:119
[   85831ms] [LOG] [LandingPage] Loading section: repo-vertical @ http://localhost:5173/src/components/landing/LandingPage.jsx?t=1787453159870:122
[   85831ms] [LOG] [LandingPage] IntersectionObserver fired for repo-narrative [Object] @ http://localhost:5173/src/components/landing/LandingPage.jsx?t=1787453159870:119
[   85831ms] [LOG] [LandingPage] Loading section: repo-narrative @ http://localhost:5173/src/components/landing/LandingPage.jsx?t=1787453159870:122
[   86261ms] [LOG] [LandingPage] Section loaded: engines @ http://localhost:5173/src/components/landing/LandingPage.jsx?t=1787453159870:141
[   86267ms] [LOG] [LandingPage] Section loaded: problem @ http://localhost:5173/src/components/landing/LandingPage.jsx?t=1787453159870:141
[   86270ms] [LOG] [LandingPage] Section loaded: cta @ http://localhost:5173/src/components/landing/LandingPage.jsx?t=1787453159870:141
[   86297ms] [LOG] [LandingPage] Section loaded: offer @ http://localhost:5173/src/components/landing/LandingPage.jsx?t=1787453159870:141
[   86298ms] [LOG] [LandingPage] Section loaded: comparison @ http://localhost:5173/src/components/landing/LandingPage.jsx?t=1787453159870:141
[   86298ms] [LOG] [LandingPage] Section loaded: hook @ http://localhost:5173/src/components/landing/LandingPage.jsx?t=1787453159870:141
[   86299ms] [LOG] [LandingPage] Section loaded: workflow @ http://localhost:5173/src/components/landing/LandingPage.jsx?t=1787453159870:141
[   86332ms] [LOG] [LandingPage] Section loaded: features @ http://localhost:5173/src/components/landing/LandingPage.jsx?t=1787453159870:141
[   86332ms] [LOG] [LandingPage] Section loaded: value @ http://localhost:5173/src/components/landing/LandingPage.jsx?t=1787453159870:141
[   86340ms] [LOG] [LandingPage] Section loaded: scrolling @ http://localhost:5173/src/components/landing/LandingPage.jsx?t=1787453159870:141
[   86446ms] [LOG] [LandingPage] Section loaded: repos @ http://localhost:5173/src/components/landing/LandingPage.jsx?t=1787453159870:141
[   86461ms] [LOG] [LandingPage] Section loaded: agency @ http://localhost:5173/src/components/landing/LandingPage.jsx?t=1787453159870:141
[   86497ms] [LOG] [LandingPage] Section loaded: ai-workflow @ http://localhost:5173/src/components/landing/LandingPage.jsx?t=1787453159870:141
[   86510ms] [LOG] [LandingPage] Section loaded: repo-animation @ http://localhost:5173/src/components/landing/LandingPage.jsx?t=1787453159870:141
[   86518ms] [LOG] [LandingPage] Section loaded: repo-vertical @ http://localhost:5173/src/components/landing/LandingPage.jsx?t=1787453159870:141
[   86526ms] [LOG] [LandingPage] Section loaded: repo-kinetic @ http://localhost:5173/src/components/landing/LandingPage.jsx?t=1787453159870:141
[   86534ms] [LOG] [LandingPage] Section loaded: repo-cinema @ http://localhost:5173/src/components/landing/LandingPage.jsx?t=1787453159870:141
[   86541ms] [LOG] [LandingPage] Section loaded: repo-animated @ http://localhost:5173/src/components/landing/LandingPage.jsx?t=1787453159870:141
[   86549ms] [LOG] [LandingPage] Section loaded: repo-vfx @ http://localhost:5173/src/components/landing/LandingPage.jsx?t=1787453159870:141
[   86557ms] [LOG] [LandingPage] Section loaded: repo-social-ads @ http://localhost:5173/src/components/landing/LandingPage.jsx?t=1787453159870:141
[   86561ms] [LOG] [LandingPage] Section loaded: ugc @ http://localhost:5173/src/components/landing/LandingPage.jsx?t=1787453159870:141
[   86564ms] [LOG] [LandingPage] Section loaded: gtm-boost @ http://localhost:5173/src/components/landing/LandingPage.jsx?t=1787453159870:141
[   86570ms] [LOG] [LandingPage] Section loaded: repo-commercial @ http://localhost:5173/src/components/landing/LandingPage.jsx?t=1787453159870:141
[   86579ms] [LOG] [LandingPage] Section loaded: gallery @ http://localhost:5173/src/components/landing/LandingPage.jsx?t=1787453159870:141
[   86586ms] [LOG] [LandingPage] Section loaded: repo-narrative @ http://localhost:5173/src/components/landing/LandingPage.jsx?t=1787453159870:141
[   86594ms] [LOG] [LandingPage] Section loaded: made-with @ http://localhost:5173/src/components/landing/LandingPage.jsx?t=1787453159870:141
[   86601ms] [LOG] [LandingPage] Section loaded: repo-ecommerce @ http://localhost:5173/src/components/landing/LandingPage.jsx?t=1787453159870:141
[   86767ms] [LOG] [LandingPage] Section loaded: repo-fashion @ http://localhost:5173/src/components/landing/LandingPage.jsx?t=1787453159870:141
[   86780ms] [LOG] [LandingPage] Section loaded: repo-reference @ http://localhost:5173/src/components/landing/LandingPage.jsx?t=1787453159870:141
[   86791ms] [LOG] [LandingPage] Section loaded: apps @ http://localhost:5173/src/components/landing/LandingPage.jsx?t=1787453159870:141
[   86946ms] [LOG] [LandingPage] Section loaded: academy @ http://localhost:5173/src/components/landing/LandingPage.jsx?t=1787453159870:141
[   87181ms] [ERROR] [popcorn-init] FAILED at: plugin-image TypeError: Class constructor SortableElement cannot be invoked without 'new'
    at http://localhost:5173/components/modals/RetargetOptInModal.jsx?t=1787453159870:26:22 @ http://localhost:5173/src/lib/popcornInit.js?t=1787453159870:55
[   87184ms] [INFO] %cDownload the React DevTools for a better development experience: https://react.dev/link/react-devtools font-weight:bold @ http://localhost:5173/node_modules/.vite/deps/chunk-EEAUBQDT.js?v=93c1ec86:20096
[   87184ms] [ERROR] [ModalSystem] mount failed TypeError: Class constructor SortableElement cannot be invoked without 'new'
    at http://localhost:5173/components/modals/RetargetOptInModal.jsx?t=1787453159870:26:22 @ http://localhost:5173/src/main.js?t=1787453159870:329
[   87231ms] [ERROR] [popcorn-init] FAILED at: plugin-jsonTransition TypeError: Class constructor SortableElement cannot be invoked without 'new'
    at http://localhost:5173/components/modals/RetargetOptInModal.jsx?t=1787453159870:26:22 @ http://localhost:5173/src/lib/popcornInit.js?t=1787453159870:55
[   87239ms] [ERROR] [popcorn-init] FAILED at: plugin-lottie-json TypeError: Class constructor SortableElement cannot be invoked without 'new'
    at http://localhost:5173/components/modals/RetargetOptInModal.jsx?t=1787453159870:26:22 @ http://localhost:5173/src/lib/popcornInit.js?t=1787453159870:55
[   87251ms] [LOG] [popcorn-init] OK: plugin-json-button @ http://localhost:5173/src/lib/popcornInit.js?t=1787453159870:48
[   87256ms] [ERROR] [popcorn-init] FAILED at: plugin-personalizedImage TypeError: Class constructor SortableElement cannot be invoked without 'new'
    at http://localhost:5173/components/modals/RetargetOptInModal.jsx?t=1787453159870:26:22 @ http://localhost:5173/src/lib/popcornInit.js?t=1787453159870:55
[   87266ms] [ERROR] [popcorn-init] FAILED at: plugin-loopPlugin TypeError: Class constructor SortableElement cannot be invoked without 'new'
    at http://localhost:5173/components/modals/RetargetOptInModal.jsx?t=1787453159870:26:22 @ http://localhost:5173/src/lib/popcornInit.js?t=1787453159870:55
[   87271ms] [ERROR] [popcorn-init] FAILED at: plugin-pausePlugin TypeError: Class constructor SortableElement cannot be invoked without 'new'
    at http://localhost:5173/components/modals/RetargetOptInModal.jsx?t=1787453159870:26:22 @ http://localhost:5173/src/lib/popcornInit.js?t=1787453159870:55
[   87281ms] [ERROR] [popcorn-init] FAILED at: plugin-form TypeError: Class constructor SortableElement cannot be invoked without 'new'
    at http://localhost:5173/components/modals/RetargetOptInModal.jsx?t=1787453159870:26:22 @ http://localhost:5173/src/lib/popcornInit.js?t=1787453159870:55
[   87291ms] [ERROR] [popcorn-init] FAILED at: plugin-retarget TypeError: Class constructor SortableElement cannot be invoked without 'new'
    at http://localhost:5173/components/modals/RetargetOptInModal.jsx?t=1787453159870:26:22 @ http://localhost:5173/src/lib/popcornInit.js?t=1787453159870:55
[   87297ms] [LOG] [popcorn-init] OK: plugin-popup @ http://localhost:5173/src/lib/popcornInit.js?t=1787453159870:48
[   87301ms] [ERROR] [popcorn-init] FAILED at: plugin-sequencer TypeError: Class constructor SortableElement cannot be invoked without 'new'
    at http://localhost:5173/components/modals/RetargetOptInModal.jsx?t=1787453159870:26:22 @ http://localhost:5173/src/lib/popcornInit.js?t=1787453159870:55
[   87306ms] [ERROR] [popcorn-init] FAILED at: plugin-skip TypeError: Class constructor SortableElement cannot be invoked without 'new'
    at http://localhost:5173/components/modals/RetargetOptInModal.jsx?t=1787453159870:26:22 @ http://localhost:5173/src/lib/popcornInit.js?t=1787453159870:55
[   87330ms] [ERROR] [popcorn-init] FAILED at: plugin-text TypeError: Class constructor SortableElement cannot be invoked without 'new'
    at http://localhost:5173/components/modals/RetargetOptInModal.jsx?t=1787453159870:26:22 @ http://localhost:5173/src/lib/popcornInit.js?t=1787453159870:55
[   87338ms] [LOG] [popcorn-init] OK: plugin-social @ http://localhost:5173/src/lib/popcornInit.js?t=1787453159870:48
[   87345ms] [ERROR] [popcorn-init] FAILED at: plugin-jsonAnimation TypeError: Class constructor SortableElement cannot be invoked without 'new'
    at http://localhost:5173/components/modals/RetargetOptInModal.jsx?t=1787453159870:26:22 @ http://localhost:5173/src/lib/popcornInit.js?t=1787453159870:55
[   87354ms] [LOG] [popcorn-init] OK: plugin-videoTransition @ http://localhost:5173/src/lib/popcornInit.js?t=1787453159870:48
[   87362ms] [ERROR] [popcorn-init] FAILED at: plugin-seethroughtext TypeError: Class constructor SortableElement cannot be invoked without 'new'
    at http://localhost:5173/components/modals/RetargetOptInModal.jsx?t=1787453159870:26:22 @ http://localhost:5173/src/lib/popcornInit.js?t=1787453159870:55
[   87365ms] [LOG] [popcorn-init] OK: plugin-wikipedia @ http://localhost:5173/src/lib/popcornInit.js?t=1787453159870:48
[   87369ms] [ERROR] [popcorn-init] FAILED at: plugin-combined TypeError: Class constructor SortableElement cannot be invoked without 'new'
    at http://localhost:5173/components/modals/RetargetOptInModal.jsx?t=1787453159870:26:22 @ http://localhost:5173/src/lib/popcornInit.js?t=1787453159870:55
[   87382ms] [ERROR] [popcorn-init] FAILED at: plugin-background TypeError: Class constructor SortableElement cannot be invoked without 'new'
    at http://localhost:5173/components/modals/RetargetOptInModal.jsx?t=1787453159870:26:22 @ http://localhost:5173/src/lib/popcornInit.js?t=1787453159870:55
[   87382ms] [LOG] [popcorn-init] SUMMARY: 5/20 plugins registered; FAILED: plugin-image, plugin-jsonTransition, plugin-lottie-json, plugin-personalizedImage, plugin-loopPlugin, plugin-pausePlugin, plugin-form, plugin-retarget, plugin-sequencer, plugin-skip, plugin-text, plugin-jsonAnimation, plugin-seethroughtext, plugin-combined, plugin-background @ http://localhost:5173/src/lib/popcornInit.js?t=1787453159870:60
[   87382ms] [LOG] [popcorn] function 5 @ http://localhost:5173/src/main.js?t=1787453159870:4
[   88833ms] [LOG] [App] Starting initialization... @ http://localhost:5173/src/main.js?t=1787453159870:19
[   88840ms] [LOG] [popcorn-init] OK: jquery @ http://localhost:5173/src/lib/popcornInit.js?t=1787453159870:41
[   88841ms] [LOG] [popcorn-init] OK: jquery-textfill @ http://localhost:5173/src/lib/popcornInit.js?t=1787453159870:48
[   88843ms] [LOG] [popcorn-init] OK: popcorn-core @ http://localhost:5173/src/lib/popcornInit.js?t=1787453159870:48
[   88844ms] [LOG] [popcorn-init] OK: popcorn-ie8 @ http://localhost:5173/src/lib/popcornInit.js?t=1787453159870:48
[   88845ms] [LOG] [popcorn-init] OK: wrapper-common @ http://localhost:5173/src/lib/popcornInit.js?t=1787453159870:48
[   88846ms] [LOG] [popcorn-init] OK: wrapper-html5 @ http://localhost:5173/src/lib/popcornInit.js?t=1787453159870:48
[   88846ms] [LOG] [popcorn-init] OK: wrapper-vrview @ http://localhost:5173/src/lib/popcornInit.js?t=1787453159870:48
[   88846ms] [LOG] [popcorn-init] OK: wrapper-adaptive @ http://localhost:5173/src/lib/popcornInit.js?t=1787453159870:48
[   88847ms] [LOG] [popcorn-init] OK: wrapper-null @ http://localhost:5173/src/lib/popcornInit.js?t=1787453159870:48
[   88847ms] [LOG] [popcorn-init] OK: wrapper-soundcloud @ http://localhost:5173/src/lib/popcornInit.js?t=1787453159870:48
[   88847ms] [LOG] [popcorn-init] OK: wrapper-vimeo @ http://localhost:5173/src/lib/popcornInit.js?t=1787453159870:48
[   88848ms] [LOG] [popcorn-init] OK: wrapper-youtube @ http://localhost:5173/src/lib/popcornInit.js?t=1787453159870:48
[   88848ms] [LOG] [popcorn-init] OK: wrapper-jwplayer @ http://localhost:5173/src/lib/popcornInit.js?t=1787453159870:48
[   88848ms] [LOG] [popcorn-init] OK: player-module @ http://localhost:5173/src/lib/popcornInit.js?t=1787453159870:48
[   88849ms] [LOG] [LandingPage] Header.jsx loaded @ http://localhost:5173/src/components/landing/LandingPage.jsx?t=1787453159870:176
[   88880ms] [LOG] [LandingPage] CinematicVideoHero.jsx loaded @ http://localhost:5173/src/components/landing/LandingPage.jsx?t=1787453159870:189
[   89162ms] [LOG] [LandingPage] HeroSection.jsx loaded @ http://localhost:5173/src/components/landing/LandingPage.jsx?t=1787453159870:202
[   89162ms] [LOG] [LandingPage] Observer created for: scrolling placeholder id: section-scrolling @ http://localhost:5173/src/components/landing/LandingPage.jsx?t=1787453159870:160
[   89162ms] [LOG] [LandingPage] Observer created for: hook placeholder id: section-hook @ http://localhost:5173/src/components/landing/LandingPage.jsx?t=1787453159870:160
[   89163ms] [LOG] [LandingPage] Observer created for: engines placeholder id: section-engines @ http://localhost:5173/src/components/landing/LandingPage.jsx?t=1787453159870:160
[   89163ms] [LOG] [LandingPage] Observer created for: apps placeholder id: section-apps @ http://localhost:5173/src/components/landing/LandingPage.jsx?t=1787453159870:160
[   89163ms] [LOG] [LandingPage] Observer created for: features placeholder id: section-features @ http://localhost:5173/src/components/landing/LandingPage.jsx?t=1787453159870:160
[   89163ms] [LOG] [LandingPage] Observer created for: problem placeholder id: section-problem @ http://localhost:5173/src/components/landing/LandingPage.jsx?t=1787453159870:160
[   89163ms] [LOG] [LandingPage] Observer created for: workflow placeholder id: section-workflow @ http://localhost:5173/src/components/landing/LandingPage.jsx?t=1787453159870:160
[   89163ms] [LOG] [LandingPage] Observer created for: comparison placeholder id: section-comparison @ http://localhost:5173/src/components/landing/LandingPage.jsx?t=1787453159870:160
[   89163ms] [LOG] [LandingPage] Observer created for: value placeholder id: section-value @ http://localhost:5173/src/components/landing/LandingPage.jsx?t=1787453159870:160
[   89163ms] [LOG] [LandingPage] Observer created for: agency placeholder id: section-agency @ http://localhost:5173/src/components/landing/LandingPage.jsx?t=1787453159870:160
[   89163ms] [LOG] [LandingPage] Observer created for: offer placeholder id: section-offer @ http://localhost:5173/src/components/landing/LandingPage.jsx?t=1787453159870:160
[   89163ms] [LOG] [LandingPage] Observer created for: cta placeholder id: section-cta @ http://localhost:5173/src/components/landing/LandingPage.jsx?t=1787453159870:160
[   89163ms] [LOG] [LandingPage] Observer created for: ai-workflow placeholder id: section-ai-workflow @ http://localhost:5173/src/components/landing/LandingPage.jsx?t=1787453159870:160
[   89163ms] [LOG] [LandingPage] Observer created for: made-with placeholder id: section-made-with @ http://localhost:5173/src/components/landing/LandingPage.jsx?t=1787453159870:160
[   89163ms] [LOG] [LandingPage] Observer created for: ugc placeholder id: section-ugc @ http://localhost:5173/src/components/landing/LandingPage.jsx?t=1787453159870:160
[   89163ms] [LOG] [LandingPage] Observer created for: gallery placeholder id: section-gallery @ http://localhost:5173/src/components/landing/LandingPage.jsx?t=1787453159870:160
[   89163ms] [LOG] [LandingPage] Observer created for: academy placeholder id: section-academy @ http://localhost:5173/src/components/landing/LandingPage.jsx?t=1787453159870:160
[   89163ms] [LOG] [LandingPage] Observer created for: repo-cinema placeholder id: section-repo-cinema @ http://localhost:5173/src/components/landing/LandingPage.jsx?t=1787453159870:160
[   89163ms] [LOG] [LandingPage] Observer created for: repo-commercial placeholder id: section-repo-commercial @ http://localhost:5173/src/components/landing/LandingPage.jsx?t=1787453159870:160
[   89163ms] [LOG] [LandingPage] Observer created for: repo-social-ads placeholder id: section-repo-social-ads @ http://localhost:5173/src/components/landing/LandingPage.jsx?t=1787453159870:160
[   89164ms] [LOG] [LandingPage] Observer created for: repo-narrative placeholder id: section-repo-narrative @ http://localhost:5173/src/components/landing/LandingPage.jsx?t=1787453159870:160
[   89164ms] [LOG] [LandingPage] Observer created for: repo-vertical placeholder id: section-repo-vertical @ http://localhost:5173/src/components/landing/LandingPage.jsx?t=1787453159870:160
[   89164ms] [LOG] [LandingPage] Observer created for: repo-ecommerce placeholder id: section-repo-ecommerce @ http://localhost:5173/src/components/landing/LandingPage.jsx?t=1787453159870:160
[   89164ms] [LOG] [LandingPage] Observer created for: repo-kinetic placeholder id: section-repo-kinetic @ http://localhost:5173/src/components/landing/LandingPage.jsx?t=1787453159870:160
[   89164ms] [LOG] [LandingPage] Observer created for: repo-animated placeholder id: section-repo-animated @ http://localhost:5173/src/components/landing/LandingPage.jsx?t=1787453159870:160
[   89164ms] [LOG] [LandingPage] Observer created for: repo-animation placeholder id: section-repo-animation @ http://localhost:5173/src/components/landing/LandingPage.jsx?t=1787453159870:160
[   89164ms] [LOG] [LandingPage] Observer created for: repo-reference placeholder id: section-repo-reference @ http://localhost:5173/src/components/landing/LandingPage.jsx?t=1787453159870:160
[   89164ms] [LOG] [LandingPage] Observer created for: repo-vfx placeholder id: section-repo-vfx @ http://localhost:5173/src/components/landing/LandingPage.jsx?t=1787453159870:160
[   89164ms] [LOG] [LandingPage] Observer created for: repo-fashion placeholder id: section-repo-fashion @ http://localhost:5173/src/components/landing/LandingPage.jsx?t=1787453159870:160
[   89164ms] [LOG] [LandingPage] Observer created for: repos placeholder id: section-repos @ http://localhost:5173/src/components/landing/LandingPage.jsx?t=1787453159870:160
[   89164ms] [LOG] [LandingPage] Observer created for: gtm-boost placeholder id: section-gtm-boost @ http://localhost:5173/src/components/landing/LandingPage.jsx?t=1787453159870:160
[   89165ms] [LOG] [App] Landing page rendered @ http://localhost:5173/src/main.js?t=1787453159870:88
[   89192ms] [LOG] [LandingPage] IntersectionObserver fired for academy [Object] @ http://localhost:5173/src/components/landing/LandingPage.jsx?t=1787453159870:119
[   89192ms] [LOG] [LandingPage] Loading section: academy @ http://localhost:5173/src/components/landing/LandingPage.jsx?t=1787453159870:122
[   89193ms] [LOG] [LandingPage] IntersectionObserver fired for repo-ecommerce [Object] @ http://localhost:5173/src/components/landing/LandingPage.jsx?t=1787453159870:119
[   89193ms] [LOG] [LandingPage] Loading section: repo-ecommerce @ http://localhost:5173/src/components/landing/LandingPage.jsx?t=1787453159870:122
[   89194ms] [LOG] [LandingPage] IntersectionObserver fired for hook [Object] @ http://localhost:5173/src/components/landing/LandingPage.jsx?t=1787453159870:119
[   89194ms] [LOG] [LandingPage] Loading section: hook @ http://localhost:5173/src/components/landing/LandingPage.jsx?t=1787453159870:122
[   89195ms] [LOG] [LandingPage] IntersectionObserver fired for repo-animated [Object] @ http://localhost:5173/src/components/landing/LandingPage.jsx?t=1787453159870:119
[   89195ms] [LOG] [LandingPage] Loading section: repo-animated @ http://localhost:5173/src/components/landing/LandingPage.jsx?t=1787453159870:122
[   89195ms] [LOG] [LandingPage] IntersectionObserver fired for repo-commercial [Object] @ http://localhost:5173/src/components/landing/LandingPage.jsx?t=1787453159870:119
[   89195ms] [LOG] [LandingPage] Loading section: repo-commercial @ http://localhost:5173/src/components/landing/LandingPage.jsx?t=1787453159870:122
[   89195ms] [LOG] [LandingPage] IntersectionObserver fired for repo-animation [Object] @ http://localhost:5173/src/components/landing/LandingPage.jsx?t=1787453159870:119
[   89195ms] [LOG] [LandingPage] Loading section: repo-animation @ http://localhost:5173/src/components/landing/LandingPage.jsx?t=1787453159870:122
[   89195ms] [LOG] [LandingPage] IntersectionObserver fired for repo-narrative [Object] @ http://localhost:5173/src/components/landing/LandingPage.jsx?t=1787453159870:119
[   89196ms] [LOG] [LandingPage] Loading section: repo-narrative @ http://localhost:5173/src/components/landing/LandingPage.jsx?t=1787453159870:122
[   89196ms] [LOG] [LandingPage] IntersectionObserver fired for repo-reference [Object] @ http://localhost:5173/src/components/landing/LandingPage.jsx?t=1787453159870:119
[   89196ms] [LOG] [LandingPage] Loading section: repo-reference @ http://localhost:5173/src/components/landing/LandingPage.jsx?t=1787453159870:122
[   89196ms] [LOG] [LandingPage] IntersectionObserver fired for workflow [Object] @ http://localhost:5173/src/components/landing/LandingPage.jsx?t=1787453159870:119
[   89196ms] [LOG] [LandingPage] Loading section: workflow @ http://localhost:5173/src/components/landing/LandingPage.jsx?t=1787453159870:122
[   89196ms] [LOG] [LandingPage] IntersectionObserver fired for value [Object] @ http://localhost:5173/src/components/landing/LandingPage.jsx?t=1787453159870:119
[   89196ms] [LOG] [LandingPage] Loading section: value @ http://localhost:5173/src/components/landing/LandingPage.jsx?t=1787453159870:122
[   89197ms] [LOG] [LandingPage] IntersectionObserver fired for repo-vfx [Object] @ http://localhost:5173/src/components/landing/LandingPage.jsx?t=1787453159870:119
[   89197ms] [LOG] [LandingPage] Loading section: repo-vfx @ http://localhost:5173/src/components/landing/LandingPage.jsx?t=1787453159870:122
[   89197ms] [LOG] [LandingPage] IntersectionObserver fired for agency [Object] @ http://localhost:5173/src/components/landing/LandingPage.jsx?t=1787453159870:119
[   89197ms] [LOG] [LandingPage] Loading section: agency @ http://localhost:5173/src/components/landing/LandingPage.jsx?t=1787453159870:122
[   89197ms] [LOG] [LandingPage] IntersectionObserver fired for ai-workflow [Object] @ http://localhost:5173/src/components/landing/LandingPage.jsx?t=1787453159870:119
[   89197ms] [LOG] [LandingPage] Loading section: ai-workflow @ http://localhost:5173/src/components/landing/LandingPage.jsx?t=1787453159870:122
[   89198ms] [LOG] [LandingPage] IntersectionObserver fired for engines [Object] @ http://localhost:5173/src/components/landing/LandingPage.jsx?t=1787453159870:119
[   89198ms] [LOG] [LandingPage] Loading section: engines @ http://localhost:5173/src/components/landing/LandingPage.jsx?t=1787453159870:122
[   89198ms] [LOG] [LandingPage] IntersectionObserver fired for made-with [Object] @ http://localhost:5173/src/components/landing/LandingPage.jsx?t=1787453159870:119
[   89198ms] [LOG] [LandingPage] Loading section: made-with @ http://localhost:5173/src/components/landing/LandingPage.jsx?t=1787453159870:122
[   89199ms] [LOG] [LandingPage] IntersectionObserver fired for repo-social-ads [Object] @ http://localhost:5173/src/components/landing/LandingPage.jsx?t=1787453159870:119
[   89199ms] [LOG] [LandingPage] Loading section: repo-social-ads @ http://localhost:5173/src/components/landing/LandingPage.jsx?t=1787453159870:122
[   89199ms] [LOG] [LandingPage] IntersectionObserver fired for repos [Object] @ http://localhost:5173/src/components/landing/LandingPage.jsx?t=1787453159870:119
[   89199ms] [LOG] [LandingPage] Loading section: repos @ http://localhost:5173/src/components/landing/LandingPage.jsx?t=1787453159870:122
[   89199ms] [LOG] [LandingPage] IntersectionObserver fired for apps [Object] @ http://localhost:5173/src/components/landing/LandingPage.jsx?t=1787453159870:119
[   89200ms] [LOG] [LandingPage] Loading section: apps @ http://localhost:5173/src/components/landing/LandingPage.jsx?t=1787453159870:122
[   89200ms] [LOG] [LandingPage] IntersectionObserver fired for comparison [Object] @ http://localhost:5173/src/components/landing/LandingPage.jsx?t=1787453159870:119
[   89200ms] [LOG] [LandingPage] Loading section: comparison @ http://localhost:5173/src/components/landing/LandingPage.jsx?t=1787453159870:122
[   89200ms] [LOG] [LandingPage] IntersectionObserver fired for gtm-boost [Object] @ http://localhost:5173/src/components/landing/LandingPage.jsx?t=1787453159870:119
[   89201ms] [LOG] [LandingPage] Loading section: gtm-boost @ http://localhost:5173/src/components/landing/LandingPage.jsx?t=1787453159870:122
[   89201ms] [LOG] [LandingPage] IntersectionObserver fired for offer [Object] @ http://localhost:5173/src/components/landing/LandingPage.jsx?t=1787453159870:119
[   89201ms] [LOG] [LandingPage] Loading section: offer @ http://localhost:5173/src/components/landing/LandingPage.jsx?t=1787453159870:122
[   89201ms] [LOG] [LandingPage] IntersectionObserver fired for repo-kinetic [Object] @ http://localhost:5173/src/components/landing/LandingPage.jsx?t=1787453159870:119
[   89202ms] [LOG] [LandingPage] Loading section: repo-kinetic @ http://localhost:5173/src/components/landing/LandingPage.jsx?t=1787453159870:122
[   89202ms] [LOG] [LandingPage] IntersectionObserver fired for repo-cinema [Object] @ http://localhost:5173/src/components/landing/LandingPage.jsx?t=1787453159870:119
[   89202ms] [LOG] [LandingPage] Loading section: repo-cinema @ http://localhost:5173/src/components/landing/LandingPage.jsx?t=1787453159870:122
[   89202ms] [LOG] [LandingPage] IntersectionObserver fired for scrolling [Object] @ http://localhost:5173/src/components/landing/LandingPage.jsx?t=1787453159870:119
[   89203ms] [LOG] [LandingPage] Loading section: scrolling @ http://localhost:5173/src/components/landing/LandingPage.jsx?t=1787453159870:122
[   89203ms] [LOG] [LandingPage] IntersectionObserver fired for cta [Object] @ http://localhost:5173/src/components/landing/LandingPage.jsx?t=1787453159870:119
[   89204ms] [LOG] [LandingPage] Loading section: cta @ http://localhost:5173/src/components/landing/LandingPage.jsx?t=1787453159870:122
[   89204ms] [LOG] [LandingPage] IntersectionObserver fired for gallery [Object] @ http://localhost:5173/src/components/landing/LandingPage.jsx?t=1787453159870:119
[   89205ms] [LOG] [LandingPage] Loading section: gallery @ http://localhost:5173/src/components/landing/LandingPage.jsx?t=1787453159870:122
[   89205ms] [LOG] [LandingPage] IntersectionObserver fired for repo-fashion [Object] @ http://localhost:5173/src/components/landing/LandingPage.jsx?t=1787453159870:119
[   89205ms] [LOG] [LandingPage] Loading section: repo-fashion @ http://localhost:5173/src/components/landing/LandingPage.jsx?t=1787453159870:122
[   89208ms] [LOG] [LandingPage] IntersectionObserver fired for repo-vertical [Object] @ http://localhost:5173/src/components/landing/LandingPage.jsx?t=1787453159870:119
[   89209ms] [LOG] [LandingPage] Loading section: repo-vertical @ http://localhost:5173/src/components/landing/LandingPage.jsx?t=1787453159870:122
[   89209ms] [LOG] [LandingPage] IntersectionObserver fired for features [Object] @ http://localhost:5173/src/components/landing/LandingPage.jsx?t=1787453159870:119
[   89210ms] [LOG] [LandingPage] Loading section: features @ http://localhost:5173/src/components/landing/LandingPage.jsx?t=1787453159870:122
[   89210ms] [LOG] [LandingPage] IntersectionObserver fired for ugc [Object] @ http://localhost:5173/src/components/landing/LandingPage.jsx?t=1787453159870:119
[   89211ms] [LOG] [LandingPage] Loading section: ugc @ http://localhost:5173/src/components/landing/LandingPage.jsx?t=1787453159870:122
[   89211ms] [LOG] [LandingPage] IntersectionObserver fired for problem [Object] @ http://localhost:5173/src/components/landing/LandingPage.jsx?t=1787453159870:119
[   89211ms] [LOG] [LandingPage] Loading section: problem @ http://localhost:5173/src/components/landing/LandingPage.jsx?t=1787453159870:122
[   90047ms] [LOG] [LandingPage] Section loaded: hook @ http://localhost:5173/src/components/landing/LandingPage.jsx?t=1787453159870:141
[   90049ms] [LOG] [LandingPage] Section loaded: workflow @ http://localhost:5173/src/components/landing/LandingPage.jsx?t=1787453159870:141
[   90053ms] [LOG] [LandingPage] Section loaded: value @ http://localhost:5173/src/components/landing/LandingPage.jsx?t=1787453159870:141
[   90068ms] [LOG] [LandingPage] Section loaded: agency @ http://localhost:5173/src/components/landing/LandingPage.jsx?t=1787453159870:141
[   90070ms] [LOG] [LandingPage] Section loaded: engines @ http://localhost:5173/src/components/landing/LandingPage.jsx?t=1787453159870:141
[   90197ms] [LOG] [LandingPage] Section loaded: comparison @ http://localhost:5173/src/components/landing/LandingPage.jsx?t=1787453159870:141
[   90276ms] [LOG] [LandingPage] Section loaded: offer @ http://localhost:5173/src/components/landing/LandingPage.jsx?t=1787453159870:141
[   90299ms] [LOG] [LandingPage] Section loaded: repos @ http://localhost:5173/src/components/landing/LandingPage.jsx?t=1787453159870:141
[   90347ms] [LOG] [LandingPage] Section loaded: scrolling @ http://localhost:5173/src/components/landing/LandingPage.jsx?t=1787453159870:141
[   90348ms] [LOG] [LandingPage] Section loaded: cta @ http://localhost:5173/src/components/landing/LandingPage.jsx?t=1787453159870:141
[   90552ms] [LOG] [LandingPage] Section loaded: features @ http://localhost:5173/src/components/landing/LandingPage.jsx?t=1787453159870:141
[   90553ms] [LOG] [LandingPage] Section loaded: problem @ http://localhost:5173/src/components/landing/LandingPage.jsx?t=1787453159870:141
[   95433ms] [LOG] [App] Starting initialization... @ http://localhost:5173/src/main.js?t=1787453189265:19
[   95444ms] [LOG] [popcorn-init] OK: jquery @ http://localhost:5173/src/lib/popcornInit.js?t=1787453189265:41
[   95445ms] [LOG] [popcorn-init] OK: jquery-textfill @ http://localhost:5173/src/lib/popcornInit.js?t=1787453189265:48
[   95446ms] [LOG] [popcorn-init] OK: popcorn-core @ http://localhost:5173/src/lib/popcornInit.js?t=1787453189265:48
[   95447ms] [LOG] [popcorn-init] OK: popcorn-ie8 @ http://localhost:5173/src/lib/popcornInit.js?t=1787453189265:48
[   95448ms] [LOG] [popcorn-init] OK: wrapper-common @ http://localhost:5173/src/lib/popcornInit.js?t=1787453189265:48
[   95449ms] [LOG] [popcorn-init] OK: wrapper-html5 @ http://localhost:5173/src/lib/popcornInit.js?t=1787453189265:48
[   95450ms] [LOG] [popcorn-init] OK: wrapper-vrview @ http://localhost:5173/src/lib/popcornInit.js?t=1787453189265:48
[   95451ms] [LOG] [popcorn-init] OK: wrapper-adaptive @ http://localhost:5173/src/lib/popcornInit.js?t=1787453189265:48
[   95452ms] [LOG] [popcorn-init] OK: wrapper-null @ http://localhost:5173/src/lib/popcornInit.js?t=1787453189265:48
[   95452ms] [LOG] [popcorn-init] OK: wrapper-soundcloud @ http://localhost:5173/src/lib/popcornInit.js?t=1787453189265:48
[   95453ms] [LOG] [popcorn-init] OK: wrapper-vimeo @ http://localhost:5173/src/lib/popcornInit.js?t=1787453189265:48
[   95453ms] [LOG] [popcorn-init] OK: wrapper-youtube @ http://localhost:5173/src/lib/popcornInit.js?t=1787453189265:48
[   95454ms] [LOG] [popcorn-init] OK: wrapper-jwplayer @ http://localhost:5173/src/lib/popcornInit.js?t=1787453189265:48
[   95454ms] [LOG] [popcorn-init] OK: player-module @ http://localhost:5173/src/lib/popcornInit.js?t=1787453189265:48
[   95537ms] [LOG] [LandingPage] Header.jsx loaded @ http://localhost:5173/src/components/landing/LandingPage.jsx?t=1787453189265:176
[   95815ms] [LOG] [LandingPage] CinematicVideoHero.jsx loaded @ http://localhost:5173/src/components/landing/LandingPage.jsx?t=1787453189265:189
[   96568ms] [LOG] [LandingPage] HeroSection.jsx loaded @ http://localhost:5173/src/components/landing/LandingPage.jsx?t=1787453189265:202
[   96569ms] [LOG] [LandingPage] Observer created for: scrolling placeholder id: section-scrolling @ http://localhost:5173/src/components/landing/LandingPage.jsx?t=1787453189265:160
[   96569ms] [LOG] [LandingPage] Observer created for: hook placeholder id: section-hook @ http://localhost:5173/src/components/landing/LandingPage.jsx?t=1787453189265:160
[   96569ms] [LOG] [LandingPage] Observer created for: engines placeholder id: section-engines @ http://localhost:5173/src/components/landing/LandingPage.jsx?t=1787453189265:160
[   96569ms] [LOG] [LandingPage] Observer created for: apps placeholder id: section-apps @ http://localhost:5173/src/components/landing/LandingPage.jsx?t=1787453189265:160
[   96569ms] [LOG] [LandingPage] Observer created for: features placeholder id: section-features @ http://localhost:5173/src/components/landing/LandingPage.jsx?t=1787453189265:160
[   96569ms] [LOG] [LandingPage] Observer created for: problem placeholder id: section-problem @ http://localhost:5173/src/components/landing/LandingPage.jsx?t=1787453189265:160
[   96570ms] [LOG] [LandingPage] Observer created for: workflow placeholder id: section-workflow @ http://localhost:5173/src/components/landing/LandingPage.jsx?t=1787453189265:160
[   96570ms] [LOG] [LandingPage] Observer created for: comparison placeholder id: section-comparison @ http://localhost:5173/src/components/landing/LandingPage.jsx?t=1787453189265:160
[   96570ms] [LOG] [LandingPage] Observer created for: value placeholder id: section-value @ http://localhost:5173/src/components/landing/LandingPage.jsx?t=1787453189265:160
[   96570ms] [LOG] [LandingPage] Observer created for: agency placeholder id: section-agency @ http://localhost:5173/src/components/landing/LandingPage.jsx?t=1787453189265:160
[   96570ms] [LOG] [LandingPage] Observer created for: offer placeholder id: section-offer @ http://localhost:5173/src/components/landing/LandingPage.jsx?t=1787453189265:160
[   96570ms] [LOG] [LandingPage] Observer created for: cta placeholder id: section-cta @ http://localhost:5173/src/components/landing/LandingPage.jsx?t=1787453189265:160
[   96570ms] [LOG] [LandingPage] Observer created for: ai-workflow placeholder id: section-ai-workflow @ http://localhost:5173/src/components/landing/LandingPage.jsx?t=1787453189265:160
[   96570ms] [LOG] [LandingPage] Observer created for: made-with placeholder id: section-made-with @ http://localhost:5173/src/components/landing/LandingPage.jsx?t=1787453189265:160
[   96570ms] [LOG] [LandingPage] Observer created for: ugc placeholder id: section-ugc @ http://localhost:5173/src/components/landing/LandingPage.jsx?t=1787453189265:160
[   96570ms] [LOG] [LandingPage] Observer created for: gallery placeholder id: section-gallery @ http://localhost:5173/src/components/landing/LandingPage.jsx?t=1787453189265:160
[   96570ms] [LOG] [LandingPage] Observer created for: academy placeholder id: section-academy @ http://localhost:5173/src/components/landing/LandingPage.jsx?t=1787453189265:160
[   96570ms] [LOG] [LandingPage] Observer created for: repo-cinema placeholder id: section-repo-cinema @ http://localhost:5173/src/components/landing/LandingPage.jsx?t=1787453189265:160
[   96570ms] [LOG] [LandingPage] Observer created for: repo-commercial placeholder id: section-repo-commercial @ http://localhost:5173/src/components/landing/LandingPage.jsx?t=1787453189265:160
[   96570ms] [LOG] [LandingPage] Observer created for: repo-social-ads placeholder id: section-repo-social-ads @ http://localhost:5173/src/components/landing/LandingPage.jsx?t=1787453189265:160
[   96570ms] [LOG] [LandingPage] Observer created for: repo-narrative placeholder id: section-repo-narrative @ http://localhost:5173/src/components/landing/LandingPage.jsx?t=1787453189265:160
[   96570ms] [LOG] [LandingPage] Observer created for: repo-vertical placeholder id: section-repo-vertical @ http://localhost:5173/src/components/landing/LandingPage.jsx?t=1787453189265:160
[   96571ms] [LOG] [LandingPage] Observer created for: repo-ecommerce placeholder id: section-repo-ecommerce @ http://localhost:5173/src/components/landing/LandingPage.jsx?t=1787453189265:160
[   96571ms] [LOG] [LandingPage] Observer created for: repo-kinetic placeholder id: section-repo-kinetic @ http://localhost:5173/src/components/landing/LandingPage.jsx?t=1787453189265:160
[   96571ms] [LOG] [LandingPage] Observer created for: repo-animated placeholder id: section-repo-animated @ http://localhost:5173/src/components/landing/LandingPage.jsx?t=1787453189265:160
[   96571ms] [LOG] [LandingPage] Observer created for: repo-animation placeholder id: section-repo-animation @ http://localhost:5173/src/components/landing/LandingPage.jsx?t=1787453189265:160
[   96571ms] [LOG] [LandingPage] Observer created for: repo-reference placeholder id: section-repo-reference @ http://localhost:5173/src/components/landing/LandingPage.jsx?t=1787453189265:160
[   96571ms] [LOG] [LandingPage] Observer created for: repo-vfx placeholder id: section-repo-vfx @ http://localhost:5173/src/components/landing/LandingPage.jsx?t=1787453189265:160
[   96571ms] [LOG] [LandingPage] Observer created for: repo-fashion placeholder id: section-repo-fashion @ http://localhost:5173/src/components/landing/LandingPage.jsx?t=1787453189265:160
[   96571ms] [LOG] [LandingPage] Observer created for: repos placeholder id: section-repos @ http://localhost:5173/src/components/landing/LandingPage.jsx?t=1787453189265:160
[   96571ms] [LOG] [LandingPage] Observer created for: gtm-boost placeholder id: section-gtm-boost @ http://localhost:5173/src/components/landing/LandingPage.jsx?t=1787453189265:160
[   96572ms] [LOG] [App] Landing page rendered @ http://localhost:5173/src/main.js?t=1787453189265:88
[   96586ms] [LOG] [LandingPage] IntersectionObserver fired for repo-vertical [Object] @ http://localhost:5173/src/components/landing/LandingPage.jsx?t=1787453189265:119
[   96586ms] [LOG] [LandingPage] Loading section: repo-vertical @ http://localhost:5173/src/components/landing/LandingPage.jsx?t=1787453189265:122
[   96587ms] [LOG] [LandingPage] IntersectionObserver fired for repos [Object] @ http://localhost:5173/src/components/landing/LandingPage.jsx?t=1787453189265:119
[   96587ms] [LOG] [LandingPage] Loading section: repos @ http://localhost:5173/src/components/landing/LandingPage.jsx?t=1787453189265:122
[   96587ms] [LOG] [LandingPage] IntersectionObserver fired for gallery [Object] @ http://localhost:5173/src/components/landing/LandingPage.jsx?t=1787453189265:119
[   96588ms] [LOG] [LandingPage] Loading section: gallery @ http://localhost:5173/src/components/landing/LandingPage.jsx?t=1787453189265:122
[   96588ms] [LOG] [LandingPage] IntersectionObserver fired for agency [Object] @ http://localhost:5173/src/components/landing/LandingPage.jsx?t=1787453189265:119
[   96588ms] [LOG] [LandingPage] Loading section: agency @ http://localhost:5173/src/components/landing/LandingPage.jsx?t=1787453189265:122
[   96588ms] [LOG] [LandingPage] IntersectionObserver fired for repo-fashion [Object] @ http://localhost:5173/src/components/landing/LandingPage.jsx?t=1787453189265:119
[   96589ms] [LOG] [LandingPage] Loading section: repo-fashion @ http://localhost:5173/src/components/landing/LandingPage.jsx?t=1787453189265:122
[   96589ms] [LOG] [LandingPage] IntersectionObserver fired for repo-animation [Object] @ http://localhost:5173/src/components/landing/LandingPage.jsx?t=1787453189265:119
[   96589ms] [LOG] [LandingPage] Loading section: repo-animation @ http://localhost:5173/src/components/landing/LandingPage.jsx?t=1787453189265:122
[   96590ms] [LOG] [LandingPage] IntersectionObserver fired for repo-social-ads [Object] @ http://localhost:5173/src/components/landing/LandingPage.jsx?t=1787453189265:119
[   96590ms] [LOG] [LandingPage] Loading section: repo-social-ads @ http://localhost:5173/src/components/landing/LandingPage.jsx?t=1787453189265:122
[   96590ms] [LOG] [LandingPage] IntersectionObserver fired for academy [Object] @ http://localhost:5173/src/components/landing/LandingPage.jsx?t=1787453189265:119
[   96591ms] [LOG] [LandingPage] Loading section: academy @ http://localhost:5173/src/components/landing/LandingPage.jsx?t=1787453189265:122
[   96591ms] [LOG] [LandingPage] IntersectionObserver fired for offer [Object] @ http://localhost:5173/src/components/landing/LandingPage.jsx?t=1787453189265:119
[   96591ms] [LOG] [LandingPage] Loading section: offer @ http://localhost:5173/src/components/landing/LandingPage.jsx?t=1787453189265:122
[   96591ms] [LOG] [LandingPage] IntersectionObserver fired for ai-workflow [Object] @ http://localhost:5173/src/components/landing/LandingPage.jsx?t=1787453189265:119
[   96592ms] [LOG] [LandingPage] Loading section: ai-workflow @ http://localhost:5173/src/components/landing/LandingPage.jsx?t=1787453189265:122
[   96592ms] [LOG] [LandingPage] IntersectionObserver fired for hook [Object] @ http://localhost:5173/src/components/landing/LandingPage.jsx?t=1787453189265:119
[   96592ms] [LOG] [LandingPage] Loading section: hook @ http://localhost:5173/src/components/landing/LandingPage.jsx?t=1787453189265:122
[   96592ms] [LOG] [LandingPage] IntersectionObserver fired for features [Object] @ http://localhost:5173/src/components/landing/LandingPage.jsx?t=1787453189265:119
[   96592ms] [LOG] [LandingPage] Loading section: features @ http://localhost:5173/src/components/landing/LandingPage.jsx?t=1787453189265:122
[   96593ms] [LOG] [LandingPage] IntersectionObserver fired for comparison [Object] @ http://localhost:5173/src/components/landing/LandingPage.jsx?t=1787453189265:119
[   96593ms] [LOG] [LandingPage] Loading section: comparison @ http://localhost:5173/src/components/landing/LandingPage.jsx?t=1787453189265:122
[   96593ms] [LOG] [LandingPage] IntersectionObserver fired for repo-vfx [Object] @ http://localhost:5173/src/components/landing/LandingPage.jsx?t=1787453189265:119
[   96593ms] [LOG] [LandingPage] Loading section: repo-vfx @ http://localhost:5173/src/components/landing/LandingPage.jsx?t=1787453189265:122
[   96593ms] [LOG] [LandingPage] IntersectionObserver fired for repo-commercial [Object] @ http://localhost:5173/src/components/landing/LandingPage.jsx?t=1787453189265:119
[   96593ms] [LOG] [LandingPage] Loading section: repo-commercial @ http://localhost:5173/src/components/landing/LandingPage.jsx?t=1787453189265:122
[   96594ms] [LOG] [LandingPage] IntersectionObserver fired for ugc [Object] @ http://localhost:5173/src/components/landing/LandingPage.jsx?t=1787453189265:119
[   96594ms] [LOG] [LandingPage] Loading section: ugc @ http://localhost:5173/src/components/landing/LandingPage.jsx?t=1787453189265:122
[   96594ms] [LOG] [LandingPage] IntersectionObserver fired for engines [Object] @ http://localhost:5173/src/components/landing/LandingPage.jsx?t=1787453189265:119
[   96594ms] [LOG] [LandingPage] Loading section: engines @ http://localhost:5173/src/components/landing/LandingPage.jsx?t=1787453189265:122
[   96594ms] [LOG] [LandingPage] IntersectionObserver fired for repo-narrative [Object] @ http://localhost:5173/src/components/landing/LandingPage.jsx?t=1787453189265:119
[   96594ms] [LOG] [LandingPage] Loading section: repo-narrative @ http://localhost:5173/src/components/landing/LandingPage.jsx?t=1787453189265:122
[   96595ms] [LOG] [LandingPage] IntersectionObserver fired for repo-cinema [Object] @ http://localhost:5173/src/components/landing/LandingPage.jsx?t=1787453189265:119
[   96595ms] [LOG] [LandingPage] Loading section: repo-cinema @ http://localhost:5173/src/components/landing/LandingPage.jsx?t=1787453189265:122
[   96595ms] [LOG] [LandingPage] IntersectionObserver fired for problem [Object] @ http://localhost:5173/src/components/landing/LandingPage.jsx?t=1787453189265:119
[   96595ms] [LOG] [LandingPage] Loading section: problem @ http://localhost:5173/src/components/landing/LandingPage.jsx?t=1787453189265:122
[   96595ms] [LOG] [LandingPage] IntersectionObserver fired for cta [Object] @ http://localhost:5173/src/components/landing/LandingPage.jsx?t=1787453189265:119
[   96596ms] [LOG] [LandingPage] Loading section: cta @ http://localhost:5173/src/components/landing/LandingPage.jsx?t=1787453189265:122
[   96596ms] [LOG] [LandingPage] IntersectionObserver fired for repo-kinetic [Object] @ http://localhost:5173/src/components/landing/LandingPage.jsx?t=1787453189265:119
[   96596ms] [LOG] [LandingPage] Loading section: repo-kinetic @ http://localhost:5173/src/components/landing/LandingPage.jsx?t=1787453189265:122
[   96596ms] [LOG] [LandingPage] IntersectionObserver fired for repo-animated [Object] @ http://localhost:5173/src/components/landing/LandingPage.jsx?t=1787453189265:119
[   96596ms] [LOG] [LandingPage] Loading section: repo-animated @ http://localhost:5173/src/components/landing/LandingPage.jsx?t=1787453189265:122
[   96597ms] [LOG] [LandingPage] IntersectionObserver fired for value [Object] @ http://localhost:5173/src/components/landing/LandingPage.jsx?t=1787453189265:119
[   96597ms] [LOG] [LandingPage] Loading section: value @ http://localhost:5173/src/components/landing/LandingPage.jsx?t=1787453189265:122
[   96597ms] [LOG] [LandingPage] IntersectionObserver fired for gtm-boost [Object] @ http://localhost:5173/src/components/landing/LandingPage.jsx?t=1787453189265:119
[   96597ms] [LOG] [LandingPage] Loading section: gtm-boost @ http://localhost:5173/src/components/landing/LandingPage.jsx?t=1787453189265:122
[   96598ms] [LOG] [LandingPage] IntersectionObserver fired for scrolling [Object] @ http://localhost:5173/src/components/landing/LandingPage.jsx?t=1787453189265:119
[   96598ms] [LOG] [LandingPage] Loading section: scrolling @ http://localhost:5173/src/components/landing/LandingPage.jsx?t=1787453189265:122
[   96598ms] [LOG] [LandingPage] IntersectionObserver fired for made-with [Object] @ http://localhost:5173/src/components/landing/LandingPage.jsx?t=1787453189265:119
[   96598ms] [LOG] [LandingPage] Loading section: made-with @ http://localhost:5173/src/components/landing/LandingPage.jsx?t=1787453189265:122
[   96599ms] [LOG] [LandingPage] IntersectionObserver fired for repo-ecommerce [Object] @ http://localhost:5173/src/components/landing/LandingPage.jsx?t=1787453189265:119
[   96599ms] [LOG] [LandingPage] Loading section: repo-ecommerce @ http://localhost:5173/src/components/landing/LandingPage.jsx?t=1787453189265:122
[   96599ms] [LOG] [LandingPage] IntersectionObserver fired for apps [Object] @ http://localhost:5173/src/components/landing/LandingPage.jsx?t=1787453189265:119
[   96599ms] [LOG] [LandingPage] Loading section: apps @ http://localhost:5173/src/components/landing/LandingPage.jsx?t=1787453189265:122
[   96600ms] [LOG] [LandingPage] IntersectionObserver fired for workflow [Object] @ http://localhost:5173/src/components/landing/LandingPage.jsx?t=1787453189265:119
[   96600ms] [LOG] [LandingPage] Loading section: workflow @ http://localhost:5173/src/components/landing/LandingPage.jsx?t=1787453189265:122
[   96600ms] [LOG] [LandingPage] IntersectionObserver fired for repo-reference [Object] @ http://localhost:5173/src/components/landing/LandingPage.jsx?t=1787453189265:119
[   96601ms] [LOG] [LandingPage] Loading section: repo-reference @ http://localhost:5173/src/components/landing/LandingPage.jsx?t=1787453189265:122
[   99330ms] [LOG] [App] Starting initialization... @ http://localhost:5173/src/main.js?t=1787453192767:19
[   99339ms] [LOG] [popcorn-init] OK: jquery @ http://localhost:5173/src/lib/popcornInit.js?t=1787453192767:41
[   99341ms] [LOG] [popcorn-init] OK: jquery-textfill @ http://localhost:5173/src/lib/popcornInit.js?t=1787453192767:48
[   99343ms] [LOG] [popcorn-init] OK: popcorn-core @ http://localhost:5173/src/lib/popcornInit.js?t=1787453192767:48
[   99344ms] [LOG] [popcorn-init] OK: popcorn-ie8 @ http://localhost:5173/src/lib/popcornInit.js?t=1787453192767:48
[   99347ms] [LOG] [popcorn-init] OK: wrapper-common @ http://localhost:5173/src/lib/popcornInit.js?t=1787453192767:48
[   99358ms] [LOG] [popcorn-init] OK: wrapper-html5 @ http://localhost:5173/src/lib/popcornInit.js?t=1787453192767:48
[   99360ms] [LOG] [popcorn-init] OK: wrapper-vrview @ http://localhost:5173/src/lib/popcornInit.js?t=1787453192767:48
[   99362ms] [LOG] [popcorn-init] OK: wrapper-adaptive @ http://localhost:5173/src/lib/popcornInit.js?t=1787453192767:48
[   99363ms] [LOG] [popcorn-init] OK: wrapper-null @ http://localhost:5173/src/lib/popcornInit.js?t=1787453192767:48
[   99363ms] [LOG] [popcorn-init] OK: wrapper-soundcloud @ http://localhost:5173/src/lib/popcornInit.js?t=1787453192767:48
[   99364ms] [LOG] [popcorn-init] OK: wrapper-vimeo @ http://localhost:5173/src/lib/popcornInit.js?t=1787453192767:48
[   99365ms] [LOG] [LandingPage] Header.jsx loaded @ http://localhost:5173/src/components/landing/LandingPage.jsx?t=1787453192767:176
[   99376ms] [LOG] [popcorn-init] OK: wrapper-youtube @ http://localhost:5173/src/lib/popcornInit.js?t=1787453192767:48
[   99379ms] [LOG] [popcorn-init] OK: wrapper-jwplayer @ http://localhost:5173/src/lib/popcornInit.js?t=1787453192767:48
[   99383ms] [LOG] [popcorn-init] OK: player-module @ http://localhost:5173/src/lib/popcornInit.js?t=1787453192767:48
[   99394ms] [LOG] [LandingPage] CinematicVideoHero.jsx loaded @ http://localhost:5173/src/components/landing/LandingPage.jsx?t=1787453192767:189
[   99683ms] [LOG] [LandingPage] HeroSection.jsx loaded @ http://localhost:5173/src/components/landing/LandingPage.jsx?t=1787453192767:202
[   99684ms] [LOG] [LandingPage] Observer created for: scrolling placeholder id: section-scrolling @ http://localhost:5173/src/components/landing/LandingPage.jsx?t=1787453192767:160
[   99684ms] [LOG] [LandingPage] Observer created for: hook placeholder id: section-hook @ http://localhost:5173/src/components/landing/LandingPage.jsx?t=1787453192767:160
[   99684ms] [LOG] [LandingPage] Observer created for: engines placeholder id: section-engines @ http://localhost:5173/src/components/landing/LandingPage.jsx?t=1787453192767:160
[   99684ms] [LOG] [LandingPage] Observer created for: apps placeholder id: section-apps @ http://localhost:5173/src/components/landing/LandingPage.jsx?t=1787453192767:160
[   99684ms] [LOG] [LandingPage] Observer created for: features placeholder id: section-features @ http://localhost:5173/src/components/landing/LandingPage.jsx?t=1787453192767:160
[   99684ms] [LOG] [LandingPage] Observer created for: problem placeholder id: section-problem @ http://localhost:5173/src/components/landing/LandingPage.jsx?t=1787453192767:160
[   99685ms] [LOG] [LandingPage] Observer created for: workflow placeholder id: section-workflow @ http://localhost:5173/src/components/landing/LandingPage.jsx?t=1787453192767:160
[   99685ms] [LOG] [LandingPage] Observer created for: comparison placeholder id: section-comparison @ http://localhost:5173/src/components/landing/LandingPage.jsx?t=1787453192767:160
[   99685ms] [LOG] [LandingPage] Observer created for: value placeholder id: section-value @ http://localhost:5173/src/components/landing/LandingPage.jsx?t=1787453192767:160
[   99685ms] [LOG] [LandingPage] Observer created for: agency placeholder id: section-agency @ http://localhost:5173/src/components/landing/LandingPage.jsx?t=1787453192767:160
[   99685ms] [LOG] [LandingPage] Observer created for: offer placeholder id: section-offer @ http://localhost:5173/src/components/landing/LandingPage.jsx?t=1787453192767:160
[   99685ms] [LOG] [LandingPage] Observer created for: cta placeholder id: section-cta @ http://localhost:5173/src/components/landing/LandingPage.jsx?t=1787453192767:160
[   99685ms] [LOG] [LandingPage] Observer created for: ai-workflow placeholder id: section-ai-workflow @ http://localhost:5173/src/components/landing/LandingPage.jsx?t=1787453192767:160
[   99685ms] [LOG] [LandingPage] Observer created for: made-with placeholder id: section-made-with @ http://localhost:5173/src/components/landing/LandingPage.jsx?t=1787453192767:160
[   99685ms] [LOG] [LandingPage] Observer created for: ugc placeholder id: section-ugc @ http://localhost:5173/src/components/landing/LandingPage.jsx?t=1787453192767:160
[   99685ms] [LOG] [LandingPage] Observer created for: gallery placeholder id: section-gallery @ http://localhost:5173/src/components/landing/LandingPage.jsx?t=1787453192767:160
[   99685ms] [LOG] [LandingPage] Observer created for: academy placeholder id: section-academy @ http://localhost:5173/src/components/landing/LandingPage.jsx?t=1787453192767:160
[   99685ms] [LOG] [LandingPage] Observer created for: repo-cinema placeholder id: section-repo-cinema @ http://localhost:5173/src/components/landing/LandingPage.jsx?t=1787453192767:160
[   99685ms] [LOG] [LandingPage] Observer created for: repo-commercial placeholder id: section-repo-commercial @ http://localhost:5173/src/components/landing/LandingPage.jsx?t=1787453192767:160
[   99685ms] [LOG] [LandingPage] Observer created for: repo-social-ads placeholder id: section-repo-social-ads @ http://localhost:5173/src/components/landing/LandingPage.jsx?t=1787453192767:160
[   99686ms] [LOG] [LandingPage] Observer created for: repo-narrative placeholder id: section-repo-narrative @ http://localhost:5173/src/components/landing/LandingPage.jsx?t=1787453192767:160
[   99686ms] [LOG] [LandingPage] Observer created for: repo-vertical placeholder id: section-repo-vertical @ http://localhost:5173/src/components/landing/LandingPage.jsx?t=1787453192767:160
[   99686ms] [LOG] [LandingPage] Observer created for: repo-ecommerce placeholder id: section-repo-ecommerce @ http://localhost:5173/src/components/landing/LandingPage.jsx?t=1787453192767:160
[   99686ms] [LOG] [LandingPage] Observer created for: repo-kinetic placeholder id: section-repo-kinetic @ http://localhost:5173/src/components/landing/LandingPage.jsx?t=1787453192767:160
[   99686ms] [LOG] [LandingPage] Observer created for: repo-animated placeholder id: section-repo-animated @ http://localhost:5173/src/components/landing/LandingPage.jsx?t=1787453192767:160
[   99686ms] [LOG] [LandingPage] Observer created for: repo-animation placeholder id: section-repo-animation @ http://localhost:5173/src/components/landing/LandingPage.jsx?t=1787453192767:160
[   99686ms] [LOG] [LandingPage] Observer created for: repo-reference placeholder id: section-repo-reference @ http://localhost:5173/src/components/landing/LandingPage.jsx?t=1787453192767:160
[   99686ms] [LOG] [LandingPage] Observer created for: repo-vfx placeholder id: section-repo-vfx @ http://localhost:5173/src/components/landing/LandingPage.jsx?t=1787453192767:160
[   99686ms] [LOG] [LandingPage] Observer created for: repo-fashion placeholder id: section-repo-fashion @ http://localhost:5173/src/components/landing/LandingPage.jsx?t=1787453192767:160
[   99686ms] [LOG] [LandingPage] Observer created for: repos placeholder id: section-repos @ http://localhost:5173/src/components/landing/LandingPage.jsx?t=1787453192767:160
[   99686ms] [LOG] [LandingPage] Observer created for: gtm-boost placeholder id: section-gtm-boost @ http://localhost:5173/src/components/landing/LandingPage.jsx?t=1787453192767:160
[   99687ms] [LOG] [App] Landing page rendered @ http://localhost:5173/src/main.js?t=1787453192767:88
[   99729ms] [LOG] [LandingPage] IntersectionObserver fired for repo-animated [Object] @ http://localhost:5173/src/components/landing/LandingPage.jsx?t=1787453192767:119
[   99729ms] [LOG] [LandingPage] Loading section: repo-animated @ http://localhost:5173/src/components/landing/LandingPage.jsx?t=1787453192767:122
[   99731ms] [LOG] [LandingPage] IntersectionObserver fired for engines [Object] @ http://localhost:5173/src/components/landing/LandingPage.jsx?t=1787453192767:119
[   99731ms] [LOG] [LandingPage] Loading section: engines @ http://localhost:5173/src/components/landing/LandingPage.jsx?t=1787453192767:122
[   99732ms] [LOG] [LandingPage] IntersectionObserver fired for repo-ecommerce [Object] @ http://localhost:5173/src/components/landing/LandingPage.jsx?t=1787453192767:119
[   99733ms] [LOG] [LandingPage] Loading section: repo-ecommerce @ http://localhost:5173/src/components/landing/LandingPage.jsx?t=1787453192767:122
[   99733ms] [LOG] [LandingPage] IntersectionObserver fired for repo-reference [Object] @ http://localhost:5173/src/components/landing/LandingPage.jsx?t=1787453192767:119
[   99733ms] [LOG] [LandingPage] Loading section: repo-reference @ http://localhost:5173/src/components/landing/LandingPage.jsx?t=1787453192767:122
[   99733ms] [LOG] [LandingPage] IntersectionObserver fired for apps [Object] @ http://localhost:5173/src/components/landing/LandingPage.jsx?t=1787453192767:119
[   99734ms] [LOG] [LandingPage] Loading section: apps @ http://localhost:5173/src/components/landing/LandingPage.jsx?t=1787453192767:122
[   99734ms] [LOG] [LandingPage] IntersectionObserver fired for problem [Object] @ http://localhost:5173/src/components/landing/LandingPage.jsx?t=1787453192767:119
[   99735ms] [LOG] [LandingPage] Loading section: problem @ http://localhost:5173/src/components/landing/LandingPage.jsx?t=1787453192767:122
[   99735ms] [LOG] [LandingPage] IntersectionObserver fired for repo-narrative [Object] @ http://localhost:5173/src/components/landing/LandingPage.jsx?t=1787453192767:119
[   99735ms] [LOG] [LandingPage] Loading section: repo-narrative @ http://localhost:5173/src/components/landing/LandingPage.jsx?t=1787453192767:122
[   99736ms] [LOG] [LandingPage] IntersectionObserver fired for offer [Object] @ http://localhost:5173/src/components/landing/LandingPage.jsx?t=1787453192767:119
[   99736ms] [LOG] [LandingPage] Loading section: offer @ http://localhost:5173/src/components/landing/LandingPage.jsx?t=1787453192767:122
[   99736ms] [LOG] [LandingPage] IntersectionObserver fired for repo-fashion [Object] @ http://localhost:5173/src/components/landing/LandingPage.jsx?t=1787453192767:119
[   99737ms] [LOG] [LandingPage] Loading section: repo-fashion @ http://localhost:5173/src/components/landing/LandingPage.jsx?t=1787453192767:122
[   99737ms] [LOG] [LandingPage] IntersectionObserver fired for repo-commercial [Object] @ http://localhost:5173/src/components/landing/LandingPage.jsx?t=1787453192767:119
[   99737ms] [LOG] [LandingPage] Loading section: repo-commercial @ http://localhost:5173/src/components/landing/LandingPage.jsx?t=1787453192767:122
[   99737ms] [LOG] [LandingPage] IntersectionObserver fired for repo-social-ads [Object] @ http://localhost:5173/src/components/landing/LandingPage.jsx?t=1787453192767:119
[   99737ms] [LOG] [LandingPage] Loading section: repo-social-ads @ http://localhost:5173/src/components/landing/LandingPage.jsx?t=1787453192767:122
[   99741ms] [LOG] [LandingPage] IntersectionObserver fired for value [Object] @ http://localhost:5173/src/components/landing/LandingPage.jsx?t=1787453192767:119
[   99742ms] [LOG] [LandingPage] Loading section: value @ http://localhost:5173/src/components/landing/LandingPage.jsx?t=1787453192767:122
[   99742ms] [LOG] [LandingPage] IntersectionObserver fired for hook [Object] @ http://localhost:5173/src/components/landing/LandingPage.jsx?t=1787453192767:119
[   99743ms] [LOG] [LandingPage] Loading section: hook @ http://localhost:5173/src/components/landing/LandingPage.jsx?t=1787453192767:122
[   99744ms] [LOG] [LandingPage] IntersectionObserver fired for scrolling [Object] @ http://localhost:5173/src/components/landing/LandingPage.jsx?t=1787453192767:119
[   99744ms] [LOG] [LandingPage] Loading section: scrolling @ http://localhost:5173/src/components/landing/LandingPage.jsx?t=1787453192767:122
[   99745ms] [LOG] [LandingPage] IntersectionObserver fired for workflow [Object] @ http://localhost:5173/src/components/landing/LandingPage.jsx?t=1787453192767:119
[   99746ms] [LOG] [LandingPage] Loading section: workflow @ http://localhost:5173/src/components/landing/LandingPage.jsx?t=1787453192767:122
[   99746ms] [LOG] [LandingPage] IntersectionObserver fired for comparison [Object] @ http://localhost:5173/src/components/landing/LandingPage.jsx?t=1787453192767:119
[   99747ms] [LOG] [LandingPage] Loading section: comparison @ http://localhost:5173/src/components/landing/LandingPage.jsx?t=1787453192767:122
[   99749ms] [LOG] [LandingPage] IntersectionObserver fired for agency [Object] @ http://localhost:5173/src/components/landing/LandingPage.jsx?t=1787453192767:119
[   99750ms] [LOG] [LandingPage] Loading section: agency @ http://localhost:5173/src/components/landing/LandingPage.jsx?t=1787453192767:122
[   99750ms] [LOG] [LandingPage] IntersectionObserver fired for gtm-boost [Object] @ http://localhost:5173/src/components/landing/LandingPage.jsx?t=1787453192767:119
[   99750ms] [LOG] [LandingPage] Loading section: gtm-boost @ http://localhost:5173/src/components/landing/LandingPage.jsx?t=1787453192767:122
[   99751ms] [LOG] [LandingPage] IntersectionObserver fired for repos [Object] @ http://localhost:5173/src/components/landing/LandingPage.jsx?t=1787453192767:119
[   99751ms] [LOG] [LandingPage] Loading section: repos @ http://localhost:5173/src/components/landing/LandingPage.jsx?t=1787453192767:122
[   99751ms] [LOG] [LandingPage] IntersectionObserver fired for repo-kinetic [Object] @ http://localhost:5173/src/components/landing/LandingPage.jsx?t=1787453192767:119
[   99751ms] [LOG] [LandingPage] Loading section: repo-kinetic @ http://localhost:5173/src/components/landing/LandingPage.jsx?t=1787453192767:122
[   99752ms] [LOG] [LandingPage] IntersectionObserver fired for repo-animation [Object] @ http://localhost:5173/src/components/landing/LandingPage.jsx?t=1787453192767:119
[   99752ms] [LOG] [LandingPage] Loading section: repo-animation @ http://localhost:5173/src/components/landing/LandingPage.jsx?t=1787453192767:122
[   99752ms] [LOG] [LandingPage] IntersectionObserver fired for gallery [Object] @ http://localhost:5173/src/components/landing/LandingPage.jsx?t=1787453192767:119
[   99752ms] [LOG] [LandingPage] Loading section: gallery @ http://localhost:5173/src/components/landing/LandingPage.jsx?t=1787453192767:122
[   99753ms] [LOG] [LandingPage] IntersectionObserver fired for cta [Object] @ http://localhost:5173/src/components/landing/LandingPage.jsx?t=1787453192767:119
[   99753ms] [LOG] [LandingPage] Loading section: cta @ http://localhost:5173/src/components/landing/LandingPage.jsx?t=1787453192767:122
[   99753ms] [LOG] [LandingPage] IntersectionObserver fired for features [Object] @ http://localhost:5173/src/components/landing/LandingPage.jsx?t=1787453192767:119
[   99753ms] [LOG] [LandingPage] Loading section: features @ http://localhost:5173/src/components/landing/LandingPage.jsx?t=1787453192767:122
[   99754ms] [LOG] [LandingPage] IntersectionObserver fired for academy [Object] @ http://localhost:5173/src/components/landing/LandingPage.jsx?t=1787453192767:119
[   99754ms] [LOG] [LandingPage] Loading section: academy @ http://localhost:5173/src/components/landing/LandingPage.jsx?t=1787453192767:122
[   99754ms] [LOG] [LandingPage] IntersectionObserver fired for made-with [Object] @ http://localhost:5173/src/components/landing/LandingPage.jsx?t=1787453192767:119
[   99754ms] [LOG] [LandingPage] Loading section: made-with @ http://localhost:5173/src/components/landing/LandingPage.jsx?t=1787453192767:122
[   99755ms] [LOG] [LandingPage] IntersectionObserver fired for ai-workflow [Object] @ http://localhost:5173/src/components/landing/LandingPage.jsx?t=1787453192767:119
[   99757ms] [LOG] [LandingPage] Loading section: ai-workflow @ http://localhost:5173/src/components/landing/LandingPage.jsx?t=1787453192767:122
[   99758ms] [LOG] [LandingPage] IntersectionObserver fired for repo-cinema [Object] @ http://localhost:5173/src/components/landing/LandingPage.jsx?t=1787453192767:119
[   99759ms] [LOG] [LandingPage] Loading section: repo-cinema @ http://localhost:5173/src/components/landing/LandingPage.jsx?t=1787453192767:122
[   99759ms] [LOG] [LandingPage] IntersectionObserver fired for repo-vfx [Object] @ http://localhost:5173/src/components/landing/LandingPage.jsx?t=1787453192767:119
[   99760ms] [LOG] [LandingPage] Loading section: repo-vfx @ http://localhost:5173/src/components/landing/LandingPage.jsx?t=1787453192767:122
[   99760ms] [LOG] [LandingPage] IntersectionObserver fired for repo-vertical [Object] @ http://localhost:5173/src/components/landing/LandingPage.jsx?t=1787453192767:119
[   99760ms] [LOG] [LandingPage] Loading section: repo-vertical @ http://localhost:5173/src/components/landing/LandingPage.jsx?t=1787453192767:122
[   99760ms] [LOG] [LandingPage] IntersectionObserver fired for ugc [Object] @ http://localhost:5173/src/components/landing/LandingPage.jsx?t=1787453192767:119
[   99760ms] [LOG] [LandingPage] Loading section: ugc @ http://localhost:5173/src/components/landing/LandingPage.jsx?t=1787453192767:122
[  100238ms] [LOG] [LandingPage] Section loaded: engines @ http://localhost:5173/src/components/landing/LandingPage.jsx?t=1787453192767:141
[  100265ms] [LOG] [LandingPage] Section loaded: problem @ http://localhost:5173/src/components/landing/LandingPage.jsx?t=1787453192767:141
[  100267ms] [LOG] [LandingPage] Section loaded: offer @ http://localhost:5173/src/components/landing/LandingPage.jsx?t=1787453192767:141
[  100268ms] [LOG] [LandingPage] Section loaded: value @ http://localhost:5173/src/components/landing/LandingPage.jsx?t=1787453192767:141
[  100268ms] [LOG] [LandingPage] Section loaded: hook @ http://localhost:5173/src/components/landing/LandingPage.jsx?t=1787453192767:141
[  100310ms] [LOG] [LandingPage] Section loaded: scrolling @ http://localhost:5173/src/components/landing/LandingPage.jsx?t=1787453192767:141
[  100312ms] [LOG] [LandingPage] Section loaded: workflow @ http://localhost:5173/src/components/landing/LandingPage.jsx?t=1787453192767:141
[  100683ms] [LOG] [LandingPage] Section loaded: comparison @ http://localhost:5173/src/components/landing/LandingPage.jsx?t=1787453192767:141
[  100811ms] [LOG] [LandingPage] Section loaded: agency @ http://localhost:5173/src/components/landing/LandingPage.jsx?t=1787453192767:141
[  100920ms] [LOG] [LandingPage] Section loaded: cta @ http://localhost:5173/src/components/landing/LandingPage.jsx?t=1787453192767:141
[  100924ms] [LOG] [LandingPage] Section loaded: features @ http://localhost:5173/src/components/landing/LandingPage.jsx?t=1787453192767:141
[  101147ms] [LOG] [LandingPage] Section loaded: repos @ http://localhost:5173/src/components/landing/LandingPage.jsx?t=1787453192767:141
[  101194ms] [LOG] [LandingPage] Section loaded: gallery @ http://localhost:5173/src/components/landing/LandingPage.jsx?t=1787453192767:141
[  101283ms] [LOG] [LandingPage] Section loaded: made-with @ http://localhost:5173/src/components/landing/LandingPage.jsx?t=1787453192767:141
[  101352ms] [LOG] [LandingPage] Section loaded: gtm-boost @ http://localhost:5173/src/components/landing/LandingPage.jsx?t=1787453192767:141
[  101359ms] [LOG] [LandingPage] Section loaded: ugc @ http://localhost:5173/src/components/landing/LandingPage.jsx?t=1787453192767:141
[  101369ms] [LOG] [LandingPage] Section loaded: apps @ http://localhost:5173/src/components/landing/LandingPage.jsx?t=1787453192767:141
[  101394ms] [LOG] [LandingPage] Section loaded: ai-workflow @ http://localhost:5173/src/components/landing/LandingPage.jsx?t=1787453192767:141
[  101489ms] [LOG] [LandingPage] Section loaded: repo-social-ads @ http://localhost:5173/src/components/landing/LandingPage.jsx?t=1787453192767:141
[  101710ms] [LOG] [LandingPage] Section loaded: repo-commercial @ http://localhost:5173/src/components/landing/LandingPage.jsx?t=1787453192767:141
[  101749ms] [LOG] [LandingPage] Section loaded: repo-vertical @ http://localhost:5173/src/components/landing/LandingPage.jsx?t=1787453192767:141
[  101786ms] [LOG] [LandingPage] Section loaded: repo-ecommerce @ http://localhost:5173/src/components/landing/LandingPage.jsx?t=1787453192767:141
[  101928ms] [LOG] [LandingPage] Section loaded: repo-reference @ http://localhost:5173/src/components/landing/LandingPage.jsx?t=1787453192767:141
[  101951ms] [LOG] [LandingPage] Section loaded: repo-narrative @ http://localhost:5173/src/components/landing/LandingPage.jsx?t=1787453192767:141
[  101970ms] [LOG] [LandingPage] Section loaded: repo-vfx @ http://localhost:5173/src/components/landing/LandingPage.jsx?t=1787453192767:141
[  101983ms] [LOG] [LandingPage] Section loaded: repo-fashion @ http://localhost:5173/src/components/landing/LandingPage.jsx?t=1787453192767:141
[  102003ms] [LOG] [LandingPage] Section loaded: repo-cinema @ http://localhost:5173/src/components/landing/LandingPage.jsx?t=1787453192767:141
[  102027ms] [LOG] [LandingPage] Section loaded: repo-animated @ http://localhost:5173/src/components/landing/LandingPage.jsx?t=1787453192767:141
[  102184ms] [LOG] [LandingPage] Section loaded: repo-kinetic @ http://localhost:5173/src/components/landing/LandingPage.jsx?t=1787453192767:141
[  102191ms] [LOG] [LandingPage] Section loaded: repo-animation @ http://localhost:5173/src/components/landing/LandingPage.jsx?t=1787453192767:141
[  102210ms] [LOG] [LandingPage] Section loaded: academy @ http://localhost:5173/src/components/landing/LandingPage.jsx?t=1787453192767:141
[  102611ms] [INFO] %cDownload the React DevTools for a better development experience: https://react.dev/link/react-devtools font-weight:bold @ http://localhost:5173/node_modules/.vite/deps/chunk-EEAUBQDT.js?v=93c1ec86:20096
[  102618ms] [ERROR] [ModalSystem] mount failed TypeError: Class constructor SortableElement cannot be invoked without 'new'
    at http://localhost:5173/components/modals/RetargetOptInModal.jsx?t=1787453192767:26:22 @ http://localhost:5173/src/main.js?t=1787453192767:329
[  102628ms] [ERROR] [popcorn-init] FAILED at: plugin-image TypeError: Class constructor SortableElement cannot be invoked without 'new'
    at http://localhost:5173/components/modals/RetargetOptInModal.jsx?t=1787453192767:26:22 @ http://localhost:5173/src/lib/popcornInit.js?t=1787453192767:55
[  102743ms] [ERROR] [popcorn-init] FAILED at: plugin-jsonTransition TypeError: Class constructor SortableElement cannot be invoked without 'new'
    at http://localhost:5173/components/modals/RetargetOptInModal.jsx?t=1787453192767:26:22 @ http://localhost:5173/src/lib/popcornInit.js?t=1787453192767:55
[  102887ms] [ERROR] [popcorn-init] FAILED at: plugin-lottie-json TypeError: Class constructor SortableElement cannot be invoked without 'new'
    at http://localhost:5173/components/modals/RetargetOptInModal.jsx?t=1787453192767:26:22 @ http://localhost:5173/src/lib/popcornInit.js?t=1787453192767:55
[  102988ms] [LOG] [popcorn-init] OK: plugin-json-button @ http://localhost:5173/src/lib/popcornInit.js?t=1787453192767:48
[  103050ms] [ERROR] [popcorn-init] FAILED at: plugin-personalizedImage TypeError: Class constructor SortableElement cannot be invoked without 'new'
    at http://localhost:5173/components/modals/RetargetOptInModal.jsx?t=1787453192767:26:22 @ http://localhost:5173/src/lib/popcornInit.js?t=1787453192767:55
[  103061ms] [ERROR] [popcorn-init] FAILED at: plugin-loopPlugin TypeError: Class constructor SortableElement cannot be invoked without 'new'
    at http://localhost:5173/components/modals/RetargetOptInModal.jsx?t=1787453192767:26:22 @ http://localhost:5173/src/lib/popcornInit.js?t=1787453192767:55
[  103067ms] [ERROR] [popcorn-init] FAILED at: plugin-pausePlugin TypeError: Class constructor SortableElement cannot be invoked without 'new'
    at http://localhost:5173/components/modals/RetargetOptInModal.jsx?t=1787453192767:26:22 @ http://localhost:5173/src/lib/popcornInit.js?t=1787453192767:55
[  103086ms] [ERROR] [popcorn-init] FAILED at: plugin-form TypeError: Class constructor SortableElement cannot be invoked without 'new'
    at http://localhost:5173/components/modals/RetargetOptInModal.jsx?t=1787453192767:26:22 @ http://localhost:5173/src/lib/popcornInit.js?t=1787453192767:55
[  103177ms] [ERROR] [popcorn-init] FAILED at: plugin-retarget TypeError: Class constructor SortableElement cannot be invoked without 'new'
    at http://localhost:5173/components/modals/RetargetOptInModal.jsx?t=1787453192767:26:22 @ http://localhost:5173/src/lib/popcornInit.js?t=1787453192767:55
[  103194ms] [LOG] [popcorn-init] OK: plugin-popup @ http://localhost:5173/src/lib/popcornInit.js?t=1787453192767:48
[  103202ms] [ERROR] [popcorn-init] FAILED at: plugin-sequencer TypeError: Class constructor SortableElement cannot be invoked without 'new'
    at http://localhost:5173/components/modals/RetargetOptInModal.jsx?t=1787453192767:26:22 @ http://localhost:5173/src/lib/popcornInit.js?t=1787453192767:55
[  103213ms] [ERROR] [popcorn-init] FAILED at: plugin-skip TypeError: Class constructor SortableElement cannot be invoked without 'new'
    at http://localhost:5173/components/modals/RetargetOptInModal.jsx?t=1787453192767:26:22 @ http://localhost:5173/src/lib/popcornInit.js?t=1787453192767:55
[  103256ms] [ERROR] [popcorn-init] FAILED at: plugin-text TypeError: Class constructor SortableElement cannot be invoked without 'new'
    at http://localhost:5173/components/modals/RetargetOptInModal.jsx?t=1787453192767:26:22 @ http://localhost:5173/src/lib/popcornInit.js?t=1787453192767:55
[  103320ms] [LOG] [popcorn-init] OK: plugin-social @ http://localhost:5173/src/lib/popcornInit.js?t=1787453192767:48
[  103364ms] [ERROR] [popcorn-init] FAILED at: plugin-jsonAnimation TypeError: Class constructor SortableElement cannot be invoked without 'new'
    at http://localhost:5173/components/modals/RetargetOptInModal.jsx?t=1787453192767:26:22 @ http://localhost:5173/src/lib/popcornInit.js?t=1787453192767:55
[  103493ms] [LOG] [App] Starting initialization... @ http://localhost:5173/src/main.js?t=1787453192767:19
[  103503ms] [LOG] [popcorn-init] OK: jquery @ http://localhost:5173/src/lib/popcornInit.js?t=1787453192767:41
[  103504ms] [LOG] [popcorn-init] OK: jquery-textfill @ http://localhost:5173/src/lib/popcornInit.js?t=1787453192767:48
[  103506ms] [LOG] [popcorn-init] OK: popcorn-core @ http://localhost:5173/src/lib/popcornInit.js?t=1787453192767:48
[  103507ms] [LOG] [popcorn-init] OK: popcorn-ie8 @ http://localhost:5173/src/lib/popcornInit.js?t=1787453192767:48
[  103509ms] [LOG] [popcorn-init] OK: wrapper-common @ http://localhost:5173/src/lib/popcornInit.js?t=1787453192767:48
[  103510ms] [LOG] [popcorn-init] OK: wrapper-html5 @ http://localhost:5173/src/lib/popcornInit.js?t=1787453192767:48
[  103511ms] [LOG] [popcorn-init] OK: wrapper-vrview @ http://localhost:5173/src/lib/popcornInit.js?t=1787453192767:48
[  103511ms] [LOG] [popcorn-init] OK: wrapper-adaptive @ http://localhost:5173/src/lib/popcornInit.js?t=1787453192767:48
[  103512ms] [LOG] [popcorn-init] OK: wrapper-null @ http://localhost:5173/src/lib/popcornInit.js?t=1787453192767:48
[  103512ms] [LOG] [popcorn-init] OK: wrapper-soundcloud @ http://localhost:5173/src/lib/popcornInit.js?t=1787453192767:48
[  103512ms] [LOG] [popcorn-init] OK: wrapper-vimeo @ http://localhost:5173/src/lib/popcornInit.js?t=1787453192767:48
[  103513ms] [LOG] [popcorn-init] OK: wrapper-youtube @ http://localhost:5173/src/lib/popcornInit.js?t=1787453192767:48
[  103513ms] [LOG] [popcorn-init] OK: wrapper-jwplayer @ http://localhost:5173/src/lib/popcornInit.js?t=1787453192767:48
[  103513ms] [LOG] [popcorn-init] OK: player-module @ http://localhost:5173/src/lib/popcornInit.js?t=1787453192767:48
[  103524ms] [LOG] [LandingPage] Header.jsx loaded @ http://localhost:5173/src/components/landing/LandingPage.jsx?t=1787453192767:176
[  103678ms] [LOG] [LandingPage] CinematicVideoHero.jsx loaded @ http://localhost:5173/src/components/landing/LandingPage.jsx?t=1787453192767:189
