[      77ms] [LOG] [App] Starting initialization... @ http://localhost:5173/src/main.js?t=1787453242003:19
[      86ms] [LOG] [popcorn-init] OK: jquery @ http://localhost:5173/src/lib/popcornInit.js?t=1787453215394:41
[      86ms] [LOG] [popcorn-init] OK: jquery-textfill @ http://localhost:5173/src/lib/popcornInit.js?t=1787453215394:48
[      87ms] [LOG] [popcorn-init] OK: popcorn-core @ http://localhost:5173/src/lib/popcornInit.js?t=1787453215394:48
[      87ms] [LOG] [popcorn-init] OK: popcorn-ie8 @ http://localhost:5173/src/lib/popcornInit.js?t=1787453215394:48
[      88ms] [LOG] [popcorn-init] OK: wrapper-common @ http://localhost:5173/src/lib/popcornInit.js?t=1787453215394:48
[      88ms] [LOG] [popcorn-init] OK: wrapper-html5 @ http://localhost:5173/src/lib/popcornInit.js?t=1787453215394:48
[      88ms] [LOG] [popcorn-init] OK: wrapper-vrview @ http://localhost:5173/src/lib/popcornInit.js?t=1787453215394:48
[      89ms] [LOG] [popcorn-init] OK: wrapper-adaptive @ http://localhost:5173/src/lib/popcornInit.js?t=1787453215394:48
[      89ms] [LOG] [popcorn-init] OK: wrapper-null @ http://localhost:5173/src/lib/popcornInit.js?t=1787453215394:48
[      89ms] [LOG] [popcorn-init] OK: wrapper-soundcloud @ http://localhost:5173/src/lib/popcornInit.js?t=1787453215394:48
[      89ms] [LOG] [popcorn-init] OK: wrapper-vimeo @ http://localhost:5173/src/lib/popcornInit.js?t=1787453215394:48
[      90ms] [LOG] [popcorn-init] OK: wrapper-youtube @ http://localhost:5173/src/lib/popcornInit.js?t=1787453215394:48
[      90ms] [LOG] [popcorn-init] OK: wrapper-jwplayer @ http://localhost:5173/src/lib/popcornInit.js?t=1787453215394:48
[      90ms] [LOG] [popcorn-init] OK: player-module @ http://localhost:5173/src/lib/popcornInit.js?t=1787453215394:48
[     124ms] [LOG] [LandingPage] Header.jsx loaded @ http://localhost:5173/src/components/landing/LandingPage.jsx?t=1787453215394:176
[     487ms] [LOG] [LandingPage] CinematicVideoHero.jsx loaded @ http://localhost:5173/src/components/landing/LandingPage.jsx?t=1787453215394:189
[     956ms] [LOG] [LandingPage] HeroSection.jsx loaded @ http://localhost:5173/src/components/landing/LandingPage.jsx?t=1787453215394:202
[     957ms] [LOG] [LandingPage] Observer created for: scrolling placeholder id: section-scrolling @ http://localhost:5173/src/components/landing/LandingPage.jsx?t=1787453215394:160
[     957ms] [LOG] [LandingPage] Observer created for: hook placeholder id: section-hook @ http://localhost:5173/src/components/landing/LandingPage.jsx?t=1787453215394:160
[     957ms] [LOG] [LandingPage] Observer created for: engines placeholder id: section-engines @ http://localhost:5173/src/components/landing/LandingPage.jsx?t=1787453215394:160
[     957ms] [LOG] [LandingPage] Observer created for: apps placeholder id: section-apps @ http://localhost:5173/src/components/landing/LandingPage.jsx?t=1787453215394:160
[     957ms] [LOG] [LandingPage] Observer created for: features placeholder id: section-features @ http://localhost:5173/src/components/landing/LandingPage.jsx?t=1787453215394:160
[     957ms] [LOG] [LandingPage] Observer created for: problem placeholder id: section-problem @ http://localhost:5173/src/components/landing/LandingPage.jsx?t=1787453215394:160
[     957ms] [LOG] [LandingPage] Observer created for: workflow placeholder id: section-workflow @ http://localhost:5173/src/components/landing/LandingPage.jsx?t=1787453215394:160
[     957ms] [LOG] [LandingPage] Observer created for: comparison placeholder id: section-comparison @ http://localhost:5173/src/components/landing/LandingPage.jsx?t=1787453215394:160
[     957ms] [LOG] [LandingPage] Observer created for: value placeholder id: section-value @ http://localhost:5173/src/components/landing/LandingPage.jsx?t=1787453215394:160
[     957ms] [LOG] [LandingPage] Observer created for: agency placeholder id: section-agency @ http://localhost:5173/src/components/landing/LandingPage.jsx?t=1787453215394:160
[     957ms] [LOG] [LandingPage] Observer created for: offer placeholder id: section-offer @ http://localhost:5173/src/components/landing/LandingPage.jsx?t=1787453215394:160
[     958ms] [LOG] [LandingPage] Observer created for: cta placeholder id: section-cta @ http://localhost:5173/src/components/landing/LandingPage.jsx?t=1787453215394:160
[     958ms] [LOG] [LandingPage] Observer created for: ai-workflow placeholder id: section-ai-workflow @ http://localhost:5173/src/components/landing/LandingPage.jsx?t=1787453215394:160
[     958ms] [LOG] [LandingPage] Observer created for: made-with placeholder id: section-made-with @ http://localhost:5173/src/components/landing/LandingPage.jsx?t=1787453215394:160
[     958ms] [LOG] [LandingPage] Observer created for: ugc placeholder id: section-ugc @ http://localhost:5173/src/components/landing/LandingPage.jsx?t=1787453215394:160
[     958ms] [LOG] [LandingPage] Observer created for: gallery placeholder id: section-gallery @ http://localhost:5173/src/components/landing/LandingPage.jsx?t=1787453215394:160
[     958ms] [LOG] [LandingPage] Observer created for: academy placeholder id: section-academy @ http://localhost:5173/src/components/landing/LandingPage.jsx?t=1787453215394:160
[     958ms] [LOG] [LandingPage] Observer created for: repo-cinema placeholder id: section-repo-cinema @ http://localhost:5173/src/components/landing/LandingPage.jsx?t=1787453215394:160
[     958ms] [LOG] [LandingPage] Observer created for: repo-commercial placeholder id: section-repo-commercial @ http://localhost:5173/src/components/landing/LandingPage.jsx?t=1787453215394:160
[     958ms] [LOG] [LandingPage] Observer created for: repo-social-ads placeholder id: section-repo-social-ads @ http://localhost:5173/src/components/landing/LandingPage.jsx?t=1787453215394:160
[     958ms] [LOG] [LandingPage] Observer created for: repo-narrative placeholder id: section-repo-narrative @ http://localhost:5173/src/components/landing/LandingPage.jsx?t=1787453215394:160
[     958ms] [LOG] [LandingPage] Observer created for: repo-vertical placeholder id: section-repo-vertical @ http://localhost:5173/src/components/landing/LandingPage.jsx?t=1787453215394:160
[     958ms] [LOG] [LandingPage] Observer created for: repo-ecommerce placeholder id: section-repo-ecommerce @ http://localhost:5173/src/components/landing/LandingPage.jsx?t=1787453215394:160
[     958ms] [LOG] [LandingPage] Observer created for: repo-kinetic placeholder id: section-repo-kinetic @ http://localhost:5173/src/components/landing/LandingPage.jsx?t=1787453215394:160
[     958ms] [LOG] [LandingPage] Observer created for: repo-animated placeholder id: section-repo-animated @ http://localhost:5173/src/components/landing/LandingPage.jsx?t=1787453215394:160
[     958ms] [LOG] [LandingPage] Observer created for: repo-animation placeholder id: section-repo-animation @ http://localhost:5173/src/components/landing/LandingPage.jsx?t=1787453215394:160
[     958ms] [LOG] [LandingPage] Observer created for: repo-reference placeholder id: section-repo-reference @ http://localhost:5173/src/components/landing/LandingPage.jsx?t=1787453215394:160
[     958ms] [LOG] [LandingPage] Observer created for: repo-vfx placeholder id: section-repo-vfx @ http://localhost:5173/src/components/landing/LandingPage.jsx?t=1787453215394:160
[     958ms] [LOG] [LandingPage] Observer created for: repo-fashion placeholder id: section-repo-fashion @ http://localhost:5173/src/components/landing/LandingPage.jsx?t=1787453215394:160
[     959ms] [LOG] [LandingPage] Observer created for: repos placeholder id: section-repos @ http://localhost:5173/src/components/landing/LandingPage.jsx?t=1787453215394:160
[     959ms] [LOG] [LandingPage] Observer created for: gtm-boost placeholder id: section-gtm-boost @ http://localhost:5173/src/components/landing/LandingPage.jsx?t=1787453215394:160
[     959ms] [LOG] [App] Landing page rendered @ http://localhost:5173/src/main.js?t=1787453242003:88
[     977ms] [LOG] [LandingPage] IntersectionObserver fired for agency [Object] @ http://localhost:5173/src/components/landing/LandingPage.jsx?t=1787453215394:119
[     977ms] [LOG] [LandingPage] Loading section: agency @ http://localhost:5173/src/components/landing/LandingPage.jsx?t=1787453215394:122
[     977ms] [LOG] [LandingPage] IntersectionObserver fired for comparison [Object] @ http://localhost:5173/src/components/landing/LandingPage.jsx?t=1787453215394:119
[     977ms] [LOG] [LandingPage] Loading section: comparison @ http://localhost:5173/src/components/landing/LandingPage.jsx?t=1787453215394:122
[     978ms] [LOG] [LandingPage] IntersectionObserver fired for repo-animated [Object] @ http://localhost:5173/src/components/landing/LandingPage.jsx?t=1787453215394:119
[     978ms] [LOG] [LandingPage] Loading section: repo-animated @ http://localhost:5173/src/components/landing/LandingPage.jsx?t=1787453215394:122
[     978ms] [LOG] [LandingPage] IntersectionObserver fired for repo-vertical [Object] @ http://localhost:5173/src/components/landing/LandingPage.jsx?t=1787453215394:119
[     978ms] [LOG] [LandingPage] Loading section: repo-vertical @ http://localhost:5173/src/components/landing/LandingPage.jsx?t=1787453215394:122
[     978ms] [LOG] [LandingPage] IntersectionObserver fired for repo-cinema [Object] @ http://localhost:5173/src/components/landing/LandingPage.jsx?t=1787453215394:119
[     978ms] [LOG] [LandingPage] Loading section: repo-cinema @ http://localhost:5173/src/components/landing/LandingPage.jsx?t=1787453215394:122
[     978ms] [LOG] [LandingPage] IntersectionObserver fired for ugc [Object] @ http://localhost:5173/src/components/landing/LandingPage.jsx?t=1787453215394:119
[     979ms] [LOG] [LandingPage] Loading section: ugc @ http://localhost:5173/src/components/landing/LandingPage.jsx?t=1787453215394:122
[     979ms] [LOG] [LandingPage] IntersectionObserver fired for repos [Object] @ http://localhost:5173/src/components/landing/LandingPage.jsx?t=1787453215394:119
[     979ms] [LOG] [LandingPage] Loading section: repos @ http://localhost:5173/src/components/landing/LandingPage.jsx?t=1787453215394:122
[     980ms] [LOG] [LandingPage] IntersectionObserver fired for problem [Object] @ http://localhost:5173/src/components/landing/LandingPage.jsx?t=1787453215394:119
[     980ms] [LOG] [LandingPage] Loading section: problem @ http://localhost:5173/src/components/landing/LandingPage.jsx?t=1787453215394:122
[     980ms] [LOG] [LandingPage] IntersectionObserver fired for gallery [Object] @ http://localhost:5173/src/components/landing/LandingPage.jsx?t=1787453215394:119
[     981ms] [LOG] [LandingPage] Loading section: gallery @ http://localhost:5173/src/components/landing/LandingPage.jsx?t=1787453215394:122
[     981ms] [LOG] [LandingPage] IntersectionObserver fired for academy [Object] @ http://localhost:5173/src/components/landing/LandingPage.jsx?t=1787453215394:119
[     981ms] [LOG] [LandingPage] Loading section: academy @ http://localhost:5173/src/components/landing/LandingPage.jsx?t=1787453215394:122
[     981ms] [LOG] [LandingPage] IntersectionObserver fired for repo-commercial [Object] @ http://localhost:5173/src/components/landing/LandingPage.jsx?t=1787453215394:119
[     982ms] [LOG] [LandingPage] Loading section: repo-commercial @ http://localhost:5173/src/components/landing/LandingPage.jsx?t=1787453215394:122
[     982ms] [LOG] [LandingPage] IntersectionObserver fired for repo-reference [Object] @ http://localhost:5173/src/components/landing/LandingPage.jsx?t=1787453215394:119
[     982ms] [LOG] [LandingPage] Loading section: repo-reference @ http://localhost:5173/src/components/landing/LandingPage.jsx?t=1787453215394:122
[     982ms] [LOG] [LandingPage] IntersectionObserver fired for made-with [Object] @ http://localhost:5173/src/components/landing/LandingPage.jsx?t=1787453215394:119
[     982ms] [LOG] [LandingPage] Loading section: made-with @ http://localhost:5173/src/components/landing/LandingPage.jsx?t=1787453215394:122
[     982ms] [LOG] [LandingPage] IntersectionObserver fired for gtm-boost [Object] @ http://localhost:5173/src/components/landing/LandingPage.jsx?t=1787453215394:119
[     982ms] [LOG] [LandingPage] Loading section: gtm-boost @ http://localhost:5173/src/components/landing/LandingPage.jsx?t=1787453215394:122
[     983ms] [LOG] [LandingPage] IntersectionObserver fired for workflow [Object] @ http://localhost:5173/src/components/landing/LandingPage.jsx?t=1787453215394:119
[     983ms] [LOG] [LandingPage] Loading section: workflow @ http://localhost:5173/src/components/landing/LandingPage.jsx?t=1787453215394:122
[     983ms] [LOG] [LandingPage] IntersectionObserver fired for repo-social-ads [Object] @ http://localhost:5173/src/components/landing/LandingPage.jsx?t=1787453215394:119
[     983ms] [LOG] [LandingPage] Loading section: repo-social-ads @ http://localhost:5173/src/components/landing/LandingPage.jsx?t=1787453215394:122
[     983ms] [LOG] [LandingPage] IntersectionObserver fired for repo-narrative [Object] @ http://localhost:5173/src/components/landing/LandingPage.jsx?t=1787453215394:119
[     983ms] [LOG] [LandingPage] Loading section: repo-narrative @ http://localhost:5173/src/components/landing/LandingPage.jsx?t=1787453215394:122
[     983ms] [LOG] [LandingPage] IntersectionObserver fired for repo-vfx [Object] @ http://localhost:5173/src/components/landing/LandingPage.jsx?t=1787453215394:119
[     983ms] [LOG] [LandingPage] Loading section: repo-vfx @ http://localhost:5173/src/components/landing/LandingPage.jsx?t=1787453215394:122
[     983ms] [LOG] [LandingPage] IntersectionObserver fired for repo-fashion [Object] @ http://localhost:5173/src/components/landing/LandingPage.jsx?t=1787453215394:119
[     983ms] [LOG] [LandingPage] Loading section: repo-fashion @ http://localhost:5173/src/components/landing/LandingPage.jsx?t=1787453215394:122
[     984ms] [LOG] [LandingPage] IntersectionObserver fired for scrolling [Object] @ http://localhost:5173/src/components/landing/LandingPage.jsx?t=1787453215394:119
[     984ms] [LOG] [LandingPage] Loading section: scrolling @ http://localhost:5173/src/components/landing/LandingPage.jsx?t=1787453215394:122
[     984ms] [LOG] [LandingPage] IntersectionObserver fired for cta [Object] @ http://localhost:5173/src/components/landing/LandingPage.jsx?t=1787453215394:119
[     984ms] [LOG] [LandingPage] Loading section: cta @ http://localhost:5173/src/components/landing/LandingPage.jsx?t=1787453215394:122
[     984ms] [LOG] [LandingPage] IntersectionObserver fired for ai-workflow [Object] @ http://localhost:5173/src/components/landing/LandingPage.jsx?t=1787453215394:119
[     984ms] [LOG] [LandingPage] Loading section: ai-workflow @ http://localhost:5173/src/components/landing/LandingPage.jsx?t=1787453215394:122
[     985ms] [LOG] [LandingPage] IntersectionObserver fired for repo-animation [Object] @ http://localhost:5173/src/components/landing/LandingPage.jsx?t=1787453215394:119
[     985ms] [LOG] [LandingPage] Loading section: repo-animation @ http://localhost:5173/src/components/landing/LandingPage.jsx?t=1787453215394:122
[     985ms] [LOG] [LandingPage] IntersectionObserver fired for offer [Object] @ http://localhost:5173/src/components/landing/LandingPage.jsx?t=1787453215394:119
[     985ms] [LOG] [LandingPage] Loading section: offer @ http://localhost:5173/src/components/landing/LandingPage.jsx?t=1787453215394:122
[     985ms] [LOG] [LandingPage] IntersectionObserver fired for repo-kinetic [Object] @ http://localhost:5173/src/components/landing/LandingPage.jsx?t=1787453215394:119
[     985ms] [LOG] [LandingPage] Loading section: repo-kinetic @ http://localhost:5173/src/components/landing/LandingPage.jsx?t=1787453215394:122
[     985ms] [LOG] [LandingPage] IntersectionObserver fired for engines [Object] @ http://localhost:5173/src/components/landing/LandingPage.jsx?t=1787453215394:119
[     986ms] [LOG] [LandingPage] Loading section: engines @ http://localhost:5173/src/components/landing/LandingPage.jsx?t=1787453215394:122
[     986ms] [LOG] [LandingPage] IntersectionObserver fired for repo-ecommerce [Object] @ http://localhost:5173/src/components/landing/LandingPage.jsx?t=1787453215394:119
[     986ms] [LOG] [LandingPage] Loading section: repo-ecommerce @ http://localhost:5173/src/components/landing/LandingPage.jsx?t=1787453215394:122
[     986ms] [LOG] [LandingPage] IntersectionObserver fired for apps [Object] @ http://localhost:5173/src/components/landing/LandingPage.jsx?t=1787453215394:119
[     986ms] [LOG] [LandingPage] Loading section: apps @ http://localhost:5173/src/components/landing/LandingPage.jsx?t=1787453215394:122
[     986ms] [LOG] [LandingPage] IntersectionObserver fired for features [Object] @ http://localhost:5173/src/components/landing/LandingPage.jsx?t=1787453215394:119
[     986ms] [LOG] [LandingPage] Loading section: features @ http://localhost:5173/src/components/landing/LandingPage.jsx?t=1787453215394:122
[     987ms] [LOG] [LandingPage] IntersectionObserver fired for hook [Object] @ http://localhost:5173/src/components/landing/LandingPage.jsx?t=1787453215394:119
[     987ms] [LOG] [LandingPage] Loading section: hook @ http://localhost:5173/src/components/landing/LandingPage.jsx?t=1787453215394:122
[     987ms] [LOG] [LandingPage] IntersectionObserver fired for value [Object] @ http://localhost:5173/src/components/landing/LandingPage.jsx?t=1787453215394:119
[     987ms] [LOG] [LandingPage] Loading section: value @ http://localhost:5173/src/components/landing/LandingPage.jsx?t=1787453215394:122
[    1316ms] [LOG] [LandingPage] Section loaded: agency @ http://localhost:5173/src/components/landing/LandingPage.jsx?t=1787453215394:141
[    1317ms] [LOG] [LandingPage] Section loaded: comparison @ http://localhost:5173/src/components/landing/LandingPage.jsx?t=1787453215394:141
[    1327ms] [LOG] [LandingPage] Section loaded: repos @ http://localhost:5173/src/components/landing/LandingPage.jsx?t=1787453215394:141
[    1334ms] [LOG] [LandingPage] Section loaded: problem @ http://localhost:5173/src/components/landing/LandingPage.jsx?t=1787453215394:141
[    1350ms] [LOG] [LandingPage] Section loaded: scrolling @ http://localhost:5173/src/components/landing/LandingPage.jsx?t=1787453215394:141
[    1351ms] [LOG] [LandingPage] Section loaded: cta @ http://localhost:5173/src/components/landing/LandingPage.jsx?t=1787453215394:141
[    1351ms] [LOG] [LandingPage] Section loaded: workflow @ http://localhost:5173/src/components/landing/LandingPage.jsx?t=1787453215394:141
[    1353ms] [LOG] [LandingPage] Section loaded: engines @ http://localhost:5173/src/components/landing/LandingPage.jsx?t=1787453215394:141
[    1425ms] [LOG] [LandingPage] Section loaded: ugc @ http://localhost:5173/src/components/landing/LandingPage.jsx?t=1787453215394:141
[    1432ms] [LOG] [LandingPage] Section loaded: gtm-boost @ http://localhost:5173/src/components/landing/LandingPage.jsx?t=1787453215394:141
[    1449ms] [LOG] [LandingPage] Section loaded: made-with @ http://localhost:5173/src/components/landing/LandingPage.jsx?t=1787453215394:141
[    1481ms] [LOG] [LandingPage] Section loaded: gallery @ http://localhost:5173/src/components/landing/LandingPage.jsx?t=1787453215394:141
[    1485ms] [LOG] [LandingPage] Section loaded: offer @ http://localhost:5173/src/components/landing/LandingPage.jsx?t=1787453215394:141
[    1485ms] [LOG] [LandingPage] Section loaded: features @ http://localhost:5173/src/components/landing/LandingPage.jsx?t=1787453215394:141
[    1541ms] [LOG] [LandingPage] Section loaded: hook @ http://localhost:5173/src/components/landing/LandingPage.jsx?t=1787453215394:141
[    1542ms] [LOG] [LandingPage] Section loaded: value @ http://localhost:5173/src/components/landing/LandingPage.jsx?t=1787453215394:141
[    1543ms] [LOG] [LandingPage] Section loaded: ai-workflow @ http://localhost:5173/src/components/landing/LandingPage.jsx?t=1787453215394:141
[    1559ms] [LOG] [LandingPage] Section loaded: repo-social-ads @ http://localhost:5173/src/components/landing/LandingPage.jsx?t=1787453215394:141
[    1561ms] [LOG] [LandingPage] Section loaded: repo-fashion @ http://localhost:5173/src/components/landing/LandingPage.jsx?t=1787453215394:141
[    1565ms] [LOG] [LandingPage] Section loaded: repo-vfx @ http://localhost:5173/src/components/landing/LandingPage.jsx?t=1787453215394:141
[    1569ms] [LOG] [LandingPage] Section loaded: repo-animation @ http://localhost:5173/src/components/landing/LandingPage.jsx?t=1787453215394:141
[    1574ms] [LOG] [LandingPage] Section loaded: repo-animated @ http://localhost:5173/src/components/landing/LandingPage.jsx?t=1787453215394:141
[    1578ms] [LOG] [LandingPage] Section loaded: repo-vertical @ http://localhost:5173/src/components/landing/LandingPage.jsx?t=1787453215394:141
[    1582ms] [LOG] [LandingPage] Section loaded: repo-narrative @ http://localhost:5173/src/components/landing/LandingPage.jsx?t=1787453215394:141
[    1588ms] [LOG] [LandingPage] Section loaded: repo-reference @ http://localhost:5173/src/components/landing/LandingPage.jsx?t=1787453215394:141
[    1593ms] [LOG] [LandingPage] Section loaded: repo-cinema @ http://localhost:5173/src/components/landing/LandingPage.jsx?t=1787453215394:141
[    1598ms] [LOG] [LandingPage] Section loaded: repo-commercial @ http://localhost:5173/src/components/landing/LandingPage.jsx?t=1787453215394:141
[    1603ms] [LOG] [LandingPage] Section loaded: repo-kinetic @ http://localhost:5173/src/components/landing/LandingPage.jsx?t=1787453215394:141
[    1608ms] [LOG] [LandingPage] Section loaded: repo-ecommerce @ http://localhost:5173/src/components/landing/LandingPage.jsx?t=1787453215394:141
[    1616ms] [LOG] [LandingPage] Section loaded: academy @ http://localhost:5173/src/components/landing/LandingPage.jsx?t=1787453215394:141
[    1620ms] [LOG] [LandingPage] Section loaded: apps @ http://localhost:5173/src/components/landing/LandingPage.jsx?t=1787453215394:141
[    1889ms] [INFO] %cDownload the React DevTools for a better development experience: https://react.dev/link/react-devtools font-weight:bold @ http://localhost:5173/node_modules/.vite/deps/chunk-EEAUBQDT.js?v=93c1ec86:20096
[    1892ms] [ERROR] [ModalSystem] mount failed TypeError: Class constructor SortableElement cannot be invoked without 'new'
    at http://localhost:5173/components/modals/RetargetOptInModal.jsx?t=1787453215394:26:22 @ http://localhost:5173/src/main.js?t=1787453242003:329
[    1894ms] [ERROR] [popcorn-init] FAILED at: plugin-image TypeError: Class constructor SortableElement cannot be invoked without 'new'
    at http://localhost:5173/components/modals/RetargetOptInModal.jsx?t=1787453215394:26:22 @ http://localhost:5173/src/lib/popcornInit.js?t=1787453215394:55
[    1910ms] [ERROR] [popcorn-init] FAILED at: plugin-jsonTransition TypeError: Class constructor SortableElement cannot be invoked without 'new'
    at http://localhost:5173/components/modals/RetargetOptInModal.jsx?t=1787453215394:26:22 @ http://localhost:5173/src/lib/popcornInit.js?t=1787453215394:55
[    1929ms] [ERROR] [popcorn-init] FAILED at: plugin-lottie-json TypeError: Class constructor SortableElement cannot be invoked without 'new'
    at http://localhost:5173/components/modals/RetargetOptInModal.jsx?t=1787453215394:26:22 @ http://localhost:5173/src/lib/popcornInit.js?t=1787453215394:55
[    1945ms] [LOG] [popcorn-init] OK: plugin-json-button @ http://localhost:5173/src/lib/popcornInit.js?t=1787453215394:48
[    1959ms] [ERROR] [popcorn-init] FAILED at: plugin-personalizedImage TypeError: Class constructor SortableElement cannot be invoked without 'new'
    at http://localhost:5173/components/modals/RetargetOptInModal.jsx?t=1787453215394:26:22 @ http://localhost:5173/src/lib/popcornInit.js?t=1787453215394:55
[    5745ms] [LOG] [App] Starting initialization... @ http://localhost:5173/src/main.js?t=1787453270224:19
[    5754ms] [LOG] [popcorn-init] OK: jquery @ http://localhost:5173/src/lib/popcornInit.js?t=1787453270224:41
[    5755ms] [LOG] [popcorn-init] OK: jquery-textfill @ http://localhost:5173/src/lib/popcornInit.js?t=1787453270224:48
[    5757ms] [LOG] [popcorn-init] OK: popcorn-core @ http://localhost:5173/src/lib/popcornInit.js?t=1787453270224:48
[    5757ms] [LOG] [popcorn-init] OK: popcorn-ie8 @ http://localhost:5173/src/lib/popcornInit.js?t=1787453270224:48
[    5758ms] [LOG] [popcorn-init] OK: wrapper-common @ http://localhost:5173/src/lib/popcornInit.js?t=1787453270224:48
[    5758ms] [LOG] [popcorn-init] OK: wrapper-html5 @ http://localhost:5173/src/lib/popcornInit.js?t=1787453270224:48
[    5759ms] [LOG] [popcorn-init] OK: wrapper-vrview @ http://localhost:5173/src/lib/popcornInit.js?t=1787453270224:48
[    5760ms] [LOG] [popcorn-init] OK: wrapper-adaptive @ http://localhost:5173/src/lib/popcornInit.js?t=1787453270224:48
[    5760ms] [LOG] [popcorn-init] OK: wrapper-null @ http://localhost:5173/src/lib/popcornInit.js?t=1787453270224:48
[    5760ms] [LOG] [popcorn-init] OK: wrapper-soundcloud @ http://localhost:5173/src/lib/popcornInit.js?t=1787453270224:48
[    5761ms] [LOG] [popcorn-init] OK: wrapper-vimeo @ http://localhost:5173/src/lib/popcornInit.js?t=1787453270224:48
[    5761ms] [LOG] [popcorn-init] OK: wrapper-youtube @ http://localhost:5173/src/lib/popcornInit.js?t=1787453270224:48
[    5763ms] [LOG] [popcorn-init] OK: wrapper-jwplayer @ http://localhost:5173/src/lib/popcornInit.js?t=1787453270224:48
[    5764ms] [LOG] [popcorn-init] OK: player-module @ http://localhost:5173/src/lib/popcornInit.js?t=1787453270224:48
[    5800ms] [LOG] [LandingPage] Header.jsx loaded @ http://localhost:5173/src/components/landing/LandingPage.jsx?t=1787453270224:176
[    5880ms] [LOG] [LandingPage] CinematicVideoHero.jsx loaded @ http://localhost:5173/src/components/landing/LandingPage.jsx?t=1787453270224:189
[    6343ms] [LOG] [LandingPage] HeroSection.jsx loaded @ http://localhost:5173/src/components/landing/LandingPage.jsx?t=1787453270224:202
[    6344ms] [LOG] [LandingPage] Observer created for: scrolling placeholder id: section-scrolling @ http://localhost:5173/src/components/landing/LandingPage.jsx?t=1787453270224:160
[    6344ms] [LOG] [LandingPage] Observer created for: hook placeholder id: section-hook @ http://localhost:5173/src/components/landing/LandingPage.jsx?t=1787453270224:160
[    6344ms] [LOG] [LandingPage] Observer created for: engines placeholder id: section-engines @ http://localhost:5173/src/components/landing/LandingPage.jsx?t=1787453270224:160
[    6344ms] [LOG] [LandingPage] Observer created for: apps placeholder id: section-apps @ http://localhost:5173/src/components/landing/LandingPage.jsx?t=1787453270224:160
[    6344ms] [LOG] [LandingPage] Observer created for: features placeholder id: section-features @ http://localhost:5173/src/components/landing/LandingPage.jsx?t=1787453270224:160
[    6344ms] [LOG] [LandingPage] Observer created for: problem placeholder id: section-problem @ http://localhost:5173/src/components/landing/LandingPage.jsx?t=1787453270224:160
[    6344ms] [LOG] [LandingPage] Observer created for: workflow placeholder id: section-workflow @ http://localhost:5173/src/components/landing/LandingPage.jsx?t=1787453270224:160
[    6346ms] [LOG] [LandingPage] Observer created for: comparison placeholder id: section-comparison @ http://localhost:5173/src/components/landing/LandingPage.jsx?t=1787453270224:160
[    6347ms] [LOG] [LandingPage] Observer created for: value placeholder id: section-value @ http://localhost:5173/src/components/landing/LandingPage.jsx?t=1787453270224:160
[    6347ms] [LOG] [LandingPage] Observer created for: agency placeholder id: section-agency @ http://localhost:5173/src/components/landing/LandingPage.jsx?t=1787453270224:160
[    6347ms] [LOG] [LandingPage] Observer created for: offer placeholder id: section-offer @ http://localhost:5173/src/components/landing/LandingPage.jsx?t=1787453270224:160
[    6347ms] [LOG] [LandingPage] Observer created for: cta placeholder id: section-cta @ http://localhost:5173/src/components/landing/LandingPage.jsx?t=1787453270224:160
[    6348ms] [LOG] [LandingPage] Observer created for: ai-workflow placeholder id: section-ai-workflow @ http://localhost:5173/src/components/landing/LandingPage.jsx?t=1787453270224:160
[    6348ms] [LOG] [LandingPage] Observer created for: made-with placeholder id: section-made-with @ http://localhost:5173/src/components/landing/LandingPage.jsx?t=1787453270224:160
[    6348ms] [LOG] [LandingPage] Observer created for: ugc placeholder id: section-ugc @ http://localhost:5173/src/components/landing/LandingPage.jsx?t=1787453270224:160
[    6348ms] [LOG] [LandingPage] Observer created for: gallery placeholder id: section-gallery @ http://localhost:5173/src/components/landing/LandingPage.jsx?t=1787453270224:160
[    6348ms] [LOG] [LandingPage] Observer created for: academy placeholder id: section-academy @ http://localhost:5173/src/components/landing/LandingPage.jsx?t=1787453270224:160
[    6348ms] [LOG] [LandingPage] Observer created for: repo-cinema placeholder id: section-repo-cinema @ http://localhost:5173/src/components/landing/LandingPage.jsx?t=1787453270224:160
[    6348ms] [LOG] [LandingPage] Observer created for: repo-commercial placeholder id: section-repo-commercial @ http://localhost:5173/src/components/landing/LandingPage.jsx?t=1787453270224:160
[    6348ms] [LOG] [LandingPage] Observer created for: repo-social-ads placeholder id: section-repo-social-ads @ http://localhost:5173/src/components/landing/LandingPage.jsx?t=1787453270224:160
[    6348ms] [LOG] [LandingPage] Observer created for: repo-narrative placeholder id: section-repo-narrative @ http://localhost:5173/src/components/landing/LandingPage.jsx?t=1787453270224:160
[    6349ms] [LOG] [LandingPage] Observer created for: repo-vertical placeholder id: section-repo-vertical @ http://localhost:5173/src/components/landing/LandingPage.jsx?t=1787453270224:160
[    6349ms] [LOG] [LandingPage] Observer created for: repo-ecommerce placeholder id: section-repo-ecommerce @ http://localhost:5173/src/components/landing/LandingPage.jsx?t=1787453270224:160
[    6349ms] [LOG] [LandingPage] Observer created for: repo-kinetic placeholder id: section-repo-kinetic @ http://localhost:5173/src/components/landing/LandingPage.jsx?t=1787453270224:160
[    6349ms] [LOG] [LandingPage] Observer created for: repo-animated placeholder id: section-repo-animated @ http://localhost:5173/src/components/landing/LandingPage.jsx?t=1787453270224:160
[    6349ms] [LOG] [LandingPage] Observer created for: repo-animation placeholder id: section-repo-animation @ http://localhost:5173/src/components/landing/LandingPage.jsx?t=1787453270224:160
[    6349ms] [LOG] [LandingPage] Observer created for: repo-reference placeholder id: section-repo-reference @ http://localhost:5173/src/components/landing/LandingPage.jsx?t=1787453270224:160
[    6349ms] [LOG] [LandingPage] Observer created for: repo-vfx placeholder id: section-repo-vfx @ http://localhost:5173/src/components/landing/LandingPage.jsx?t=1787453270224:160
[    6349ms] [LOG] [LandingPage] Observer created for: repo-fashion placeholder id: section-repo-fashion @ http://localhost:5173/src/components/landing/LandingPage.jsx?t=1787453270224:160
[    6349ms] [LOG] [LandingPage] Observer created for: repos placeholder id: section-repos @ http://localhost:5173/src/components/landing/LandingPage.jsx?t=1787453270224:160
[    6349ms] [LOG] [LandingPage] Observer created for: gtm-boost placeholder id: section-gtm-boost @ http://localhost:5173/src/components/landing/LandingPage.jsx?t=1787453270224:160
[    6350ms] [LOG] [App] Landing page rendered @ http://localhost:5173/src/main.js?t=1787453270224:88
[    6385ms] [LOG] [LandingPage] IntersectionObserver fired for repo-animated [Object] @ http://localhost:5173/src/components/landing/LandingPage.jsx?t=1787453270224:119
[    6385ms] [LOG] [LandingPage] Loading section: repo-animated @ http://localhost:5173/src/components/landing/LandingPage.jsx?t=1787453270224:122
[    6385ms] [LOG] [LandingPage] IntersectionObserver fired for repo-reference [Object] @ http://localhost:5173/src/components/landing/LandingPage.jsx?t=1787453270224:119
[    6386ms] [LOG] [LandingPage] Loading section: repo-reference @ http://localhost:5173/src/components/landing/LandingPage.jsx?t=1787453270224:122
[    6386ms] [LOG] [LandingPage] IntersectionObserver fired for repo-ecommerce [Object] @ http://localhost:5173/src/components/landing/LandingPage.jsx?t=1787453270224:119
[    6386ms] [LOG] [LandingPage] Loading section: repo-ecommerce @ http://localhost:5173/src/components/landing/LandingPage.jsx?t=1787453270224:122
[    6386ms] [LOG] [LandingPage] IntersectionObserver fired for repo-vfx [Object] @ http://localhost:5173/src/components/landing/LandingPage.jsx?t=1787453270224:119
[    6386ms] [LOG] [LandingPage] Loading section: repo-vfx @ http://localhost:5173/src/components/landing/LandingPage.jsx?t=1787453270224:122
[    6387ms] [LOG] [LandingPage] IntersectionObserver fired for repo-vertical [Object] @ http://localhost:5173/src/components/landing/LandingPage.jsx?t=1787453270224:119
[    6387ms] [LOG] [LandingPage] Loading section: repo-vertical @ http://localhost:5173/src/components/landing/LandingPage.jsx?t=1787453270224:122
[    6387ms] [LOG] [LandingPage] IntersectionObserver fired for academy [Object] @ http://localhost:5173/src/components/landing/LandingPage.jsx?t=1787453270224:119
[    6387ms] [LOG] [LandingPage] Loading section: academy @ http://localhost:5173/src/components/landing/LandingPage.jsx?t=1787453270224:122
[    6387ms] [LOG] [LandingPage] IntersectionObserver fired for repo-social-ads [Object] @ http://localhost:5173/src/components/landing/LandingPage.jsx?t=1787453270224:119
[    6388ms] [LOG] [LandingPage] Loading section: repo-social-ads @ http://localhost:5173/src/components/landing/LandingPage.jsx?t=1787453270224:122
[    6388ms] [LOG] [LandingPage] IntersectionObserver fired for workflow [Object] @ http://localhost:5173/src/components/landing/LandingPage.jsx?t=1787453270224:119
[    6388ms] [LOG] [LandingPage] Loading section: workflow @ http://localhost:5173/src/components/landing/LandingPage.jsx?t=1787453270224:122
[    6388ms] [LOG] [LandingPage] IntersectionObserver fired for cta [Object] @ http://localhost:5173/src/components/landing/LandingPage.jsx?t=1787453270224:119
[    6388ms] [LOG] [LandingPage] Loading section: cta @ http://localhost:5173/src/components/landing/LandingPage.jsx?t=1787453270224:122
[    6389ms] [LOG] [LandingPage] IntersectionObserver fired for repo-fashion [Object] @ http://localhost:5173/src/components/landing/LandingPage.jsx?t=1787453270224:119
[    6389ms] [LOG] [LandingPage] Loading section: repo-fashion @ http://localhost:5173/src/components/landing/LandingPage.jsx?t=1787453270224:122
[    6389ms] [LOG] [LandingPage] IntersectionObserver fired for gallery [Object] @ http://localhost:5173/src/components/landing/LandingPage.jsx?t=1787453270224:119
[    6389ms] [LOG] [LandingPage] Loading section: gallery @ http://localhost:5173/src/components/landing/LandingPage.jsx?t=1787453270224:122
[    6389ms] [LOG] [LandingPage] IntersectionObserver fired for features [Object] @ http://localhost:5173/src/components/landing/LandingPage.jsx?t=1787453270224:119
[    6390ms] [LOG] [LandingPage] Loading section: features @ http://localhost:5173/src/components/landing/LandingPage.jsx?t=1787453270224:122
[    6390ms] [LOG] [LandingPage] IntersectionObserver fired for repos [Object] @ http://localhost:5173/src/components/landing/LandingPage.jsx?t=1787453270224:119
[    6390ms] [LOG] [LandingPage] Loading section: repos @ http://localhost:5173/src/components/landing/LandingPage.jsx?t=1787453270224:122
[    6391ms] [LOG] [LandingPage] IntersectionObserver fired for repo-cinema [Object] @ http://localhost:5173/src/components/landing/LandingPage.jsx?t=1787453270224:119
[    6391ms] [LOG] [LandingPage] Loading section: repo-cinema @ http://localhost:5173/src/components/landing/LandingPage.jsx?t=1787453270224:122
[    6391ms] [LOG] [LandingPage] IntersectionObserver fired for ugc [Object] @ http://localhost:5173/src/components/landing/LandingPage.jsx?t=1787453270224:119
[    6391ms] [LOG] [LandingPage] Loading section: ugc @ http://localhost:5173/src/components/landing/LandingPage.jsx?t=1787453270224:122
[    6391ms] [LOG] [LandingPage] IntersectionObserver fired for made-with [Object] @ http://localhost:5173/src/components/landing/LandingPage.jsx?t=1787453270224:119
[    6392ms] [LOG] [LandingPage] Loading section: made-with @ http://localhost:5173/src/components/landing/LandingPage.jsx?t=1787453270224:122
[    6392ms] [LOG] [LandingPage] IntersectionObserver fired for agency [Object] @ http://localhost:5173/src/components/landing/LandingPage.jsx?t=1787453270224:119
[    6392ms] [LOG] [LandingPage] Loading section: agency @ http://localhost:5173/src/components/landing/LandingPage.jsx?t=1787453270224:122
[    6393ms] [LOG] [LandingPage] IntersectionObserver fired for repo-kinetic [Object] @ http://localhost:5173/src/components/landing/LandingPage.jsx?t=1787453270224:119
[    6393ms] [LOG] [LandingPage] Loading section: repo-kinetic @ http://localhost:5173/src/components/landing/LandingPage.jsx?t=1787453270224:122
[    6393ms] [LOG] [LandingPage] IntersectionObserver fired for problem [Object] @ http://localhost:5173/src/components/landing/LandingPage.jsx?t=1787453270224:119
[    6393ms] [LOG] [LandingPage] Loading section: problem @ http://localhost:5173/src/components/landing/LandingPage.jsx?t=1787453270224:122
[    6393ms] [LOG] [LandingPage] IntersectionObserver fired for ai-workflow [Object] @ http://localhost:5173/src/components/landing/LandingPage.jsx?t=1787453270224:119
[    6393ms] [LOG] [LandingPage] Loading section: ai-workflow @ http://localhost:5173/src/components/landing/LandingPage.jsx?t=1787453270224:122
[    6394ms] [LOG] [LandingPage] IntersectionObserver fired for offer [Object] @ http://localhost:5173/src/components/landing/LandingPage.jsx?t=1787453270224:119
[    6394ms] [LOG] [LandingPage] Loading section: offer @ http://localhost:5173/src/components/landing/LandingPage.jsx?t=1787453270224:122
[    6394ms] [LOG] [LandingPage] IntersectionObserver fired for value [Object] @ http://localhost:5173/src/components/landing/LandingPage.jsx?t=1787453270224:119
[    6394ms] [LOG] [LandingPage] Loading section: value @ http://localhost:5173/src/components/landing/LandingPage.jsx?t=1787453270224:122
[    6398ms] [LOG] [LandingPage] IntersectionObserver fired for hook [Object] @ http://localhost:5173/src/components/landing/LandingPage.jsx?t=1787453270224:119
[    6398ms] [LOG] [LandingPage] Loading section: hook @ http://localhost:5173/src/components/landing/LandingPage.jsx?t=1787453270224:122
[    6399ms] [LOG] [LandingPage] IntersectionObserver fired for repo-narrative [Object] @ http://localhost:5173/src/components/landing/LandingPage.jsx?t=1787453270224:119
[    6399ms] [LOG] [LandingPage] Loading section: repo-narrative @ http://localhost:5173/src/components/landing/LandingPage.jsx?t=1787453270224:122
[    6399ms] [LOG] [LandingPage] IntersectionObserver fired for comparison [Object] @ http://localhost:5173/src/components/landing/LandingPage.jsx?t=1787453270224:119
[    6399ms] [LOG] [LandingPage] Loading section: comparison @ http://localhost:5173/src/components/landing/LandingPage.jsx?t=1787453270224:122
[    6400ms] [LOG] [LandingPage] IntersectionObserver fired for scrolling [Object] @ http://localhost:5173/src/components/landing/LandingPage.jsx?t=1787453270224:119
[    6400ms] [LOG] [LandingPage] Loading section: scrolling @ http://localhost:5173/src/components/landing/LandingPage.jsx?t=1787453270224:122
[    6400ms] [LOG] [LandingPage] IntersectionObserver fired for repo-animation [Object] @ http://localhost:5173/src/components/landing/LandingPage.jsx?t=1787453270224:119
[    6400ms] [LOG] [LandingPage] Loading section: repo-animation @ http://localhost:5173/src/components/landing/LandingPage.jsx?t=1787453270224:122
[    6401ms] [LOG] [LandingPage] IntersectionObserver fired for gtm-boost [Object] @ http://localhost:5173/src/components/landing/LandingPage.jsx?t=1787453270224:119
[    6401ms] [LOG] [LandingPage] Loading section: gtm-boost @ http://localhost:5173/src/components/landing/LandingPage.jsx?t=1787453270224:122
[    6401ms] [LOG] [LandingPage] IntersectionObserver fired for repo-commercial [Object] @ http://localhost:5173/src/components/landing/LandingPage.jsx?t=1787453270224:119
[    6401ms] [LOG] [LandingPage] Loading section: repo-commercial @ http://localhost:5173/src/components/landing/LandingPage.jsx?t=1787453270224:122
[    6401ms] [LOG] [LandingPage] IntersectionObserver fired for apps [Object] @ http://localhost:5173/src/components/landing/LandingPage.jsx?t=1787453270224:119
[    6401ms] [LOG] [LandingPage] Loading section: apps @ http://localhost:5173/src/components/landing/LandingPage.jsx?t=1787453270224:122
[    6402ms] [LOG] [LandingPage] IntersectionObserver fired for engines [Object] @ http://localhost:5173/src/components/landing/LandingPage.jsx?t=1787453270224:119
[    6402ms] [LOG] [LandingPage] Loading section: engines @ http://localhost:5173/src/components/landing/LandingPage.jsx?t=1787453270224:122
[    7326ms] [LOG] [LandingPage] Section loaded: workflow @ http://localhost:5173/src/components/landing/LandingPage.jsx?t=1787453270224:141
[    7342ms] [LOG] [LandingPage] Section loaded: cta @ http://localhost:5173/src/components/landing/LandingPage.jsx?t=1787453270224:141
[    7343ms] [LOG] [LandingPage] Section loaded: features @ http://localhost:5173/src/components/landing/LandingPage.jsx?t=1787453270224:141
[    7347ms] [LOG] [LandingPage] Section loaded: repos @ http://localhost:5173/src/components/landing/LandingPage.jsx?t=1787453270224:141
[    7366ms] [LOG] [LandingPage] Section loaded: agency @ http://localhost:5173/src/components/landing/LandingPage.jsx?t=1787453270224:141
[    7380ms] [LOG] [LandingPage] Section loaded: problem @ http://localhost:5173/src/components/landing/LandingPage.jsx?t=1787453270224:141
[    7391ms] [LOG] [LandingPage] Section loaded: offer @ http://localhost:5173/src/components/landing/LandingPage.jsx?t=1787453270224:141
[    7392ms] [LOG] [LandingPage] Section loaded: value @ http://localhost:5173/src/components/landing/LandingPage.jsx?t=1787453270224:141
[    7394ms] [LOG] [LandingPage] Section loaded: hook @ http://localhost:5173/src/components/landing/LandingPage.jsx?t=1787453270224:141
[    7401ms] [LOG] [LandingPage] Section loaded: comparison @ http://localhost:5173/src/components/landing/LandingPage.jsx?t=1787453270224:141
[    7435ms] [LOG] [LandingPage] Section loaded: scrolling @ http://localhost:5173/src/components/landing/LandingPage.jsx?t=1787453270224:141
[    7437ms] [LOG] [LandingPage] Section loaded: engines @ http://localhost:5173/src/components/landing/LandingPage.jsx?t=1787453270224:141
[    7940ms] [LOG] [LandingPage] Section loaded: gtm-boost @ http://localhost:5173/src/components/landing/LandingPage.jsx?t=1787453270224:141
[    7951ms] [LOG] [LandingPage] Section loaded: gallery @ http://localhost:5173/src/components/landing/LandingPage.jsx?t=1787453270224:141
[    7955ms] [LOG] [LandingPage] Section loaded: ugc @ http://localhost:5173/src/components/landing/LandingPage.jsx?t=1787453270224:141
[    7998ms] [LOG] [LandingPage] Section loaded: made-with @ http://localhost:5173/src/components/landing/LandingPage.jsx?t=1787453270224:141
[    8003ms] [LOG] [LandingPage] Section loaded: ai-workflow @ http://localhost:5173/src/components/landing/LandingPage.jsx?t=1787453270224:141
[    8014ms] [LOG] [LandingPage] Section loaded: repo-fashion @ http://localhost:5173/src/components/landing/LandingPage.jsx?t=1787453270224:141
[    8026ms] [LOG] [LandingPage] Section loaded: repo-kinetic @ http://localhost:5173/src/components/landing/LandingPage.jsx?t=1787453270224:141
[    8037ms] [LOG] [LandingPage] Section loaded: repo-animated @ http://localhost:5173/src/components/landing/LandingPage.jsx?t=1787453270224:141
[    8051ms] [LOG] [LandingPage] Section loaded: repo-social-ads @ http://localhost:5173/src/components/landing/LandingPage.jsx?t=1787453270224:141
[    8067ms] [LOG] [LandingPage] Section loaded: repo-commercial @ http://localhost:5173/src/components/landing/LandingPage.jsx?t=1787453270224:141
[    8081ms] [LOG] [LandingPage] Section loaded: repo-cinema @ http://localhost:5173/src/components/landing/LandingPage.jsx?t=1787453270224:141
[    8094ms] [LOG] [LandingPage] Section loaded: repo-vertical @ http://localhost:5173/src/components/landing/LandingPage.jsx?t=1787453270224:141
[    8660ms] [LOG] [LandingPage] Section loaded: repo-narrative @ http://localhost:5173/src/components/landing/LandingPage.jsx?t=1787453270224:141
[    8670ms] [LOG] [LandingPage] Section loaded: repo-vfx @ http://localhost:5173/src/components/landing/LandingPage.jsx?t=1787453270224:141
[    8720ms] [LOG] [LandingPage] Section loaded: repo-animation @ http://localhost:5173/src/components/landing/LandingPage.jsx?t=1787453270224:141
[    8727ms] [LOG] [LandingPage] Section loaded: repo-reference @ http://localhost:5173/src/components/landing/LandingPage.jsx?t=1787453270224:141
[    8743ms] [LOG] [LandingPage] Section loaded: repo-ecommerce @ http://localhost:5173/src/components/landing/LandingPage.jsx?t=1787453270224:141
[    8770ms] [LOG] [LandingPage] Section loaded: academy @ http://localhost:5173/src/components/landing/LandingPage.jsx?t=1787453270224:141
[   10143ms] [LOG] [LandingPage] Section loaded: apps @ http://localhost:5173/src/components/landing/LandingPage.jsx?t=1787453270224:141
[   10332ms] [INFO] %cDownload the React DevTools for a better development experience: https://react.dev/link/react-devtools font-weight:bold @ http://localhost:5173/node_modules/.vite/deps/chunk-EEAUBQDT.js?v=93c1ec86:20096
[   10342ms] [ERROR] [ModalSystem] mount failed TypeError: Class constructor SortableElement cannot be invoked without 'new'
    at http://localhost:5173/components/modals/RetargetOptInModal.jsx?t=1787453270224:26:22 @ http://localhost:5173/src/main.js?t=1787453270224:329
[   10347ms] [ERROR] [popcorn-init] FAILED at: plugin-image TypeError: Class constructor SortableElement cannot be invoked without 'new'
    at http://localhost:5173/components/modals/RetargetOptInModal.jsx?t=1787453270224:26:22 @ http://localhost:5173/src/lib/popcornInit.js?t=1787453270224:55
[   10418ms] [ERROR] [popcorn-init] FAILED at: plugin-jsonTransition TypeError: Class constructor SortableElement cannot be invoked without 'new'
    at http://localhost:5173/components/modals/RetargetOptInModal.jsx?t=1787453270224:26:22 @ http://localhost:5173/src/lib/popcornInit.js?t=1787453270224:55
[   10668ms] [ERROR] [popcorn-init] FAILED at: plugin-lottie-json TypeError: Class constructor SortableElement cannot be invoked without 'new'
    at http://localhost:5173/components/modals/RetargetOptInModal.jsx?t=1787453270224:26:22 @ http://localhost:5173/src/lib/popcornInit.js?t=1787453270224:55
[   10693ms] [LOG] [popcorn-init] OK: plugin-json-button @ http://localhost:5173/src/lib/popcornInit.js?t=1787453270224:48
[   10702ms] [ERROR] [popcorn-init] FAILED at: plugin-personalizedImage TypeError: Class constructor SortableElement cannot be invoked without 'new'
    at http://localhost:5173/components/modals/RetargetOptInModal.jsx?t=1787453270224:26:22 @ http://localhost:5173/src/lib/popcornInit.js?t=1787453270224:55
[   10709ms] [ERROR] [popcorn-init] FAILED at: plugin-loopPlugin TypeError: Class constructor SortableElement cannot be invoked without 'new'
    at http://localhost:5173/components/modals/RetargetOptInModal.jsx?t=1787453270224:26:22 @ http://localhost:5173/src/lib/popcornInit.js?t=1787453270224:55
[   10721ms] [ERROR] [popcorn-init] FAILED at: plugin-pausePlugin TypeError: Class constructor SortableElement cannot be invoked without 'new'
    at http://localhost:5173/components/modals/RetargetOptInModal.jsx?t=1787453270224:26:22 @ http://localhost:5173/src/lib/popcornInit.js?t=1787453270224:55
[   10736ms] [ERROR] [popcorn-init] FAILED at: plugin-form TypeError: Class constructor SortableElement cannot be invoked without 'new'
    at http://localhost:5173/components/modals/RetargetOptInModal.jsx?t=1787453270224:26:22 @ http://localhost:5173/src/lib/popcornInit.js?t=1787453270224:55
[   10756ms] [ERROR] [popcorn-init] FAILED at: plugin-retarget TypeError: Class constructor SortableElement cannot be invoked without 'new'
    at http://localhost:5173/components/modals/RetargetOptInModal.jsx?t=1787453270224:26:22 @ http://localhost:5173/src/lib/popcornInit.js?t=1787453270224:55
[   10764ms] [LOG] [popcorn-init] OK: plugin-popup @ http://localhost:5173/src/lib/popcornInit.js?t=1787453270224:48
[   10773ms] [ERROR] [popcorn-init] FAILED at: plugin-sequencer TypeError: Class constructor SortableElement cannot be invoked without 'new'
    at http://localhost:5173/components/modals/RetargetOptInModal.jsx?t=1787453270224:26:22 @ http://localhost:5173/src/lib/popcornInit.js?t=1787453270224:55
[   10780ms] [ERROR] [popcorn-init] FAILED at: plugin-skip TypeError: Class constructor SortableElement cannot be invoked without 'new'
    at http://localhost:5173/components/modals/RetargetOptInModal.jsx?t=1787453270224:26:22 @ http://localhost:5173/src/lib/popcornInit.js?t=1787453270224:55
[   10808ms] [ERROR] [popcorn-init] FAILED at: plugin-text TypeError: Class constructor SortableElement cannot be invoked without 'new'
    at http://localhost:5173/components/modals/RetargetOptInModal.jsx?t=1787453270224:26:22 @ http://localhost:5173/src/lib/popcornInit.js?t=1787453270224:55
[   10818ms] [LOG] [popcorn-init] OK: plugin-social @ http://localhost:5173/src/lib/popcornInit.js?t=1787453270224:48
[   10825ms] [ERROR] [popcorn-init] FAILED at: plugin-jsonAnimation TypeError: Class constructor SortableElement cannot be invoked without 'new'
    at http://localhost:5173/components/modals/RetargetOptInModal.jsx?t=1787453270224:26:22 @ http://localhost:5173/src/lib/popcornInit.js?t=1787453270224:55
[   10838ms] [LOG] [popcorn-init] OK: plugin-videoTransition @ http://localhost:5173/src/lib/popcornInit.js?t=1787453270224:48
[   10846ms] [ERROR] [popcorn-init] FAILED at: plugin-seethroughtext TypeError: Class constructor SortableElement cannot be invoked without 'new'
    at http://localhost:5173/components/modals/RetargetOptInModal.jsx?t=1787453270224:26:22 @ http://localhost:5173/src/lib/popcornInit.js?t=1787453270224:55
[   10851ms] [LOG] [popcorn-init] OK: plugin-wikipedia @ http://localhost:5173/src/lib/popcornInit.js?t=1787453270224:48
[   10858ms] [ERROR] [popcorn-init] FAILED at: plugin-combined TypeError: Class constructor SortableElement cannot be invoked without 'new'
    at http://localhost:5173/components/modals/RetargetOptInModal.jsx?t=1787453270224:26:22 @ http://localhost:5173/src/lib/popcornInit.js?t=1787453270224:55
[   10865ms] [ERROR] [popcorn-init] FAILED at: plugin-background TypeError: Class constructor SortableElement cannot be invoked without 'new'
    at http://localhost:5173/components/modals/RetargetOptInModal.jsx?t=1787453270224:26:22 @ http://localhost:5173/src/lib/popcornInit.js?t=1787453270224:55
[   10865ms] [LOG] [popcorn-init] SUMMARY: 5/20 plugins registered; FAILED: plugin-image, plugin-jsonTransition, plugin-lottie-json, plugin-personalizedImage, plugin-loopPlugin, plugin-pausePlugin, plugin-form, plugin-retarget, plugin-sequencer, plugin-skip, plugin-text, plugin-jsonAnimation, plugin-seethroughtext, plugin-combined, plugin-background @ http://localhost:5173/src/lib/popcornInit.js?t=1787453270224:60
[   10865ms] [LOG] [popcorn] function 5 @ http://localhost:5173/src/main.js?t=1787453270224:4
[   32208ms] [LOG] [App] Starting initialization... @ http://localhost:5173/src/main.js?t=1787453298619:19
[   32217ms] [LOG] [popcorn-init] OK: jquery @ http://localhost:5173/src/lib/popcornInit.js?t=1787453298619:41
[   32217ms] [LOG] [popcorn-init] OK: jquery-textfill @ http://localhost:5173/src/lib/popcornInit.js?t=1787453298619:48
[   32218ms] [LOG] [popcorn-init] OK: popcorn-core @ http://localhost:5173/src/lib/popcornInit.js?t=1787453298619:48
[   32219ms] [LOG] [popcorn-init] OK: popcorn-ie8 @ http://localhost:5173/src/lib/popcornInit.js?t=1787453298619:48
[   32220ms] [LOG] [popcorn-init] OK: wrapper-common @ http://localhost:5173/src/lib/popcornInit.js?t=1787453298619:48
[   32220ms] [LOG] [popcorn-init] OK: wrapper-html5 @ http://localhost:5173/src/lib/popcornInit.js?t=1787453298619:48
[   32221ms] [LOG] [popcorn-init] OK: wrapper-vrview @ http://localhost:5173/src/lib/popcornInit.js?t=1787453298619:48
[   32221ms] [LOG] [popcorn-init] OK: wrapper-adaptive @ http://localhost:5173/src/lib/popcornInit.js?t=1787453298619:48
[   32222ms] [LOG] [popcorn-init] OK: wrapper-null @ http://localhost:5173/src/lib/popcornInit.js?t=1787453298619:48
[   32222ms] [LOG] [popcorn-init] OK: wrapper-soundcloud @ http://localhost:5173/src/lib/popcornInit.js?t=1787453298619:48
[   32222ms] [LOG] [popcorn-init] OK: wrapper-vimeo @ http://localhost:5173/src/lib/popcornInit.js?t=1787453298619:48
[   32223ms] [LOG] [popcorn-init] OK: wrapper-youtube @ http://localhost:5173/src/lib/popcornInit.js?t=1787453298619:48
[   32223ms] [LOG] [popcorn-init] OK: wrapper-jwplayer @ http://localhost:5173/src/lib/popcornInit.js?t=1787453298619:48
[   32223ms] [LOG] [popcorn-init] OK: player-module @ http://localhost:5173/src/lib/popcornInit.js?t=1787453298619:48
[   32299ms] [LOG] [LandingPage] Header.jsx loaded @ http://localhost:5173/src/components/landing/LandingPage.jsx?t=1787453298619:176
[   32424ms] [LOG] [LandingPage] CinematicVideoHero.jsx loaded @ http://localhost:5173/src/components/landing/LandingPage.jsx?t=1787453298619:189
[   33042ms] [LOG] [LandingPage] HeroSection.jsx loaded @ http://localhost:5173/src/components/landing/LandingPage.jsx?t=1787453298619:202
[   33042ms] [LOG] [LandingPage] Observer created for: scrolling placeholder id: section-scrolling @ http://localhost:5173/src/components/landing/LandingPage.jsx?t=1787453298619:160
[   33043ms] [LOG] [LandingPage] Observer created for: hook placeholder id: section-hook @ http://localhost:5173/src/components/landing/LandingPage.jsx?t=1787453298619:160
[   33043ms] [LOG] [LandingPage] Observer created for: engines placeholder id: section-engines @ http://localhost:5173/src/components/landing/LandingPage.jsx?t=1787453298619:160
[   33043ms] [LOG] [LandingPage] Observer created for: apps placeholder id: section-apps @ http://localhost:5173/src/components/landing/LandingPage.jsx?t=1787453298619:160
[   33043ms] [LOG] [LandingPage] Observer created for: features placeholder id: section-features @ http://localhost:5173/src/components/landing/LandingPage.jsx?t=1787453298619:160
[   33043ms] [LOG] [LandingPage] Observer created for: problem placeholder id: section-problem @ http://localhost:5173/src/components/landing/LandingPage.jsx?t=1787453298619:160
[   33044ms] [LOG] [LandingPage] Observer created for: workflow placeholder id: section-workflow @ http://localhost:5173/src/components/landing/LandingPage.jsx?t=1787453298619:160
[   33044ms] [LOG] [LandingPage] Observer created for: comparison placeholder id: section-comparison @ http://localhost:5173/src/components/landing/LandingPage.jsx?t=1787453298619:160
[   33044ms] [LOG] [LandingPage] Observer created for: value placeholder id: section-value @ http://localhost:5173/src/components/landing/LandingPage.jsx?t=1787453298619:160
[   33044ms] [LOG] [LandingPage] Observer created for: agency placeholder id: section-agency @ http://localhost:5173/src/components/landing/LandingPage.jsx?t=1787453298619:160
[   33044ms] [LOG] [LandingPage] Observer created for: offer placeholder id: section-offer @ http://localhost:5173/src/components/landing/LandingPage.jsx?t=1787453298619:160
[   33044ms] [LOG] [LandingPage] Observer created for: cta placeholder id: section-cta @ http://localhost:5173/src/components/landing/LandingPage.jsx?t=1787453298619:160
[   33044ms] [LOG] [LandingPage] Observer created for: ai-workflow placeholder id: section-ai-workflow @ http://localhost:5173/src/components/landing/LandingPage.jsx?t=1787453298619:160
[   33044ms] [LOG] [LandingPage] Observer created for: made-with placeholder id: section-made-with @ http://localhost:5173/src/components/landing/LandingPage.jsx?t=1787453298619:160
[   33044ms] [LOG] [LandingPage] Observer created for: ugc placeholder id: section-ugc @ http://localhost:5173/src/components/landing/LandingPage.jsx?t=1787453298619:160
[   33044ms] [LOG] [LandingPage] Observer created for: gallery placeholder id: section-gallery @ http://localhost:5173/src/components/landing/LandingPage.jsx?t=1787453298619:160
[   33044ms] [LOG] [LandingPage] Observer created for: academy placeholder id: section-academy @ http://localhost:5173/src/components/landing/LandingPage.jsx?t=1787453298619:160
[   33044ms] [LOG] [LandingPage] Observer created for: repo-cinema placeholder id: section-repo-cinema @ http://localhost:5173/src/components/landing/LandingPage.jsx?t=1787453298619:160
[   33044ms] [LOG] [LandingPage] Observer created for: repo-commercial placeholder id: section-repo-commercial @ http://localhost:5173/src/components/landing/LandingPage.jsx?t=1787453298619:160
[   33044ms] [LOG] [LandingPage] Observer created for: repo-social-ads placeholder id: section-repo-social-ads @ http://localhost:5173/src/components/landing/LandingPage.jsx?t=1787453298619:160
[   33044ms] [LOG] [LandingPage] Observer created for: repo-narrative placeholder id: section-repo-narrative @ http://localhost:5173/src/components/landing/LandingPage.jsx?t=1787453298619:160
[   33044ms] [LOG] [LandingPage] Observer created for: repo-vertical placeholder id: section-repo-vertical @ http://localhost:5173/src/components/landing/LandingPage.jsx?t=1787453298619:160
[   33044ms] [LOG] [LandingPage] Observer created for: repo-ecommerce placeholder id: section-repo-ecommerce @ http://localhost:5173/src/components/landing/LandingPage.jsx?t=1787453298619:160
[   33045ms] [LOG] [LandingPage] Observer created for: repo-kinetic placeholder id: section-repo-kinetic @ http://localhost:5173/src/components/landing/LandingPage.jsx?t=1787453298619:160
[   33045ms] [LOG] [LandingPage] Observer created for: repo-animated placeholder id: section-repo-animated @ http://localhost:5173/src/components/landing/LandingPage.jsx?t=1787453298619:160
[   33045ms] [LOG] [LandingPage] Observer created for: repo-animation placeholder id: section-repo-animation @ http://localhost:5173/src/components/landing/LandingPage.jsx?t=1787453298619:160
[   33045ms] [LOG] [LandingPage] Observer created for: repo-reference placeholder id: section-repo-reference @ http://localhost:5173/src/components/landing/LandingPage.jsx?t=1787453298619:160
[   33045ms] [LOG] [LandingPage] Observer created for: repo-vfx placeholder id: section-repo-vfx @ http://localhost:5173/src/components/landing/LandingPage.jsx?t=1787453298619:160
[   33045ms] [LOG] [LandingPage] Observer created for: repo-fashion placeholder id: section-repo-fashion @ http://localhost:5173/src/components/landing/LandingPage.jsx?t=1787453298619:160
[   33045ms] [LOG] [LandingPage] Observer created for: repos placeholder id: section-repos @ http://localhost:5173/src/components/landing/LandingPage.jsx?t=1787453298619:160
[   33045ms] [LOG] [LandingPage] Observer created for: gtm-boost placeholder id: section-gtm-boost @ http://localhost:5173/src/components/landing/LandingPage.jsx?t=1787453298619:160
[   33045ms] [LOG] [App] Landing page rendered @ http://localhost:5173/src/main.js?t=1787453298619:88
[   33056ms] [LOG] [LandingPage] IntersectionObserver fired for repo-social-ads [Object] @ http://localhost:5173/src/components/landing/LandingPage.jsx?t=1787453298619:119
[   33056ms] [LOG] [LandingPage] Loading section: repo-social-ads @ http://localhost:5173/src/components/landing/LandingPage.jsx?t=1787453298619:122
[   33057ms] [LOG] [LandingPage] IntersectionObserver fired for agency [Object] @ http://localhost:5173/src/components/landing/LandingPage.jsx?t=1787453298619:119
[   33057ms] [LOG] [LandingPage] Loading section: agency @ http://localhost:5173/src/components/landing/LandingPage.jsx?t=1787453298619:122
[   33057ms] [LOG] [LandingPage] IntersectionObserver fired for workflow [Object] @ http://localhost:5173/src/components/landing/LandingPage.jsx?t=1787453298619:119
[   33057ms] [LOG] [LandingPage] Loading section: workflow @ http://localhost:5173/src/components/landing/LandingPage.jsx?t=1787453298619:122
[   33057ms] [LOG] [LandingPage] IntersectionObserver fired for repo-reference [Object] @ http://localhost:5173/src/components/landing/LandingPage.jsx?t=1787453298619:119
[   33057ms] [LOG] [LandingPage] Loading section: repo-reference @ http://localhost:5173/src/components/landing/LandingPage.jsx?t=1787453298619:122
[   33058ms] [LOG] [LandingPage] IntersectionObserver fired for scrolling [Object] @ http://localhost:5173/src/components/landing/LandingPage.jsx?t=1787453298619:119
[   33058ms] [LOG] [LandingPage] Loading section: scrolling @ http://localhost:5173/src/components/landing/LandingPage.jsx?t=1787453298619:122
[   33058ms] [LOG] [LandingPage] IntersectionObserver fired for repo-vertical [Object] @ http://localhost:5173/src/components/landing/LandingPage.jsx?t=1787453298619:119
[   33058ms] [LOG] [LandingPage] Loading section: repo-vertical @ http://localhost:5173/src/components/landing/LandingPage.jsx?t=1787453298619:122
[   33058ms] [LOG] [LandingPage] IntersectionObserver fired for problem [Object] @ http://localhost:5173/src/components/landing/LandingPage.jsx?t=1787453298619:119
[   33059ms] [LOG] [LandingPage] Loading section: problem @ http://localhost:5173/src/components/landing/LandingPage.jsx?t=1787453298619:122
[   33059ms] [LOG] [LandingPage] IntersectionObserver fired for engines [Object] @ http://localhost:5173/src/components/landing/LandingPage.jsx?t=1787453298619:119
[   33059ms] [LOG] [LandingPage] Loading section: engines @ http://localhost:5173/src/components/landing/LandingPage.jsx?t=1787453298619:122
[   33059ms] [LOG] [LandingPage] IntersectionObserver fired for repo-animation [Object] @ http://localhost:5173/src/components/landing/LandingPage.jsx?t=1787453298619:119
[   33060ms] [LOG] [LandingPage] Loading section: repo-animation @ http://localhost:5173/src/components/landing/LandingPage.jsx?t=1787453298619:122
[   33060ms] [LOG] [LandingPage] IntersectionObserver fired for academy [Object] @ http://localhost:5173/src/components/landing/LandingPage.jsx?t=1787453298619:119
[   33061ms] [LOG] [LandingPage] Loading section: academy @ http://localhost:5173/src/components/landing/LandingPage.jsx?t=1787453298619:122
[   33061ms] [LOG] [LandingPage] IntersectionObserver fired for repo-cinema [Object] @ http://localhost:5173/src/components/landing/LandingPage.jsx?t=1787453298619:119
[   33061ms] [LOG] [LandingPage] Loading section: repo-cinema @ http://localhost:5173/src/components/landing/LandingPage.jsx?t=1787453298619:122
[   33061ms] [LOG] [LandingPage] IntersectionObserver fired for gtm-boost [Object] @ http://localhost:5173/src/components/landing/LandingPage.jsx?t=1787453298619:119
[   33062ms] [LOG] [LandingPage] Loading section: gtm-boost @ http://localhost:5173/src/components/landing/LandingPage.jsx?t=1787453298619:122
[   33062ms] [LOG] [LandingPage] IntersectionObserver fired for repo-ecommerce [Object] @ http://localhost:5173/src/components/landing/LandingPage.jsx?t=1787453298619:119
[   33062ms] [LOG] [LandingPage] Loading section: repo-ecommerce @ http://localhost:5173/src/components/landing/LandingPage.jsx?t=1787453298619:122
[   33063ms] [LOG] [LandingPage] IntersectionObserver fired for features [Object] @ http://localhost:5173/src/components/landing/LandingPage.jsx?t=1787453298619:119
[   33063ms] [LOG] [LandingPage] Loading section: features @ http://localhost:5173/src/components/landing/LandingPage.jsx?t=1787453298619:122
[   33063ms] [LOG] [LandingPage] IntersectionObserver fired for gallery [Object] @ http://localhost:5173/src/components/landing/LandingPage.jsx?t=1787453298619:119
[   33064ms] [LOG] [LandingPage] Loading section: gallery @ http://localhost:5173/src/components/landing/LandingPage.jsx?t=1787453298619:122
[   33064ms] [LOG] [LandingPage] IntersectionObserver fired for value [Object] @ http://localhost:5173/src/components/landing/LandingPage.jsx?t=1787453298619:119
[   33064ms] [LOG] [LandingPage] Loading section: value @ http://localhost:5173/src/components/landing/LandingPage.jsx?t=1787453298619:122
[   33064ms] [LOG] [LandingPage] IntersectionObserver fired for ugc [Object] @ http://localhost:5173/src/components/landing/LandingPage.jsx?t=1787453298619:119
[   33065ms] [LOG] [LandingPage] Loading section: ugc @ http://localhost:5173/src/components/landing/LandingPage.jsx?t=1787453298619:122
[   33065ms] [LOG] [LandingPage] IntersectionObserver fired for ai-workflow [Object] @ http://localhost:5173/src/components/landing/LandingPage.jsx?t=1787453298619:119
[   33065ms] [LOG] [LandingPage] Loading section: ai-workflow @ http://localhost:5173/src/components/landing/LandingPage.jsx?t=1787453298619:122
[   33065ms] [LOG] [LandingPage] IntersectionObserver fired for repo-kinetic [Object] @ http://localhost:5173/src/components/landing/LandingPage.jsx?t=1787453298619:119
[   33065ms] [LOG] [LandingPage] Loading section: repo-kinetic @ http://localhost:5173/src/components/landing/LandingPage.jsx?t=1787453298619:122
[   33066ms] [LOG] [LandingPage] IntersectionObserver fired for hook [Object] @ http://localhost:5173/src/components/landing/LandingPage.jsx?t=1787453298619:119
[   33066ms] [LOG] [LandingPage] Loading section: hook @ http://localhost:5173/src/components/landing/LandingPage.jsx?t=1787453298619:122
[   33066ms] [LOG] [LandingPage] IntersectionObserver fired for repos [Object] @ http://localhost:5173/src/components/landing/LandingPage.jsx?t=1787453298619:119
[   33066ms] [LOG] [LandingPage] Loading section: repos @ http://localhost:5173/src/components/landing/LandingPage.jsx?t=1787453298619:122
[   33066ms] [LOG] [LandingPage] IntersectionObserver fired for repo-narrative [Object] @ http://localhost:5173/src/components/landing/LandingPage.jsx?t=1787453298619:119
[   33066ms] [LOG] [LandingPage] Loading section: repo-narrative @ http://localhost:5173/src/components/landing/LandingPage.jsx?t=1787453298619:122
[   33066ms] [LOG] [LandingPage] IntersectionObserver fired for repo-animated [Object] @ http://localhost:5173/src/components/landing/LandingPage.jsx?t=1787453298619:119
[   33067ms] [LOG] [LandingPage] Loading section: repo-animated @ http://localhost:5173/src/components/landing/LandingPage.jsx?t=1787453298619:122
[   33067ms] [LOG] [LandingPage] IntersectionObserver fired for offer [Object] @ http://localhost:5173/src/components/landing/LandingPage.jsx?t=1787453298619:119
[   33067ms] [LOG] [LandingPage] Loading section: offer @ http://localhost:5173/src/components/landing/LandingPage.jsx?t=1787453298619:122
[   33067ms] [LOG] [LandingPage] IntersectionObserver fired for repo-vfx [Object] @ http://localhost:5173/src/components/landing/LandingPage.jsx?t=1787453298619:119
[   33067ms] [LOG] [LandingPage] Loading section: repo-vfx @ http://localhost:5173/src/components/landing/LandingPage.jsx?t=1787453298619:122
[   33067ms] [LOG] [LandingPage] IntersectionObserver fired for repo-commercial [Object] @ http://localhost:5173/src/components/landing/LandingPage.jsx?t=1787453298619:119
[   33067ms] [LOG] [LandingPage] Loading section: repo-commercial @ http://localhost:5173/src/components/landing/LandingPage.jsx?t=1787453298619:122
[   33068ms] [LOG] [LandingPage] IntersectionObserver fired for comparison [Object] @ http://localhost:5173/src/components/landing/LandingPage.jsx?t=1787453298619:119
[   33068ms] [LOG] [LandingPage] Loading section: comparison @ http://localhost:5173/src/components/landing/LandingPage.jsx?t=1787453298619:122
[   33068ms] [LOG] [LandingPage] IntersectionObserver fired for made-with [Object] @ http://localhost:5173/src/components/landing/LandingPage.jsx?t=1787453298619:119
[   33068ms] [LOG] [LandingPage] Loading section: made-with @ http://localhost:5173/src/components/landing/LandingPage.jsx?t=1787453298619:122
[   33068ms] [LOG] [LandingPage] IntersectionObserver fired for repo-fashion [Object] @ http://localhost:5173/src/components/landing/LandingPage.jsx?t=1787453298619:119
[   33068ms] [LOG] [LandingPage] Loading section: repo-fashion @ http://localhost:5173/src/components/landing/LandingPage.jsx?t=1787453298619:122
[   33069ms] [LOG] [LandingPage] IntersectionObserver fired for apps [Object] @ http://localhost:5173/src/components/landing/LandingPage.jsx?t=1787453298619:119
[   33069ms] [LOG] [LandingPage] Loading section: apps @ http://localhost:5173/src/components/landing/LandingPage.jsx?t=1787453298619:122
[   33069ms] [LOG] [LandingPage] IntersectionObserver fired for cta [Object] @ http://localhost:5173/src/components/landing/LandingPage.jsx?t=1787453298619:119
[   33069ms] [LOG] [LandingPage] Loading section: cta @ http://localhost:5173/src/components/landing/LandingPage.jsx?t=1787453298619:122
[   33557ms] [LOG] [LandingPage] Section loaded: agency @ http://localhost:5173/src/components/landing/LandingPage.jsx?t=1787453298619:141
[   33559ms] [LOG] [LandingPage] Section loaded: workflow @ http://localhost:5173/src/components/landing/LandingPage.jsx?t=1787453298619:141
[   33564ms] [LOG] [LandingPage] Section loaded: scrolling @ http://localhost:5173/src/components/landing/LandingPage.jsx?t=1787453298619:141
[   33564ms] [LOG] [LandingPage] Section loaded: problem @ http://localhost:5173/src/components/landing/LandingPage.jsx?t=1787453298619:141
[   33566ms] [LOG] [LandingPage] Section loaded: engines @ http://localhost:5173/src/components/landing/LandingPage.jsx?t=1787453298619:141
[   33789ms] [LOG] [LandingPage] Section loaded: features @ http://localhost:5173/src/components/landing/LandingPage.jsx?t=1787453298619:141
[   33790ms] [LOG] [LandingPage] Section loaded: value @ http://localhost:5173/src/components/landing/LandingPage.jsx?t=1787453298619:141
[   33791ms] [LOG] [LandingPage] Section loaded: offer @ http://localhost:5173/src/components/landing/LandingPage.jsx?t=1787453298619:141
[   33791ms] [LOG] [LandingPage] Section loaded: hook @ http://localhost:5173/src/components/landing/LandingPage.jsx?t=1787453298619:141
[   33792ms] [LOG] [LandingPage] Section loaded: comparison @ http://localhost:5173/src/components/landing/LandingPage.jsx?t=1787453298619:141
[   33792ms] [LOG] [LandingPage] Section loaded: cta @ http://localhost:5173/src/components/landing/LandingPage.jsx?t=1787453298619:141
[   33830ms] [LOG] [LandingPage] Section loaded: repos @ http://localhost:5173/src/components/landing/LandingPage.jsx?t=1787453298619:141
[   34042ms] [LOG] [LandingPage] Section loaded: made-with @ http://localhost:5173/src/components/landing/LandingPage.jsx?t=1787453298619:141
[   34073ms] [LOG] [LandingPage] Section loaded: gtm-boost @ http://localhost:5173/src/components/landing/LandingPage.jsx?t=1787453298619:141
[   34100ms] [LOG] [LandingPage] Section loaded: gallery @ http://localhost:5173/src/components/landing/LandingPage.jsx?t=1787453298619:141
[   34290ms] [LOG] [LandingPage] Section loaded: ugc @ http://localhost:5173/src/components/landing/LandingPage.jsx?t=1787453298619:141
[   34322ms] [LOG] [LandingPage] Section loaded: repo-vfx @ http://localhost:5173/src/components/landing/LandingPage.jsx?t=1787453298619:141
[   34323ms] [LOG] [LandingPage] Section loaded: ai-workflow @ http://localhost:5173/src/components/landing/LandingPage.jsx?t=1787453298619:141
[   34333ms] [LOG] [LandingPage] Section loaded: repo-ecommerce @ http://localhost:5173/src/components/landing/LandingPage.jsx?t=1787453298619:141
[   34346ms] [LOG] [LandingPage] Section loaded: repo-narrative @ http://localhost:5173/src/components/landing/LandingPage.jsx?t=1787453298619:141
[   34449ms] [LOG] [LandingPage] Section loaded: repo-vertical @ http://localhost:5173/src/components/landing/LandingPage.jsx?t=1787453298619:141
[   34577ms] [LOG] [LandingPage] Section loaded: repo-social-ads @ http://localhost:5173/src/components/landing/LandingPage.jsx?t=1787453298619:141
[   34587ms] [LOG] [LandingPage] Section loaded: repo-animation @ http://localhost:5173/src/components/landing/LandingPage.jsx?t=1787453298619:141
[   34598ms] [LOG] [LandingPage] Section loaded: repo-kinetic @ http://localhost:5173/src/components/landing/LandingPage.jsx?t=1787453298619:141
[   34613ms] [LOG] [LandingPage] Section loaded: repo-cinema @ http://localhost:5173/src/components/landing/LandingPage.jsx?t=1787453298619:141
[   34631ms] [LOG] [LandingPage] Section loaded: repo-animated @ http://localhost:5173/src/components/landing/LandingPage.jsx?t=1787453298619:141
[   34648ms] [LOG] [LandingPage] Section loaded: repo-commercial @ http://localhost:5173/src/components/landing/LandingPage.jsx?t=1787453298619:141
[   34658ms] [LOG] [LandingPage] Section loaded: repo-reference @ http://localhost:5173/src/components/landing/LandingPage.jsx?t=1787453298619:141
[   35098ms] [LOG] [LandingPage] Section loaded: repo-fashion @ http://localhost:5173/src/components/landing/LandingPage.jsx?t=1787453298619:141
[   35215ms] [LOG] [LandingPage] Section loaded: academy @ http://localhost:5173/src/components/landing/LandingPage.jsx?t=1787453298619:141
[   35339ms] [LOG] [LandingPage] Section loaded: apps @ http://localhost:5173/src/components/landing/LandingPage.jsx?t=1787453298619:141
[   35433ms] [INFO] %cDownload the React DevTools for a better development experience: https://react.dev/link/react-devtools font-weight:bold @ http://localhost:5173/node_modules/.vite/deps/chunk-EEAUBQDT.js?v=93c1ec86:20096
[   35436ms] [ERROR] [ModalSystem] mount failed TypeError: Class constructor SortableElement cannot be invoked without 'new'
    at http://localhost:5173/components/modals/RetargetOptInModal.jsx?t=1787453298619:26:22 @ http://localhost:5173/src/main.js?t=1787453298619:329
[   35439ms] [ERROR] [popcorn-init] FAILED at: plugin-image TypeError: Class constructor SortableElement cannot be invoked without 'new'
    at http://localhost:5173/components/modals/RetargetOptInModal.jsx?t=1787453298619:26:22 @ http://localhost:5173/src/lib/popcornInit.js?t=1787453298619:55
[   35461ms] [ERROR] [popcorn-init] FAILED at: plugin-jsonTransition TypeError: Class constructor SortableElement cannot be invoked without 'new'
    at http://localhost:5173/components/modals/RetargetOptInModal.jsx?t=1787453298619:26:22 @ http://localhost:5173/src/lib/popcornInit.js?t=1787453298619:55
[   35470ms] [ERROR] [popcorn-init] FAILED at: plugin-lottie-json TypeError: Class constructor SortableElement cannot be invoked without 'new'
    at http://localhost:5173/components/modals/RetargetOptInModal.jsx?t=1787453298619:26:22 @ http://localhost:5173/src/lib/popcornInit.js?t=1787453298619:55
[   35478ms] [LOG] [popcorn-init] OK: plugin-json-button @ http://localhost:5173/src/lib/popcornInit.js?t=1787453298619:48
[   35484ms] [ERROR] [popcorn-init] FAILED at: plugin-personalizedImage TypeError: Class constructor SortableElement cannot be invoked without 'new'
    at http://localhost:5173/components/modals/RetargetOptInModal.jsx?t=1787453298619:26:22 @ http://localhost:5173/src/lib/popcornInit.js?t=1787453298619:55
[   35490ms] [ERROR] [popcorn-init] FAILED at: plugin-loopPlugin TypeError: Class constructor SortableElement cannot be invoked without 'new'
    at http://localhost:5173/components/modals/RetargetOptInModal.jsx?t=1787453298619:26:22 @ http://localhost:5173/src/lib/popcornInit.js?t=1787453298619:55
[   35496ms] [ERROR] [popcorn-init] FAILED at: plugin-pausePlugin TypeError: Class constructor SortableElement cannot be invoked without 'new'
    at http://localhost:5173/components/modals/RetargetOptInModal.jsx?t=1787453298619:26:22 @ http://localhost:5173/src/lib/popcornInit.js?t=1787453298619:55
[   35507ms] [ERROR] [popcorn-init] FAILED at: plugin-form TypeError: Class constructor SortableElement cannot be invoked without 'new'
    at http://localhost:5173/components/modals/RetargetOptInModal.jsx?t=1787453298619:26:22 @ http://localhost:5173/src/lib/popcornInit.js?t=1787453298619:55
[   35521ms] [ERROR] [popcorn-init] FAILED at: plugin-retarget TypeError: Class constructor SortableElement cannot be invoked without 'new'
    at http://localhost:5173/components/modals/RetargetOptInModal.jsx?t=1787453298619:26:22 @ http://localhost:5173/src/lib/popcornInit.js?t=1787453298619:55
[   35525ms] [LOG] [popcorn-init] OK: plugin-popup @ http://localhost:5173/src/lib/popcornInit.js?t=1787453298619:48
[   35532ms] [ERROR] [popcorn-init] FAILED at: plugin-sequencer TypeError: Class constructor SortableElement cannot be invoked without 'new'
    at http://localhost:5173/components/modals/RetargetOptInModal.jsx?t=1787453298619:26:22 @ http://localhost:5173/src/lib/popcornInit.js?t=1787453298619:55
[   35541ms] [ERROR] [popcorn-init] FAILED at: plugin-skip TypeError: Class constructor SortableElement cannot be invoked without 'new'
    at http://localhost:5173/components/modals/RetargetOptInModal.jsx?t=1787453298619:26:22 @ http://localhost:5173/src/lib/popcornInit.js?t=1787453298619:55
[   35572ms] [ERROR] [popcorn-init] FAILED at: plugin-text TypeError: Class constructor SortableElement cannot be invoked without 'new'
    at http://localhost:5173/components/modals/RetargetOptInModal.jsx?t=1787453298619:26:22 @ http://localhost:5173/src/lib/popcornInit.js?t=1787453298619:55
[   35581ms] [LOG] [popcorn-init] OK: plugin-social @ http://localhost:5173/src/lib/popcornInit.js?t=1787453298619:48
[   35591ms] [ERROR] [popcorn-init] FAILED at: plugin-jsonAnimation TypeError: Class constructor SortableElement cannot be invoked without 'new'
    at http://localhost:5173/components/modals/RetargetOptInModal.jsx?t=1787453298619:26:22 @ http://localhost:5173/src/lib/popcornInit.js?t=1787453298619:55
[   35612ms] [LOG] [popcorn-init] OK: plugin-videoTransition @ http://localhost:5173/src/lib/popcornInit.js?t=1787453298619:48
[   35618ms] [ERROR] [popcorn-init] FAILED at: plugin-seethroughtext TypeError: Class constructor SortableElement cannot be invoked without 'new'
    at http://localhost:5173/components/modals/RetargetOptInModal.jsx?t=1787453298619:26:22 @ http://localhost:5173/src/lib/popcornInit.js?t=1787453298619:55
[   35623ms] [LOG] [popcorn-init] OK: plugin-wikipedia @ http://localhost:5173/src/lib/popcornInit.js?t=1787453298619:48
[   35631ms] [ERROR] [popcorn-init] FAILED at: plugin-combined TypeError: Class constructor SortableElement cannot be invoked without 'new'
    at http://localhost:5173/components/modals/RetargetOptInModal.jsx?t=1787453298619:26:22 @ http://localhost:5173/src/lib/popcornInit.js?t=1787453298619:55
[   35639ms] [ERROR] [popcorn-init] FAILED at: plugin-background TypeError: Class constructor SortableElement cannot be invoked without 'new'
    at http://localhost:5173/components/modals/RetargetOptInModal.jsx?t=1787453298619:26:22 @ http://localhost:5173/src/lib/popcornInit.js?t=1787453298619:55
[   35639ms] [LOG] [popcorn-init] SUMMARY: 5/20 plugins registered; FAILED: plugin-image, plugin-jsonTransition, plugin-lottie-json, plugin-personalizedImage, plugin-loopPlugin, plugin-pausePlugin, plugin-form, plugin-retarget, plugin-sequencer, plugin-skip, plugin-text, plugin-jsonAnimation, plugin-seethroughtext, plugin-combined, plugin-background @ http://localhost:5173/src/lib/popcornInit.js?t=1787453298619:60
[   35639ms] [LOG] [popcorn] function 5 @ http://localhost:5173/src/main.js?t=1787453298619:4
[   58083ms] [LOG] [App] Starting initialization... @ http://localhost:5173/src/main.js?t=1787453298619:19
[   58093ms] [LOG] [popcorn-init] OK: jquery @ http://localhost:5173/src/lib/popcornInit.js?t=1787453298619:41
[   58094ms] [LOG] [popcorn-init] OK: jquery-textfill @ http://localhost:5173/src/lib/popcornInit.js?t=1787453298619:48
[   58095ms] [LOG] [popcorn-init] OK: popcorn-core @ http://localhost:5173/src/lib/popcornInit.js?t=1787453298619:48
[   58095ms] [LOG] [popcorn-init] OK: popcorn-ie8 @ http://localhost:5173/src/lib/popcornInit.js?t=1787453298619:48
[   58096ms] [LOG] [popcorn-init] OK: wrapper-common @ http://localhost:5173/src/lib/popcornInit.js?t=1787453298619:48
[   58096ms] [LOG] [popcorn-init] OK: wrapper-html5 @ http://localhost:5173/src/lib/popcornInit.js?t=1787453298619:48
[   58097ms] [LOG] [popcorn-init] OK: wrapper-vrview @ http://localhost:5173/src/lib/popcornInit.js?t=1787453298619:48
[   58098ms] [LOG] [popcorn-init] OK: wrapper-adaptive @ http://localhost:5173/src/lib/popcornInit.js?t=1787453298619:48
[   58099ms] [LOG] [popcorn-init] OK: wrapper-null @ http://localhost:5173/src/lib/popcornInit.js?t=1787453298619:48
[   58100ms] [LOG] [popcorn-init] OK: wrapper-soundcloud @ http://localhost:5173/src/lib/popcornInit.js?t=1787453298619:48
[   58100ms] [LOG] [popcorn-init] OK: wrapper-vimeo @ http://localhost:5173/src/lib/popcornInit.js?t=1787453298619:48
[   58101ms] [LOG] [popcorn-init] OK: wrapper-youtube @ http://localhost:5173/src/lib/popcornInit.js?t=1787453298619:48
[   58102ms] [LOG] [popcorn-init] OK: wrapper-jwplayer @ http://localhost:5173/src/lib/popcornInit.js?t=1787453298619:48
[   58103ms] [LOG] [popcorn-init] OK: player-module @ http://localhost:5173/src/lib/popcornInit.js?t=1787453298619:48
[   58119ms] [LOG] [LandingPage] Header.jsx loaded @ http://localhost:5173/src/components/landing/LandingPage.jsx?t=1787453298619:176
[   58282ms] [LOG] [LandingPage] CinematicVideoHero.jsx loaded @ http://localhost:5173/src/components/landing/LandingPage.jsx?t=1787453298619:189
[   58616ms] [LOG] [LandingPage] HeroSection.jsx loaded @ http://localhost:5173/src/components/landing/LandingPage.jsx?t=1787453298619:202
[   58617ms] [LOG] [LandingPage] Observer created for: scrolling placeholder id: section-scrolling @ http://localhost:5173/src/components/landing/LandingPage.jsx?t=1787453298619:160
[   58617ms] [LOG] [LandingPage] Observer created for: hook placeholder id: section-hook @ http://localhost:5173/src/components/landing/LandingPage.jsx?t=1787453298619:160
[   58617ms] [LOG] [LandingPage] Observer created for: engines placeholder id: section-engines @ http://localhost:5173/src/components/landing/LandingPage.jsx?t=1787453298619:160
[   58617ms] [LOG] [LandingPage] Observer created for: apps placeholder id: section-apps @ http://localhost:5173/src/components/landing/LandingPage.jsx?t=1787453298619:160
[   58617ms] [LOG] [LandingPage] Observer created for: features placeholder id: section-features @ http://localhost:5173/src/components/landing/LandingPage.jsx?t=1787453298619:160
[   58617ms] [LOG] [LandingPage] Observer created for: problem placeholder id: section-problem @ http://localhost:5173/src/components/landing/LandingPage.jsx?t=1787453298619:160
[   58618ms] [LOG] [LandingPage] Observer created for: workflow placeholder id: section-workflow @ http://localhost:5173/src/components/landing/LandingPage.jsx?t=1787453298619:160
[   58618ms] [LOG] [LandingPage] Observer created for: comparison placeholder id: section-comparison @ http://localhost:5173/src/components/landing/LandingPage.jsx?t=1787453298619:160
[   58618ms] [LOG] [LandingPage] Observer created for: value placeholder id: section-value @ http://localhost:5173/src/components/landing/LandingPage.jsx?t=1787453298619:160
[   58618ms] [LOG] [LandingPage] Observer created for: agency placeholder id: section-agency @ http://localhost:5173/src/components/landing/LandingPage.jsx?t=1787453298619:160
[   58618ms] [LOG] [LandingPage] Observer created for: offer placeholder id: section-offer @ http://localhost:5173/src/components/landing/LandingPage.jsx?t=1787453298619:160
[   58618ms] [LOG] [LandingPage] Observer created for: cta placeholder id: section-cta @ http://localhost:5173/src/components/landing/LandingPage.jsx?t=1787453298619:160
[   58618ms] [LOG] [LandingPage] Observer created for: ai-workflow placeholder id: section-ai-workflow @ http://localhost:5173/src/components/landing/LandingPage.jsx?t=1787453298619:160
[   58618ms] [LOG] [LandingPage] Observer created for: made-with placeholder id: section-made-with @ http://localhost:5173/src/components/landing/LandingPage.jsx?t=1787453298619:160
[   58618ms] [LOG] [LandingPage] Observer created for: ugc placeholder id: section-ugc @ http://localhost:5173/src/components/landing/LandingPage.jsx?t=1787453298619:160
[   58618ms] [LOG] [LandingPage] Observer created for: gallery placeholder id: section-gallery @ http://localhost:5173/src/components/landing/LandingPage.jsx?t=1787453298619:160
[   58618ms] [LOG] [LandingPage] Observer created for: academy placeholder id: section-academy @ http://localhost:5173/src/components/landing/LandingPage.jsx?t=1787453298619:160
[   58618ms] [LOG] [LandingPage] Observer created for: repo-cinema placeholder id: section-repo-cinema @ http://localhost:5173/src/components/landing/LandingPage.jsx?t=1787453298619:160
[   58618ms] [LOG] [LandingPage] Observer created for: repo-commercial placeholder id: section-repo-commercial @ http://localhost:5173/src/components/landing/LandingPage.jsx?t=1787453298619:160
[   58618ms] [LOG] [LandingPage] Observer created for: repo-social-ads placeholder id: section-repo-social-ads @ http://localhost:5173/src/components/landing/LandingPage.jsx?t=1787453298619:160
[   58618ms] [LOG] [LandingPage] Observer created for: repo-narrative placeholder id: section-repo-narrative @ http://localhost:5173/src/components/landing/LandingPage.jsx?t=1787453298619:160
[   58618ms] [LOG] [LandingPage] Observer created for: repo-vertical placeholder id: section-repo-vertical @ http://localhost:5173/src/components/landing/LandingPage.jsx?t=1787453298619:160
[   58618ms] [LOG] [LandingPage] Observer created for: repo-ecommerce placeholder id: section-repo-ecommerce @ http://localhost:5173/src/components/landing/LandingPage.jsx?t=1787453298619:160
[   58618ms] [LOG] [LandingPage] Observer created for: repo-kinetic placeholder id: section-repo-kinetic @ http://localhost:5173/src/components/landing/LandingPage.jsx?t=1787453298619:160
[   58618ms] [LOG] [LandingPage] Observer created for: repo-animated placeholder id: section-repo-animated @ http://localhost:5173/src/components/landing/LandingPage.jsx?t=1787453298619:160
[   58618ms] [LOG] [LandingPage] Observer created for: repo-animation placeholder id: section-repo-animation @ http://localhost:5173/src/components/landing/LandingPage.jsx?t=1787453298619:160
[   58619ms] [LOG] [LandingPage] Observer created for: repo-reference placeholder id: section-repo-reference @ http://localhost:5173/src/components/landing/LandingPage.jsx?t=1787453298619:160
[   58619ms] [LOG] [LandingPage] Observer created for: repo-vfx placeholder id: section-repo-vfx @ http://localhost:5173/src/components/landing/LandingPage.jsx?t=1787453298619:160
[   58619ms] [LOG] [LandingPage] Observer created for: repo-fashion placeholder id: section-repo-fashion @ http://localhost:5173/src/components/landing/LandingPage.jsx?t=1787453298619:160
[   58619ms] [LOG] [LandingPage] Observer created for: repos placeholder id: section-repos @ http://localhost:5173/src/components/landing/LandingPage.jsx?t=1787453298619:160
[   58619ms] [LOG] [LandingPage] Observer created for: gtm-boost placeholder id: section-gtm-boost @ http://localhost:5173/src/components/landing/LandingPage.jsx?t=1787453298619:160
[   58619ms] [LOG] [App] Landing page rendered @ http://localhost:5173/src/main.js?t=1787453298619:88
[   58633ms] [LOG] [LandingPage] IntersectionObserver fired for features [Object] @ http://localhost:5173/src/components/landing/LandingPage.jsx?t=1787453298619:119
[   58633ms] [LOG] [LandingPage] Loading section: features @ http://localhost:5173/src/components/landing/LandingPage.jsx?t=1787453298619:122
[   58633ms] [LOG] [LandingPage] IntersectionObserver fired for comparison [Object] @ http://localhost:5173/src/components/landing/LandingPage.jsx?t=1787453298619:119
[   58634ms] [LOG] [LandingPage] Loading section: comparison @ http://localhost:5173/src/components/landing/LandingPage.jsx?t=1787453298619:122
[   58634ms] [LOG] [LandingPage] IntersectionObserver fired for repo-narrative [Object] @ http://localhost:5173/src/components/landing/LandingPage.jsx?t=1787453298619:119
[   58634ms] [LOG] [LandingPage] Loading section: repo-narrative @ http://localhost:5173/src/components/landing/LandingPage.jsx?t=1787453298619:122
[   58634ms] [LOG] [LandingPage] IntersectionObserver fired for workflow [Object] @ http://localhost:5173/src/components/landing/LandingPage.jsx?t=1787453298619:119
[   58634ms] [LOG] [LandingPage] Loading section: workflow @ http://localhost:5173/src/components/landing/LandingPage.jsx?t=1787453298619:122
[   58634ms] [LOG] [LandingPage] IntersectionObserver fired for agency [Object] @ http://localhost:5173/src/components/landing/LandingPage.jsx?t=1787453298619:119
[   58634ms] [LOG] [LandingPage] Loading section: agency @ http://localhost:5173/src/components/landing/LandingPage.jsx?t=1787453298619:122
[   58635ms] [LOG] [LandingPage] IntersectionObserver fired for scrolling [Object] @ http://localhost:5173/src/components/landing/LandingPage.jsx?t=1787453298619:119
[   58635ms] [LOG] [LandingPage] Loading section: scrolling @ http://localhost:5173/src/components/landing/LandingPage.jsx?t=1787453298619:122
[   58636ms] [LOG] [LandingPage] IntersectionObserver fired for repos [Object] @ http://localhost:5173/src/components/landing/LandingPage.jsx?t=1787453298619:119
[   58636ms] [LOG] [LandingPage] Loading section: repos @ http://localhost:5173/src/components/landing/LandingPage.jsx?t=1787453298619:122
[   58636ms] [LOG] [LandingPage] IntersectionObserver fired for repo-fashion [Object] @ http://localhost:5173/src/components/landing/LandingPage.jsx?t=1787453298619:119
[   58636ms] [LOG] [LandingPage] Loading section: repo-fashion @ http://localhost:5173/src/components/landing/LandingPage.jsx?t=1787453298619:122
[   58636ms] [LOG] [LandingPage] IntersectionObserver fired for repo-ecommerce [Object] @ http://localhost:5173/src/components/landing/LandingPage.jsx?t=1787453298619:119
[   58637ms] [LOG] [LandingPage] Loading section: repo-ecommerce @ http://localhost:5173/src/components/landing/LandingPage.jsx?t=1787453298619:122
[   58637ms] [LOG] [LandingPage] IntersectionObserver fired for gallery [Object] @ http://localhost:5173/src/components/landing/LandingPage.jsx?t=1787453298619:119
[   58637ms] [LOG] [LandingPage] Loading section: gallery @ http://localhost:5173/src/components/landing/LandingPage.jsx?t=1787453298619:122
[   58637ms] [LOG] [LandingPage] IntersectionObserver fired for apps [Object] @ http://localhost:5173/src/components/landing/LandingPage.jsx?t=1787453298619:119
[   58637ms] [LOG] [LandingPage] Loading section: apps @ http://localhost:5173/src/components/landing/LandingPage.jsx?t=1787453298619:122
[   58637ms] [LOG] [LandingPage] IntersectionObserver fired for engines [Object] @ http://localhost:5173/src/components/landing/LandingPage.jsx?t=1787453298619:119
[   58637ms] [LOG] [LandingPage] Loading section: engines @ http://localhost:5173/src/components/landing/LandingPage.jsx?t=1787453298619:122
[   58637ms] [LOG] [LandingPage] IntersectionObserver fired for repo-vfx [Object] @ http://localhost:5173/src/components/landing/LandingPage.jsx?t=1787453298619:119
[   58638ms] [LOG] [LandingPage] Loading section: repo-vfx @ http://localhost:5173/src/components/landing/LandingPage.jsx?t=1787453298619:122
[   58638ms] [LOG] [LandingPage] IntersectionObserver fired for gtm-boost [Object] @ http://localhost:5173/src/components/landing/LandingPage.jsx?t=1787453298619:119
[   58638ms] [LOG] [LandingPage] Loading section: gtm-boost @ http://localhost:5173/src/components/landing/LandingPage.jsx?t=1787453298619:122
[   58638ms] [LOG] [LandingPage] IntersectionObserver fired for made-with [Object] @ http://localhost:5173/src/components/landing/LandingPage.jsx?t=1787453298619:119
[   58638ms] [LOG] [LandingPage] Loading section: made-with @ http://localhost:5173/src/components/landing/LandingPage.jsx?t=1787453298619:122
[   58638ms] [LOG] [LandingPage] IntersectionObserver fired for repo-vertical [Object] @ http://localhost:5173/src/components/landing/LandingPage.jsx?t=1787453298619:119
[   58639ms] [LOG] [LandingPage] Loading section: repo-vertical @ http://localhost:5173/src/components/landing/LandingPage.jsx?t=1787453298619:122
[   58639ms] [LOG] [LandingPage] IntersectionObserver fired for problem [Object] @ http://localhost:5173/src/components/landing/LandingPage.jsx?t=1787453298619:119
[   58639ms] [LOG] [LandingPage] Loading section: problem @ http://localhost:5173/src/components/landing/LandingPage.jsx?t=1787453298619:122
[   58639ms] [LOG] [LandingPage] IntersectionObserver fired for cta [Object] @ http://localhost:5173/src/components/landing/LandingPage.jsx?t=1787453298619:119
[   58639ms] [LOG] [LandingPage] Loading section: cta @ http://localhost:5173/src/components/landing/LandingPage.jsx?t=1787453298619:122
[   58640ms] [LOG] [LandingPage] IntersectionObserver fired for repo-reference [Object] @ http://localhost:5173/src/components/landing/LandingPage.jsx?t=1787453298619:119
[   58640ms] [LOG] [LandingPage] Loading section: repo-reference @ http://localhost:5173/src/components/landing/LandingPage.jsx?t=1787453298619:122
[   58640ms] [LOG] [LandingPage] IntersectionObserver fired for ugc [Object] @ http://localhost:5173/src/components/landing/LandingPage.jsx?t=1787453298619:119
[   58640ms] [LOG] [LandingPage] Loading section: ugc @ http://localhost:5173/src/components/landing/LandingPage.jsx?t=1787453298619:122
[   58642ms] [LOG] [LandingPage] IntersectionObserver fired for hook [Object] @ http://localhost:5173/src/components/landing/LandingPage.jsx?t=1787453298619:119
[   58642ms] [LOG] [LandingPage] Loading section: hook @ http://localhost:5173/src/components/landing/LandingPage.jsx?t=1787453298619:122
[   58643ms] [LOG] [LandingPage] IntersectionObserver fired for offer [Object] @ http://localhost:5173/src/components/landing/LandingPage.jsx?t=1787453298619:119
[   58643ms] [LOG] [LandingPage] Loading section: offer @ http://localhost:5173/src/components/landing/LandingPage.jsx?t=1787453298619:122
[   58643ms] [LOG] [LandingPage] IntersectionObserver fired for repo-animated [Object] @ http://localhost:5173/src/components/landing/LandingPage.jsx?t=1787453298619:119
[   58644ms] [LOG] [LandingPage] Loading section: repo-animated @ http://localhost:5173/src/components/landing/LandingPage.jsx?t=1787453298619:122
[   58644ms] [LOG] [LandingPage] IntersectionObserver fired for value [Object] @ http://localhost:5173/src/components/landing/LandingPage.jsx?t=1787453298619:119
[   58644ms] [LOG] [LandingPage] Loading section: value @ http://localhost:5173/src/components/landing/LandingPage.jsx?t=1787453298619:122
[   58644ms] [LOG] [LandingPage] IntersectionObserver fired for repo-animation [Object] @ http://localhost:5173/src/components/landing/LandingPage.jsx?t=1787453298619:119
[   58645ms] [LOG] [LandingPage] Loading section: repo-animation @ http://localhost:5173/src/components/landing/LandingPage.jsx?t=1787453298619:122
[   58645ms] [LOG] [LandingPage] IntersectionObserver fired for academy [Object] @ http://localhost:5173/src/components/landing/LandingPage.jsx?t=1787453298619:119
[   58645ms] [LOG] [LandingPage] Loading section: academy @ http://localhost:5173/src/components/landing/LandingPage.jsx?t=1787453298619:122
[   58645ms] [LOG] [LandingPage] IntersectionObserver fired for repo-commercial [Object] @ http://localhost:5173/src/components/landing/LandingPage.jsx?t=1787453298619:119
[   58645ms] [LOG] [LandingPage] Loading section: repo-commercial @ http://localhost:5173/src/components/landing/LandingPage.jsx?t=1787453298619:122
[   58646ms] [LOG] [LandingPage] IntersectionObserver fired for ai-workflow [Object] @ http://localhost:5173/src/components/landing/LandingPage.jsx?t=1787453298619:119
[   58646ms] [LOG] [LandingPage] Loading section: ai-workflow @ http://localhost:5173/src/components/landing/LandingPage.jsx?t=1787453298619:122
[   58646ms] [LOG] [LandingPage] IntersectionObserver fired for repo-kinetic [Object] @ http://localhost:5173/src/components/landing/LandingPage.jsx?t=1787453298619:119
[   58646ms] [LOG] [LandingPage] Loading section: repo-kinetic @ http://localhost:5173/src/components/landing/LandingPage.jsx?t=1787453298619:122
[   58646ms] [LOG] [LandingPage] IntersectionObserver fired for repo-social-ads [Object] @ http://localhost:5173/src/components/landing/LandingPage.jsx?t=1787453298619:119
[   58646ms] [LOG] [LandingPage] Loading section: repo-social-ads @ http://localhost:5173/src/components/landing/LandingPage.jsx?t=1787453298619:122
[   58646ms] [LOG] [LandingPage] IntersectionObserver fired for repo-cinema [Object] @ http://localhost:5173/src/components/landing/LandingPage.jsx?t=1787453298619:119
[   58647ms] [LOG] [LandingPage] Loading section: repo-cinema @ http://localhost:5173/src/components/landing/LandingPage.jsx?t=1787453298619:122
[   59063ms] [LOG] [LandingPage] Section loaded: features @ http://localhost:5173/src/components/landing/LandingPage.jsx?t=1787453298619:141
[   59064ms] [LOG] [LandingPage] Section loaded: comparison @ http://localhost:5173/src/components/landing/LandingPage.jsx?t=1787453298619:141
[   59074ms] [LOG] [LandingPage] Section loaded: workflow @ http://localhost:5173/src/components/landing/LandingPage.jsx?t=1787453298619:141
[   59075ms] [LOG] [LandingPage] Section loaded: agency @ http://localhost:5173/src/components/landing/LandingPage.jsx?t=1787453298619:141
[   59079ms] [LOG] [LandingPage] Section loaded: scrolling @ http://localhost:5173/src/components/landing/LandingPage.jsx?t=1787453298619:141
[   59081ms] [LOG] [LandingPage] Section loaded: repos @ http://localhost:5173/src/components/landing/LandingPage.jsx?t=1787453298619:141
[   59085ms] [LOG] [LandingPage] Section loaded: engines @ http://localhost:5173/src/components/landing/LandingPage.jsx?t=1787453298619:141
[   59143ms] [LOG] [LandingPage] Section loaded: cta @ http://localhost:5173/src/components/landing/LandingPage.jsx?t=1787453298619:141
[   59144ms] [LOG] [LandingPage] Section loaded: problem @ http://localhost:5173/src/components/landing/LandingPage.jsx?t=1787453298619:141
[   59144ms] [LOG] [LandingPage] Section loaded: hook @ http://localhost:5173/src/components/landing/LandingPage.jsx?t=1787453298619:141
[   59145ms] [LOG] [LandingPage] Section loaded: offer @ http://localhost:5173/src/components/landing/LandingPage.jsx?t=1787453298619:141
[   59146ms] [LOG] [LandingPage] Section loaded: value @ http://localhost:5173/src/components/landing/LandingPage.jsx?t=1787453298619:141
[   59150ms] [LOG] [LandingPage] Section loaded: ai-workflow @ http://localhost:5173/src/components/landing/LandingPage.jsx?t=1787453298619:141
[   59179ms] [LOG] [LandingPage] Section loaded: made-with @ http://localhost:5173/src/components/landing/LandingPage.jsx?t=1787453298619:141
[   59181ms] [LOG] [LandingPage] Section loaded: ugc @ http://localhost:5173/src/components/landing/LandingPage.jsx?t=1787453298619:141
[   59184ms] [LOG] [LandingPage] Section loaded: repo-cinema @ http://localhost:5173/src/components/landing/LandingPage.jsx?t=1787453298619:141
[   59189ms] [LOG] [LandingPage] Section loaded: repo-reference @ http://localhost:5173/src/components/landing/LandingPage.jsx?t=1787453298619:141
[   59194ms] [LOG] [LandingPage] Section loaded: gtm-boost @ http://localhost:5173/src/components/landing/LandingPage.jsx?t=1787453298619:141
[   59197ms] [LOG] [LandingPage] Section loaded: repo-ecommerce @ http://localhost:5173/src/components/landing/LandingPage.jsx?t=1787453298619:141
[   59200ms] [LOG] [LandingPage] Section loaded: repo-animation @ http://localhost:5173/src/components/landing/LandingPage.jsx?t=1787453298619:141
[   59204ms] [LOG] [LandingPage] Section loaded: repo-social-ads @ http://localhost:5173/src/components/landing/LandingPage.jsx?t=1787453298619:141
[   59211ms] [LOG] [LandingPage] Section loaded: repo-vertical @ http://localhost:5173/src/components/landing/LandingPage.jsx?t=1787453298619:141
[   59214ms] [LOG] [LandingPage] Section loaded: repo-vfx @ http://localhost:5173/src/components/landing/LandingPage.jsx?t=1787453298619:141
[   59219ms] [LOG] [LandingPage] Section loaded: repo-kinetic @ http://localhost:5173/src/components/landing/LandingPage.jsx?t=1787453298619:141
[   59223ms] [LOG] [LandingPage] Section loaded: repo-fashion @ http://localhost:5173/src/components/landing/LandingPage.jsx?t=1787453298619:141
[   59229ms] [LOG] [LandingPage] Section loaded: repo-animated @ http://localhost:5173/src/components/landing/LandingPage.jsx?t=1787453298619:141
[   59233ms] [LOG] [LandingPage] Section loaded: repo-narrative @ http://localhost:5173/src/components/landing/LandingPage.jsx?t=1787453298619:141
[   59236ms] [LOG] [LandingPage] Section loaded: repo-commercial @ http://localhost:5173/src/components/landing/LandingPage.jsx?t=1787453298619:141
[   59246ms] [LOG] [LandingPage] Section loaded: gallery @ http://localhost:5173/src/components/landing/LandingPage.jsx?t=1787453298619:141
[   59249ms] [LOG] [LandingPage] Section loaded: apps @ http://localhost:5173/src/components/landing/LandingPage.jsx?t=1787453298619:141
[   59400ms] [LOG] [LandingPage] Section loaded: academy @ http://localhost:5173/src/components/landing/LandingPage.jsx?t=1787453298619:141
[   59509ms] [ERROR] [popcorn-init] FAILED at: plugin-image TypeError: Class constructor SortableElement cannot be invoked without 'new'
    at http://localhost:5173/components/modals/RetargetOptInModal.jsx?t=1787453298619:26:22 @ http://localhost:5173/src/lib/popcornInit.js?t=1787453298619:55
[   59511ms] [INFO] %cDownload the React DevTools for a better development experience: https://react.dev/link/react-devtools font-weight:bold @ http://localhost:5173/node_modules/.vite/deps/chunk-EEAUBQDT.js?v=93c1ec86:20096
[   59511ms] [ERROR] [ModalSystem] mount failed TypeError: Class constructor SortableElement cannot be invoked without 'new'
    at http://localhost:5173/components/modals/RetargetOptInModal.jsx?t=1787453298619:26:22 @ http://localhost:5173/src/main.js?t=1787453298619:329
[   59527ms] [ERROR] [popcorn-init] FAILED at: plugin-jsonTransition TypeError: Class constructor SortableElement cannot be invoked without 'new'
    at http://localhost:5173/components/modals/RetargetOptInModal.jsx?t=1787453298619:26:22 @ http://localhost:5173/src/lib/popcornInit.js?t=1787453298619:55
[   59540ms] [ERROR] [popcorn-init] FAILED at: plugin-lottie-json TypeError: Class constructor SortableElement cannot be invoked without 'new'
    at http://localhost:5173/components/modals/RetargetOptInModal.jsx?t=1787453298619:26:22 @ http://localhost:5173/src/lib/popcornInit.js?t=1787453298619:55
[   59557ms] [LOG] [popcorn-init] OK: plugin-json-button @ http://localhost:5173/src/lib/popcornInit.js?t=1787453298619:48
[   59565ms] [ERROR] [popcorn-init] FAILED at: plugin-personalizedImage TypeError: Class constructor SortableElement cannot be invoked without 'new'
    at http://localhost:5173/components/modals/RetargetOptInModal.jsx?t=1787453298619:26:22 @ http://localhost:5173/src/lib/popcornInit.js?t=1787453298619:55
[   59571ms] [ERROR] [popcorn-init] FAILED at: plugin-loopPlugin TypeError: Class constructor SortableElement cannot be invoked without 'new'
    at http://localhost:5173/components/modals/RetargetOptInModal.jsx?t=1787453298619:26:22 @ http://localhost:5173/src/lib/popcornInit.js?t=1787453298619:55
[   59579ms] [ERROR] [popcorn-init] FAILED at: plugin-pausePlugin TypeError: Class constructor SortableElement cannot be invoked without 'new'
    at http://localhost:5173/components/modals/RetargetOptInModal.jsx?t=1787453298619:26:22 @ http://localhost:5173/src/lib/popcornInit.js?t=1787453298619:55
[   59592ms] [ERROR] [popcorn-init] FAILED at: plugin-form TypeError: Class constructor SortableElement cannot be invoked without 'new'
    at http://localhost:5173/components/modals/RetargetOptInModal.jsx?t=1787453298619:26:22 @ http://localhost:5173/src/lib/popcornInit.js?t=1787453298619:55
[   59603ms] [ERROR] [popcorn-init] FAILED at: plugin-retarget TypeError: Class constructor SortableElement cannot be invoked without 'new'
    at http://localhost:5173/components/modals/RetargetOptInModal.jsx?t=1787453298619:26:22 @ http://localhost:5173/src/lib/popcornInit.js?t=1787453298619:55
[   59614ms] [LOG] [popcorn-init] OK: plugin-popup @ http://localhost:5173/src/lib/popcornInit.js?t=1787453298619:48
[   59629ms] [ERROR] [popcorn-init] FAILED at: plugin-sequencer TypeError: Class constructor SortableElement cannot be invoked without 'new'
    at http://localhost:5173/components/modals/RetargetOptInModal.jsx?t=1787453298619:26:22 @ http://localhost:5173/src/lib/popcornInit.js?t=1787453298619:55
[   59634ms] [ERROR] [popcorn-init] FAILED at: plugin-skip TypeError: Class constructor SortableElement cannot be invoked without 'new'
    at http://localhost:5173/components/modals/RetargetOptInModal.jsx?t=1787453298619:26:22 @ http://localhost:5173/src/lib/popcornInit.js?t=1787453298619:55
[   59723ms] [ERROR] [popcorn-init] FAILED at: plugin-text TypeError: Class constructor SortableElement cannot be invoked without 'new'
    at http://localhost:5173/components/modals/RetargetOptInModal.jsx?t=1787453298619:26:22 @ http://localhost:5173/src/lib/popcornInit.js?t=1787453298619:55
[   59732ms] [LOG] [popcorn-init] OK: plugin-social @ http://localhost:5173/src/lib/popcornInit.js?t=1787453298619:48
[   59744ms] [ERROR] [popcorn-init] FAILED at: plugin-jsonAnimation TypeError: Class constructor SortableElement cannot be invoked without 'new'
    at http://localhost:5173/components/modals/RetargetOptInModal.jsx?t=1787453298619:26:22 @ http://localhost:5173/src/lib/popcornInit.js?t=1787453298619:55
[   59763ms] [LOG] [popcorn-init] OK: plugin-videoTransition @ http://localhost:5173/src/lib/popcornInit.js?t=1787453298619:48
[   59778ms] [ERROR] [popcorn-init] FAILED at: plugin-seethroughtext TypeError: Class constructor SortableElement cannot be invoked without 'new'
    at http://localhost:5173/components/modals/RetargetOptInModal.jsx?t=1787453298619:26:22 @ http://localhost:5173/src/lib/popcornInit.js?t=1787453298619:55
[   59781ms] [LOG] [popcorn-init] OK: plugin-wikipedia @ http://localhost:5173/src/lib/popcornInit.js?t=1787453298619:48
[   59793ms] [ERROR] [popcorn-init] FAILED at: plugin-combined TypeError: Class constructor SortableElement cannot be invoked without 'new'
    at http://localhost:5173/components/modals/RetargetOptInModal.jsx?t=1787453298619:26:22 @ http://localhost:5173/src/lib/popcornInit.js?t=1787453298619:55
[   59799ms] [ERROR] [popcorn-init] FAILED at: plugin-background TypeError: Class constructor SortableElement cannot be invoked without 'new'
    at http://localhost:5173/components/modals/RetargetOptInModal.jsx?t=1787453298619:26:22 @ http://localhost:5173/src/lib/popcornInit.js?t=1787453298619:55
[   59799ms] [LOG] [popcorn-init] SUMMARY: 5/20 plugins registered; FAILED: plugin-image, plugin-jsonTransition, plugin-lottie-json, plugin-personalizedImage, plugin-loopPlugin, plugin-pausePlugin, plugin-form, plugin-retarget, plugin-sequencer, plugin-skip, plugin-text, plugin-jsonAnimation, plugin-seethroughtext, plugin-combined, plugin-background @ http://localhost:5173/src/lib/popcornInit.js?t=1787453298619:60
[   59799ms] [LOG] [popcorn] function 5 @ http://localhost:5173/src/main.js?t=1787453298619:4
[   62873ms] [LOG] [App] Starting initialization... @ http://localhost:5173/src/main.js?t=1787453298619:19
[   62880ms] [LOG] [popcorn-init] OK: jquery @ http://localhost:5173/src/lib/popcornInit.js?t=1787453298619:41
[   62881ms] [LOG] [popcorn-init] OK: jquery-textfill @ http://localhost:5173/src/lib/popcornInit.js?t=1787453298619:48
[   62881ms] [LOG] [popcorn-init] OK: popcorn-core @ http://localhost:5173/src/lib/popcornInit.js?t=1787453298619:48
[   62882ms] [LOG] [popcorn-init] OK: popcorn-ie8 @ http://localhost:5173/src/lib/popcornInit.js?t=1787453298619:48
[   62884ms] [LOG] [popcorn-init] OK: wrapper-common @ http://localhost:5173/src/lib/popcornInit.js?t=1787453298619:48
[   62885ms] [LOG] [popcorn-init] OK: wrapper-html5 @ http://localhost:5173/src/lib/popcornInit.js?t=1787453298619:48
[   62885ms] [LOG] [popcorn-init] OK: wrapper-vrview @ http://localhost:5173/src/lib/popcornInit.js?t=1787453298619:48
[   62886ms] [LOG] [popcorn-init] OK: wrapper-adaptive @ http://localhost:5173/src/lib/popcornInit.js?t=1787453298619:48
[   62886ms] [LOG] [popcorn-init] OK: wrapper-null @ http://localhost:5173/src/lib/popcornInit.js?t=1787453298619:48
[   62887ms] [LOG] [popcorn-init] OK: wrapper-soundcloud @ http://localhost:5173/src/lib/popcornInit.js?t=1787453298619:48
[   62887ms] [LOG] [popcorn-init] OK: wrapper-vimeo @ http://localhost:5173/src/lib/popcornInit.js?t=1787453298619:48
[   62888ms] [LOG] [popcorn-init] OK: wrapper-youtube @ http://localhost:5173/src/lib/popcornInit.js?t=1787453298619:48
[   62888ms] [LOG] [popcorn-init] OK: wrapper-jwplayer @ http://localhost:5173/src/lib/popcornInit.js?t=1787453298619:48
[   62889ms] [LOG] [popcorn-init] OK: player-module @ http://localhost:5173/src/lib/popcornInit.js?t=1787453298619:48
[   62902ms] [LOG] [LandingPage] Header.jsx loaded @ http://localhost:5173/src/components/landing/LandingPage.jsx?t=1787453298619:176
[   63101ms] [LOG] [LandingPage] CinematicVideoHero.jsx loaded @ http://localhost:5173/src/components/landing/LandingPage.jsx?t=1787453298619:189
[   63447ms] [LOG] [LandingPage] HeroSection.jsx loaded @ http://localhost:5173/src/components/landing/LandingPage.jsx?t=1787453298619:202
[   63448ms] [LOG] [LandingPage] Observer created for: scrolling placeholder id: section-scrolling @ http://localhost:5173/src/components/landing/LandingPage.jsx?t=1787453298619:160
[   63448ms] [LOG] [LandingPage] Observer created for: hook placeholder id: section-hook @ http://localhost:5173/src/components/landing/LandingPage.jsx?t=1787453298619:160
[   63448ms] [LOG] [LandingPage] Observer created for: engines placeholder id: section-engines @ http://localhost:5173/src/components/landing/LandingPage.jsx?t=1787453298619:160
[   63448ms] [LOG] [LandingPage] Observer created for: apps placeholder id: section-apps @ http://localhost:5173/src/components/landing/LandingPage.jsx?t=1787453298619:160
[   63448ms] [LOG] [LandingPage] Observer created for: features placeholder id: section-features @ http://localhost:5173/src/components/landing/LandingPage.jsx?t=1787453298619:160
[   63448ms] [LOG] [LandingPage] Observer created for: problem placeholder id: section-problem @ http://localhost:5173/src/components/landing/LandingPage.jsx?t=1787453298619:160
[   63448ms] [LOG] [LandingPage] Observer created for: workflow placeholder id: section-workflow @ http://localhost:5173/src/components/landing/LandingPage.jsx?t=1787453298619:160
[   63448ms] [LOG] [LandingPage] Observer created for: comparison placeholder id: section-comparison @ http://localhost:5173/src/components/landing/LandingPage.jsx?t=1787453298619:160
[   63448ms] [LOG] [LandingPage] Observer created for: value placeholder id: section-value @ http://localhost:5173/src/components/landing/LandingPage.jsx?t=1787453298619:160
[   63448ms] [LOG] [LandingPage] Observer created for: agency placeholder id: section-agency @ http://localhost:5173/src/components/landing/LandingPage.jsx?t=1787453298619:160
[   63448ms] [LOG] [LandingPage] Observer created for: offer placeholder id: section-offer @ http://localhost:5173/src/components/landing/LandingPage.jsx?t=1787453298619:160
[   63448ms] [LOG] [LandingPage] Observer created for: cta placeholder id: section-cta @ http://localhost:5173/src/components/landing/LandingPage.jsx?t=1787453298619:160
[   63448ms] [LOG] [LandingPage] Observer created for: ai-workflow placeholder id: section-ai-workflow @ http://localhost:5173/src/components/landing/LandingPage.jsx?t=1787453298619:160
[   63448ms] [LOG] [LandingPage] Observer created for: made-with placeholder id: section-made-with @ http://localhost:5173/src/components/landing/LandingPage.jsx?t=1787453298619:160
[   63448ms] [LOG] [LandingPage] Observer created for: ugc placeholder id: section-ugc @ http://localhost:5173/src/components/landing/LandingPage.jsx?t=1787453298619:160
[   63448ms] [LOG] [LandingPage] Observer created for: gallery placeholder id: section-gallery @ http://localhost:5173/src/components/landing/LandingPage.jsx?t=1787453298619:160
[   63448ms] [LOG] [LandingPage] Observer created for: academy placeholder id: section-academy @ http://localhost:5173/src/components/landing/LandingPage.jsx?t=1787453298619:160
[   63449ms] [LOG] [LandingPage] Observer created for: repo-cinema placeholder id: section-repo-cinema @ http://localhost:5173/src/components/landing/LandingPage.jsx?t=1787453298619:160
[   63449ms] [LOG] [LandingPage] Observer created for: repo-commercial placeholder id: section-repo-commercial @ http://localhost:5173/src/components/landing/LandingPage.jsx?t=1787453298619:160
[   63449ms] [LOG] [LandingPage] Observer created for: repo-social-ads placeholder id: section-repo-social-ads @ http://localhost:5173/src/components/landing/LandingPage.jsx?t=1787453298619:160
[   63449ms] [LOG] [LandingPage] Observer created for: repo-narrative placeholder id: section-repo-narrative @ http://localhost:5173/src/components/landing/LandingPage.jsx?t=1787453298619:160
[   63449ms] [LOG] [LandingPage] Observer created for: repo-vertical placeholder id: section-repo-vertical @ http://localhost:5173/src/components/landing/LandingPage.jsx?t=1787453298619:160
[   63449ms] [LOG] [LandingPage] Observer created for: repo-ecommerce placeholder id: section-repo-ecommerce @ http://localhost:5173/src/components/landing/LandingPage.jsx?t=1787453298619:160
[   63449ms] [LOG] [LandingPage] Observer created for: repo-kinetic placeholder id: section-repo-kinetic @ http://localhost:5173/src/components/landing/LandingPage.jsx?t=1787453298619:160
[   63449ms] [LOG] [LandingPage] Observer created for: repo-animated placeholder id: section-repo-animated @ http://localhost:5173/src/components/landing/LandingPage.jsx?t=1787453298619:160
[   63449ms] [LOG] [LandingPage] Observer created for: repo-animation placeholder id: section-repo-animation @ http://localhost:5173/src/components/landing/LandingPage.jsx?t=1787453298619:160
[   63449ms] [LOG] [LandingPage] Observer created for: repo-reference placeholder id: section-repo-reference @ http://localhost:5173/src/components/landing/LandingPage.jsx?t=1787453298619:160
[   63449ms] [LOG] [LandingPage] Observer created for: repo-vfx placeholder id: section-repo-vfx @ http://localhost:5173/src/components/landing/LandingPage.jsx?t=1787453298619:160
[   63449ms] [LOG] [LandingPage] Observer created for: repo-fashion placeholder id: section-repo-fashion @ http://localhost:5173/src/components/landing/LandingPage.jsx?t=1787453298619:160
[   63449ms] [LOG] [LandingPage] Observer created for: repos placeholder id: section-repos @ http://localhost:5173/src/components/landing/LandingPage.jsx?t=1787453298619:160
[   63449ms] [LOG] [LandingPage] Observer created for: gtm-boost placeholder id: section-gtm-boost @ http://localhost:5173/src/components/landing/LandingPage.jsx?t=1787453298619:160
[   63450ms] [LOG] [App] Landing page rendered @ http://localhost:5173/src/main.js?t=1787453298619:88
[   63465ms] [LOG] [LandingPage] IntersectionObserver fired for repo-cinema [Object] @ http://localhost:5173/src/components/landing/LandingPage.jsx?t=1787453298619:119
[   63465ms] [LOG] [LandingPage] Loading section: repo-cinema @ http://localhost:5173/src/components/landing/LandingPage.jsx?t=1787453298619:122
[   63465ms] [LOG] [LandingPage] IntersectionObserver fired for repo-narrative [Object] @ http://localhost:5173/src/components/landing/LandingPage.jsx?t=1787453298619:119
[   63465ms] [LOG] [LandingPage] Loading section: repo-narrative @ http://localhost:5173/src/components/landing/LandingPage.jsx?t=1787453298619:122
[   63465ms] [LOG] [LandingPage] IntersectionObserver fired for gtm-boost [Object] @ http://localhost:5173/src/components/landing/LandingPage.jsx?t=1787453298619:119
[   63466ms] [LOG] [LandingPage] Loading section: gtm-boost @ http://localhost:5173/src/components/landing/LandingPage.jsx?t=1787453298619:122
[   63466ms] [LOG] [LandingPage] IntersectionObserver fired for repo-vfx [Object] @ http://localhost:5173/src/components/landing/LandingPage.jsx?t=1787453298619:119
[   63466ms] [LOG] [LandingPage] Loading section: repo-vfx @ http://localhost:5173/src/components/landing/LandingPage.jsx?t=1787453298619:122
[   63466ms] [LOG] [LandingPage] IntersectionObserver fired for made-with [Object] @ http://localhost:5173/src/components/landing/LandingPage.jsx?t=1787453298619:119
[   63466ms] [LOG] [LandingPage] Loading section: made-with @ http://localhost:5173/src/components/landing/LandingPage.jsx?t=1787453298619:122
[   63466ms] [LOG] [LandingPage] IntersectionObserver fired for repo-vertical [Object] @ http://localhost:5173/src/components/landing/LandingPage.jsx?t=1787453298619:119
[   63466ms] [LOG] [LandingPage] Loading section: repo-vertical @ http://localhost:5173/src/components/landing/LandingPage.jsx?t=1787453298619:122
[   63466ms] [LOG] [LandingPage] IntersectionObserver fired for gallery [Object] @ http://localhost:5173/src/components/landing/LandingPage.jsx?t=1787453298619:119
[   63466ms] [LOG] [LandingPage] Loading section: gallery @ http://localhost:5173/src/components/landing/LandingPage.jsx?t=1787453298619:122
[   63467ms] [LOG] [LandingPage] IntersectionObserver fired for engines [Object] @ http://localhost:5173/src/components/landing/LandingPage.jsx?t=1787453298619:119
[   63467ms] [LOG] [LandingPage] Loading section: engines @ http://localhost:5173/src/components/landing/LandingPage.jsx?t=1787453298619:122
[   63467ms] [LOG] [LandingPage] IntersectionObserver fired for repo-reference [Object] @ http://localhost:5173/src/components/landing/LandingPage.jsx?t=1787453298619:119
[   63467ms] [LOG] [LandingPage] Loading section: repo-reference @ http://localhost:5173/src/components/landing/LandingPage.jsx?t=1787453298619:122
[   63468ms] [LOG] [LandingPage] IntersectionObserver fired for workflow [Object] @ http://localhost:5173/src/components/landing/LandingPage.jsx?t=1787453298619:119
[   63468ms] [LOG] [LandingPage] Loading section: workflow @ http://localhost:5173/src/components/landing/LandingPage.jsx?t=1787453298619:122
[   63468ms] [LOG] [LandingPage] IntersectionObserver fired for hook [Object] @ http://localhost:5173/src/components/landing/LandingPage.jsx?t=1787453298619:119
[   63468ms] [LOG] [LandingPage] Loading section: hook @ http://localhost:5173/src/components/landing/LandingPage.jsx?t=1787453298619:122
[   63468ms] [LOG] [LandingPage] IntersectionObserver fired for academy [Object] @ http://localhost:5173/src/components/landing/LandingPage.jsx?t=1787453298619:119
[   63469ms] [LOG] [LandingPage] Loading section: academy @ http://localhost:5173/src/components/landing/LandingPage.jsx?t=1787453298619:122
[   63469ms] [LOG] [LandingPage] IntersectionObserver fired for repos [Object] @ http://localhost:5173/src/components/landing/LandingPage.jsx?t=1787453298619:119
[   63469ms] [LOG] [LandingPage] Loading section: repos @ http://localhost:5173/src/components/landing/LandingPage.jsx?t=1787453298619:122
[   63470ms] [LOG] [LandingPage] IntersectionObserver fired for repo-animation [Object] @ http://localhost:5173/src/components/landing/LandingPage.jsx?t=1787453298619:119
[   63470ms] [LOG] [LandingPage] Loading section: repo-animation @ http://localhost:5173/src/components/landing/LandingPage.jsx?t=1787453298619:122
[   63470ms] [LOG] [LandingPage] IntersectionObserver fired for agency [Object] @ http://localhost:5173/src/components/landing/LandingPage.jsx?t=1787453298619:119
[   63470ms] [LOG] [LandingPage] Loading section: agency @ http://localhost:5173/src/components/landing/LandingPage.jsx?t=1787453298619:122
[   63470ms] [LOG] [LandingPage] IntersectionObserver fired for repo-animated [Object] @ http://localhost:5173/src/components/landing/LandingPage.jsx?t=1787453298619:119
[   63470ms] [LOG] [LandingPage] Loading section: repo-animated @ http://localhost:5173/src/components/landing/LandingPage.jsx?t=1787453298619:122
[   63470ms] [LOG] [LandingPage] IntersectionObserver fired for comparison [Object] @ http://localhost:5173/src/components/landing/LandingPage.jsx?t=1787453298619:119
[   63470ms] [LOG] [LandingPage] Loading section: comparison @ http://localhost:5173/src/components/landing/LandingPage.jsx?t=1787453298619:122
[   63471ms] [LOG] [LandingPage] IntersectionObserver fired for features [Object] @ http://localhost:5173/src/components/landing/LandingPage.jsx?t=1787453298619:119
[   63471ms] [LOG] [LandingPage] Loading section: features @ http://localhost:5173/src/components/landing/LandingPage.jsx?t=1787453298619:122
[   63471ms] [LOG] [LandingPage] IntersectionObserver fired for repo-commercial [Object] @ http://localhost:5173/src/components/landing/LandingPage.jsx?t=1787453298619:119
[   63471ms] [LOG] [LandingPage] Loading section: repo-commercial @ http://localhost:5173/src/components/landing/LandingPage.jsx?t=1787453298619:122
[   63471ms] [LOG] [LandingPage] IntersectionObserver fired for scrolling [Object] @ http://localhost:5173/src/components/landing/LandingPage.jsx?t=1787453298619:119
[   63471ms] [LOG] [LandingPage] Loading section: scrolling @ http://localhost:5173/src/components/landing/LandingPage.jsx?t=1787453298619:122
[   63471ms] [LOG] [LandingPage] IntersectionObserver fired for offer [Object] @ http://localhost:5173/src/components/landing/LandingPage.jsx?t=1787453298619:119
[   63472ms] [LOG] [LandingPage] Loading section: offer @ http://localhost:5173/src/components/landing/LandingPage.jsx?t=1787453298619:122
[   63472ms] [LOG] [LandingPage] IntersectionObserver fired for ai-workflow [Object] @ http://localhost:5173/src/components/landing/LandingPage.jsx?t=1787453298619:119
[   63472ms] [LOG] [LandingPage] Loading section: ai-workflow @ http://localhost:5173/src/components/landing/LandingPage.jsx?t=1787453298619:122
[   63472ms] [LOG] [LandingPage] IntersectionObserver fired for value [Object] @ http://localhost:5173/src/components/landing/LandingPage.jsx?t=1787453298619:119
[   63472ms] [LOG] [LandingPage] Loading section: value @ http://localhost:5173/src/components/landing/LandingPage.jsx?t=1787453298619:122
[   63472ms] [LOG] [LandingPage] IntersectionObserver fired for repo-kinetic [Object] @ http://localhost:5173/src/components/landing/LandingPage.jsx?t=1787453298619:119
[   63473ms] [LOG] [LandingPage] Loading section: repo-kinetic @ http://localhost:5173/src/components/landing/LandingPage.jsx?t=1787453298619:122
[   63473ms] [LOG] [LandingPage] IntersectionObserver fired for apps [Object] @ http://localhost:5173/src/components/landing/LandingPage.jsx?t=1787453298619:119
[   63473ms] [LOG] [LandingPage] Loading section: apps @ http://localhost:5173/src/components/landing/LandingPage.jsx?t=1787453298619:122
[   63473ms] [LOG] [LandingPage] IntersectionObserver fired for repo-fashion [Object] @ http://localhost:5173/src/components/landing/LandingPage.jsx?t=1787453298619:119
[   63474ms] [LOG] [LandingPage] Loading section: repo-fashion @ http://localhost:5173/src/components/landing/LandingPage.jsx?t=1787453298619:122
[   63474ms] [LOG] [LandingPage] IntersectionObserver fired for ugc [Object] @ http://localhost:5173/src/components/landing/LandingPage.jsx?t=1787453298619:119
[   63474ms] [LOG] [LandingPage] Loading section: ugc @ http://localhost:5173/src/components/landing/LandingPage.jsx?t=1787453298619:122
[   63475ms] [LOG] [LandingPage] IntersectionObserver fired for cta [Object] @ http://localhost:5173/src/components/landing/LandingPage.jsx?t=1787453298619:119
[   63475ms] [LOG] [LandingPage] Loading section: cta @ http://localhost:5173/src/components/landing/LandingPage.jsx?t=1787453298619:122
[   63475ms] [LOG] [LandingPage] IntersectionObserver fired for repo-ecommerce [Object] @ http://localhost:5173/src/components/landing/LandingPage.jsx?t=1787453298619:119
[   63476ms] [LOG] [LandingPage] Loading section: repo-ecommerce @ http://localhost:5173/src/components/landing/LandingPage.jsx?t=1787453298619:122
[   63476ms] [LOG] [LandingPage] IntersectionObserver fired for repo-social-ads [Object] @ http://localhost:5173/src/components/landing/LandingPage.jsx?t=1787453298619:119
[   63476ms] [LOG] [LandingPage] Loading section: repo-social-ads @ http://localhost:5173/src/components/landing/LandingPage.jsx?t=1787453298619:122
[   63476ms] [LOG] [LandingPage] IntersectionObserver fired for problem [Object] @ http://localhost:5173/src/components/landing/LandingPage.jsx?t=1787453298619:119
[   63476ms] [LOG] [LandingPage] Loading section: problem @ http://localhost:5173/src/components/landing/LandingPage.jsx?t=1787453298619:122
[   63550ms] [LOG] [LandingPage] Section loaded: engines @ http://localhost:5173/src/components/landing/LandingPage.jsx?t=1787453298619:141
[   63568ms] [LOG] [LandingPage] Section loaded: workflow @ http://localhost:5173/src/components/landing/LandingPage.jsx?t=1787453298619:141
[   63568ms] [LOG] [LandingPage] Section loaded: hook @ http://localhost:5173/src/components/landing/LandingPage.jsx?t=1787453298619:141
[   63569ms] [LOG] [LandingPage] Section loaded: agency @ http://localhost:5173/src/components/landing/LandingPage.jsx?t=1787453298619:141
[   63569ms] [LOG] [LandingPage] Section loaded: comparison @ http://localhost:5173/src/components/landing/LandingPage.jsx?t=1787453298619:141
[   63582ms] [LOG] [LandingPage] Section loaded: features @ http://localhost:5173/src/components/landing/LandingPage.jsx?t=1787453298619:141
[   63591ms] [LOG] [LandingPage] Section loaded: scrolling @ http://localhost:5173/src/components/landing/LandingPage.jsx?t=1787453298619:141
[   63593ms] [LOG] [LandingPage] Section loaded: repos @ http://localhost:5173/src/components/landing/LandingPage.jsx?t=1787453298619:141
[   63739ms] [LOG] [LandingPage] Section loaded: offer @ http://localhost:5173/src/components/landing/LandingPage.jsx?t=1787453298619:141
[   63746ms] [LOG] [LandingPage] Section loaded: gtm-boost @ http://localhost:5173/src/components/landing/LandingPage.jsx?t=1787453298619:141
[   63754ms] [LOG] [LandingPage] Section loaded: made-with @ http://localhost:5173/src/components/landing/LandingPage.jsx?t=1787453298619:141
[   63881ms] [LOG] [LandingPage] Section loaded: gallery @ http://localhost:5173/src/components/landing/LandingPage.jsx?t=1787453298619:141
[   63970ms] [LOG] [LandingPage] Section loaded: repo-vertical @ http://localhost:5173/src/components/landing/LandingPage.jsx?t=1787453298619:141
[   63977ms] [LOG] [LandingPage] Section loaded: repo-reference @ http://localhost:5173/src/components/landing/LandingPage.jsx?t=1787453298619:141
[   63983ms] [LOG] [LandingPage] Section loaded: repo-animated @ http://localhost:5173/src/components/landing/LandingPage.jsx?t=1787453298619:141
[   63990ms] [LOG] [LandingPage] Section loaded: repo-vfx @ http://localhost:5173/src/components/landing/LandingPage.jsx?t=1787453298619:141
[   63999ms] [LOG] [LandingPage] Section loaded: repo-commercial @ http://localhost:5173/src/components/landing/LandingPage.jsx?t=1787453298619:141
[   64007ms] [LOG] [LandingPage] Section loaded: repo-narrative @ http://localhost:5173/src/components/landing/LandingPage.jsx?t=1787453298619:141
[   64016ms] [LOG] [LandingPage] Section loaded: repo-animation @ http://localhost:5173/src/components/landing/LandingPage.jsx?t=1787453298619:141
[   64025ms] [LOG] [LandingPage] Section loaded: repo-ecommerce @ http://localhost:5173/src/components/landing/LandingPage.jsx?t=1787453298619:141
[   64032ms] [LOG] [LandingPage] Section loaded: repo-fashion @ http://localhost:5173/src/components/landing/LandingPage.jsx?t=1787453298619:141
[   64041ms] [LOG] [LandingPage] Section loaded: repo-cinema @ http://localhost:5173/src/components/landing/LandingPage.jsx?t=1787453298619:141
[   64050ms] [LOG] [LandingPage] Section loaded: repo-social-ads @ http://localhost:5173/src/components/landing/LandingPage.jsx?t=1787453298619:141
[   64062ms] [LOG] [LandingPage] Section loaded: repo-kinetic @ http://localhost:5173/src/components/landing/LandingPage.jsx?t=1787453298619:141
[   64219ms] [LOG] [LandingPage] Section loaded: academy @ http://localhost:5173/src/components/landing/LandingPage.jsx?t=1787453298619:141
[   64826ms] [LOG] [LandingPage] Section loaded: value @ http://localhost:5173/src/components/landing/LandingPage.jsx?t=1787453298619:141
[   64892ms] [LOG] [LandingPage] Section loaded: apps @ http://localhost:5173/src/components/landing/LandingPage.jsx?t=1787453298619:141
[   64893ms] [LOG] [LandingPage] Section loaded: cta @ http://localhost:5173/src/components/landing/LandingPage.jsx?t=1787453298619:141
[   64894ms] [LOG] [LandingPage] Section loaded: problem @ http://localhost:5173/src/components/landing/LandingPage.jsx?t=1787453298619:141
[   64990ms] [LOG] [LandingPage] Section loaded: ai-workflow @ http://localhost:5173/src/components/landing/LandingPage.jsx?t=1787453298619:141
[   65006ms] [LOG] [LandingPage] Section loaded: ugc @ http://localhost:5173/src/components/landing/LandingPage.jsx?t=1787453298619:141
[   65031ms] [ERROR] [popcorn-init] FAILED at: plugin-image TypeError: Class constructor SortableElement cannot be invoked without 'new'
    at http://localhost:5173/components/modals/RetargetOptInModal.jsx?t=1787453298619:26:22 @ http://localhost:5173/src/lib/popcornInit.js?t=1787453298619:55
[   65033ms] [INFO] %cDownload the React DevTools for a better development experience: https://react.dev/link/react-devtools font-weight:bold @ http://localhost:5173/node_modules/.vite/deps/chunk-EEAUBQDT.js?v=93c1ec86:20096
[   65033ms] [ERROR] [ModalSystem] mount failed TypeError: Class constructor SortableElement cannot be invoked without 'new'
    at http://localhost:5173/components/modals/RetargetOptInModal.jsx?t=1787453298619:26:22 @ http://localhost:5173/src/main.js?t=1787453298619:329
[   65045ms] [ERROR] [popcorn-init] FAILED at: plugin-jsonTransition TypeError: Class constructor SortableElement cannot be invoked without 'new'
    at http://localhost:5173/components/modals/RetargetOptInModal.jsx?t=1787453298619:26:22 @ http://localhost:5173/src/lib/popcornInit.js?t=1787453298619:55
[   65103ms] [ERROR] [popcorn-init] FAILED at: plugin-lottie-json TypeError: Class constructor SortableElement cannot be invoked without 'new'
    at http://localhost:5173/components/modals/RetargetOptInModal.jsx?t=1787453298619:26:22 @ http://localhost:5173/src/lib/popcornInit.js?t=1787453298619:55
[   65152ms] [LOG] [popcorn-init] OK: plugin-json-button @ http://localhost:5173/src/lib/popcornInit.js?t=1787453298619:48
[   65163ms] [ERROR] [popcorn-init] FAILED at: plugin-personalizedImage TypeError: Class constructor SortableElement cannot be invoked without 'new'
    at http://localhost:5173/components/modals/RetargetOptInModal.jsx?t=1787453298619:26:22 @ http://localhost:5173/src/lib/popcornInit.js?t=1787453298619:55
[   65213ms] [ERROR] [popcorn-init] FAILED at: plugin-loopPlugin TypeError: Class constructor SortableElement cannot be invoked without 'new'
    at http://localhost:5173/components/modals/RetargetOptInModal.jsx?t=1787453298619:26:22 @ http://localhost:5173/src/lib/popcornInit.js?t=1787453298619:55
[   65249ms] [ERROR] [popcorn-init] FAILED at: plugin-pausePlugin TypeError: Class constructor SortableElement cannot be invoked without 'new'
    at http://localhost:5173/components/modals/RetargetOptInModal.jsx?t=1787453298619:26:22 @ http://localhost:5173/src/lib/popcornInit.js?t=1787453298619:55
[   65281ms] [ERROR] [popcorn-init] FAILED at: plugin-form TypeError: Class constructor SortableElement cannot be invoked without 'new'
    at http://localhost:5173/components/modals/RetargetOptInModal.jsx?t=1787453298619:26:22 @ http://localhost:5173/src/lib/popcornInit.js?t=1787453298619:55
[   65297ms] [ERROR] [popcorn-init] FAILED at: plugin-retarget TypeError: Class constructor SortableElement cannot be invoked without 'new'
    at http://localhost:5173/components/modals/RetargetOptInModal.jsx?t=1787453298619:26:22 @ http://localhost:5173/src/lib/popcornInit.js?t=1787453298619:55
[   65306ms] [LOG] [popcorn-init] OK: plugin-popup @ http://localhost:5173/src/lib/popcornInit.js?t=1787453298619:48
[   65315ms] [ERROR] [popcorn-init] FAILED at: plugin-sequencer TypeError: Class constructor SortableElement cannot be invoked without 'new'
    at http://localhost:5173/components/modals/RetargetOptInModal.jsx?t=1787453298619:26:22 @ http://localhost:5173/src/lib/popcornInit.js?t=1787453298619:55
[   65324ms] [ERROR] [popcorn-init] FAILED at: plugin-skip TypeError: Class constructor SortableElement cannot be invoked without 'new'
    at http://localhost:5173/components/modals/RetargetOptInModal.jsx?t=1787453298619:26:22 @ http://localhost:5173/src/lib/popcornInit.js?t=1787453298619:55
[   65349ms] [ERROR] [popcorn-init] FAILED at: plugin-text TypeError: Class constructor SortableElement cannot be invoked without 'new'
    at http://localhost:5173/components/modals/RetargetOptInModal.jsx?t=1787453298619:26:22 @ http://localhost:5173/src/lib/popcornInit.js?t=1787453298619:55
[   65357ms] [LOG] [popcorn-init] OK: plugin-social @ http://localhost:5173/src/lib/popcornInit.js?t=1787453298619:48
[   65370ms] [ERROR] [popcorn-init] FAILED at: plugin-jsonAnimation TypeError: Class constructor SortableElement cannot be invoked without 'new'
    at http://localhost:5173/components/modals/RetargetOptInModal.jsx?t=1787453298619:26:22 @ http://localhost:5173/src/lib/popcornInit.js?t=1787453298619:55
[   65382ms] [LOG] [popcorn-init] OK: plugin-videoTransition @ http://localhost:5173/src/lib/popcornInit.js?t=1787453298619:48
[   65392ms] [ERROR] [popcorn-init] FAILED at: plugin-seethroughtext TypeError: Class constructor SortableElement cannot be invoked without 'new'
    at http://localhost:5173/components/modals/RetargetOptInModal.jsx?t=1787453298619:26:22 @ http://localhost:5173/src/lib/popcornInit.js?t=1787453298619:55
[   65400ms] [LOG] [popcorn-init] OK: plugin-wikipedia @ http://localhost:5173/src/lib/popcornInit.js?t=1787453298619:48
[   65406ms] [ERROR] [popcorn-init] FAILED at: plugin-combined TypeError: Class constructor SortableElement cannot be invoked without 'new'
    at http://localhost:5173/components/modals/RetargetOptInModal.jsx?t=1787453298619:26:22 @ http://localhost:5173/src/lib/popcornInit.js?t=1787453298619:55
[   65414ms] [ERROR] [popcorn-init] FAILED at: plugin-background TypeError: Class constructor SortableElement cannot be invoked without 'new'
    at http://localhost:5173/components/modals/RetargetOptInModal.jsx?t=1787453298619:26:22 @ http://localhost:5173/src/lib/popcornInit.js?t=1787453298619:55
[   65415ms] [LOG] [popcorn-init] SUMMARY: 5/20 plugins registered; FAILED: plugin-image, plugin-jsonTransition, plugin-lottie-json, plugin-personalizedImage, plugin-loopPlugin, plugin-pausePlugin, plugin-form, plugin-retarget, plugin-sequencer, plugin-skip, plugin-text, plugin-jsonAnimation, plugin-seethroughtext, plugin-combined, plugin-background @ http://localhost:5173/src/lib/popcornInit.js?t=1787453298619:60
[   65415ms] [LOG] [popcorn] function 5 @ http://localhost:5173/src/main.js?t=1787453298619:4
[   67862ms] [LOG] [App] Starting initialization... @ http://localhost:5173/src/main.js?t=1787453298619:19
[   67870ms] [LOG] [popcorn-init] OK: jquery @ http://localhost:5173/src/lib/popcornInit.js?t=1787453298619:41
[   67871ms] [LOG] [popcorn-init] OK: jquery-textfill @ http://localhost:5173/src/lib/popcornInit.js?t=1787453298619:48
[   67873ms] [LOG] [popcorn-init] OK: popcorn-core @ http://localhost:5173/src/lib/popcornInit.js?t=1787453298619:48
[   67875ms] [LOG] [popcorn-init] OK: popcorn-ie8 @ http://localhost:5173/src/lib/popcornInit.js?t=1787453298619:48
[   67876ms] [LOG] [popcorn-init] OK: wrapper-common @ http://localhost:5173/src/lib/popcornInit.js?t=1787453298619:48
[   67877ms] [LOG] [popcorn-init] OK: wrapper-html5 @ http://localhost:5173/src/lib/popcornInit.js?t=1787453298619:48
[   67877ms] [LOG] [popcorn-init] OK: wrapper-vrview @ http://localhost:5173/src/lib/popcornInit.js?t=1787453298619:48
[   67877ms] [LOG] [popcorn-init] OK: wrapper-adaptive @ http://localhost:5173/src/lib/popcornInit.js?t=1787453298619:48
[   67878ms] [LOG] [popcorn-init] OK: wrapper-null @ http://localhost:5173/src/lib/popcornInit.js?t=1787453298619:48
[   67878ms] [LOG] [popcorn-init] OK: wrapper-soundcloud @ http://localhost:5173/src/lib/popcornInit.js?t=1787453298619:48
[   67879ms] [LOG] [popcorn-init] OK: wrapper-vimeo @ http://localhost:5173/src/lib/popcornInit.js?t=1787453298619:48
[   67879ms] [LOG] [popcorn-init] OK: wrapper-youtube @ http://localhost:5173/src/lib/popcornInit.js?t=1787453298619:48
[   67879ms] [LOG] [popcorn-init] OK: wrapper-jwplayer @ http://localhost:5173/src/lib/popcornInit.js?t=1787453298619:48
[   67880ms] [LOG] [popcorn-init] OK: player-module @ http://localhost:5173/src/lib/popcornInit.js?t=1787453298619:48
[   67887ms] [LOG] [LandingPage] Header.jsx loaded @ http://localhost:5173/src/components/landing/LandingPage.jsx?t=1787453298619:176
[   68021ms] [LOG] [LandingPage] CinematicVideoHero.jsx loaded @ http://localhost:5173/src/components/landing/LandingPage.jsx?t=1787453298619:189
[   68270ms] [LOG] [LandingPage] HeroSection.jsx loaded @ http://localhost:5173/src/components/landing/LandingPage.jsx?t=1787453298619:202
[   68271ms] [LOG] [LandingPage] Observer created for: scrolling placeholder id: section-scrolling @ http://localhost:5173/src/components/landing/LandingPage.jsx?t=1787453298619:160
[   68271ms] [LOG] [LandingPage] Observer created for: hook placeholder id: section-hook @ http://localhost:5173/src/components/landing/LandingPage.jsx?t=1787453298619:160
[   68271ms] [LOG] [LandingPage] Observer created for: engines placeholder id: section-engines @ http://localhost:5173/src/components/landing/LandingPage.jsx?t=1787453298619:160
[   68271ms] [LOG] [LandingPage] Observer created for: apps placeholder id: section-apps @ http://localhost:5173/src/components/landing/LandingPage.jsx?t=1787453298619:160
[   68271ms] [LOG] [LandingPage] Observer created for: features placeholder id: section-features @ http://localhost:5173/src/components/landing/LandingPage.jsx?t=1787453298619:160
[   68271ms] [LOG] [LandingPage] Observer created for: problem placeholder id: section-problem @ http://localhost:5173/src/components/landing/LandingPage.jsx?t=1787453298619:160
[   68271ms] [LOG] [LandingPage] Observer created for: workflow placeholder id: section-workflow @ http://localhost:5173/src/components/landing/LandingPage.jsx?t=1787453298619:160
[   68271ms] [LOG] [LandingPage] Observer created for: comparison placeholder id: section-comparison @ http://localhost:5173/src/components/landing/LandingPage.jsx?t=1787453298619:160
[   68271ms] [LOG] [LandingPage] Observer created for: value placeholder id: section-value @ http://localhost:5173/src/components/landing/LandingPage.jsx?t=1787453298619:160
[   68272ms] [LOG] [LandingPage] Observer created for: agency placeholder id: section-agency @ http://localhost:5173/src/components/landing/LandingPage.jsx?t=1787453298619:160
[   68272ms] [LOG] [LandingPage] Observer created for: offer placeholder id: section-offer @ http://localhost:5173/src/components/landing/LandingPage.jsx?t=1787453298619:160
[   68272ms] [LOG] [LandingPage] Observer created for: cta placeholder id: section-cta @ http://localhost:5173/src/components/landing/LandingPage.jsx?t=1787453298619:160
[   68272ms] [LOG] [LandingPage] Observer created for: ai-workflow placeholder id: section-ai-workflow @ http://localhost:5173/src/components/landing/LandingPage.jsx?t=1787453298619:160
[   68272ms] [LOG] [LandingPage] Observer created for: made-with placeholder id: section-made-with @ http://localhost:5173/src/components/landing/LandingPage.jsx?t=1787453298619:160
[   68272ms] [LOG] [LandingPage] Observer created for: ugc placeholder id: section-ugc @ http://localhost:5173/src/components/landing/LandingPage.jsx?t=1787453298619:160
[   68272ms] [LOG] [LandingPage] Observer created for: gallery placeholder id: section-gallery @ http://localhost:5173/src/components/landing/LandingPage.jsx?t=1787453298619:160
[   68272ms] [LOG] [LandingPage] Observer created for: academy placeholder id: section-academy @ http://localhost:5173/src/components/landing/LandingPage.jsx?t=1787453298619:160
[   68272ms] [LOG] [LandingPage] Observer created for: repo-cinema placeholder id: section-repo-cinema @ http://localhost:5173/src/components/landing/LandingPage.jsx?t=1787453298619:160
[   68272ms] [LOG] [LandingPage] Observer created for: repo-commercial placeholder id: section-repo-commercial @ http://localhost:5173/src/components/landing/LandingPage.jsx?t=1787453298619:160
[   68272ms] [LOG] [LandingPage] Observer created for: repo-social-ads placeholder id: section-repo-social-ads @ http://localhost:5173/src/components/landing/LandingPage.jsx?t=1787453298619:160
[   68272ms] [LOG] [LandingPage] Observer created for: repo-narrative placeholder id: section-repo-narrative @ http://localhost:5173/src/components/landing/LandingPage.jsx?t=1787453298619:160
[   68272ms] [LOG] [LandingPage] Observer created for: repo-vertical placeholder id: section-repo-vertical @ http://localhost:5173/src/components/landing/LandingPage.jsx?t=1787453298619:160
[   68272ms] [LOG] [LandingPage] Observer created for: repo-ecommerce placeholder id: section-repo-ecommerce @ http://localhost:5173/src/components/landing/LandingPage.jsx?t=1787453298619:160
[   68272ms] [LOG] [LandingPage] Observer created for: repo-kinetic placeholder id: section-repo-kinetic @ http://localhost:5173/src/components/landing/LandingPage.jsx?t=1787453298619:160
[   68272ms] [LOG] [LandingPage] Observer created for: repo-animated placeholder id: section-repo-animated @ http://localhost:5173/src/components/landing/LandingPage.jsx?t=1787453298619:160
[   68272ms] [LOG] [LandingPage] Observer created for: repo-animation placeholder id: section-repo-animation @ http://localhost:5173/src/components/landing/LandingPage.jsx?t=1787453298619:160
[   68272ms] [LOG] [LandingPage] Observer created for: repo-reference placeholder id: section-repo-reference @ http://localhost:5173/src/components/landing/LandingPage.jsx?t=1787453298619:160
[   68272ms] [LOG] [LandingPage] Observer created for: repo-vfx placeholder id: section-repo-vfx @ http://localhost:5173/src/components/landing/LandingPage.jsx?t=1787453298619:160
[   68272ms] [LOG] [LandingPage] Observer created for: repo-fashion placeholder id: section-repo-fashion @ http://localhost:5173/src/components/landing/LandingPage.jsx?t=1787453298619:160
[   68272ms] [LOG] [LandingPage] Observer created for: repos placeholder id: section-repos @ http://localhost:5173/src/components/landing/LandingPage.jsx?t=1787453298619:160
[   68273ms] [LOG] [LandingPage] Observer created for: gtm-boost placeholder id: section-gtm-boost @ http://localhost:5173/src/components/landing/LandingPage.jsx?t=1787453298619:160
[   68274ms] [LOG] [App] Landing page rendered @ http://localhost:5173/src/main.js?t=1787453298619:88
[   68286ms] [LOG] [LandingPage] IntersectionObserver fired for repo-vfx [Object] @ http://localhost:5173/src/components/landing/LandingPage.jsx?t=1787453298619:119
[   68286ms] [LOG] [LandingPage] Loading section: repo-vfx @ http://localhost:5173/src/components/landing/LandingPage.jsx?t=1787453298619:122
[   68286ms] [LOG] [LandingPage] IntersectionObserver fired for gtm-boost [Object] @ http://localhost:5173/src/components/landing/LandingPage.jsx?t=1787453298619:119
[   68287ms] [LOG] [LandingPage] Loading section: gtm-boost @ http://localhost:5173/src/components/landing/LandingPage.jsx?t=1787453298619:122
[   68287ms] [LOG] [LandingPage] IntersectionObserver fired for repo-cinema [Object] @ http://localhost:5173/src/components/landing/LandingPage.jsx?t=1787453298619:119
[   68287ms] [LOG] [LandingPage] Loading section: repo-cinema @ http://localhost:5173/src/components/landing/LandingPage.jsx?t=1787453298619:122
[   68288ms] [LOG] [LandingPage] IntersectionObserver fired for made-with [Object] @ http://localhost:5173/src/components/landing/LandingPage.jsx?t=1787453298619:119
[   68288ms] [LOG] [LandingPage] Loading section: made-with @ http://localhost:5173/src/components/landing/LandingPage.jsx?t=1787453298619:122
[   68288ms] [LOG] [LandingPage] IntersectionObserver fired for agency [Object] @ http://localhost:5173/src/components/landing/LandingPage.jsx?t=1787453298619:119
[   68288ms] [LOG] [LandingPage] Loading section: agency @ http://localhost:5173/src/components/landing/LandingPage.jsx?t=1787453298619:122
[   68288ms] [LOG] [LandingPage] IntersectionObserver fired for repo-animation [Object] @ http://localhost:5173/src/components/landing/LandingPage.jsx?t=1787453298619:119
[   68288ms] [LOG] [LandingPage] Loading section: repo-animation @ http://localhost:5173/src/components/landing/LandingPage.jsx?t=1787453298619:122
[   68288ms] [LOG] [LandingPage] IntersectionObserver fired for features [Object] @ http://localhost:5173/src/components/landing/LandingPage.jsx?t=1787453298619:119
[   68288ms] [LOG] [LandingPage] Loading section: features @ http://localhost:5173/src/components/landing/LandingPage.jsx?t=1787453298619:122
[   68289ms] [LOG] [LandingPage] IntersectionObserver fired for academy [Object] @ http://localhost:5173/src/components/landing/LandingPage.jsx?t=1787453298619:119
[   68289ms] [LOG] [LandingPage] Loading section: academy @ http://localhost:5173/src/components/landing/LandingPage.jsx?t=1787453298619:122
[   68289ms] [LOG] [LandingPage] IntersectionObserver fired for workflow [Object] @ http://localhost:5173/src/components/landing/LandingPage.jsx?t=1787453298619:119
[   68289ms] [LOG] [LandingPage] Loading section: workflow @ http://localhost:5173/src/components/landing/LandingPage.jsx?t=1787453298619:122
[   68289ms] [LOG] [LandingPage] IntersectionObserver fired for problem [Object] @ http://localhost:5173/src/components/landing/LandingPage.jsx?t=1787453298619:119
[   68290ms] [LOG] [LandingPage] Loading section: problem @ http://localhost:5173/src/components/landing/LandingPage.jsx?t=1787453298619:122
[   68290ms] [LOG] [LandingPage] IntersectionObserver fired for repo-animated [Object] @ http://localhost:5173/src/components/landing/LandingPage.jsx?t=1787453298619:119
[   68290ms] [LOG] [LandingPage] Loading section: repo-animated @ http://localhost:5173/src/components/landing/LandingPage.jsx?t=1787453298619:122
[   68290ms] [LOG] [LandingPage] IntersectionObserver fired for repos [Object] @ http://localhost:5173/src/components/landing/LandingPage.jsx?t=1787453298619:119
[   68290ms] [LOG] [LandingPage] Loading section: repos @ http://localhost:5173/src/components/landing/LandingPage.jsx?t=1787453298619:122
[   68290ms] [LOG] [LandingPage] IntersectionObserver fired for ugc [Object] @ http://localhost:5173/src/components/landing/LandingPage.jsx?t=1787453298619:119
[   68290ms] [LOG] [LandingPage] Loading section: ugc @ http://localhost:5173/src/components/landing/LandingPage.jsx?t=1787453298619:122
[   68291ms] [LOG] [LandingPage] IntersectionObserver fired for repo-kinetic [Object] @ http://localhost:5173/src/components/landing/LandingPage.jsx?t=1787453298619:119
[   68291ms] [LOG] [LandingPage] Loading section: repo-kinetic @ http://localhost:5173/src/components/landing/LandingPage.jsx?t=1787453298619:122
[   68292ms] [LOG] [LandingPage] IntersectionObserver fired for repo-fashion [Object] @ http://localhost:5173/src/components/landing/LandingPage.jsx?t=1787453298619:119
[   68292ms] [LOG] [LandingPage] Loading section: repo-fashion @ http://localhost:5173/src/components/landing/LandingPage.jsx?t=1787453298619:122
[   68292ms] [LOG] [LandingPage] IntersectionObserver fired for engines [Object] @ http://localhost:5173/src/components/landing/LandingPage.jsx?t=1787453298619:119
[   68292ms] [LOG] [LandingPage] Loading section: engines @ http://localhost:5173/src/components/landing/LandingPage.jsx?t=1787453298619:122
[   68293ms] [LOG] [LandingPage] IntersectionObserver fired for hook [Object] @ http://localhost:5173/src/components/landing/LandingPage.jsx?t=1787453298619:119
[   68293ms] [LOG] [LandingPage] Loading section: hook @ http://localhost:5173/src/components/landing/LandingPage.jsx?t=1787453298619:122
[   68293ms] [LOG] [LandingPage] IntersectionObserver fired for apps [Object] @ http://localhost:5173/src/components/landing/LandingPage.jsx?t=1787453298619:119
[   68294ms] [LOG] [LandingPage] Loading section: apps @ http://localhost:5173/src/components/landing/LandingPage.jsx?t=1787453298619:122
[   68294ms] [LOG] [LandingPage] IntersectionObserver fired for cta [Object] @ http://localhost:5173/src/components/landing/LandingPage.jsx?t=1787453298619:119
[   68294ms] [LOG] [LandingPage] Loading section: cta @ http://localhost:5173/src/components/landing/LandingPage.jsx?t=1787453298619:122
[   68294ms] [LOG] [LandingPage] IntersectionObserver fired for repo-narrative [Object] @ http://localhost:5173/src/components/landing/LandingPage.jsx?t=1787453298619:119
[   68295ms] [LOG] [LandingPage] Loading section: repo-narrative @ http://localhost:5173/src/components/landing/LandingPage.jsx?t=1787453298619:122
[   68295ms] [LOG] [LandingPage] IntersectionObserver fired for value [Object] @ http://localhost:5173/src/components/landing/LandingPage.jsx?t=1787453298619:119
[   68295ms] [LOG] [LandingPage] Loading section: value @ http://localhost:5173/src/components/landing/LandingPage.jsx?t=1787453298619:122
[   68295ms] [LOG] [LandingPage] IntersectionObserver fired for repo-social-ads [Object] @ http://localhost:5173/src/components/landing/LandingPage.jsx?t=1787453298619:119
[   68295ms] [LOG] [LandingPage] Loading section: repo-social-ads @ http://localhost:5173/src/components/landing/LandingPage.jsx?t=1787453298619:122
[   68295ms] [LOG] [LandingPage] IntersectionObserver fired for offer [Object] @ http://localhost:5173/src/components/landing/LandingPage.jsx?t=1787453298619:119
[   68296ms] [LOG] [LandingPage] Loading section: offer @ http://localhost:5173/src/components/landing/LandingPage.jsx?t=1787453298619:122
[   68296ms] [LOG] [LandingPage] IntersectionObserver fired for repo-ecommerce [Object] @ http://localhost:5173/src/components/landing/LandingPage.jsx?t=1787453298619:119
[   68296ms] [LOG] [LandingPage] Loading section: repo-ecommerce @ http://localhost:5173/src/components/landing/LandingPage.jsx?t=1787453298619:122
[   68296ms] [LOG] [LandingPage] IntersectionObserver fired for ai-workflow [Object] @ http://localhost:5173/src/components/landing/LandingPage.jsx?t=1787453298619:119
[   68296ms] [LOG] [LandingPage] Loading section: ai-workflow @ http://localhost:5173/src/components/landing/LandingPage.jsx?t=1787453298619:122
[   68297ms] [LOG] [LandingPage] IntersectionObserver fired for gallery [Object] @ http://localhost:5173/src/components/landing/LandingPage.jsx?t=1787453298619:119
[   68297ms] [LOG] [LandingPage] Loading section: gallery @ http://localhost:5173/src/components/landing/LandingPage.jsx?t=1787453298619:122
[   68297ms] [LOG] [LandingPage] IntersectionObserver fired for repo-reference [Object] @ http://localhost:5173/src/components/landing/LandingPage.jsx?t=1787453298619:119
[   68297ms] [LOG] [LandingPage] Loading section: repo-reference @ http://localhost:5173/src/components/landing/LandingPage.jsx?t=1787453298619:122
[   68298ms] [LOG] [LandingPage] IntersectionObserver fired for repo-vertical [Object] @ http://localhost:5173/src/components/landing/LandingPage.jsx?t=1787453298619:119
[   68298ms] [LOG] [LandingPage] Loading section: repo-vertical @ http://localhost:5173/src/components/landing/LandingPage.jsx?t=1787453298619:122
[   68298ms] [LOG] [LandingPage] IntersectionObserver fired for comparison [Object] @ http://localhost:5173/src/components/landing/LandingPage.jsx?t=1787453298619:119
[   68298ms] [LOG] [LandingPage] Loading section: comparison @ http://localhost:5173/src/components/landing/LandingPage.jsx?t=1787453298619:122
[   68298ms] [LOG] [LandingPage] IntersectionObserver fired for scrolling [Object] @ http://localhost:5173/src/components/landing/LandingPage.jsx?t=1787453298619:119
[   68298ms] [LOG] [LandingPage] Loading section: scrolling @ http://localhost:5173/src/components/landing/LandingPage.jsx?t=1787453298619:122
[   68299ms] [LOG] [LandingPage] IntersectionObserver fired for repo-commercial [Object] @ http://localhost:5173/src/components/landing/LandingPage.jsx?t=1787453298619:119
[   68299ms] [LOG] [LandingPage] Loading section: repo-commercial @ http://localhost:5173/src/components/landing/LandingPage.jsx?t=1787453298619:122
[   68564ms] [LOG] [LandingPage] Section loaded: agency @ http://localhost:5173/src/components/landing/LandingPage.jsx?t=1787453298619:141
[   68566ms] [LOG] [LandingPage] Section loaded: features @ http://localhost:5173/src/components/landing/LandingPage.jsx?t=1787453298619:141
[   68569ms] [LOG] [LandingPage] Section loaded: workflow @ http://localhost:5173/src/components/landing/LandingPage.jsx?t=1787453298619:141
[   68577ms] [LOG] [LandingPage] Section loaded: problem @ http://localhost:5173/src/components/landing/LandingPage.jsx?t=1787453298619:141
[   68579ms] [LOG] [LandingPage] Section loaded: engines @ http://localhost:5173/src/components/landing/LandingPage.jsx?t=1787453298619:141
[   68580ms] [LOG] [LandingPage] Section loaded: repos @ http://localhost:5173/src/components/landing/LandingPage.jsx?t=1787453298619:141
[   68582ms] [LOG] [LandingPage] Section loaded: hook @ http://localhost:5173/src/components/landing/LandingPage.jsx?t=1787453298619:141
[   68606ms] [LOG] [LandingPage] Section loaded: cta @ http://localhost:5173/src/components/landing/LandingPage.jsx?t=1787453298619:141
[   68615ms] [LOG] [LandingPage] Section loaded: value @ http://localhost:5173/src/components/landing/LandingPage.jsx?t=1787453298619:141
[   68616ms] [LOG] [LandingPage] Section loaded: offer @ http://localhost:5173/src/components/landing/LandingPage.jsx?t=1787453298619:141
[   68714ms] [LOG] [LandingPage] Section loaded: ugc @ http://localhost:5173/src/components/landing/LandingPage.jsx?t=1787453298619:141
[   68719ms] [LOG] [LandingPage] Section loaded: made-with @ http://localhost:5173/src/components/landing/LandingPage.jsx?t=1787453298619:141
[   68721ms] [LOG] [LandingPage] Section loaded: gtm-boost @ http://localhost:5173/src/components/landing/LandingPage.jsx?t=1787453298619:141
[   68729ms] [LOG] [LandingPage] Section loaded: gallery @ http://localhost:5173/src/components/landing/LandingPage.jsx?t=1787453298619:141
[   68730ms] [LOG] [LandingPage] Section loaded: ai-workflow @ http://localhost:5173/src/components/landing/LandingPage.jsx?t=1787453298619:141
[   68736ms] [LOG] [LandingPage] Section loaded: repo-fashion @ http://localhost:5173/src/components/landing/LandingPage.jsx?t=1787453298619:141
[   68747ms] [LOG] [LandingPage] Section loaded: repo-cinema @ http://localhost:5173/src/components/landing/LandingPage.jsx?t=1787453298619:141
[   68770ms] [LOG] [LandingPage] Section loaded: repo-narrative @ http://localhost:5173/src/components/landing/LandingPage.jsx?t=1787453298619:141
[   68791ms] [LOG] [LandingPage] Section loaded: repo-social-ads @ http://localhost:5173/src/components/landing/LandingPage.jsx?t=1787453298619:141
[   68806ms] [LOG] [LandingPage] Section loaded: repo-animation @ http://localhost:5173/src/components/landing/LandingPage.jsx?t=1787453298619:141
[   68818ms] [LOG] [LandingPage] Section loaded: repo-vertical @ http://localhost:5173/src/components/landing/LandingPage.jsx?t=1787453298619:141
[   68904ms] [LOG] [LandingPage] Section loaded: repo-kinetic @ http://localhost:5173/src/components/landing/LandingPage.jsx?t=1787453298619:141
[   68916ms] [LOG] [LandingPage] Section loaded: repo-reference @ http://localhost:5173/src/components/landing/LandingPage.jsx?t=1787453298619:141
[   68933ms] [LOG] [LandingPage] Section loaded: repo-animated @ http://localhost:5173/src/components/landing/LandingPage.jsx?t=1787453298619:141
[   68946ms] [LOG] [LandingPage] Section loaded: repo-vfx @ http://localhost:5173/src/components/landing/LandingPage.jsx?t=1787453298619:141
[   68957ms] [LOG] [LandingPage] Section loaded: repo-ecommerce @ http://localhost:5173/src/components/landing/LandingPage.jsx?t=1787453298619:141
[   68964ms] [LOG] [LandingPage] Section loaded: repo-commercial @ http://localhost:5173/src/components/landing/LandingPage.jsx?t=1787453298619:141
[   68966ms] [LOG] [LandingPage] Section loaded: comparison @ http://localhost:5173/src/components/landing/LandingPage.jsx?t=1787453298619:141
[   68971ms] [LOG] [LandingPage] Section loaded: scrolling @ http://localhost:5173/src/components/landing/LandingPage.jsx?t=1787453298619:141
[   69073ms] [LOG] [LandingPage] Section loaded: academy @ http://localhost:5173/src/components/landing/LandingPage.jsx?t=1787453298619:141
[   69077ms] [LOG] [LandingPage] Section loaded: apps @ http://localhost:5173/src/components/landing/LandingPage.jsx?t=1787453298619:141
[   69169ms] [INFO] %cDownload the React DevTools for a better development experience: https://react.dev/link/react-devtools font-weight:bold @ http://localhost:5173/node_modules/.vite/deps/chunk-EEAUBQDT.js?v=93c1ec86:20096
[   69180ms] [ERROR] [ModalSystem] mount failed TypeError: Class constructor SortableElement cannot be invoked without 'new'
    at http://localhost:5173/components/modals/RetargetOptInModal.jsx?t=1787453298619:26:22 @ http://localhost:5173/src/main.js?t=1787453298619:329
[   69185ms] [ERROR] [popcorn-init] FAILED at: plugin-image TypeError: Class constructor SortableElement cannot be invoked without 'new'
    at http://localhost:5173/components/modals/RetargetOptInModal.jsx?t=1787453298619:26:22 @ http://localhost:5173/src/lib/popcornInit.js?t=1787453298619:55
[   69348ms] [ERROR] [popcorn-init] FAILED at: plugin-jsonTransition TypeError: Class constructor SortableElement cannot be invoked without 'new'
    at http://localhost:5173/components/modals/RetargetOptInModal.jsx?t=1787453298619:26:22 @ http://localhost:5173/src/lib/popcornInit.js?t=1787453298619:55
[   69365ms] [ERROR] [popcorn-init] FAILED at: plugin-lottie-json TypeError: Class constructor SortableElement cannot be invoked without 'new'
    at http://localhost:5173/components/modals/RetargetOptInModal.jsx?t=1787453298619:26:22 @ http://localhost:5173/src/lib/popcornInit.js?t=1787453298619:55
[   69379ms] [LOG] [popcorn-init] OK: plugin-json-button @ http://localhost:5173/src/lib/popcornInit.js?t=1787453298619:48
[   69390ms] [ERROR] [popcorn-init] FAILED at: plugin-personalizedImage TypeError: Class constructor SortableElement cannot be invoked without 'new'
    at http://localhost:5173/components/modals/RetargetOptInModal.jsx?t=1787453298619:26:22 @ http://localhost:5173/src/lib/popcornInit.js?t=1787453298619:55
[   69397ms] [ERROR] [popcorn-init] FAILED at: plugin-loopPlugin TypeError: Class constructor SortableElement cannot be invoked without 'new'
    at http://localhost:5173/components/modals/RetargetOptInModal.jsx?t=1787453298619:26:22 @ http://localhost:5173/src/lib/popcornInit.js?t=1787453298619:55
[   69407ms] [ERROR] [popcorn-init] FAILED at: plugin-pausePlugin TypeError: Class constructor SortableElement cannot be invoked without 'new'
    at http://localhost:5173/components/modals/RetargetOptInModal.jsx?t=1787453298619:26:22 @ http://localhost:5173/src/lib/popcornInit.js?t=1787453298619:55
[   69425ms] [ERROR] [popcorn-init] FAILED at: plugin-form TypeError: Class constructor SortableElement cannot be invoked without 'new'
    at http://localhost:5173/components/modals/RetargetOptInModal.jsx?t=1787453298619:26:22 @ http://localhost:5173/src/lib/popcornInit.js?t=1787453298619:55
[   69437ms] [ERROR] [popcorn-init] FAILED at: plugin-retarget TypeError: Class constructor SortableElement cannot be invoked without 'new'
    at http://localhost:5173/components/modals/RetargetOptInModal.jsx?t=1787453298619:26:22 @ http://localhost:5173/src/lib/popcornInit.js?t=1787453298619:55
[   69446ms] [LOG] [popcorn-init] OK: plugin-popup @ http://localhost:5173/src/lib/popcornInit.js?t=1787453298619:48
[   69530ms] [ERROR] [popcorn-init] FAILED at: plugin-sequencer TypeError: Class constructor SortableElement cannot be invoked without 'new'
    at http://localhost:5173/components/modals/RetargetOptInModal.jsx?t=1787453298619:26:22 @ http://localhost:5173/src/lib/popcornInit.js?t=1787453298619:55
[   69543ms] [ERROR] [popcorn-init] FAILED at: plugin-skip TypeError: Class constructor SortableElement cannot be invoked without 'new'
    at http://localhost:5173/components/modals/RetargetOptInModal.jsx?t=1787453298619:26:22 @ http://localhost:5173/src/lib/popcornInit.js?t=1787453298619:55
[   69599ms] [ERROR] [popcorn-init] FAILED at: plugin-text TypeError: Class constructor SortableElement cannot be invoked without 'new'
    at http://localhost:5173/components/modals/RetargetOptInModal.jsx?t=1787453298619:26:22 @ http://localhost:5173/src/lib/popcornInit.js?t=1787453298619:55
[   69663ms] [LOG] [popcorn-init] OK: plugin-social @ http://localhost:5173/src/lib/popcornInit.js?t=1787453298619:48
[   69677ms] [ERROR] [popcorn-init] FAILED at: plugin-jsonAnimation TypeError: Class constructor SortableElement cannot be invoked without 'new'
    at http://localhost:5173/components/modals/RetargetOptInModal.jsx?t=1787453298619:26:22 @ http://localhost:5173/src/lib/popcornInit.js?t=1787453298619:55
[   69694ms] [LOG] [popcorn-init] OK: plugin-videoTransition @ http://localhost:5173/src/lib/popcornInit.js?t=1787453298619:48
[   69703ms] [ERROR] [popcorn-init] FAILED at: plugin-seethroughtext TypeError: Class constructor SortableElement cannot be invoked without 'new'
    at http://localhost:5173/components/modals/RetargetOptInModal.jsx?t=1787453298619:26:22 @ http://localhost:5173/src/lib/popcornInit.js?t=1787453298619:55
[   69710ms] [LOG] [popcorn-init] OK: plugin-wikipedia @ http://localhost:5173/src/lib/popcornInit.js?t=1787453298619:48
[   69718ms] [ERROR] [popcorn-init] FAILED at: plugin-combined TypeError: Class constructor SortableElement cannot be invoked without 'new'
    at http://localhost:5173/components/modals/RetargetOptInModal.jsx?t=1787453298619:26:22 @ http://localhost:5173/src/lib/popcornInit.js?t=1787453298619:55
[   69723ms] [ERROR] [popcorn-init] FAILED at: plugin-background TypeError: Class constructor SortableElement cannot be invoked without 'new'
    at http://localhost:5173/components/modals/RetargetOptInModal.jsx?t=1787453298619:26:22 @ http://localhost:5173/src/lib/popcornInit.js?t=1787453298619:55
[   69723ms] [LOG] [popcorn-init] SUMMARY: 5/20 plugins registered; FAILED: plugin-image, plugin-jsonTransition, plugin-lottie-json, plugin-personalizedImage, plugin-loopPlugin, plugin-pausePlugin, plugin-form, plugin-retarget, plugin-sequencer, plugin-skip, plugin-text, plugin-jsonAnimation, plugin-seethroughtext, plugin-combined, plugin-background @ http://localhost:5173/src/lib/popcornInit.js?t=1787453298619:60
[   69723ms] [LOG] [popcorn] function 5 @ http://localhost:5173/src/main.js?t=1787453298619:4
[   73734ms] [LOG] [App] Starting initialization... @ http://localhost:5173/src/main.js?t=1787453339349:19
[   74063ms] [LOG] [App] Starting initialization... @ http://localhost:5173/src/main.js?t=1787453339349:19
[   74072ms] [LOG] [popcorn-init] OK: jquery @ http://localhost:5173/src/lib/popcornInit.js?t=1787453339349:41
[   74073ms] [LOG] [popcorn-init] OK: jquery-textfill @ http://localhost:5173/src/lib/popcornInit.js?t=1787453339349:48
[   74075ms] [LOG] [popcorn-init] OK: popcorn-core @ http://localhost:5173/src/lib/popcornInit.js?t=1787453339349:48
[   74076ms] [LOG] [popcorn-init] OK: popcorn-ie8 @ http://localhost:5173/src/lib/popcornInit.js?t=1787453339349:48
[   74077ms] [LOG] [popcorn-init] OK: wrapper-common @ http://localhost:5173/src/lib/popcornInit.js?t=1787453339349:48
[   74077ms] [LOG] [popcorn-init] OK: wrapper-html5 @ http://localhost:5173/src/lib/popcornInit.js?t=1787453339349:48
[   74078ms] [LOG] [popcorn-init] OK: wrapper-vrview @ http://localhost:5173/src/lib/popcornInit.js?t=1787453339349:48
[   74078ms] [LOG] [popcorn-init] OK: wrapper-adaptive @ http://localhost:5173/src/lib/popcornInit.js?t=1787453339349:48
[   74079ms] [LOG] [popcorn-init] OK: wrapper-null @ http://localhost:5173/src/lib/popcornInit.js?t=1787453339349:48
[   74080ms] [LOG] [popcorn-init] OK: wrapper-soundcloud @ http://localhost:5173/src/lib/popcornInit.js?t=1787453339349:48
[   74080ms] [LOG] [popcorn-init] OK: wrapper-vimeo @ http://localhost:5173/src/lib/popcornInit.js?t=1787453339349:48
[   74080ms] [LOG] [popcorn-init] OK: wrapper-youtube @ http://localhost:5173/src/lib/popcornInit.js?t=1787453339349:48
[   74081ms] [LOG] [popcorn-init] OK: wrapper-jwplayer @ http://localhost:5173/src/lib/popcornInit.js?t=1787453339349:48
[   74081ms] [LOG] [popcorn-init] OK: player-module @ http://localhost:5173/src/lib/popcornInit.js?t=1787453339349:48
[   74131ms] [LOG] [LandingPage] Header.jsx loaded @ http://localhost:5173/src/components/landing/LandingPage.jsx?t=1787453339349:176
[   74495ms] [LOG] [LandingPage] CinematicVideoHero.jsx loaded @ http://localhost:5173/src/components/landing/LandingPage.jsx?t=1787453339349:189
[   75417ms] [LOG] [LandingPage] HeroSection.jsx loaded @ http://localhost:5173/src/components/landing/LandingPage.jsx?t=1787453339349:202
[   75418ms] [LOG] [LandingPage] Observer created for: scrolling placeholder id: section-scrolling @ http://localhost:5173/src/components/landing/LandingPage.jsx?t=1787453339349:160
[   75418ms] [LOG] [LandingPage] Observer created for: hook placeholder id: section-hook @ http://localhost:5173/src/components/landing/LandingPage.jsx?t=1787453339349:160
[   75418ms] [LOG] [LandingPage] Observer created for: engines placeholder id: section-engines @ http://localhost:5173/src/components/landing/LandingPage.jsx?t=1787453339349:160
[   75418ms] [LOG] [LandingPage] Observer created for: apps placeholder id: section-apps @ http://localhost:5173/src/components/landing/LandingPage.jsx?t=1787453339349:160
[   75418ms] [LOG] [LandingPage] Observer created for: features placeholder id: section-features @ http://localhost:5173/src/components/landing/LandingPage.jsx?t=1787453339349:160
[   75418ms] [LOG] [LandingPage] Observer created for: problem placeholder id: section-problem @ http://localhost:5173/src/components/landing/LandingPage.jsx?t=1787453339349:160
[   75418ms] [LOG] [LandingPage] Observer created for: workflow placeholder id: section-workflow @ http://localhost:5173/src/components/landing/LandingPage.jsx?t=1787453339349:160
[   75418ms] [LOG] [LandingPage] Observer created for: comparison placeholder id: section-comparison @ http://localhost:5173/src/components/landing/LandingPage.jsx?t=1787453339349:160
[   75418ms] [LOG] [LandingPage] Observer created for: value placeholder id: section-value @ http://localhost:5173/src/components/landing/LandingPage.jsx?t=1787453339349:160
[   75418ms] [LOG] [LandingPage] Observer created for: agency placeholder id: section-agency @ http://localhost:5173/src/components/landing/LandingPage.jsx?t=1787453339349:160
[   75418ms] [LOG] [LandingPage] Observer created for: offer placeholder id: section-offer @ http://localhost:5173/src/components/landing/LandingPage.jsx?t=1787453339349:160
[   75419ms] [LOG] [LandingPage] Observer created for: cta placeholder id: section-cta @ http://localhost:5173/src/components/landing/LandingPage.jsx?t=1787453339349:160
[   75419ms] [LOG] [LandingPage] Observer created for: ai-workflow placeholder id: section-ai-workflow @ http://localhost:5173/src/components/landing/LandingPage.jsx?t=1787453339349:160
[   75419ms] [LOG] [LandingPage] Observer created for: made-with placeholder id: section-made-with @ http://localhost:5173/src/components/landing/LandingPage.jsx?t=1787453339349:160
[   75419ms] [LOG] [LandingPage] Observer created for: ugc placeholder id: section-ugc @ http://localhost:5173/src/components/landing/LandingPage.jsx?t=1787453339349:160
[   75419ms] [LOG] [LandingPage] Observer created for: gallery placeholder id: section-gallery @ http://localhost:5173/src/components/landing/LandingPage.jsx?t=1787453339349:160
[   75419ms] [LOG] [LandingPage] Observer created for: academy placeholder id: section-academy @ http://localhost:5173/src/components/landing/LandingPage.jsx?t=1787453339349:160
[   75419ms] [LOG] [LandingPage] Observer created for: repo-cinema placeholder id: section-repo-cinema @ http://localhost:5173/src/components/landing/LandingPage.jsx?t=1787453339349:160
[   75419ms] [LOG] [LandingPage] Observer created for: repo-commercial placeholder id: section-repo-commercial @ http://localhost:5173/src/components/landing/LandingPage.jsx?t=1787453339349:160
[   75419ms] [LOG] [LandingPage] Observer created for: repo-social-ads placeholder id: section-repo-social-ads @ http://localhost:5173/src/components/landing/LandingPage.jsx?t=1787453339349:160
[   75419ms] [LOG] [LandingPage] Observer created for: repo-narrative placeholder id: section-repo-narrative @ http://localhost:5173/src/components/landing/LandingPage.jsx?t=1787453339349:160
[   75419ms] [LOG] [LandingPage] Observer created for: repo-vertical placeholder id: section-repo-vertical @ http://localhost:5173/src/components/landing/LandingPage.jsx?t=1787453339349:160
[   75419ms] [LOG] [LandingPage] Observer created for: repo-ecommerce placeholder id: section-repo-ecommerce @ http://localhost:5173/src/components/landing/LandingPage.jsx?t=1787453339349:160
[   75419ms] [LOG] [LandingPage] Observer created for: repo-kinetic placeholder id: section-repo-kinetic @ http://localhost:5173/src/components/landing/LandingPage.jsx?t=1787453339349:160
[   75419ms] [LOG] [LandingPage] Observer created for: repo-animated placeholder id: section-repo-animated @ http://localhost:5173/src/components/landing/LandingPage.jsx?t=1787453339349:160
[   75419ms] [LOG] [LandingPage] Observer created for: repo-animation placeholder id: section-repo-animation @ http://localhost:5173/src/components/landing/LandingPage.jsx?t=1787453339349:160
[   75419ms] [LOG] [LandingPage] Observer created for: repo-reference placeholder id: section-repo-reference @ http://localhost:5173/src/components/landing/LandingPage.jsx?t=1787453339349:160
[   75419ms] [LOG] [LandingPage] Observer created for: repo-vfx placeholder id: section-repo-vfx @ http://localhost:5173/src/components/landing/LandingPage.jsx?t=1787453339349:160
[   75419ms] [LOG] [LandingPage] Observer created for: repo-fashion placeholder id: section-repo-fashion @ http://localhost:5173/src/components/landing/LandingPage.jsx?t=1787453339349:160
[   75420ms] [LOG] [LandingPage] Observer created for: repos placeholder id: section-repos @ http://localhost:5173/src/components/landing/LandingPage.jsx?t=1787453339349:160
[   75420ms] [LOG] [LandingPage] Observer created for: gtm-boost placeholder id: section-gtm-boost @ http://localhost:5173/src/components/landing/LandingPage.jsx?t=1787453339349:160
[   75420ms] [LOG] [App] Landing page rendered @ http://localhost:5173/src/main.js?t=1787453339349:88
[   75433ms] [LOG] [LandingPage] IntersectionObserver fired for academy [Object] @ http://localhost:5173/src/components/landing/LandingPage.jsx?t=1787453339349:119
[   75433ms] [LOG] [LandingPage] Loading section: academy @ http://localhost:5173/src/components/landing/LandingPage.jsx?t=1787453339349:122
[   75434ms] [LOG] [LandingPage] IntersectionObserver fired for workflow [Object] @ http://localhost:5173/src/components/landing/LandingPage.jsx?t=1787453339349:119
[   75434ms] [LOG] [LandingPage] Loading section: workflow @ http://localhost:5173/src/components/landing/LandingPage.jsx?t=1787453339349:122
[   75434ms] [LOG] [LandingPage] IntersectionObserver fired for repo-fashion [Object] @ http://localhost:5173/src/components/landing/LandingPage.jsx?t=1787453339349:119
[   75434ms] [LOG] [LandingPage] Loading section: repo-fashion @ http://localhost:5173/src/components/landing/LandingPage.jsx?t=1787453339349:122
[   75435ms] [LOG] [LandingPage] IntersectionObserver fired for engines [Object] @ http://localhost:5173/src/components/landing/LandingPage.jsx?t=1787453339349:119
[   75435ms] [LOG] [LandingPage] Loading section: engines @ http://localhost:5173/src/components/landing/LandingPage.jsx?t=1787453339349:122
[   75436ms] [LOG] [LandingPage] IntersectionObserver fired for scrolling [Object] @ http://localhost:5173/src/components/landing/LandingPage.jsx?t=1787453339349:119
[   75436ms] [LOG] [LandingPage] Loading section: scrolling @ http://localhost:5173/src/components/landing/LandingPage.jsx?t=1787453339349:122
[   75436ms] [LOG] [LandingPage] IntersectionObserver fired for gtm-boost [Object] @ http://localhost:5173/src/components/landing/LandingPage.jsx?t=1787453339349:119
[   75436ms] [LOG] [LandingPage] Loading section: gtm-boost @ http://localhost:5173/src/components/landing/LandingPage.jsx?t=1787453339349:122
[   75436ms] [LOG] [LandingPage] IntersectionObserver fired for agency [Object] @ http://localhost:5173/src/components/landing/LandingPage.jsx?t=1787453339349:119
[   75437ms] [LOG] [LandingPage] Loading section: agency @ http://localhost:5173/src/components/landing/LandingPage.jsx?t=1787453339349:122
[   75437ms] [LOG] [LandingPage] IntersectionObserver fired for repo-vfx [Object] @ http://localhost:5173/src/components/landing/LandingPage.jsx?t=1787453339349:119
[   75437ms] [LOG] [LandingPage] Loading section: repo-vfx @ http://localhost:5173/src/components/landing/LandingPage.jsx?t=1787453339349:122
[   75437ms] [LOG] [LandingPage] IntersectionObserver fired for problem [Object] @ http://localhost:5173/src/components/landing/LandingPage.jsx?t=1787453339349:119
[   75437ms] [LOG] [LandingPage] Loading section: problem @ http://localhost:5173/src/components/landing/LandingPage.jsx?t=1787453339349:122
[   75437ms] [LOG] [LandingPage] IntersectionObserver fired for repo-commercial [Object] @ http://localhost:5173/src/components/landing/LandingPage.jsx?t=1787453339349:119
[   75438ms] [LOG] [LandingPage] Loading section: repo-commercial @ http://localhost:5173/src/components/landing/LandingPage.jsx?t=1787453339349:122
[   75438ms] [LOG] [LandingPage] IntersectionObserver fired for repo-vertical [Object] @ http://localhost:5173/src/components/landing/LandingPage.jsx?t=1787453339349:119
[   75438ms] [LOG] [LandingPage] Loading section: repo-vertical @ http://localhost:5173/src/components/landing/LandingPage.jsx?t=1787453339349:122
[   75438ms] [LOG] [LandingPage] IntersectionObserver fired for ugc [Object] @ http://localhost:5173/src/components/landing/LandingPage.jsx?t=1787453339349:119
[   75438ms] [LOG] [LandingPage] Loading section: ugc @ http://localhost:5173/src/components/landing/LandingPage.jsx?t=1787453339349:122
[   75439ms] [LOG] [LandingPage] IntersectionObserver fired for cta [Object] @ http://localhost:5173/src/components/landing/LandingPage.jsx?t=1787453339349:119
[   75439ms] [LOG] [LandingPage] Loading section: cta @ http://localhost:5173/src/components/landing/LandingPage.jsx?t=1787453339349:122
[   75439ms] [LOG] [LandingPage] IntersectionObserver fired for value [Object] @ http://localhost:5173/src/components/landing/LandingPage.jsx?t=1787453339349:119
[   75439ms] [LOG] [LandingPage] Loading section: value @ http://localhost:5173/src/components/landing/LandingPage.jsx?t=1787453339349:122
[   75440ms] [LOG] [LandingPage] IntersectionObserver fired for repo-reference [Object] @ http://localhost:5173/src/components/landing/LandingPage.jsx?t=1787453339349:119
[   75440ms] [LOG] [LandingPage] Loading section: repo-reference @ http://localhost:5173/src/components/landing/LandingPage.jsx?t=1787453339349:122
[   75441ms] [LOG] [LandingPage] IntersectionObserver fired for hook [Object] @ http://localhost:5173/src/components/landing/LandingPage.jsx?t=1787453339349:119
[   75441ms] [LOG] [LandingPage] Loading section: hook @ http://localhost:5173/src/components/landing/LandingPage.jsx?t=1787453339349:122
[   75441ms] [LOG] [LandingPage] IntersectionObserver fired for features [Object] @ http://localhost:5173/src/components/landing/LandingPage.jsx?t=1787453339349:119
[   75442ms] [LOG] [LandingPage] Loading section: features @ http://localhost:5173/src/components/landing/LandingPage.jsx?t=1787453339349:122
[   75442ms] [LOG] [LandingPage] IntersectionObserver fired for comparison [Object] @ http://localhost:5173/src/components/landing/LandingPage.jsx?t=1787453339349:119
[   75442ms] [LOG] [LandingPage] Loading section: comparison @ http://localhost:5173/src/components/landing/LandingPage.jsx?t=1787453339349:122
[   75442ms] [LOG] [LandingPage] IntersectionObserver fired for repo-kinetic [Object] @ http://localhost:5173/src/components/landing/LandingPage.jsx?t=1787453339349:119
[   75442ms] [LOG] [LandingPage] Loading section: repo-kinetic @ http://localhost:5173/src/components/landing/LandingPage.jsx?t=1787453339349:122
[   75442ms] [LOG] [LandingPage] IntersectionObserver fired for gallery [Object] @ http://localhost:5173/src/components/landing/LandingPage.jsx?t=1787453339349:119
[   75443ms] [LOG] [LandingPage] Loading section: gallery @ http://localhost:5173/src/components/landing/LandingPage.jsx?t=1787453339349:122
[   75443ms] [LOG] [LandingPage] IntersectionObserver fired for apps [Object] @ http://localhost:5173/src/components/landing/LandingPage.jsx?t=1787453339349:119
[   75443ms] [LOG] [LandingPage] Loading section: apps @ http://localhost:5173/src/components/landing/LandingPage.jsx?t=1787453339349:122
[   75443ms] [LOG] [LandingPage] IntersectionObserver fired for repo-social-ads [Object] @ http://localhost:5173/src/components/landing/LandingPage.jsx?t=1787453339349:119
[   75443ms] [LOG] [LandingPage] Loading section: repo-social-ads @ http://localhost:5173/src/components/landing/LandingPage.jsx?t=1787453339349:122
[   75444ms] [LOG] [LandingPage] IntersectionObserver fired for made-with [Object] @ http://localhost:5173/src/components/landing/LandingPage.jsx?t=1787453339349:119
[   75444ms] [LOG] [LandingPage] Loading section: made-with @ http://localhost:5173/src/components/landing/LandingPage.jsx?t=1787453339349:122
[   75444ms] [LOG] [LandingPage] IntersectionObserver fired for repo-animation [Object] @ http://localhost:5173/src/components/landing/LandingPage.jsx?t=1787453339349:119
[   75444ms] [LOG] [LandingPage] Loading section: repo-animation @ http://localhost:5173/src/components/landing/LandingPage.jsx?t=1787453339349:122
[   75444ms] [LOG] [LandingPage] IntersectionObserver fired for ai-workflow [Object] @ http://localhost:5173/src/components/landing/LandingPage.jsx?t=1787453339349:119
[   75444ms] [LOG] [LandingPage] Loading section: ai-workflow @ http://localhost:5173/src/components/landing/LandingPage.jsx?t=1787453339349:122
[   75445ms] [LOG] [LandingPage] IntersectionObserver fired for repo-cinema [Object] @ http://localhost:5173/src/components/landing/LandingPage.jsx?t=1787453339349:119
[   75445ms] [LOG] [LandingPage] Loading section: repo-cinema @ http://localhost:5173/src/components/landing/LandingPage.jsx?t=1787453339349:122
[   75445ms] [LOG] [LandingPage] IntersectionObserver fired for repo-animated [Object] @ http://localhost:5173/src/components/landing/LandingPage.jsx?t=1787453339349:119
[   75445ms] [LOG] [LandingPage] Loading section: repo-animated @ http://localhost:5173/src/components/landing/LandingPage.jsx?t=1787453339349:122
[   75445ms] [LOG] [LandingPage] IntersectionObserver fired for offer [Object] @ http://localhost:5173/src/components/landing/LandingPage.jsx?t=1787453339349:119
[   75445ms] [LOG] [LandingPage] Loading section: offer @ http://localhost:5173/src/components/landing/LandingPage.jsx?t=1787453339349:122
[   75446ms] [LOG] [LandingPage] IntersectionObserver fired for repo-narrative [Object] @ http://localhost:5173/src/components/landing/LandingPage.jsx?t=1787453339349:119
[   75446ms] [LOG] [LandingPage] Loading section: repo-narrative @ http://localhost:5173/src/components/landing/LandingPage.jsx?t=1787453339349:122
[   75446ms] [LOG] [LandingPage] IntersectionObserver fired for repos [Object] @ http://localhost:5173/src/components/landing/LandingPage.jsx?t=1787453339349:119
[   75446ms] [LOG] [LandingPage] Loading section: repos @ http://localhost:5173/src/components/landing/LandingPage.jsx?t=1787453339349:122
[   75446ms] [LOG] [LandingPage] IntersectionObserver fired for repo-ecommerce [Object] @ http://localhost:5173/src/components/landing/LandingPage.jsx?t=1787453339349:119
[   75446ms] [LOG] [LandingPage] Loading section: repo-ecommerce @ http://localhost:5173/src/components/landing/LandingPage.jsx?t=1787453339349:122
[   76288ms] [LOG] [LandingPage] Section loaded: workflow @ http://localhost:5173/src/components/landing/LandingPage.jsx?t=1787453339349:141
[   76296ms] [LOG] [LandingPage] Section loaded: engines @ http://localhost:5173/src/components/landing/LandingPage.jsx?t=1787453339349:141
[   76307ms] [LOG] [LandingPage] Section loaded: scrolling @ http://localhost:5173/src/components/landing/LandingPage.jsx?t=1787453339349:141
[   76458ms] [LOG] [LandingPage] Section loaded: gtm-boost @ http://localhost:5173/src/components/landing/LandingPage.jsx?t=1787453339349:141
[   76479ms] [LOG] [LandingPage] Section loaded: academy @ http://localhost:5173/src/components/landing/LandingPage.jsx?t=1787453339349:141
[   76534ms] [LOG] [LandingPage] Section loaded: repo-animated @ http://localhost:5173/src/components/landing/LandingPage.jsx?t=1787453339349:141
[   76562ms] [LOG] [LandingPage] Section loaded: repo-ecommerce @ http://localhost:5173/src/components/landing/LandingPage.jsx?t=1787453339349:141
[   76591ms] [LOG] [LandingPage] Section loaded: repo-cinema @ http://localhost:5173/src/components/landing/LandingPage.jsx?t=1787453339349:141
[   76601ms] [LOG] [LandingPage] Section loaded: repo-kinetic @ http://localhost:5173/src/components/landing/LandingPage.jsx?t=1787453339349:141
[   76605ms] [LOG] [LandingPage] Section loaded: repo-reference @ http://localhost:5173/src/components/landing/LandingPage.jsx?t=1787453339349:141
[   76613ms] [LOG] [LandingPage] Section loaded: repo-fashion @ http://localhost:5173/src/components/landing/LandingPage.jsx?t=1787453339349:141
[   76710ms] [LOG] [LandingPage] Section loaded: repo-commercial @ http://localhost:5173/src/components/landing/LandingPage.jsx?t=1787453339349:141
[   76721ms] [LOG] [LandingPage] Section loaded: repo-narrative @ http://localhost:5173/src/components/landing/LandingPage.jsx?t=1787453339349:141
[   76736ms] [LOG] [LandingPage] Section loaded: repo-animation @ http://localhost:5173/src/components/landing/LandingPage.jsx?t=1787453339349:141
[   76764ms] [LOG] [LandingPage] Section loaded: repo-social-ads @ http://localhost:5173/src/components/landing/LandingPage.jsx?t=1787453339349:141
[   76799ms] [LOG] [LandingPage] Section loaded: repo-vertical @ http://localhost:5173/src/components/landing/LandingPage.jsx?t=1787453339349:141
[   76902ms] [LOG] [LandingPage] Section loaded: repo-vfx @ http://localhost:5173/src/components/landing/LandingPage.jsx?t=1787453339349:141
[   76936ms] [LOG] [LandingPage] Section loaded: agency @ http://localhost:5173/src/components/landing/LandingPage.jsx?t=1787453339349:141
[   76937ms] [LOG] [LandingPage] Section loaded: problem @ http://localhost:5173/src/components/landing/LandingPage.jsx?t=1787453339349:141
[   76937ms] [LOG] [LandingPage] Section loaded: cta @ http://localhost:5173/src/components/landing/LandingPage.jsx?t=1787453339349:141
[   76938ms] [LOG] [LandingPage] Section loaded: value @ http://localhost:5173/src/components/landing/LandingPage.jsx?t=1787453339349:141
[   76939ms] [LOG] [LandingPage] Section loaded: hook @ http://localhost:5173/src/components/landing/LandingPage.jsx?t=1787453339349:141
[   76939ms] [LOG] [LandingPage] Section loaded: features @ http://localhost:5173/src/components/landing/LandingPage.jsx?t=1787453339349:141
[   76939ms] [LOG] [LandingPage] Section loaded: comparison @ http://localhost:5173/src/components/landing/LandingPage.jsx?t=1787453339349:141
[   76941ms] [LOG] [LandingPage] Section loaded: offer @ http://localhost:5173/src/components/landing/LandingPage.jsx?t=1787453339349:141
[   76944ms] [LOG] [LandingPage] Section loaded: apps @ http://localhost:5173/src/components/landing/LandingPage.jsx?t=1787453339349:141
[   77044ms] [LOG] [LandingPage] Section loaded: ugc @ http://localhost:5173/src/components/landing/LandingPage.jsx?t=1787453339349:141
[   77081ms] [LOG] [LandingPage] Section loaded: gallery @ http://localhost:5173/src/components/landing/LandingPage.jsx?t=1787453339349:141
[   77127ms] [LOG] [LandingPage] Section loaded: made-with @ http://localhost:5173/src/components/landing/LandingPage.jsx?t=1787453339349:141
[   77198ms] [LOG] [LandingPage] Section loaded: ai-workflow @ http://localhost:5173/src/components/landing/LandingPage.jsx?t=1787453339349:141
[   77203ms] [LOG] [LandingPage] Section loaded: repos @ http://localhost:5173/src/components/landing/LandingPage.jsx?t=1787453339349:141
[   77253ms] [INFO] %cDownload the React DevTools for a better development experience: https://react.dev/link/react-devtools font-weight:bold @ http://localhost:5173/node_modules/.vite/deps/chunk-EEAUBQDT.js?v=93c1ec86:20096
[   77257ms] [ERROR] [ModalSystem] mount failed TypeError: Class constructor SortableElement cannot be invoked without 'new'
    at http://localhost:5173/components/modals/RetargetOptInModal.jsx?t=1787453339349:26:22 @ http://localhost:5173/src/main.js?t=1787453339349:329
[   77259ms] [ERROR] [popcorn-init] FAILED at: plugin-image TypeError: Class constructor SortableElement cannot be invoked without 'new'
    at http://localhost:5173/components/modals/RetargetOptInModal.jsx?t=1787453339349:26:22 @ http://localhost:5173/src/lib/popcornInit.js?t=1787453339349:55
[   77272ms] [ERROR] [popcorn-init] FAILED at: plugin-jsonTransition TypeError: Class constructor SortableElement cannot be invoked without 'new'
    at http://localhost:5173/components/modals/RetargetOptInModal.jsx?t=1787453339349:26:22 @ http://localhost:5173/src/lib/popcornInit.js?t=1787453339349:55
[   77286ms] [ERROR] [popcorn-init] FAILED at: plugin-lottie-json TypeError: Class constructor SortableElement cannot be invoked without 'new'
    at http://localhost:5173/components/modals/RetargetOptInModal.jsx?t=1787453339349:26:22 @ http://localhost:5173/src/lib/popcornInit.js?t=1787453339349:55
[   77295ms] [LOG] [popcorn-init] OK: plugin-json-button @ http://localhost:5173/src/lib/popcornInit.js?t=1787453339349:48
[   77305ms] [ERROR] [popcorn-init] FAILED at: plugin-personalizedImage TypeError: Class constructor SortableElement cannot be invoked without 'new'
    at http://localhost:5173/components/modals/RetargetOptInModal.jsx?t=1787453339349:26:22 @ http://localhost:5173/src/lib/popcornInit.js?t=1787453339349:55
[   77313ms] [ERROR] [popcorn-init] FAILED at: plugin-loopPlugin TypeError: Class constructor SortableElement cannot be invoked without 'new'
    at http://localhost:5173/components/modals/RetargetOptInModal.jsx?t=1787453339349:26:22 @ http://localhost:5173/src/lib/popcornInit.js?t=1787453339349:55
[   77322ms] [ERROR] [popcorn-init] FAILED at: plugin-pausePlugin TypeError: Class constructor SortableElement cannot be invoked without 'new'
    at http://localhost:5173/components/modals/RetargetOptInModal.jsx?t=1787453339349:26:22 @ http://localhost:5173/src/lib/popcornInit.js?t=1787453339349:55
[   77340ms] [ERROR] [popcorn-init] FAILED at: plugin-form TypeError: Class constructor SortableElement cannot be invoked without 'new'
    at http://localhost:5173/components/modals/RetargetOptInModal.jsx?t=1787453339349:26:22 @ http://localhost:5173/src/lib/popcornInit.js?t=1787453339349:55
[   77359ms] [ERROR] [popcorn-init] FAILED at: plugin-retarget TypeError: Class constructor SortableElement cannot be invoked without 'new'
    at http://localhost:5173/components/modals/RetargetOptInModal.jsx?t=1787453339349:26:22 @ http://localhost:5173/src/lib/popcornInit.js?t=1787453339349:55
[   77365ms] [LOG] [popcorn-init] OK: plugin-popup @ http://localhost:5173/src/lib/popcornInit.js?t=1787453339349:48
[   77378ms] [ERROR] [popcorn-init] FAILED at: plugin-sequencer TypeError: Class constructor SortableElement cannot be invoked without 'new'
    at http://localhost:5173/components/modals/RetargetOptInModal.jsx?t=1787453339349:26:22 @ http://localhost:5173/src/lib/popcornInit.js?t=1787453339349:55
[   77388ms] [ERROR] [popcorn-init] FAILED at: plugin-skip TypeError: Class constructor SortableElement cannot be invoked without 'new'
    at http://localhost:5173/components/modals/RetargetOptInModal.jsx?t=1787453339349:26:22 @ http://localhost:5173/src/lib/popcornInit.js?t=1787453339349:55
[   77436ms] [ERROR] [popcorn-init] FAILED at: plugin-text TypeError: Class constructor SortableElement cannot be invoked without 'new'
    at http://localhost:5173/components/modals/RetargetOptInModal.jsx?t=1787453339349:26:22 @ http://localhost:5173/src/lib/popcornInit.js?t=1787453339349:55
[   77448ms] [LOG] [popcorn-init] OK: plugin-social @ http://localhost:5173/src/lib/popcornInit.js?t=1787453339349:48
[   77478ms] [ERROR] [popcorn-init] FAILED at: plugin-jsonAnimation TypeError: Class constructor SortableElement cannot be invoked without 'new'
    at http://localhost:5173/components/modals/RetargetOptInModal.jsx?t=1787453339349:26:22 @ http://localhost:5173/src/lib/popcornInit.js?t=1787453339349:55
[   77493ms] [LOG] [popcorn-init] OK: plugin-videoTransition @ http://localhost:5173/src/lib/popcornInit.js?t=1787453339349:48
[   77500ms] [ERROR] [popcorn-init] FAILED at: plugin-seethroughtext TypeError: Class constructor SortableElement cannot be invoked without 'new'
    at http://localhost:5173/components/modals/RetargetOptInModal.jsx?t=1787453339349:26:22 @ http://localhost:5173/src/lib/popcornInit.js?t=1787453339349:55
[   77526ms] [LOG] [popcorn-init] OK: plugin-wikipedia @ http://localhost:5173/src/lib/popcornInit.js?t=1787453339349:48
[   77546ms] [ERROR] [popcorn-init] FAILED at: plugin-combined TypeError: Class constructor SortableElement cannot be invoked without 'new'
    at http://localhost:5173/components/modals/RetargetOptInModal.jsx?t=1787453339349:26:22 @ http://localhost:5173/src/lib/popcornInit.js?t=1787453339349:55
[   77569ms] [ERROR] [popcorn-init] FAILED at: plugin-background TypeError: Class constructor SortableElement cannot be invoked without 'new'
    at http://localhost:5173/components/modals/RetargetOptInModal.jsx?t=1787453339349:26:22 @ http://localhost:5173/src/lib/popcornInit.js?t=1787453339349:55
[   77570ms] [LOG] [popcorn-init] SUMMARY: 5/20 plugins registered; FAILED: plugin-image, plugin-jsonTransition, plugin-lottie-json, plugin-personalizedImage, plugin-loopPlugin, plugin-pausePlugin, plugin-form, plugin-retarget, plugin-sequencer, plugin-skip, plugin-text, plugin-jsonAnimation, plugin-seethroughtext, plugin-combined, plugin-background @ http://localhost:5173/src/lib/popcornInit.js?t=1787453339349:60
[   77570ms] [LOG] [popcorn] function 5 @ http://localhost:5173/src/main.js?t=1787453339349:4
[   78625ms] [LOG] [App] Starting initialization... @ http://localhost:5173/src/main.js?t=1787453339349:19
[   78635ms] [LOG] [popcorn-init] OK: jquery @ http://localhost:5173/src/lib/popcornInit.js?t=1787453339349:41
[   78637ms] [LOG] [popcorn-init] OK: jquery-textfill @ http://localhost:5173/src/lib/popcornInit.js?t=1787453339349:48
[   78639ms] [LOG] [popcorn-init] OK: popcorn-core @ http://localhost:5173/src/lib/popcornInit.js?t=1787453339349:48
[   78641ms] [LOG] [popcorn-init] OK: popcorn-ie8 @ http://localhost:5173/src/lib/popcornInit.js?t=1787453339349:48
[   78642ms] [LOG] [popcorn-init] OK: wrapper-common @ http://localhost:5173/src/lib/popcornInit.js?t=1787453339349:48
[   78643ms] [LOG] [popcorn-init] OK: wrapper-html5 @ http://localhost:5173/src/lib/popcornInit.js?t=1787453339349:48
[   78644ms] [LOG] [popcorn-init] OK: wrapper-vrview @ http://localhost:5173/src/lib/popcornInit.js?t=1787453339349:48
[   78645ms] [LOG] [popcorn-init] OK: wrapper-adaptive @ http://localhost:5173/src/lib/popcornInit.js?t=1787453339349:48
[   78645ms] [LOG] [popcorn-init] OK: wrapper-null @ http://localhost:5173/src/lib/popcornInit.js?t=1787453339349:48
[   78646ms] [LOG] [popcorn-init] OK: wrapper-soundcloud @ http://localhost:5173/src/lib/popcornInit.js?t=1787453339349:48
[   78655ms] [LOG] [popcorn-init] OK: wrapper-vimeo @ http://localhost:5173/src/lib/popcornInit.js?t=1787453339349:48
[   78659ms] [LOG] [popcorn-init] OK: wrapper-youtube @ http://localhost:5173/src/lib/popcornInit.js?t=1787453339349:48
[   78663ms] [LOG] [popcorn-init] OK: wrapper-jwplayer @ http://localhost:5173/src/lib/popcornInit.js?t=1787453339349:48
[   78664ms] [LOG] [popcorn-init] OK: player-module @ http://localhost:5173/src/lib/popcornInit.js?t=1787453339349:48
[   78665ms] [LOG] [LandingPage] Header.jsx loaded @ http://localhost:5173/src/components/landing/LandingPage.jsx?t=1787453339349:176
[   78967ms] [LOG] [LandingPage] CinematicVideoHero.jsx loaded @ http://localhost:5173/src/components/landing/LandingPage.jsx?t=1787453339349:189
[   79137ms] [LOG] [LandingPage] HeroSection.jsx loaded @ http://localhost:5173/src/components/landing/LandingPage.jsx?t=1787453339349:202
[   79138ms] [LOG] [LandingPage] Observer created for: scrolling placeholder id: section-scrolling @ http://localhost:5173/src/components/landing/LandingPage.jsx?t=1787453339349:160
[   79138ms] [LOG] [LandingPage] Observer created for: hook placeholder id: section-hook @ http://localhost:5173/src/components/landing/LandingPage.jsx?t=1787453339349:160
[   79138ms] [LOG] [LandingPage] Observer created for: engines placeholder id: section-engines @ http://localhost:5173/src/components/landing/LandingPage.jsx?t=1787453339349:160
[   79138ms] [LOG] [LandingPage] Observer created for: apps placeholder id: section-apps @ http://localhost:5173/src/components/landing/LandingPage.jsx?t=1787453339349:160
[   79138ms] [LOG] [LandingPage] Observer created for: features placeholder id: section-features @ http://localhost:5173/src/components/landing/LandingPage.jsx?t=1787453339349:160
[   79138ms] [LOG] [LandingPage] Observer created for: problem placeholder id: section-problem @ http://localhost:5173/src/components/landing/LandingPage.jsx?t=1787453339349:160
[   79138ms] [LOG] [LandingPage] Observer created for: workflow placeholder id: section-workflow @ http://localhost:5173/src/components/landing/LandingPage.jsx?t=1787453339349:160
[   79138ms] [LOG] [LandingPage] Observer created for: comparison placeholder id: section-comparison @ http://localhost:5173/src/components/landing/LandingPage.jsx?t=1787453339349:160
[   79138ms] [LOG] [LandingPage] Observer created for: value placeholder id: section-value @ http://localhost:5173/src/components/landing/LandingPage.jsx?t=1787453339349:160
[   79138ms] [LOG] [LandingPage] Observer created for: agency placeholder id: section-agency @ http://localhost:5173/src/components/landing/LandingPage.jsx?t=1787453339349:160
[   79138ms] [LOG] [LandingPage] Observer created for: offer placeholder id: section-offer @ http://localhost:5173/src/components/landing/LandingPage.jsx?t=1787453339349:160
[   79138ms] [LOG] [LandingPage] Observer created for: cta placeholder id: section-cta @ http://localhost:5173/src/components/landing/LandingPage.jsx?t=1787453339349:160
[   79139ms] [LOG] [LandingPage] Observer created for: ai-workflow placeholder id: section-ai-workflow @ http://localhost:5173/src/components/landing/LandingPage.jsx?t=1787453339349:160
[   79139ms] [LOG] [LandingPage] Observer created for: made-with placeholder id: section-made-with @ http://localhost:5173/src/components/landing/LandingPage.jsx?t=1787453339349:160
[   79139ms] [LOG] [LandingPage] Observer created for: ugc placeholder id: section-ugc @ http://localhost:5173/src/components/landing/LandingPage.jsx?t=1787453339349:160
[   79139ms] [LOG] [LandingPage] Observer created for: gallery placeholder id: section-gallery @ http://localhost:5173/src/components/landing/LandingPage.jsx?t=1787453339349:160
[   79139ms] [LOG] [LandingPage] Observer created for: academy placeholder id: section-academy @ http://localhost:5173/src/components/landing/LandingPage.jsx?t=1787453339349:160
[   79139ms] [LOG] [LandingPage] Observer created for: repo-cinema placeholder id: section-repo-cinema @ http://localhost:5173/src/components/landing/LandingPage.jsx?t=1787453339349:160
[   79140ms] [LOG] [LandingPage] Observer created for: repo-commercial placeholder id: section-repo-commercial @ http://localhost:5173/src/components/landing/LandingPage.jsx?t=1787453339349:160
[   79140ms] [LOG] [LandingPage] Observer created for: repo-social-ads placeholder id: section-repo-social-ads @ http://localhost:5173/src/components/landing/LandingPage.jsx?t=1787453339349:160
[   79140ms] [LOG] [LandingPage] Observer created for: repo-narrative placeholder id: section-repo-narrative @ http://localhost:5173/src/components/landing/LandingPage.jsx?t=1787453339349:160
[   79140ms] [LOG] [LandingPage] Observer created for: repo-vertical placeholder id: section-repo-vertical @ http://localhost:5173/src/components/landing/LandingPage.jsx?t=1787453339349:160
[   79140ms] [LOG] [LandingPage] Observer created for: repo-ecommerce placeholder id: section-repo-ecommerce @ http://localhost:5173/src/components/landing/LandingPage.jsx?t=1787453339349:160
[   79140ms] [LOG] [LandingPage] Observer created for: repo-kinetic placeholder id: section-repo-kinetic @ http://localhost:5173/src/components/landing/LandingPage.jsx?t=1787453339349:160
[   79140ms] [LOG] [LandingPage] Observer created for: repo-animated placeholder id: section-repo-animated @ http://localhost:5173/src/components/landing/LandingPage.jsx?t=1787453339349:160
[   79140ms] [LOG] [LandingPage] Observer created for: repo-animation placeholder id: section-repo-animation @ http://localhost:5173/src/components/landing/LandingPage.jsx?t=1787453339349:160
[   79140ms] [LOG] [LandingPage] Observer created for: repo-reference placeholder id: section-repo-reference @ http://localhost:5173/src/components/landing/LandingPage.jsx?t=1787453339349:160
[   79141ms] [LOG] [LandingPage] Observer created for: repo-vfx placeholder id: section-repo-vfx @ http://localhost:5173/src/components/landing/LandingPage.jsx?t=1787453339349:160
[   79141ms] [LOG] [LandingPage] Observer created for: repo-fashion placeholder id: section-repo-fashion @ http://localhost:5173/src/components/landing/LandingPage.jsx?t=1787453339349:160
[   79141ms] [LOG] [LandingPage] Observer created for: repos placeholder id: section-repos @ http://localhost:5173/src/components/landing/LandingPage.jsx?t=1787453339349:160
[   79141ms] [LOG] [LandingPage] Observer created for: gtm-boost placeholder id: section-gtm-boost @ http://localhost:5173/src/components/landing/LandingPage.jsx?t=1787453339349:160
[   79142ms] [LOG] [App] Landing page rendered @ http://localhost:5173/src/main.js?t=1787453339349:88
[   79175ms] [LOG] [LandingPage] IntersectionObserver fired for repo-cinema [Object] @ http://localhost:5173/src/components/landing/LandingPage.jsx?t=1787453339349:119
[   79176ms] [LOG] [LandingPage] Loading section: repo-cinema @ http://localhost:5173/src/components/landing/LandingPage.jsx?t=1787453339349:122
[   79177ms] [LOG] [LandingPage] IntersectionObserver fired for gallery [Object] @ http://localhost:5173/src/components/landing/LandingPage.jsx?t=1787453339349:119
[   79178ms] [LOG] [LandingPage] Loading section: gallery @ http://localhost:5173/src/components/landing/LandingPage.jsx?t=1787453339349:122
[   79179ms] [LOG] [LandingPage] IntersectionObserver fired for repo-kinetic [Object] @ http://localhost:5173/src/components/landing/LandingPage.jsx?t=1787453339349:119
[   79180ms] [LOG] [LandingPage] Loading section: repo-kinetic @ http://localhost:5173/src/components/landing/LandingPage.jsx?t=1787453339349:122
[   79180ms] [LOG] [LandingPage] IntersectionObserver fired for workflow [Object] @ http://localhost:5173/src/components/landing/LandingPage.jsx?t=1787453339349:119
[   79181ms] [LOG] [LandingPage] Loading section: workflow @ http://localhost:5173/src/components/landing/LandingPage.jsx?t=1787453339349:122
[   79184ms] [LOG] [LandingPage] IntersectionObserver fired for apps [Object] @ http://localhost:5173/src/components/landing/LandingPage.jsx?t=1787453339349:119
[   79185ms] [LOG] [LandingPage] Loading section: apps @ http://localhost:5173/src/components/landing/LandingPage.jsx?t=1787453339349:122
[   79185ms] [LOG] [LandingPage] IntersectionObserver fired for offer [Object] @ http://localhost:5173/src/components/landing/LandingPage.jsx?t=1787453339349:119
[   79186ms] [LOG] [LandingPage] Loading section: offer @ http://localhost:5173/src/components/landing/LandingPage.jsx?t=1787453339349:122
[   79186ms] [LOG] [LandingPage] IntersectionObserver fired for problem [Object] @ http://localhost:5173/src/components/landing/LandingPage.jsx?t=1787453339349:119
[   79187ms] [LOG] [LandingPage] Loading section: problem @ http://localhost:5173/src/components/landing/LandingPage.jsx?t=1787453339349:122
[   79187ms] [LOG] [LandingPage] IntersectionObserver fired for repo-vertical [Object] @ http://localhost:5173/src/components/landing/LandingPage.jsx?t=1787453339349:119
[   79188ms] [LOG] [LandingPage] Loading section: repo-vertical @ http://localhost:5173/src/components/landing/LandingPage.jsx?t=1787453339349:122
[   79188ms] [LOG] [LandingPage] IntersectionObserver fired for comparison [Object] @ http://localhost:5173/src/components/landing/LandingPage.jsx?t=1787453339349:119
[   79188ms] [LOG] [LandingPage] Loading section: comparison @ http://localhost:5173/src/components/landing/LandingPage.jsx?t=1787453339349:122
[   79191ms] [LOG] [LandingPage] IntersectionObserver fired for repo-social-ads [Object] @ http://localhost:5173/src/components/landing/LandingPage.jsx?t=1787453339349:119
[   79192ms] [LOG] [LandingPage] Loading section: repo-social-ads @ http://localhost:5173/src/components/landing/LandingPage.jsx?t=1787453339349:122
[   79193ms] [LOG] [LandingPage] IntersectionObserver fired for repo-vfx [Object] @ http://localhost:5173/src/components/landing/LandingPage.jsx?t=1787453339349:119
[   79193ms] [LOG] [LandingPage] Loading section: repo-vfx @ http://localhost:5173/src/components/landing/LandingPage.jsx?t=1787453339349:122
[   79193ms] [LOG] [LandingPage] IntersectionObserver fired for ai-workflow [Object] @ http://localhost:5173/src/components/landing/LandingPage.jsx?t=1787453339349:119
[   79194ms] [LOG] [LandingPage] Loading section: ai-workflow @ http://localhost:5173/src/components/landing/LandingPage.jsx?t=1787453339349:122
[   79194ms] [LOG] [LandingPage] IntersectionObserver fired for repo-animation [Object] @ http://localhost:5173/src/components/landing/LandingPage.jsx?t=1787453339349:119
[   79195ms] [LOG] [LandingPage] Loading section: repo-animation @ http://localhost:5173/src/components/landing/LandingPage.jsx?t=1787453339349:122
[   79195ms] [LOG] [LandingPage] IntersectionObserver fired for ugc [Object] @ http://localhost:5173/src/components/landing/LandingPage.jsx?t=1787453339349:119
[   79196ms] [LOG] [LandingPage] Loading section: ugc @ http://localhost:5173/src/components/landing/LandingPage.jsx?t=1787453339349:122
[   79196ms] [LOG] [LandingPage] IntersectionObserver fired for repo-animated [Object] @ http://localhost:5173/src/components/landing/LandingPage.jsx?t=1787453339349:119
[   79197ms] [LOG] [LandingPage] Loading section: repo-animated @ http://localhost:5173/src/components/landing/LandingPage.jsx?t=1787453339349:122
[   79198ms] [LOG] [LandingPage] IntersectionObserver fired for repo-reference [Object] @ http://localhost:5173/src/components/landing/LandingPage.jsx?t=1787453339349:119
[   79199ms] [LOG] [LandingPage] Loading section: repo-reference @ http://localhost:5173/src/components/landing/LandingPage.jsx?t=1787453339349:122
[   79200ms] [LOG] [LandingPage] IntersectionObserver fired for repos [Object] @ http://localhost:5173/src/components/landing/LandingPage.jsx?t=1787453339349:119
[   79202ms] [LOG] [LandingPage] Loading section: repos @ http://localhost:5173/src/components/landing/LandingPage.jsx?t=1787453339349:122
[   79203ms] [LOG] [LandingPage] IntersectionObserver fired for gtm-boost [Object] @ http://localhost:5173/src/components/landing/LandingPage.jsx?t=1787453339349:119
[   79204ms] [LOG] [LandingPage] Loading section: gtm-boost @ http://localhost:5173/src/components/landing/LandingPage.jsx?t=1787453339349:122
[   79204ms] [LOG] [LandingPage] IntersectionObserver fired for academy [Object] @ http://localhost:5173/src/components/landing/LandingPage.jsx?t=1787453339349:119
[   79205ms] [LOG] [LandingPage] Loading section: academy @ http://localhost:5173/src/components/landing/LandingPage.jsx?t=1787453339349:122
[   79209ms] [LOG] [LandingPage] IntersectionObserver fired for repo-ecommerce [Object] @ http://localhost:5173/src/components/landing/LandingPage.jsx?t=1787453339349:119
[   79210ms] [LOG] [LandingPage] Loading section: repo-ecommerce @ http://localhost:5173/src/components/landing/LandingPage.jsx?t=1787453339349:122
[   79210ms] [LOG] [LandingPage] IntersectionObserver fired for agency [Object] @ http://localhost:5173/src/components/landing/LandingPage.jsx?t=1787453339349:119
[   79210ms] [LOG] [LandingPage] Loading section: agency @ http://localhost:5173/src/components/landing/LandingPage.jsx?t=1787453339349:122
[   79211ms] [LOG] [LandingPage] IntersectionObserver fired for value [Object] @ http://localhost:5173/src/components/landing/LandingPage.jsx?t=1787453339349:119
[   79212ms] [LOG] [LandingPage] Loading section: value @ http://localhost:5173/src/components/landing/LandingPage.jsx?t=1787453339349:122
[   79213ms] [LOG] [LandingPage] IntersectionObserver fired for repo-fashion [Object] @ http://localhost:5173/src/components/landing/LandingPage.jsx?t=1787453339349:119
[   79213ms] [LOG] [LandingPage] Loading section: repo-fashion @ http://localhost:5173/src/components/landing/LandingPage.jsx?t=1787453339349:122
[   79213ms] [LOG] [LandingPage] IntersectionObserver fired for repo-narrative [Object] @ http://localhost:5173/src/components/landing/LandingPage.jsx?t=1787453339349:119
[   79214ms] [LOG] [LandingPage] Loading section: repo-narrative @ http://localhost:5173/src/components/landing/LandingPage.jsx?t=1787453339349:122
[   79214ms] [LOG] [LandingPage] IntersectionObserver fired for hook [Object] @ http://localhost:5173/src/components/landing/LandingPage.jsx?t=1787453339349:119
[   79214ms] [LOG] [LandingPage] Loading section: hook @ http://localhost:5173/src/components/landing/LandingPage.jsx?t=1787453339349:122
[   79214ms] [LOG] [LandingPage] IntersectionObserver fired for features [Object] @ http://localhost:5173/src/components/landing/LandingPage.jsx?t=1787453339349:119
[   79215ms] [LOG] [LandingPage] Loading section: features @ http://localhost:5173/src/components/landing/LandingPage.jsx?t=1787453339349:122
[   79215ms] [LOG] [LandingPage] IntersectionObserver fired for made-with [Object] @ http://localhost:5173/src/components/landing/LandingPage.jsx?t=1787453339349:119
[   79215ms] [LOG] [LandingPage] Loading section: made-with @ http://localhost:5173/src/components/landing/LandingPage.jsx?t=1787453339349:122
[   79215ms] [LOG] [LandingPage] IntersectionObserver fired for cta [Object] @ http://localhost:5173/src/components/landing/LandingPage.jsx?t=1787453339349:119
[   79215ms] [LOG] [LandingPage] Loading section: cta @ http://localhost:5173/src/components/landing/LandingPage.jsx?t=1787453339349:122
[   79215ms] [LOG] [LandingPage] IntersectionObserver fired for scrolling [Object] @ http://localhost:5173/src/components/landing/LandingPage.jsx?t=1787453339349:119
[   79216ms] [LOG] [LandingPage] Loading section: scrolling @ http://localhost:5173/src/components/landing/LandingPage.jsx?t=1787453339349:122
[   79216ms] [LOG] [LandingPage] IntersectionObserver fired for repo-commercial [Object] @ http://localhost:5173/src/components/landing/LandingPage.jsx?t=1787453339349:119
[   79216ms] [LOG] [LandingPage] Loading section: repo-commercial @ http://localhost:5173/src/components/landing/LandingPage.jsx?t=1787453339349:122
[   79216ms] [LOG] [LandingPage] IntersectionObserver fired for engines [Object] @ http://localhost:5173/src/components/landing/LandingPage.jsx?t=1787453339349:119
[   79216ms] [LOG] [LandingPage] Loading section: engines @ http://localhost:5173/src/components/landing/LandingPage.jsx?t=1787453339349:122
[   79587ms] [LOG] [LandingPage] Section loaded: workflow @ http://localhost:5173/src/components/landing/LandingPage.jsx?t=1787453339349:141
[   79590ms] [LOG] [LandingPage] Section loaded: offer @ http://localhost:5173/src/components/landing/LandingPage.jsx?t=1787453339349:141
[   79598ms] [LOG] [LandingPage] Section loaded: problem @ http://localhost:5173/src/components/landing/LandingPage.jsx?t=1787453339349:141
[   79599ms] [LOG] [LandingPage] Section loaded: comparison @ http://localhost:5173/src/components/landing/LandingPage.jsx?t=1787453339349:141
[   79601ms] [LOG] [LandingPage] Section loaded: apps @ http://localhost:5173/src/components/landing/LandingPage.jsx?t=1787453339349:141
[   79644ms] [LOG] [LandingPage] Section loaded: agency @ http://localhost:5173/src/components/landing/LandingPage.jsx?t=1787453339349:141
[   79644ms] [LOG] [LandingPage] Section loaded: value @ http://localhost:5173/src/components/landing/LandingPage.jsx?t=1787453339349:141
[   79645ms] [LOG] [LandingPage] Section loaded: hook @ http://localhost:5173/src/components/landing/LandingPage.jsx?t=1787453339349:141
[   79646ms] [LOG] [LandingPage] Section loaded: features @ http://localhost:5173/src/components/landing/LandingPage.jsx?t=1787453339349:141
[   79666ms] [LOG] [LandingPage] Section loaded: cta @ http://localhost:5173/src/components/landing/LandingPage.jsx?t=1787453339349:141
[   79671ms] [LOG] [LandingPage] Section loaded: scrolling @ http://localhost:5173/src/components/landing/LandingPage.jsx?t=1787453339349:141
[   79677ms] [LOG] [LandingPage] Section loaded: engines @ http://localhost:5173/src/components/landing/LandingPage.jsx?t=1787453339349:141
[   79688ms] [LOG] [LandingPage] Section loaded: repo-cinema @ http://localhost:5173/src/components/landing/LandingPage.jsx?t=1787453339349:141
[   79696ms] [LOG] [LandingPage] Section loaded: repo-vfx @ http://localhost:5173/src/components/landing/LandingPage.jsx?t=1787453339349:141
[   79698ms] [LOG] [LandingPage] Section loaded: repo-fashion @ http://localhost:5173/src/components/landing/LandingPage.jsx?t=1787453339349:141
[   79707ms] [LOG] [LandingPage] Section loaded: repo-vertical @ http://localhost:5173/src/components/landing/LandingPage.jsx?t=1787453339349:141
[   79712ms] [LOG] [LandingPage] Section loaded: repo-reference @ http://localhost:5173/src/components/landing/LandingPage.jsx?t=1787453339349:141
[   79715ms] [LOG] [LandingPage] Section loaded: repo-animation @ http://localhost:5173/src/components/landing/LandingPage.jsx?t=1787453339349:141
[   79720ms] [LOG] [LandingPage] Section loaded: repo-ecommerce @ http://localhost:5173/src/components/landing/LandingPage.jsx?t=1787453339349:141
[   79726ms] [LOG] [LandingPage] Section loaded: repo-commercial @ http://localhost:5173/src/components/landing/LandingPage.jsx?t=1787453339349:141
[   79730ms] [LOG] [LandingPage] Section loaded: repo-kinetic @ http://localhost:5173/src/components/landing/LandingPage.jsx?t=1787453339349:141
[   79733ms] [LOG] [LandingPage] Section loaded: repo-animated @ http://localhost:5173/src/components/landing/LandingPage.jsx?t=1787453339349:141
[   79738ms] [LOG] [LandingPage] Section loaded: repo-narrative @ http://localhost:5173/src/components/landing/LandingPage.jsx?t=1787453339349:141
[   79744ms] [LOG] [LandingPage] Section loaded: repo-social-ads @ http://localhost:5173/src/components/landing/LandingPage.jsx?t=1787453339349:141
[   79936ms] [LOG] [LandingPage] Section loaded: gallery @ http://localhost:5173/src/components/landing/LandingPage.jsx?t=1787453339349:141
[   79938ms] [LOG] [LandingPage] Section loaded: ugc @ http://localhost:5173/src/components/landing/LandingPage.jsx?t=1787453339349:141
[   79959ms] [LOG] [LandingPage] Section loaded: ai-workflow @ http://localhost:5173/src/components/landing/LandingPage.jsx?t=1787453339349:141
[   79995ms] [LOG] [LandingPage] Section loaded: repos @ http://localhost:5173/src/components/landing/LandingPage.jsx?t=1787453339349:141
[   80001ms] [LOG] [LandingPage] Section loaded: gtm-boost @ http://localhost:5173/src/components/landing/LandingPage.jsx?t=1787453339349:141
[   80010ms] [LOG] [LandingPage] Section loaded: academy @ http://localhost:5173/src/components/landing/LandingPage.jsx?t=1787453339349:141
[   80047ms] [LOG] [LandingPage] Section loaded: made-with @ http://localhost:5173/src/components/landing/LandingPage.jsx?t=1787453339349:141
[   80147ms] [INFO] %cDownload the React DevTools for a better development experience: https://react.dev/link/react-devtools font-weight:bold @ http://localhost:5173/node_modules/.vite/deps/chunk-EEAUBQDT.js?v=93c1ec86:20096
[   80149ms] [ERROR] [ModalSystem] mount failed TypeError: Class constructor SortableElement cannot be invoked without 'new'
    at http://localhost:5173/components/modals/RetargetOptInModal.jsx?t=1787453339349:26:22 @ http://localhost:5173/src/main.js?t=1787453339349:329
[   80151ms] [ERROR] [popcorn-init] FAILED at: plugin-image TypeError: Class constructor SortableElement cannot be invoked without 'new'
    at http://localhost:5173/components/modals/RetargetOptInModal.jsx?t=1787453339349:26:22 @ http://localhost:5173/src/lib/popcornInit.js?t=1787453339349:55
[   80312ms] [ERROR] [popcorn-init] FAILED at: plugin-jsonTransition TypeError: Class constructor SortableElement cannot be invoked without 'new'
    at http://localhost:5173/components/modals/RetargetOptInModal.jsx?t=1787453339349:26:22 @ http://localhost:5173/src/lib/popcornInit.js?t=1787453339349:55
[   80321ms] [ERROR] [popcorn-init] FAILED at: plugin-lottie-json TypeError: Class constructor SortableElement cannot be invoked without 'new'
    at http://localhost:5173/components/modals/RetargetOptInModal.jsx?t=1787453339349:26:22 @ http://localhost:5173/src/lib/popcornInit.js?t=1787453339349:55
[   80331ms] [LOG] [popcorn-init] OK: plugin-json-button @ http://localhost:5173/src/lib/popcornInit.js?t=1787453339349:48
[   80341ms] [ERROR] [popcorn-init] FAILED at: plugin-personalizedImage TypeError: Class constructor SortableElement cannot be invoked without 'new'
    at http://localhost:5173/components/modals/RetargetOptInModal.jsx?t=1787453339349:26:22 @ http://localhost:5173/src/lib/popcornInit.js?t=1787453339349:55
[   80346ms] [ERROR] [popcorn-init] FAILED at: plugin-loopPlugin TypeError: Class constructor SortableElement cannot be invoked without 'new'
    at http://localhost:5173/components/modals/RetargetOptInModal.jsx?t=1787453339349:26:22 @ http://localhost:5173/src/lib/popcornInit.js?t=1787453339349:55
[   80367ms] [ERROR] [popcorn-init] FAILED at: plugin-pausePlugin TypeError: Class constructor SortableElement cannot be invoked without 'new'
    at http://localhost:5173/components/modals/RetargetOptInModal.jsx?t=1787453339349:26:22 @ http://localhost:5173/src/lib/popcornInit.js?t=1787453339349:55
[   80380ms] [ERROR] [popcorn-init] FAILED at: plugin-form TypeError: Class constructor SortableElement cannot be invoked without 'new'
    at http://localhost:5173/components/modals/RetargetOptInModal.jsx?t=1787453339349:26:22 @ http://localhost:5173/src/lib/popcornInit.js?t=1787453339349:55
[   80394ms] [ERROR] [popcorn-init] FAILED at: plugin-retarget TypeError: Class constructor SortableElement cannot be invoked without 'new'
    at http://localhost:5173/components/modals/RetargetOptInModal.jsx?t=1787453339349:26:22 @ http://localhost:5173/src/lib/popcornInit.js?t=1787453339349:55
[   80465ms] [LOG] [popcorn-init] OK: plugin-popup @ http://localhost:5173/src/lib/popcornInit.js?t=1787453339349:48
[   80499ms] [ERROR] [popcorn-init] FAILED at: plugin-sequencer TypeError: Class constructor SortableElement cannot be invoked without 'new'
    at http://localhost:5173/components/modals/RetargetOptInModal.jsx?t=1787453339349:26:22 @ http://localhost:5173/src/lib/popcornInit.js?t=1787453339349:55
[   80531ms] [ERROR] [popcorn-init] FAILED at: plugin-skip TypeError: Class constructor SortableElement cannot be invoked without 'new'
    at http://localhost:5173/components/modals/RetargetOptInModal.jsx?t=1787453339349:26:22 @ http://localhost:5173/src/lib/popcornInit.js?t=1787453339349:55
[   80634ms] [ERROR] [popcorn-init] FAILED at: plugin-text TypeError: Class constructor SortableElement cannot be invoked without 'new'
    at http://localhost:5173/components/modals/RetargetOptInModal.jsx?t=1787453339349:26:22 @ http://localhost:5173/src/lib/popcornInit.js?t=1787453339349:55
[   80645ms] [LOG] [popcorn-init] OK: plugin-social @ http://localhost:5173/src/lib/popcornInit.js?t=1787453339349:48
[   80671ms] [ERROR] [popcorn-init] FAILED at: plugin-jsonAnimation TypeError: Class constructor SortableElement cannot be invoked without 'new'
    at http://localhost:5173/components/modals/RetargetOptInModal.jsx?t=1787453339349:26:22 @ http://localhost:5173/src/lib/popcornInit.js?t=1787453339349:55
[   80836ms] [LOG] [popcorn-init] OK: plugin-videoTransition @ http://localhost:5173/src/lib/popcornInit.js?t=1787453339349:48
[   80898ms] [ERROR] [popcorn-init] FAILED at: plugin-seethroughtext TypeError: Class constructor SortableElement cannot be invoked without 'new'
    at http://localhost:5173/components/modals/RetargetOptInModal.jsx?t=1787453339349:26:22 @ http://localhost:5173/src/lib/popcornInit.js?t=1787453339349:55
[   80936ms] [LOG] [popcorn-init] OK: plugin-wikipedia @ http://localhost:5173/src/lib/popcornInit.js?t=1787453339349:48
[   81018ms] [ERROR] [popcorn-init] FAILED at: plugin-combined TypeError: Class constructor SortableElement cannot be invoked without 'new'
    at http://localhost:5173/components/modals/RetargetOptInModal.jsx?t=1787453339349:26:22 @ http://localhost:5173/src/lib/popcornInit.js?t=1787453339349:55
[   81053ms] [ERROR] [popcorn-init] FAILED at: plugin-background TypeError: Class constructor SortableElement cannot be invoked without 'new'
    at http://localhost:5173/components/modals/RetargetOptInModal.jsx?t=1787453339349:26:22 @ http://localhost:5173/src/lib/popcornInit.js?t=1787453339349:55
[   81053ms] [LOG] [popcorn-init] SUMMARY: 5/20 plugins registered; FAILED: plugin-image, plugin-jsonTransition, plugin-lottie-json, plugin-personalizedImage, plugin-loopPlugin, plugin-pausePlugin, plugin-form, plugin-retarget, plugin-sequencer, plugin-skip, plugin-text, plugin-jsonAnimation, plugin-seethroughtext, plugin-combined, plugin-background @ http://localhost:5173/src/lib/popcornInit.js?t=1787453339349:60
[   81053ms] [LOG] [popcorn] function 5 @ http://localhost:5173/src/main.js?t=1787453339349:4
[   82118ms] [LOG] [App] Starting initialization... @ http://localhost:5173/src/main.js?t=1787453339349:19
[   82127ms] [LOG] [popcorn-init] OK: jquery @ http://localhost:5173/src/lib/popcornInit.js?t=1787453339349:41
[   82128ms] [LOG] [popcorn-init] OK: jquery-textfill @ http://localhost:5173/src/lib/popcornInit.js?t=1787453339349:48
[   82130ms] [LOG] [popcorn-init] OK: popcorn-core @ http://localhost:5173/src/lib/popcornInit.js?t=1787453339349:48
[   82131ms] [LOG] [popcorn-init] OK: popcorn-ie8 @ http://localhost:5173/src/lib/popcornInit.js?t=1787453339349:48
[   82133ms] [LOG] [popcorn-init] OK: wrapper-common @ http://localhost:5173/src/lib/popcornInit.js?t=1787453339349:48
[   82135ms] [LOG] [popcorn-init] OK: wrapper-html5 @ http://localhost:5173/src/lib/popcornInit.js?t=1787453339349:48
[   82137ms] [LOG] [popcorn-init] OK: wrapper-vrview @ http://localhost:5173/src/lib/popcornInit.js?t=1787453339349:48
[   82140ms] [LOG] [popcorn-init] OK: wrapper-adaptive @ http://localhost:5173/src/lib/popcornInit.js?t=1787453339349:48
[   82142ms] [LOG] [popcorn-init] OK: wrapper-null @ http://localhost:5173/src/lib/popcornInit.js?t=1787453339349:48
[   82144ms] [LOG] [popcorn-init] OK: wrapper-soundcloud @ http://localhost:5173/src/lib/popcornInit.js?t=1787453339349:48
[   82145ms] [LOG] [popcorn-init] OK: wrapper-vimeo @ http://localhost:5173/src/lib/popcornInit.js?t=1787453339349:48
[   82146ms] [LOG] [popcorn-init] OK: wrapper-youtube @ http://localhost:5173/src/lib/popcornInit.js?t=1787453339349:48
[   82147ms] [LOG] [LandingPage] Header.jsx loaded @ http://localhost:5173/src/components/landing/LandingPage.jsx?t=1787453339349:176
[   82148ms] [LOG] [popcorn-init] OK: wrapper-jwplayer @ http://localhost:5173/src/lib/popcornInit.js?t=1787453339349:48
[   82149ms] [LOG] [popcorn-init] OK: player-module @ http://localhost:5173/src/lib/popcornInit.js?t=1787453339349:48
[   82230ms] [LOG] [LandingPage] CinematicVideoHero.jsx loaded @ http://localhost:5173/src/components/landing/LandingPage.jsx?t=1787453339349:189
[   82501ms] [LOG] [LandingPage] HeroSection.jsx loaded @ http://localhost:5173/src/components/landing/LandingPage.jsx?t=1787453339349:202
[   82502ms] [LOG] [LandingPage] Observer created for: scrolling placeholder id: section-scrolling @ http://localhost:5173/src/components/landing/LandingPage.jsx?t=1787453339349:160
[   82502ms] [LOG] [LandingPage] Observer created for: hook placeholder id: section-hook @ http://localhost:5173/src/components/landing/LandingPage.jsx?t=1787453339349:160
[   82502ms] [LOG] [LandingPage] Observer created for: engines placeholder id: section-engines @ http://localhost:5173/src/components/landing/LandingPage.jsx?t=1787453339349:160
[   82502ms] [LOG] [LandingPage] Observer created for: apps placeholder id: section-apps @ http://localhost:5173/src/components/landing/LandingPage.jsx?t=1787453339349:160
[   82502ms] [LOG] [LandingPage] Observer created for: features placeholder id: section-features @ http://localhost:5173/src/components/landing/LandingPage.jsx?t=1787453339349:160
[   82502ms] [LOG] [LandingPage] Observer created for: problem placeholder id: section-problem @ http://localhost:5173/src/components/landing/LandingPage.jsx?t=1787453339349:160
[   82502ms] [LOG] [LandingPage] Observer created for: workflow placeholder id: section-workflow @ http://localhost:5173/src/components/landing/LandingPage.jsx?t=1787453339349:160
[   82502ms] [LOG] [LandingPage] Observer created for: comparison placeholder id: section-comparison @ http://localhost:5173/src/components/landing/LandingPage.jsx?t=1787453339349:160
[   82502ms] [LOG] [LandingPage] Observer created for: value placeholder id: section-value @ http://localhost:5173/src/components/landing/LandingPage.jsx?t=1787453339349:160
[   82502ms] [LOG] [LandingPage] Observer created for: agency placeholder id: section-agency @ http://localhost:5173/src/components/landing/LandingPage.jsx?t=1787453339349:160
[   82502ms] [LOG] [LandingPage] Observer created for: offer placeholder id: section-offer @ http://localhost:5173/src/components/landing/LandingPage.jsx?t=1787453339349:160
[   82502ms] [LOG] [LandingPage] Observer created for: cta placeholder id: section-cta @ http://localhost:5173/src/components/landing/LandingPage.jsx?t=1787453339349:160
[   82503ms] [LOG] [LandingPage] Observer created for: ai-workflow placeholder id: section-ai-workflow @ http://localhost:5173/src/components/landing/LandingPage.jsx?t=1787453339349:160
[   82503ms] [LOG] [LandingPage] Observer created for: made-with placeholder id: section-made-with @ http://localhost:5173/src/components/landing/LandingPage.jsx?t=1787453339349:160
[   82503ms] [LOG] [LandingPage] Observer created for: ugc placeholder id: section-ugc @ http://localhost:5173/src/components/landing/LandingPage.jsx?t=1787453339349:160
[   82503ms] [LOG] [LandingPage] Observer created for: gallery placeholder id: section-gallery @ http://localhost:5173/src/components/landing/LandingPage.jsx?t=1787453339349:160
[   82503ms] [LOG] [LandingPage] Observer created for: academy placeholder id: section-academy @ http://localhost:5173/src/components/landing/LandingPage.jsx?t=1787453339349:160
[   82503ms] [LOG] [LandingPage] Observer created for: repo-cinema placeholder id: section-repo-cinema @ http://localhost:5173/src/components/landing/LandingPage.jsx?t=1787453339349:160
[   82503ms] [LOG] [LandingPage] Observer created for: repo-commercial placeholder id: section-repo-commercial @ http://localhost:5173/src/components/landing/LandingPage.jsx?t=1787453339349:160
[   82503ms] [LOG] [LandingPage] Observer created for: repo-social-ads placeholder id: section-repo-social-ads @ http://localhost:5173/src/components/landing/LandingPage.jsx?t=1787453339349:160
[   82503ms] [LOG] [LandingPage] Observer created for: repo-narrative placeholder id: section-repo-narrative @ http://localhost:5173/src/components/landing/LandingPage.jsx?t=1787453339349:160
[   82503ms] [LOG] [LandingPage] Observer created for: repo-vertical placeholder id: section-repo-vertical @ http://localhost:5173/src/components/landing/LandingPage.jsx?t=1787453339349:160
[   82503ms] [LOG] [LandingPage] Observer created for: repo-ecommerce placeholder id: section-repo-ecommerce @ http://localhost:5173/src/components/landing/LandingPage.jsx?t=1787453339349:160
[   82503ms] [LOG] [LandingPage] Observer created for: repo-kinetic placeholder id: section-repo-kinetic @ http://localhost:5173/src/components/landing/LandingPage.jsx?t=1787453339349:160
[   82503ms] [LOG] [LandingPage] Observer created for: repo-animated placeholder id: section-repo-animated @ http://localhost:5173/src/components/landing/LandingPage.jsx?t=1787453339349:160
[   82503ms] [LOG] [LandingPage] Observer created for: repo-animation placeholder id: section-repo-animation @ http://localhost:5173/src/components/landing/LandingPage.jsx?t=1787453339349:160
[   82503ms] [LOG] [LandingPage] Observer created for: repo-reference placeholder id: section-repo-reference @ http://localhost:5173/src/components/landing/LandingPage.jsx?t=1787453339349:160
[   82503ms] [LOG] [LandingPage] Observer created for: repo-vfx placeholder id: section-repo-vfx @ http://localhost:5173/src/components/landing/LandingPage.jsx?t=1787453339349:160
[   82503ms] [LOG] [LandingPage] Observer created for: repo-fashion placeholder id: section-repo-fashion @ http://localhost:5173/src/components/landing/LandingPage.jsx?t=1787453339349:160
[   82503ms] [LOG] [LandingPage] Observer created for: repos placeholder id: section-repos @ http://localhost:5173/src/components/landing/LandingPage.jsx?t=1787453339349:160
[   82503ms] [LOG] [LandingPage] Observer created for: gtm-boost placeholder id: section-gtm-boost @ http://localhost:5173/src/components/landing/LandingPage.jsx?t=1787453339349:160
[   82504ms] [LOG] [App] Landing page rendered @ http://localhost:5173/src/main.js?t=1787453339349:88
[   82519ms] [LOG] [LandingPage] IntersectionObserver fired for cta [Object] @ http://localhost:5173/src/components/landing/LandingPage.jsx?t=1787453339349:119
[   82519ms] [LOG] [LandingPage] Loading section: cta @ http://localhost:5173/src/components/landing/LandingPage.jsx?t=1787453339349:122
[   82519ms] [LOG] [LandingPage] IntersectionObserver fired for repo-commercial [Object] @ http://localhost:5173/src/components/landing/LandingPage.jsx?t=1787453339349:119
[   82519ms] [LOG] [LandingPage] Loading section: repo-commercial @ http://localhost:5173/src/components/landing/LandingPage.jsx?t=1787453339349:122
[   82520ms] [LOG] [LandingPage] IntersectionObserver fired for problem [Object] @ http://localhost:5173/src/components/landing/LandingPage.jsx?t=1787453339349:119
[   82520ms] [LOG] [LandingPage] Loading section: problem @ http://localhost:5173/src/components/landing/LandingPage.jsx?t=1787453339349:122
[   82520ms] [LOG] [LandingPage] IntersectionObserver fired for repo-vfx [Object] @ http://localhost:5173/src/components/landing/LandingPage.jsx?t=1787453339349:119
[   82520ms] [LOG] [LandingPage] Loading section: repo-vfx @ http://localhost:5173/src/components/landing/LandingPage.jsx?t=1787453339349:122
[   82520ms] [LOG] [LandingPage] IntersectionObserver fired for repo-fashion [Object] @ http://localhost:5173/src/components/landing/LandingPage.jsx?t=1787453339349:119
[   82520ms] [LOG] [LandingPage] Loading section: repo-fashion @ http://localhost:5173/src/components/landing/LandingPage.jsx?t=1787453339349:122
[   82520ms] [LOG] [LandingPage] IntersectionObserver fired for repo-ecommerce [Object] @ http://localhost:5173/src/components/landing/LandingPage.jsx?t=1787453339349:119
[   82520ms] [LOG] [LandingPage] Loading section: repo-ecommerce @ http://localhost:5173/src/components/landing/LandingPage.jsx?t=1787453339349:122
[   82521ms] [LOG] [LandingPage] IntersectionObserver fired for comparison [Object] @ http://localhost:5173/src/components/landing/LandingPage.jsx?t=1787453339349:119
[   82521ms] [LOG] [LandingPage] Loading section: comparison @ http://localhost:5173/src/components/landing/LandingPage.jsx?t=1787453339349:122
[   82521ms] [LOG] [LandingPage] IntersectionObserver fired for made-with [Object] @ http://localhost:5173/src/components/landing/LandingPage.jsx?t=1787453339349:119
[   82521ms] [LOG] [LandingPage] Loading section: made-with @ http://localhost:5173/src/components/landing/LandingPage.jsx?t=1787453339349:122
[   82522ms] [LOG] [LandingPage] IntersectionObserver fired for repo-reference [Object] @ http://localhost:5173/src/components/landing/LandingPage.jsx?t=1787453339349:119
[   82523ms] [LOG] [LandingPage] Loading section: repo-reference @ http://localhost:5173/src/components/landing/LandingPage.jsx?t=1787453339349:122
[   82523ms] [LOG] [LandingPage] IntersectionObserver fired for academy [Object] @ http://localhost:5173/src/components/landing/LandingPage.jsx?t=1787453339349:119
[   82524ms] [LOG] [LandingPage] Loading section: academy @ http://localhost:5173/src/components/landing/LandingPage.jsx?t=1787453339349:122
[   82524ms] [LOG] [LandingPage] IntersectionObserver fired for repo-kinetic [Object] @ http://localhost:5173/src/components/landing/LandingPage.jsx?t=1787453339349:119
[   82525ms] [LOG] [LandingPage] Loading section: repo-kinetic @ http://localhost:5173/src/components/landing/LandingPage.jsx?t=1787453339349:122
[   82525ms] [LOG] [LandingPage] IntersectionObserver fired for value [Object] @ http://localhost:5173/src/components/landing/LandingPage.jsx?t=1787453339349:119
[   82525ms] [LOG] [LandingPage] Loading section: value @ http://localhost:5173/src/components/landing/LandingPage.jsx?t=1787453339349:122
[   82526ms] [LOG] [LandingPage] IntersectionObserver fired for repo-cinema [Object] @ http://localhost:5173/src/components/landing/LandingPage.jsx?t=1787453339349:119
[   82526ms] [LOG] [LandingPage] Loading section: repo-cinema @ http://localhost:5173/src/components/landing/LandingPage.jsx?t=1787453339349:122
[   82526ms] [LOG] [LandingPage] IntersectionObserver fired for workflow [Object] @ http://localhost:5173/src/components/landing/LandingPage.jsx?t=1787453339349:119
[   82526ms] [LOG] [LandingPage] Loading section: workflow @ http://localhost:5173/src/components/landing/LandingPage.jsx?t=1787453339349:122
[   82526ms] [LOG] [LandingPage] IntersectionObserver fired for gtm-boost [Object] @ http://localhost:5173/src/components/landing/LandingPage.jsx?t=1787453339349:119
[   82527ms] [LOG] [LandingPage] Loading section: gtm-boost @ http://localhost:5173/src/components/landing/LandingPage.jsx?t=1787453339349:122
[   82527ms] [LOG] [LandingPage] IntersectionObserver fired for hook [Object] @ http://localhost:5173/src/components/landing/LandingPage.jsx?t=1787453339349:119
[   82527ms] [LOG] [LandingPage] Loading section: hook @ http://localhost:5173/src/components/landing/LandingPage.jsx?t=1787453339349:122
[   82527ms] [LOG] [LandingPage] IntersectionObserver fired for gallery [Object] @ http://localhost:5173/src/components/landing/LandingPage.jsx?t=1787453339349:119
[   82527ms] [LOG] [LandingPage] Loading section: gallery @ http://localhost:5173/src/components/landing/LandingPage.jsx?t=1787453339349:122
[   82527ms] [LOG] [LandingPage] IntersectionObserver fired for ai-workflow [Object] @ http://localhost:5173/src/components/landing/LandingPage.jsx?t=1787453339349:119
[   82528ms] [LOG] [LandingPage] Loading section: ai-workflow @ http://localhost:5173/src/components/landing/LandingPage.jsx?t=1787453339349:122
[   82528ms] [LOG] [LandingPage] IntersectionObserver fired for agency [Object] @ http://localhost:5173/src/components/landing/LandingPage.jsx?t=1787453339349:119
[   82528ms] [LOG] [LandingPage] Loading section: agency @ http://localhost:5173/src/components/landing/LandingPage.jsx?t=1787453339349:122
[   82528ms] [LOG] [LandingPage] IntersectionObserver fired for repos [Object] @ http://localhost:5173/src/components/landing/LandingPage.jsx?t=1787453339349:119
[   82528ms] [LOG] [LandingPage] Loading section: repos @ http://localhost:5173/src/components/landing/LandingPage.jsx?t=1787453339349:122
[   82528ms] [LOG] [LandingPage] IntersectionObserver fired for offer [Object] @ http://localhost:5173/src/components/landing/LandingPage.jsx?t=1787453339349:119
[   82529ms] [LOG] [LandingPage] Loading section: offer @ http://localhost:5173/src/components/landing/LandingPage.jsx?t=1787453339349:122
[   82529ms] [LOG] [LandingPage] IntersectionObserver fired for engines [Object] @ http://localhost:5173/src/components/landing/LandingPage.jsx?t=1787453339349:119
[   82529ms] [LOG] [LandingPage] Loading section: engines @ http://localhost:5173/src/components/landing/LandingPage.jsx?t=1787453339349:122
[   82529ms] [LOG] [LandingPage] IntersectionObserver fired for ugc [Object] @ http://localhost:5173/src/components/landing/LandingPage.jsx?t=1787453339349:119
[   82529ms] [LOG] [LandingPage] Loading section: ugc @ http://localhost:5173/src/components/landing/LandingPage.jsx?t=1787453339349:122
[   82530ms] [LOG] [LandingPage] IntersectionObserver fired for apps [Object] @ http://localhost:5173/src/components/landing/LandingPage.jsx?t=1787453339349:119
[   82530ms] [LOG] [LandingPage] Loading section: apps @ http://localhost:5173/src/components/landing/LandingPage.jsx?t=1787453339349:122
[   82530ms] [LOG] [LandingPage] IntersectionObserver fired for repo-animation [Object] @ http://localhost:5173/src/components/landing/LandingPage.jsx?t=1787453339349:119
[   82530ms] [LOG] [LandingPage] Loading section: repo-animation @ http://localhost:5173/src/components/landing/LandingPage.jsx?t=1787453339349:122
[   82530ms] [LOG] [LandingPage] IntersectionObserver fired for repo-vertical [Object] @ http://localhost:5173/src/components/landing/LandingPage.jsx?t=1787453339349:119
[   82531ms] [LOG] [LandingPage] Loading section: repo-vertical @ http://localhost:5173/src/components/landing/LandingPage.jsx?t=1787453339349:122
[   82531ms] [LOG] [LandingPage] IntersectionObserver fired for repo-narrative [Object] @ http://localhost:5173/src/components/landing/LandingPage.jsx?t=1787453339349:119
[   82531ms] [LOG] [LandingPage] Loading section: repo-narrative @ http://localhost:5173/src/components/landing/LandingPage.jsx?t=1787453339349:122
[   82531ms] [LOG] [LandingPage] IntersectionObserver fired for scrolling [Object] @ http://localhost:5173/src/components/landing/LandingPage.jsx?t=1787453339349:119
[   82531ms] [LOG] [LandingPage] Loading section: scrolling @ http://localhost:5173/src/components/landing/LandingPage.jsx?t=1787453339349:122
[   82531ms] [LOG] [LandingPage] IntersectionObserver fired for repo-social-ads [Object] @ http://localhost:5173/src/components/landing/LandingPage.jsx?t=1787453339349:119
[   82532ms] [LOG] [LandingPage] Loading section: repo-social-ads @ http://localhost:5173/src/components/landing/LandingPage.jsx?t=1787453339349:122
[   82532ms] [LOG] [LandingPage] IntersectionObserver fired for features [Object] @ http://localhost:5173/src/components/landing/LandingPage.jsx?t=1787453339349:119
[   82532ms] [LOG] [LandingPage] Loading section: features @ http://localhost:5173/src/components/landing/LandingPage.jsx?t=1787453339349:122
[   82532ms] [LOG] [LandingPage] IntersectionObserver fired for repo-animated [Object] @ http://localhost:5173/src/components/landing/LandingPage.jsx?t=1787453339349:119
[   82532ms] [LOG] [LandingPage] Loading section: repo-animated @ http://localhost:5173/src/components/landing/LandingPage.jsx?t=1787453339349:122
[   82805ms] [LOG] [LandingPage] Section loaded: cta @ http://localhost:5173/src/components/landing/LandingPage.jsx?t=1787453339349:141
[   82810ms] [LOG] [LandingPage] Section loaded: problem @ http://localhost:5173/src/components/landing/LandingPage.jsx?t=1787453339349:141
[   82812ms] [LOG] [LandingPage] Section loaded: comparison @ http://localhost:5173/src/components/landing/LandingPage.jsx?t=1787453339349:141
[   82814ms] [LOG] [LandingPage] Section loaded: value @ http://localhost:5173/src/components/landing/LandingPage.jsx?t=1787453339349:141
[   82815ms] [LOG] [LandingPage] Section loaded: workflow @ http://localhost:5173/src/components/landing/LandingPage.jsx?t=1787453339349:141
[   82837ms] [LOG] [LandingPage] Section loaded: hook @ http://localhost:5173/src/components/landing/LandingPage.jsx?t=1787453339349:141
[   82837ms] [LOG] [LandingPage] Section loaded: agency @ http://localhost:5173/src/components/landing/LandingPage.jsx?t=1787453339349:141
[   82839ms] [LOG] [LandingPage] Section loaded: offer @ http://localhost:5173/src/components/landing/LandingPage.jsx?t=1787453339349:141
[   82840ms] [LOG] [LandingPage] Section loaded: engines @ http://localhost:5173/src/components/landing/LandingPage.jsx?t=1787453339349:141
[   82847ms] [LOG] [LandingPage] Section loaded: scrolling @ http://localhost:5173/src/components/landing/LandingPage.jsx?t=1787453339349:141
[   82848ms] [LOG] [LandingPage] Section loaded: features @ http://localhost:5173/src/components/landing/LandingPage.jsx?t=1787453339349:141
[   82849ms] [LOG] [LandingPage] Section loaded: repos @ http://localhost:5173/src/components/landing/LandingPage.jsx?t=1787453339349:141
[   83064ms] [LOG] [LandingPage] Section loaded: ai-workflow @ http://localhost:5173/src/components/landing/LandingPage.jsx?t=1787453339349:141
[   83096ms] [LOG] [LandingPage] Section loaded: academy @ http://localhost:5173/src/components/landing/LandingPage.jsx?t=1787453339349:141
[   83103ms] [LOG] [LandingPage] Section loaded: ugc @ http://localhost:5173/src/components/landing/LandingPage.jsx?t=1787453339349:141
[   83116ms] [LOG] [LandingPage] Section loaded: repo-kinetic @ http://localhost:5173/src/components/landing/LandingPage.jsx?t=1787453339349:141
[   83814ms] [LOG] [LandingPage] Section loaded: repo-animated @ http://localhost:5173/src/components/landing/LandingPage.jsx?t=1787453339349:141
[   83837ms] [LOG] [LandingPage] Section loaded: repo-social-ads @ http://localhost:5173/src/components/landing/LandingPage.jsx?t=1787453339349:141
[   83851ms] [LOG] [LandingPage] Section loaded: repo-commercial @ http://localhost:5173/src/components/landing/LandingPage.jsx?t=1787453339349:141
[   83861ms] [LOG] [LandingPage] Section loaded: repo-ecommerce @ http://localhost:5173/src/components/landing/LandingPage.jsx?t=1787453339349:141
[   83871ms] [LOG] [LandingPage] Section loaded: repo-cinema @ http://localhost:5173/src/components/landing/LandingPage.jsx?t=1787453339349:141
[   83881ms] [LOG] [LandingPage] Section loaded: repo-vfx @ http://localhost:5173/src/components/landing/LandingPage.jsx?t=1787453339349:141
[   83893ms] [LOG] [LandingPage] Section loaded: made-with @ http://localhost:5173/src/components/landing/LandingPage.jsx?t=1787453339349:141
[   83903ms] [LOG] [LandingPage] Section loaded: gallery @ http://localhost:5173/src/components/landing/LandingPage.jsx?t=1787453339349:141
[   84016ms] [LOG] [LandingPage] Section loaded: repo-reference @ http://localhost:5173/src/components/landing/LandingPage.jsx?t=1787453339349:141
[   84022ms] [LOG] [LandingPage] Section loaded: repo-animation @ http://localhost:5173/src/components/landing/LandingPage.jsx?t=1787453339349:141
[   84028ms] [LOG] [LandingPage] Section loaded: repo-fashion @ http://localhost:5173/src/components/landing/LandingPage.jsx?t=1787453339349:141
[   84037ms] [LOG] [LandingPage] Section loaded: repo-narrative @ http://localhost:5173/src/components/landing/LandingPage.jsx?t=1787453339349:141
[   84048ms] [LOG] [LandingPage] Section loaded: repo-vertical @ http://localhost:5173/src/components/landing/LandingPage.jsx?t=1787453339349:141
[   84053ms] [LOG] [LandingPage] Section loaded: gtm-boost @ http://localhost:5173/src/components/landing/LandingPage.jsx?t=1787453339349:141
[   84062ms] [LOG] [LandingPage] Section loaded: apps @ http://localhost:5173/src/components/landing/LandingPage.jsx?t=1787453339349:141
[   84248ms] [ERROR] [popcorn-init] FAILED at: plugin-image TypeError: Class constructor SortableElement cannot be invoked without 'new'
    at http://localhost:5173/components/modals/RetargetOptInModal.jsx?t=1787453339349:26:22 @ http://localhost:5173/src/lib/popcornInit.js?t=1787453339349:55
[   84253ms] [INFO] %cDownload the React DevTools for a better development experience: https://react.dev/link/react-devtools font-weight:bold @ http://localhost:5173/node_modules/.vite/deps/chunk-EEAUBQDT.js?v=93c1ec86:20096
[   84254ms] [ERROR] [ModalSystem] mount failed TypeError: Class constructor SortableElement cannot be invoked without 'new'
    at http://localhost:5173/components/modals/RetargetOptInModal.jsx?t=1787453339349:26:22 @ http://localhost:5173/src/main.js?t=1787453339349:329
[   84283ms] [ERROR] [popcorn-init] FAILED at: plugin-jsonTransition TypeError: Class constructor SortableElement cannot be invoked without 'new'
    at http://localhost:5173/components/modals/RetargetOptInModal.jsx?t=1787453339349:26:22 @ http://localhost:5173/src/lib/popcornInit.js?t=1787453339349:55
[   84311ms] [ERROR] [popcorn-init] FAILED at: plugin-lottie-json TypeError: Class constructor SortableElement cannot be invoked without 'new'
    at http://localhost:5173/components/modals/RetargetOptInModal.jsx?t=1787453339349:26:22 @ http://localhost:5173/src/lib/popcornInit.js?t=1787453339349:55
[   84335ms] [LOG] [popcorn-init] OK: plugin-json-button @ http://localhost:5173/src/lib/popcornInit.js?t=1787453339349:48
[   84371ms] [ERROR] [popcorn-init] FAILED at: plugin-personalizedImage TypeError: Class constructor SortableElement cannot be invoked without 'new'
    at http://localhost:5173/components/modals/RetargetOptInModal.jsx?t=1787453339349:26:22 @ http://localhost:5173/src/lib/popcornInit.js?t=1787453339349:55
[   84377ms] [ERROR] [popcorn-init] FAILED at: plugin-loopPlugin TypeError: Class constructor SortableElement cannot be invoked without 'new'
    at http://localhost:5173/components/modals/RetargetOptInModal.jsx?t=1787453339349:26:22 @ http://localhost:5173/src/lib/popcornInit.js?t=1787453339349:55
[   84381ms] [ERROR] [popcorn-init] FAILED at: plugin-pausePlugin TypeError: Class constructor SortableElement cannot be invoked without 'new'
    at http://localhost:5173/components/modals/RetargetOptInModal.jsx?t=1787453339349:26:22 @ http://localhost:5173/src/lib/popcornInit.js?t=1787453339349:55
[   84401ms] [ERROR] [popcorn-init] FAILED at: plugin-form TypeError: Class constructor SortableElement cannot be invoked without 'new'
    at http://localhost:5173/components/modals/RetargetOptInModal.jsx?t=1787453339349:26:22 @ http://localhost:5173/src/lib/popcornInit.js?t=1787453339349:55
[   84428ms] [ERROR] [popcorn-init] FAILED at: plugin-retarget TypeError: Class constructor SortableElement cannot be invoked without 'new'
    at http://localhost:5173/components/modals/RetargetOptInModal.jsx?t=1787453339349:26:22 @ http://localhost:5173/src/lib/popcornInit.js?t=1787453339349:55
[   84446ms] [LOG] [popcorn-init] OK: plugin-popup @ http://localhost:5173/src/lib/popcornInit.js?t=1787453339349:48
[   84450ms] [ERROR] [popcorn-init] FAILED at: plugin-sequencer TypeError: Class constructor SortableElement cannot be invoked without 'new'
    at http://localhost:5173/components/modals/RetargetOptInModal.jsx?t=1787453339349:26:22 @ http://localhost:5173/src/lib/popcornInit.js?t=1787453339349:55
[   84454ms] [ERROR] [popcorn-init] FAILED at: plugin-skip TypeError: Class constructor SortableElement cannot be invoked without 'new'
    at http://localhost:5173/components/modals/RetargetOptInModal.jsx?t=1787453339349:26:22 @ http://localhost:5173/src/lib/popcornInit.js?t=1787453339349:55
[   84510ms] [ERROR] [popcorn-init] FAILED at: plugin-text TypeError: Class constructor SortableElement cannot be invoked without 'new'
    at http://localhost:5173/components/modals/RetargetOptInModal.jsx?t=1787453339349:26:22 @ http://localhost:5173/src/lib/popcornInit.js?t=1787453339349:55
[   84561ms] [LOG] [popcorn-init] OK: plugin-social @ http://localhost:5173/src/lib/popcornInit.js?t=1787453339349:48
[   84566ms] [ERROR] [popcorn-init] FAILED at: plugin-jsonAnimation TypeError: Class constructor SortableElement cannot be invoked without 'new'
    at http://localhost:5173/components/modals/RetargetOptInModal.jsx?t=1787453339349:26:22 @ http://localhost:5173/src/lib/popcornInit.js?t=1787453339349:55
[   84577ms] [LOG] [popcorn-init] OK: plugin-videoTransition @ http://localhost:5173/src/lib/popcornInit.js?t=1787453339349:48
[   84582ms] [ERROR] [popcorn-init] FAILED at: plugin-seethroughtext TypeError: Class constructor SortableElement cannot be invoked without 'new'
    at http://localhost:5173/components/modals/RetargetOptInModal.jsx?t=1787453339349:26:22 @ http://localhost:5173/src/lib/popcornInit.js?t=1787453339349:55
[   84584ms] [LOG] [popcorn-init] OK: plugin-wikipedia @ http://localhost:5173/src/lib/popcornInit.js?t=1787453339349:48
[   84591ms] [ERROR] [popcorn-init] FAILED at: plugin-combined TypeError: Class constructor SortableElement cannot be invoked without 'new'
    at http://localhost:5173/components/modals/RetargetOptInModal.jsx?t=1787453339349:26:22 @ http://localhost:5173/src/lib/popcornInit.js?t=1787453339349:55
[   84595ms] [ERROR] [popcorn-init] FAILED at: plugin-background TypeError: Class constructor SortableElement cannot be invoked without 'new'
    at http://localhost:5173/components/modals/RetargetOptInModal.jsx?t=1787453339349:26:22 @ http://localhost:5173/src/lib/popcornInit.js?t=1787453339349:55
[   84595ms] [LOG] [popcorn-init] SUMMARY: 5/20 plugins registered; FAILED: plugin-image, plugin-jsonTransition, plugin-lottie-json, plugin-personalizedImage, plugin-loopPlugin, plugin-pausePlugin, plugin-form, plugin-retarget, plugin-sequencer, plugin-skip, plugin-text, plugin-jsonAnimation, plugin-seethroughtext, plugin-combined, plugin-background @ http://localhost:5173/src/lib/popcornInit.js?t=1787453339349:60
[   84596ms] [LOG] [popcorn] function 5 @ http://localhost:5173/src/main.js?t=1787453339349:4
[   86956ms] [LOG] [App] Starting initialization... @ http://localhost:5173/src/main.js?t=1787453339349:19
[   86965ms] [LOG] [popcorn-init] OK: jquery @ http://localhost:5173/src/lib/popcornInit.js?t=1787453339349:41
[   86966ms] [LOG] [popcorn-init] OK: jquery-textfill @ http://localhost:5173/src/lib/popcornInit.js?t=1787453339349:48
[   86967ms] [LOG] [popcorn-init] OK: popcorn-core @ http://localhost:5173/src/lib/popcornInit.js?t=1787453339349:48
[   86968ms] [LOG] [popcorn-init] OK: popcorn-ie8 @ http://localhost:5173/src/lib/popcornInit.js?t=1787453339349:48
[   86969ms] [LOG] [popcorn-init] OK: wrapper-common @ http://localhost:5173/src/lib/popcornInit.js?t=1787453339349:48
[   86969ms] [LOG] [popcorn-init] OK: wrapper-html5 @ http://localhost:5173/src/lib/popcornInit.js?t=1787453339349:48
[   86969ms] [LOG] [popcorn-init] OK: wrapper-vrview @ http://localhost:5173/src/lib/popcornInit.js?t=1787453339349:48
[   86970ms] [LOG] [popcorn-init] OK: wrapper-adaptive @ http://localhost:5173/src/lib/popcornInit.js?t=1787453339349:48
[   86970ms] [LOG] [popcorn-init] OK: wrapper-null @ http://localhost:5173/src/lib/popcornInit.js?t=1787453339349:48
[   86970ms] [LOG] [popcorn-init] OK: wrapper-soundcloud @ http://localhost:5173/src/lib/popcornInit.js?t=1787453339349:48
[   86971ms] [LOG] [popcorn-init] OK: wrapper-vimeo @ http://localhost:5173/src/lib/popcornInit.js?t=1787453339349:48
[   86971ms] [LOG] [popcorn-init] OK: wrapper-youtube @ http://localhost:5173/src/lib/popcornInit.js?t=1787453339349:48
[   86972ms] [LOG] [popcorn-init] OK: wrapper-jwplayer @ http://localhost:5173/src/lib/popcornInit.js?t=1787453339349:48
[   86973ms] [LOG] [popcorn-init] OK: player-module @ http://localhost:5173/src/lib/popcornInit.js?t=1787453339349:48
[   87137ms] [LOG] [LandingPage] Header.jsx loaded @ http://localhost:5173/src/components/landing/LandingPage.jsx?t=1787453339349:176
[   87577ms] [LOG] [LandingPage] CinematicVideoHero.jsx loaded @ http://localhost:5173/src/components/landing/LandingPage.jsx?t=1787453339349:189
[   87752ms] [LOG] [LandingPage] HeroSection.jsx loaded @ http://localhost:5173/src/components/landing/LandingPage.jsx?t=1787453339349:202
[   87752ms] [LOG] [LandingPage] Observer created for: scrolling placeholder id: section-scrolling @ http://localhost:5173/src/components/landing/LandingPage.jsx?t=1787453339349:160
[   87752ms] [LOG] [LandingPage] Observer created for: hook placeholder id: section-hook @ http://localhost:5173/src/components/landing/LandingPage.jsx?t=1787453339349:160
[   87752ms] [LOG] [LandingPage] Observer created for: engines placeholder id: section-engines @ http://localhost:5173/src/components/landing/LandingPage.jsx?t=1787453339349:160
[   87753ms] [LOG] [LandingPage] Observer created for: apps placeholder id: section-apps @ http://localhost:5173/src/components/landing/LandingPage.jsx?t=1787453339349:160
[   87753ms] [LOG] [LandingPage] Observer created for: features placeholder id: section-features @ http://localhost:5173/src/components/landing/LandingPage.jsx?t=1787453339349:160
[   87753ms] [LOG] [LandingPage] Observer created for: problem placeholder id: section-problem @ http://localhost:5173/src/components/landing/LandingPage.jsx?t=1787453339349:160
[   87753ms] [LOG] [LandingPage] Observer created for: workflow placeholder id: section-workflow @ http://localhost:5173/src/components/landing/LandingPage.jsx?t=1787453339349:160
[   87753ms] [LOG] [LandingPage] Observer created for: comparison placeholder id: section-comparison @ http://localhost:5173/src/components/landing/LandingPage.jsx?t=1787453339349:160
[   87753ms] [LOG] [LandingPage] Observer created for: value placeholder id: section-value @ http://localhost:5173/src/components/landing/LandingPage.jsx?t=1787453339349:160
[   87753ms] [LOG] [LandingPage] Observer created for: agency placeholder id: section-agency @ http://localhost:5173/src/components/landing/LandingPage.jsx?t=1787453339349:160
[   87753ms] [LOG] [LandingPage] Observer created for: offer placeholder id: section-offer @ http://localhost:5173/src/components/landing/LandingPage.jsx?t=1787453339349:160
[   87753ms] [LOG] [LandingPage] Observer created for: cta placeholder id: section-cta @ http://localhost:5173/src/components/landing/LandingPage.jsx?t=1787453339349:160
[   87753ms] [LOG] [LandingPage] Observer created for: ai-workflow placeholder id: section-ai-workflow @ http://localhost:5173/src/components/landing/LandingPage.jsx?t=1787453339349:160
[   87753ms] [LOG] [LandingPage] Observer created for: made-with placeholder id: section-made-with @ http://localhost:5173/src/components/landing/LandingPage.jsx?t=1787453339349:160
[   87753ms] [LOG] [LandingPage] Observer created for: ugc placeholder id: section-ugc @ http://localhost:5173/src/components/landing/LandingPage.jsx?t=1787453339349:160
[   87753ms] [LOG] [LandingPage] Observer created for: gallery placeholder id: section-gallery @ http://localhost:5173/src/components/landing/LandingPage.jsx?t=1787453339349:160
[   87753ms] [LOG] [LandingPage] Observer created for: academy placeholder id: section-academy @ http://localhost:5173/src/components/landing/LandingPage.jsx?t=1787453339349:160
[   87753ms] [LOG] [LandingPage] Observer created for: repo-cinema placeholder id: section-repo-cinema @ http://localhost:5173/src/components/landing/LandingPage.jsx?t=1787453339349:160
[   87753ms] [LOG] [LandingPage] Observer created for: repo-commercial placeholder id: section-repo-commercial @ http://localhost:5173/src/components/landing/LandingPage.jsx?t=1787453339349:160
[   87753ms] [LOG] [LandingPage] Observer created for: repo-social-ads placeholder id: section-repo-social-ads @ http://localhost:5173/src/components/landing/LandingPage.jsx?t=1787453339349:160
[   87754ms] [LOG] [LandingPage] Observer created for: repo-narrative placeholder id: section-repo-narrative @ http://localhost:5173/src/components/landing/LandingPage.jsx?t=1787453339349:160
[   87754ms] [LOG] [LandingPage] Observer created for: repo-vertical placeholder id: section-repo-vertical @ http://localhost:5173/src/components/landing/LandingPage.jsx?t=1787453339349:160
[   87754ms] [LOG] [LandingPage] Observer created for: repo-ecommerce placeholder id: section-repo-ecommerce @ http://localhost:5173/src/components/landing/LandingPage.jsx?t=1787453339349:160
[   87754ms] [LOG] [LandingPage] Observer created for: repo-kinetic placeholder id: section-repo-kinetic @ http://localhost:5173/src/components/landing/LandingPage.jsx?t=1787453339349:160
[   87754ms] [LOG] [LandingPage] Observer created for: repo-animated placeholder id: section-repo-animated @ http://localhost:5173/src/components/landing/LandingPage.jsx?t=1787453339349:160
[   87754ms] [LOG] [LandingPage] Observer created for: repo-animation placeholder id: section-repo-animation @ http://localhost:5173/src/components/landing/LandingPage.jsx?t=1787453339349:160
[   87754ms] [LOG] [LandingPage] Observer created for: repo-reference placeholder id: section-repo-reference @ http://localhost:5173/src/components/landing/LandingPage.jsx?t=1787453339349:160
[   87754ms] [LOG] [LandingPage] Observer created for: repo-vfx placeholder id: section-repo-vfx @ http://localhost:5173/src/components/landing/LandingPage.jsx?t=1787453339349:160
[   87754ms] [LOG] [LandingPage] Observer created for: repo-fashion placeholder id: section-repo-fashion @ http://localhost:5173/src/components/landing/LandingPage.jsx?t=1787453339349:160
[   87754ms] [LOG] [LandingPage] Observer created for: repos placeholder id: section-repos @ http://localhost:5173/src/components/landing/LandingPage.jsx?t=1787453339349:160
[   87754ms] [LOG] [LandingPage] Observer created for: gtm-boost placeholder id: section-gtm-boost @ http://localhost:5173/src/components/landing/LandingPage.jsx?t=1787453339349:160
[   87756ms] [LOG] [App] Landing page rendered @ http://localhost:5173/src/main.js?t=1787453339349:88
[   87770ms] [LOG] [LandingPage] IntersectionObserver fired for gtm-boost [Object] @ http://localhost:5173/src/components/landing/LandingPage.jsx?t=1787453339349:119
[   87770ms] [LOG] [LandingPage] Loading section: gtm-boost @ http://localhost:5173/src/components/landing/LandingPage.jsx?t=1787453339349:122
[   87770ms] [LOG] [LandingPage] IntersectionObserver fired for gallery [Object] @ http://localhost:5173/src/components/landing/LandingPage.jsx?t=1787453339349:119
[   87770ms] [LOG] [LandingPage] Loading section: gallery @ http://localhost:5173/src/components/landing/LandingPage.jsx?t=1787453339349:122
[   87770ms] [LOG] [LandingPage] IntersectionObserver fired for problem [Object] @ http://localhost:5173/src/components/landing/LandingPage.jsx?t=1787453339349:119
[   87771ms] [LOG] [LandingPage] Loading section: problem @ http://localhost:5173/src/components/landing/LandingPage.jsx?t=1787453339349:122
[   87771ms] [LOG] [LandingPage] IntersectionObserver fired for comparison [Object] @ http://localhost:5173/src/components/landing/LandingPage.jsx?t=1787453339349:119
[   87772ms] [LOG] [LandingPage] Loading section: comparison @ http://localhost:5173/src/components/landing/LandingPage.jsx?t=1787453339349:122
[   87773ms] [LOG] [LandingPage] IntersectionObserver fired for cta [Object] @ http://localhost:5173/src/components/landing/LandingPage.jsx?t=1787453339349:119
[   87773ms] [LOG] [LandingPage] Loading section: cta @ http://localhost:5173/src/components/landing/LandingPage.jsx?t=1787453339349:122
[   87774ms] [LOG] [LandingPage] IntersectionObserver fired for repo-animation [Object] @ http://localhost:5173/src/components/landing/LandingPage.jsx?t=1787453339349:119
[   87774ms] [LOG] [LandingPage] Loading section: repo-animation @ http://localhost:5173/src/components/landing/LandingPage.jsx?t=1787453339349:122
[   87774ms] [LOG] [LandingPage] IntersectionObserver fired for scrolling [Object] @ http://localhost:5173/src/components/landing/LandingPage.jsx?t=1787453339349:119
[   87774ms] [LOG] [LandingPage] Loading section: scrolling @ http://localhost:5173/src/components/landing/LandingPage.jsx?t=1787453339349:122
[   87775ms] [LOG] [LandingPage] IntersectionObserver fired for repo-kinetic [Object] @ http://localhost:5173/src/components/landing/LandingPage.jsx?t=1787453339349:119
[   87775ms] [LOG] [LandingPage] Loading section: repo-kinetic @ http://localhost:5173/src/components/landing/LandingPage.jsx?t=1787453339349:122
[   87775ms] [LOG] [LandingPage] IntersectionObserver fired for repo-animated [Object] @ http://localhost:5173/src/components/landing/LandingPage.jsx?t=1787453339349:119
[   87775ms] [LOG] [LandingPage] Loading section: repo-animated @ http://localhost:5173/src/components/landing/LandingPage.jsx?t=1787453339349:122
[   87775ms] [LOG] [LandingPage] IntersectionObserver fired for repo-fashion [Object] @ http://localhost:5173/src/components/landing/LandingPage.jsx?t=1787453339349:119
[   87776ms] [LOG] [LandingPage] Loading section: repo-fashion @ http://localhost:5173/src/components/landing/LandingPage.jsx?t=1787453339349:122
[   87776ms] [LOG] [LandingPage] IntersectionObserver fired for repo-cinema [Object] @ http://localhost:5173/src/components/landing/LandingPage.jsx?t=1787453339349:119
[   87776ms] [LOG] [LandingPage] Loading section: repo-cinema @ http://localhost:5173/src/components/landing/LandingPage.jsx?t=1787453339349:122
[   87776ms] [LOG] [LandingPage] IntersectionObserver fired for repo-vfx [Object] @ http://localhost:5173/src/components/landing/LandingPage.jsx?t=1787453339349:119
[   87776ms] [LOG] [LandingPage] Loading section: repo-vfx @ http://localhost:5173/src/components/landing/LandingPage.jsx?t=1787453339349:122
[   87776ms] [LOG] [LandingPage] IntersectionObserver fired for hook [Object] @ http://localhost:5173/src/components/landing/LandingPage.jsx?t=1787453339349:119
[   87776ms] [LOG] [LandingPage] Loading section: hook @ http://localhost:5173/src/components/landing/LandingPage.jsx?t=1787453339349:122
[   87776ms] [LOG] [LandingPage] IntersectionObserver fired for offer [Object] @ http://localhost:5173/src/components/landing/LandingPage.jsx?t=1787453339349:119
[   87777ms] [LOG] [LandingPage] Loading section: offer @ http://localhost:5173/src/components/landing/LandingPage.jsx?t=1787453339349:122
[   87777ms] [LOG] [LandingPage] IntersectionObserver fired for repo-vertical [Object] @ http://localhost:5173/src/components/landing/LandingPage.jsx?t=1787453339349:119
[   87777ms] [LOG] [LandingPage] Loading section: repo-vertical @ http://localhost:5173/src/components/landing/LandingPage.jsx?t=1787453339349:122
[   87777ms] [LOG] [LandingPage] IntersectionObserver fired for engines [Object] @ http://localhost:5173/src/components/landing/LandingPage.jsx?t=1787453339349:119
[   87777ms] [LOG] [LandingPage] Loading section: engines @ http://localhost:5173/src/components/landing/LandingPage.jsx?t=1787453339349:122
[   87778ms] [LOG] [LandingPage] IntersectionObserver fired for features [Object] @ http://localhost:5173/src/components/landing/LandingPage.jsx?t=1787453339349:119
[   87778ms] [LOG] [LandingPage] Loading section: features @ http://localhost:5173/src/components/landing/LandingPage.jsx?t=1787453339349:122
[   87778ms] [LOG] [LandingPage] IntersectionObserver fired for repos [Object] @ http://localhost:5173/src/components/landing/LandingPage.jsx?t=1787453339349:119
[   87778ms] [LOG] [LandingPage] Loading section: repos @ http://localhost:5173/src/components/landing/LandingPage.jsx?t=1787453339349:122
[   87778ms] [LOG] [LandingPage] IntersectionObserver fired for repo-narrative [Object] @ http://localhost:5173/src/components/landing/LandingPage.jsx?t=1787453339349:119
[   87778ms] [LOG] [LandingPage] Loading section: repo-narrative @ http://localhost:5173/src/components/landing/LandingPage.jsx?t=1787453339349:122
[   87779ms] [LOG] [LandingPage] IntersectionObserver fired for repo-social-ads [Object] @ http://localhost:5173/src/components/landing/LandingPage.jsx?t=1787453339349:119
[   87779ms] [LOG] [LandingPage] Loading section: repo-social-ads @ http://localhost:5173/src/components/landing/LandingPage.jsx?t=1787453339349:122
[   87779ms] [LOG] [LandingPage] IntersectionObserver fired for ai-workflow [Object] @ http://localhost:5173/src/components/landing/LandingPage.jsx?t=1787453339349:119
[   87779ms] [LOG] [LandingPage] Loading section: ai-workflow @ http://localhost:5173/src/components/landing/LandingPage.jsx?t=1787453339349:122
[   87779ms] [LOG] [LandingPage] IntersectionObserver fired for made-with [Object] @ http://localhost:5173/src/components/landing/LandingPage.jsx?t=1787453339349:119
[   87779ms] [LOG] [LandingPage] Loading section: made-with @ http://localhost:5173/src/components/landing/LandingPage.jsx?t=1787453339349:122
[   87780ms] [LOG] [LandingPage] IntersectionObserver fired for repo-ecommerce [Object] @ http://localhost:5173/src/components/landing/LandingPage.jsx?t=1787453339349:119
[   87780ms] [LOG] [LandingPage] Loading section: repo-ecommerce @ http://localhost:5173/src/components/landing/LandingPage.jsx?t=1787453339349:122
[   87780ms] [LOG] [LandingPage] IntersectionObserver fired for ugc [Object] @ http://localhost:5173/src/components/landing/LandingPage.jsx?t=1787453339349:119
[   87780ms] [LOG] [LandingPage] Loading section: ugc @ http://localhost:5173/src/components/landing/LandingPage.jsx?t=1787453339349:122
[   87780ms] [LOG] [LandingPage] IntersectionObserver fired for academy [Object] @ http://localhost:5173/src/components/landing/LandingPage.jsx?t=1787453339349:119
[   87781ms] [LOG] [LandingPage] Loading section: academy @ http://localhost:5173/src/components/landing/LandingPage.jsx?t=1787453339349:122
[   87781ms] [LOG] [LandingPage] IntersectionObserver fired for agency [Object] @ http://localhost:5173/src/components/landing/LandingPage.jsx?t=1787453339349:119
[   87781ms] [LOG] [LandingPage] Loading section: agency @ http://localhost:5173/src/components/landing/LandingPage.jsx?t=1787453339349:122
[   87781ms] [LOG] [LandingPage] IntersectionObserver fired for repo-commercial [Object] @ http://localhost:5173/src/components/landing/LandingPage.jsx?t=1787453339349:119
[   87782ms] [LOG] [LandingPage] Loading section: repo-commercial @ http://localhost:5173/src/components/landing/LandingPage.jsx?t=1787453339349:122
[   87782ms] [LOG] [LandingPage] IntersectionObserver fired for apps [Object] @ http://localhost:5173/src/components/landing/LandingPage.jsx?t=1787453339349:119
[   87782ms] [LOG] [LandingPage] Loading section: apps @ http://localhost:5173/src/components/landing/LandingPage.jsx?t=1787453339349:122
[   87782ms] [LOG] [LandingPage] IntersectionObserver fired for value [Object] @ http://localhost:5173/src/components/landing/LandingPage.jsx?t=1787453339349:119
[   87783ms] [LOG] [LandingPage] Loading section: value @ http://localhost:5173/src/components/landing/LandingPage.jsx?t=1787453339349:122
[   87783ms] [LOG] [LandingPage] IntersectionObserver fired for workflow [Object] @ http://localhost:5173/src/components/landing/LandingPage.jsx?t=1787453339349:119
[   87783ms] [LOG] [LandingPage] Loading section: workflow @ http://localhost:5173/src/components/landing/LandingPage.jsx?t=1787453339349:122
[   87783ms] [LOG] [LandingPage] IntersectionObserver fired for repo-reference [Object] @ http://localhost:5173/src/components/landing/LandingPage.jsx?t=1787453339349:119
[   87783ms] [LOG] [LandingPage] Loading section: repo-reference @ http://localhost:5173/src/components/landing/LandingPage.jsx?t=1787453339349:122
[   87877ms] [LOG] [LandingPage] Section loaded: problem @ http://localhost:5173/src/components/landing/LandingPage.jsx?t=1787453339349:141
[   87878ms] [LOG] [LandingPage] Section loaded: comparison @ http://localhost:5173/src/components/landing/LandingPage.jsx?t=1787453339349:141
[   87879ms] [LOG] [LandingPage] Section loaded: cta @ http://localhost:5173/src/components/landing/LandingPage.jsx?t=1787453339349:141
[   87893ms] [LOG] [LandingPage] Section loaded: scrolling @ http://localhost:5173/src/components/landing/LandingPage.jsx?t=1787453339349:141
[   87894ms] [LOG] [LandingPage] Section loaded: hook @ http://localhost:5173/src/components/landing/LandingPage.jsx?t=1787453339349:141
[   87963ms] [LOG] [LandingPage] Section loaded: offer @ http://localhost:5173/src/components/landing/LandingPage.jsx?t=1787453339349:141
[   87984ms] [LOG] [LandingPage] Section loaded: engines @ http://localhost:5173/src/components/landing/LandingPage.jsx?t=1787453339349:141
[   87989ms] [LOG] [LandingPage] Section loaded: gtm-boost @ http://localhost:5173/src/components/landing/LandingPage.jsx?t=1787453339349:141
[   87997ms] [LOG] [LandingPage] Section loaded: gallery @ http://localhost:5173/src/components/landing/LandingPage.jsx?t=1787453339349:141
[   88008ms] [LOG] [LandingPage] Section loaded: repo-cinema @ http://localhost:5173/src/components/landing/LandingPage.jsx?t=1787453339349:141
[   88016ms] [LOG] [LandingPage] Section loaded: repo-animation @ http://localhost:5173/src/components/landing/LandingPage.jsx?t=1787453339349:141
[   88025ms] [LOG] [LandingPage] Section loaded: repo-vfx @ http://localhost:5173/src/components/landing/LandingPage.jsx?t=1787453339349:141
[   88031ms] [LOG] [LandingPage] Section loaded: repo-fashion @ http://localhost:5173/src/components/landing/LandingPage.jsx?t=1787453339349:141
[   88043ms] [LOG] [LandingPage] Section loaded: repo-commercial @ http://localhost:5173/src/components/landing/LandingPage.jsx?t=1787453339349:141
[   88051ms] [LOG] [LandingPage] Section loaded: repo-ecommerce @ http://localhost:5173/src/components/landing/LandingPage.jsx?t=1787453339349:141
[   88059ms] [LOG] [LandingPage] Section loaded: repo-social-ads @ http://localhost:5173/src/components/landing/LandingPage.jsx?t=1787453339349:141
[   88064ms] [LOG] [LandingPage] Section loaded: repo-reference @ http://localhost:5173/src/components/landing/LandingPage.jsx?t=1787453339349:141
[   88075ms] [LOG] [LandingPage] Section loaded: repo-vertical @ http://localhost:5173/src/components/landing/LandingPage.jsx?t=1787453339349:141
[   88084ms] [LOG] [LandingPage] Section loaded: repo-animated @ http://localhost:5173/src/components/landing/LandingPage.jsx?t=1787453339349:141
[   88252ms] [LOG] [LandingPage] Section loaded: repo-narrative @ http://localhost:5173/src/components/landing/LandingPage.jsx?t=1787453339349:141
[   88261ms] [LOG] [LandingPage] Section loaded: repo-kinetic @ http://localhost:5173/src/components/landing/LandingPage.jsx?t=1787453339349:141
[   88263ms] [LOG] [LandingPage] Section loaded: features @ http://localhost:5173/src/components/landing/LandingPage.jsx?t=1787453339349:141
[   88315ms] [LOG] [LandingPage] Section loaded: agency @ http://localhost:5173/src/components/landing/LandingPage.jsx?t=1787453339349:141
[   88319ms] [LOG] [LandingPage] Section loaded: apps @ http://localhost:5173/src/components/landing/LandingPage.jsx?t=1787453339349:141
[   88320ms] [LOG] [LandingPage] Section loaded: value @ http://localhost:5173/src/components/landing/LandingPage.jsx?t=1787453339349:141
[   88320ms] [LOG] [LandingPage] Section loaded: workflow @ http://localhost:5173/src/components/landing/LandingPage.jsx?t=1787453339349:141
[   88391ms] [LOG] [LandingPage] Section loaded: repos @ http://localhost:5173/src/components/landing/LandingPage.jsx?t=1787453339349:141
[   88391ms] [LOG] [LandingPage] Section loaded: ai-workflow @ http://localhost:5173/src/components/landing/LandingPage.jsx?t=1787453339349:141
[   88402ms] [LOG] [LandingPage] Section loaded: made-with @ http://localhost:5173/src/components/landing/LandingPage.jsx?t=1787453339349:141
[   88447ms] [LOG] [LandingPage] Section loaded: ugc @ http://localhost:5173/src/components/landing/LandingPage.jsx?t=1787453339349:141
[   88463ms] [LOG] [LandingPage] Section loaded: academy @ http://localhost:5173/src/components/landing/LandingPage.jsx?t=1787453339349:141
[   88472ms] [INFO] %cDownload the React DevTools for a better development experience: https://react.dev/link/react-devtools font-weight:bold @ http://localhost:5173/node_modules/.vite/deps/chunk-EEAUBQDT.js?v=93c1ec86:20096
[   88477ms] [ERROR] [ModalSystem] mount failed TypeError: Class constructor SortableElement cannot be invoked without 'new'
    at http://localhost:5173/components/modals/RetargetOptInModal.jsx?t=1787453339349:26:22 @ http://localhost:5173/src/main.js?t=1787453339349:329
[   88480ms] [ERROR] [popcorn-init] FAILED at: plugin-image TypeError: Class constructor SortableElement cannot be invoked without 'new'
    at http://localhost:5173/components/modals/RetargetOptInModal.jsx?t=1787453339349:26:22 @ http://localhost:5173/src/lib/popcornInit.js?t=1787453339349:55
[   88640ms] [ERROR] [popcorn-init] FAILED at: plugin-jsonTransition TypeError: Class constructor SortableElement cannot be invoked without 'new'
    at http://localhost:5173/components/modals/RetargetOptInModal.jsx?t=1787453339349:26:22 @ http://localhost:5173/src/lib/popcornInit.js?t=1787453339349:55
[   88648ms] [ERROR] [popcorn-init] FAILED at: plugin-lottie-json TypeError: Class constructor SortableElement cannot be invoked without 'new'
    at http://localhost:5173/components/modals/RetargetOptInModal.jsx?t=1787453339349:26:22 @ http://localhost:5173/src/lib/popcornInit.js?t=1787453339349:55
[   88682ms] [LOG] [popcorn-init] OK: plugin-json-button @ http://localhost:5173/src/lib/popcornInit.js?t=1787453339349:48
[   88785ms] [ERROR] [popcorn-init] FAILED at: plugin-personalizedImage TypeError: Class constructor SortableElement cannot be invoked without 'new'
    at http://localhost:5173/components/modals/RetargetOptInModal.jsx?t=1787453339349:26:22 @ http://localhost:5173/src/lib/popcornInit.js?t=1787453339349:55
[   88812ms] [ERROR] [popcorn-init] FAILED at: plugin-loopPlugin TypeError: Class constructor SortableElement cannot be invoked without 'new'
    at http://localhost:5173/components/modals/RetargetOptInModal.jsx?t=1787453339349:26:22 @ http://localhost:5173/src/lib/popcornInit.js?t=1787453339349:55
[   88826ms] [ERROR] [popcorn-init] FAILED at: plugin-pausePlugin TypeError: Class constructor SortableElement cannot be invoked without 'new'
    at http://localhost:5173/components/modals/RetargetOptInModal.jsx?t=1787453339349:26:22 @ http://localhost:5173/src/lib/popcornInit.js?t=1787453339349:55
[   88848ms] [ERROR] [popcorn-init] FAILED at: plugin-form TypeError: Class constructor SortableElement cannot be invoked without 'new'
    at http://localhost:5173/components/modals/RetargetOptInModal.jsx?t=1787453339349:26:22 @ http://localhost:5173/src/lib/popcornInit.js?t=1787453339349:55
[   88865ms] [ERROR] [popcorn-init] FAILED at: plugin-retarget TypeError: Class constructor SortableElement cannot be invoked without 'new'
    at http://localhost:5173/components/modals/RetargetOptInModal.jsx?t=1787453339349:26:22 @ http://localhost:5173/src/lib/popcornInit.js?t=1787453339349:55
[   88891ms] [LOG] [popcorn-init] OK: plugin-popup @ http://localhost:5173/src/lib/popcornInit.js?t=1787453339349:48
[   88930ms] [ERROR] [popcorn-init] FAILED at: plugin-sequencer TypeError: Class constructor SortableElement cannot be invoked without 'new'
    at http://localhost:5173/components/modals/RetargetOptInModal.jsx?t=1787453339349:26:22 @ http://localhost:5173/src/lib/popcornInit.js?t=1787453339349:55
[   88962ms] [ERROR] [popcorn-init] FAILED at: plugin-skip TypeError: Class constructor SortableElement cannot be invoked without 'new'
    at http://localhost:5173/components/modals/RetargetOptInModal.jsx?t=1787453339349:26:22 @ http://localhost:5173/src/lib/popcornInit.js?t=1787453339349:55
[   89000ms] [ERROR] [popcorn-init] FAILED at: plugin-text TypeError: Class constructor SortableElement cannot be invoked without 'new'
    at http://localhost:5173/components/modals/RetargetOptInModal.jsx?t=1787453339349:26:22 @ http://localhost:5173/src/lib/popcornInit.js?t=1787453339349:55
[   89017ms] [LOG] [popcorn-init] OK: plugin-social @ http://localhost:5173/src/lib/popcornInit.js?t=1787453339349:48
[   89028ms] [ERROR] [popcorn-init] FAILED at: plugin-jsonAnimation TypeError: Class constructor SortableElement cannot be invoked without 'new'
    at http://localhost:5173/components/modals/RetargetOptInModal.jsx?t=1787453339349:26:22 @ http://localhost:5173/src/lib/popcornInit.js?t=1787453339349:55
[   89051ms] [LOG] [popcorn-init] OK: plugin-videoTransition @ http://localhost:5173/src/lib/popcornInit.js?t=1787453339349:48
[   89079ms] [ERROR] [popcorn-init] FAILED at: plugin-seethroughtext TypeError: Class constructor SortableElement cannot be invoked without 'new'
    at http://localhost:5173/components/modals/RetargetOptInModal.jsx?t=1787453339349:26:22 @ http://localhost:5173/src/lib/popcornInit.js?t=1787453339349:55
[   89089ms] [LOG] [popcorn-init] OK: plugin-wikipedia @ http://localhost:5173/src/lib/popcornInit.js?t=1787453339349:48
[   89102ms] [ERROR] [popcorn-init] FAILED at: plugin-combined TypeError: Class constructor SortableElement cannot be invoked without 'new'
    at http://localhost:5173/components/modals/RetargetOptInModal.jsx?t=1787453339349:26:22 @ http://localhost:5173/src/lib/popcornInit.js?t=1787453339349:55
[   89118ms] [ERROR] [popcorn-init] FAILED at: plugin-background TypeError: Class constructor SortableElement cannot be invoked without 'new'
    at http://localhost:5173/components/modals/RetargetOptInModal.jsx?t=1787453339349:26:22 @ http://localhost:5173/src/lib/popcornInit.js?t=1787453339349:55
[   89118ms] [LOG] [popcorn-init] SUMMARY: 5/20 plugins registered; FAILED: plugin-image, plugin-jsonTransition, plugin-lottie-json, plugin-personalizedImage, plugin-loopPlugin, plugin-pausePlugin, plugin-form, plugin-retarget, plugin-sequencer, plugin-skip, plugin-text, plugin-jsonAnimation, plugin-seethroughtext, plugin-combined, plugin-background @ http://localhost:5173/src/lib/popcornInit.js?t=1787453339349:60
[   89118ms] [LOG] [popcorn] function 5 @ http://localhost:5173/src/main.js?t=1787453339349:4
[   90591ms] [LOG] [App] Starting initialization... @ http://localhost:5173/src/main.js?t=1787453339349:19
[   90597ms] [LOG] [popcorn-init] OK: jquery @ http://localhost:5173/src/lib/popcornInit.js?t=1787453339349:41
[   90599ms] [LOG] [popcorn-init] OK: jquery-textfill @ http://localhost:5173/src/lib/popcornInit.js?t=1787453339349:48
[   90600ms] [LOG] [popcorn-init] OK: popcorn-core @ http://localhost:5173/src/lib/popcornInit.js?t=1787453339349:48
[   90601ms] [LOG] [popcorn-init] OK: popcorn-ie8 @ http://localhost:5173/src/lib/popcornInit.js?t=1787453339349:48
[   90602ms] [LOG] [popcorn-init] OK: wrapper-common @ http://localhost:5173/src/lib/popcornInit.js?t=1787453339349:48
[   90603ms] [LOG] [popcorn-init] OK: wrapper-html5 @ http://localhost:5173/src/lib/popcornInit.js?t=1787453339349:48
[   90603ms] [LOG] [popcorn-init] OK: wrapper-vrview @ http://localhost:5173/src/lib/popcornInit.js?t=1787453339349:48
[   90603ms] [LOG] [popcorn-init] OK: wrapper-adaptive @ http://localhost:5173/src/lib/popcornInit.js?t=1787453339349:48
[   90604ms] [LOG] [popcorn-init] OK: wrapper-null @ http://localhost:5173/src/lib/popcornInit.js?t=1787453339349:48
[   90606ms] [LOG] [popcorn-init] OK: wrapper-soundcloud @ http://localhost:5173/src/lib/popcornInit.js?t=1787453339349:48
[   90607ms] [LOG] [popcorn-init] OK: wrapper-vimeo @ http://localhost:5173/src/lib/popcornInit.js?t=1787453339349:48
[   90608ms] [LOG] [popcorn-init] OK: wrapper-youtube @ http://localhost:5173/src/lib/popcornInit.js?t=1787453339349:48
[   90608ms] [LOG] [popcorn-init] OK: wrapper-jwplayer @ http://localhost:5173/src/lib/popcornInit.js?t=1787453339349:48
[   90609ms] [LOG] [popcorn-init] OK: player-module @ http://localhost:5173/src/lib/popcornInit.js?t=1787453339349:48
[   90610ms] [LOG] [LandingPage] Header.jsx loaded @ http://localhost:5173/src/components/landing/LandingPage.jsx?t=1787453339349:176
[   90730ms] [LOG] [LandingPage] CinematicVideoHero.jsx loaded @ http://localhost:5173/src/components/landing/LandingPage.jsx?t=1787453339349:189
[   90917ms] [LOG] [LandingPage] HeroSection.jsx loaded @ http://localhost:5173/src/components/landing/LandingPage.jsx?t=1787453339349:202
[   90918ms] [LOG] [LandingPage] Observer created for: scrolling placeholder id: section-scrolling @ http://localhost:5173/src/components/landing/LandingPage.jsx?t=1787453339349:160
[   90918ms] [LOG] [LandingPage] Observer created for: hook placeholder id: section-hook @ http://localhost:5173/src/components/landing/LandingPage.jsx?t=1787453339349:160
[   90918ms] [LOG] [LandingPage] Observer created for: engines placeholder id: section-engines @ http://localhost:5173/src/components/landing/LandingPage.jsx?t=1787453339349:160
[   90918ms] [LOG] [LandingPage] Observer created for: apps placeholder id: section-apps @ http://localhost:5173/src/components/landing/LandingPage.jsx?t=1787453339349:160
[   90918ms] [LOG] [LandingPage] Observer created for: features placeholder id: section-features @ http://localhost:5173/src/components/landing/LandingPage.jsx?t=1787453339349:160
[   90919ms] [LOG] [LandingPage] Observer created for: problem placeholder id: section-problem @ http://localhost:5173/src/components/landing/LandingPage.jsx?t=1787453339349:160
[   90919ms] [LOG] [LandingPage] Observer created for: workflow placeholder id: section-workflow @ http://localhost:5173/src/components/landing/LandingPage.jsx?t=1787453339349:160
[   90919ms] [LOG] [LandingPage] Observer created for: comparison placeholder id: section-comparison @ http://localhost:5173/src/components/landing/LandingPage.jsx?t=1787453339349:160
[   90919ms] [LOG] [LandingPage] Observer created for: value placeholder id: section-value @ http://localhost:5173/src/components/landing/LandingPage.jsx?t=1787453339349:160
[   90919ms] [LOG] [LandingPage] Observer created for: agency placeholder id: section-agency @ http://localhost:5173/src/components/landing/LandingPage.jsx?t=1787453339349:160
[   90919ms] [LOG] [LandingPage] Observer created for: offer placeholder id: section-offer @ http://localhost:5173/src/components/landing/LandingPage.jsx?t=1787453339349:160
[   90919ms] [LOG] [LandingPage] Observer created for: cta placeholder id: section-cta @ http://localhost:5173/src/components/landing/LandingPage.jsx?t=1787453339349:160
[   90919ms] [LOG] [LandingPage] Observer created for: ai-workflow placeholder id: section-ai-workflow @ http://localhost:5173/src/components/landing/LandingPage.jsx?t=1787453339349:160
[   90919ms] [LOG] [LandingPage] Observer created for: made-with placeholder id: section-made-with @ http://localhost:5173/src/components/landing/LandingPage.jsx?t=1787453339349:160
[   90919ms] [LOG] [LandingPage] Observer created for: ugc placeholder id: section-ugc @ http://localhost:5173/src/components/landing/LandingPage.jsx?t=1787453339349:160
[   90919ms] [LOG] [LandingPage] Observer created for: gallery placeholder id: section-gallery @ http://localhost:5173/src/components/landing/LandingPage.jsx?t=1787453339349:160
[   90919ms] [LOG] [LandingPage] Observer created for: academy placeholder id: section-academy @ http://localhost:5173/src/components/landing/LandingPage.jsx?t=1787453339349:160
[   90919ms] [LOG] [LandingPage] Observer created for: repo-cinema placeholder id: section-repo-cinema @ http://localhost:5173/src/components/landing/LandingPage.jsx?t=1787453339349:160
[   90919ms] [LOG] [LandingPage] Observer created for: repo-commercial placeholder id: section-repo-commercial @ http://localhost:5173/src/components/landing/LandingPage.jsx?t=1787453339349:160
[   90919ms] [LOG] [LandingPage] Observer created for: repo-social-ads placeholder id: section-repo-social-ads @ http://localhost:5173/src/components/landing/LandingPage.jsx?t=1787453339349:160
[   90919ms] [LOG] [LandingPage] Observer created for: repo-narrative placeholder id: section-repo-narrative @ http://localhost:5173/src/components/landing/LandingPage.jsx?t=1787453339349:160
[   90919ms] [LOG] [LandingPage] Observer created for: repo-vertical placeholder id: section-repo-vertical @ http://localhost:5173/src/components/landing/LandingPage.jsx?t=1787453339349:160
[   90919ms] [LOG] [LandingPage] Observer created for: repo-ecommerce placeholder id: section-repo-ecommerce @ http://localhost:5173/src/components/landing/LandingPage.jsx?t=1787453339349:160
[   90919ms] [LOG] [LandingPage] Observer created for: repo-kinetic placeholder id: section-repo-kinetic @ http://localhost:5173/src/components/landing/LandingPage.jsx?t=1787453339349:160
[   90919ms] [LOG] [LandingPage] Observer created for: repo-animated placeholder id: section-repo-animated @ http://localhost:5173/src/components/landing/LandingPage.jsx?t=1787453339349:160
[   90920ms] [LOG] [LandingPage] Observer created for: repo-animation placeholder id: section-repo-animation @ http://localhost:5173/src/components/landing/LandingPage.jsx?t=1787453339349:160
[   90920ms] [LOG] [LandingPage] Observer created for: repo-reference placeholder id: section-repo-reference @ http://localhost:5173/src/components/landing/LandingPage.jsx?t=1787453339349:160
[   90920ms] [LOG] [LandingPage] Observer created for: repo-vfx placeholder id: section-repo-vfx @ http://localhost:5173/src/components/landing/LandingPage.jsx?t=1787453339349:160
[   90920ms] [LOG] [LandingPage] Observer created for: repo-fashion placeholder id: section-repo-fashion @ http://localhost:5173/src/components/landing/LandingPage.jsx?t=1787453339349:160
[   90920ms] [LOG] [LandingPage] Observer created for: repos placeholder id: section-repos @ http://localhost:5173/src/components/landing/LandingPage.jsx?t=1787453339349:160
[   90920ms] [LOG] [LandingPage] Observer created for: gtm-boost placeholder id: section-gtm-boost @ http://localhost:5173/src/components/landing/LandingPage.jsx?t=1787453339349:160
[   90920ms] [LOG] [App] Landing page rendered @ http://localhost:5173/src/main.js?t=1787453339349:88
[   91089ms] [LOG] [LandingPage] IntersectionObserver fired for repo-kinetic [Object] @ http://localhost:5173/src/components/landing/LandingPage.jsx?t=1787453339349:119
[   91091ms] [LOG] [LandingPage] Loading section: repo-kinetic @ http://localhost:5173/src/components/landing/LandingPage.jsx?t=1787453339349:122
[   91093ms] [LOG] [LandingPage] IntersectionObserver fired for repo-animated [Object] @ http://localhost:5173/src/components/landing/LandingPage.jsx?t=1787453339349:119
[   91093ms] [LOG] [LandingPage] Loading section: repo-animated @ http://localhost:5173/src/components/landing/LandingPage.jsx?t=1787453339349:122
[   91094ms] [LOG] [LandingPage] IntersectionObserver fired for scrolling [Object] @ http://localhost:5173/src/components/landing/LandingPage.jsx?t=1787453339349:119
[   91094ms] [LOG] [LandingPage] Loading section: scrolling @ http://localhost:5173/src/components/landing/LandingPage.jsx?t=1787453339349:122
[   91095ms] [LOG] [LandingPage] IntersectionObserver fired for repo-fashion [Object] @ http://localhost:5173/src/components/landing/LandingPage.jsx?t=1787453339349:119
[   91095ms] [LOG] [LandingPage] Loading section: repo-fashion @ http://localhost:5173/src/components/landing/LandingPage.jsx?t=1787453339349:122
[   91095ms] [LOG] [LandingPage] IntersectionObserver fired for repo-animation [Object] @ http://localhost:5173/src/components/landing/LandingPage.jsx?t=1787453339349:119
[   91096ms] [LOG] [LandingPage] Loading section: repo-animation @ http://localhost:5173/src/components/landing/LandingPage.jsx?t=1787453339349:122
[   91099ms] [LOG] [LandingPage] IntersectionObserver fired for agency [Object] @ http://localhost:5173/src/components/landing/LandingPage.jsx?t=1787453339349:119
[   91100ms] [LOG] [LandingPage] Loading section: agency @ http://localhost:5173/src/components/landing/LandingPage.jsx?t=1787453339349:122
[   91100ms] [LOG] [LandingPage] IntersectionObserver fired for repo-cinema [Object] @ http://localhost:5173/src/components/landing/LandingPage.jsx?t=1787453339349:119
[   91100ms] [LOG] [LandingPage] Loading section: repo-cinema @ http://localhost:5173/src/components/landing/LandingPage.jsx?t=1787453339349:122
[   91101ms] [LOG] [LandingPage] IntersectionObserver fired for offer [Object] @ http://localhost:5173/src/components/landing/LandingPage.jsx?t=1787453339349:119
[   91101ms] [LOG] [LandingPage] Loading section: offer @ http://localhost:5173/src/components/landing/LandingPage.jsx?t=1787453339349:122
[   91101ms] [LOG] [LandingPage] IntersectionObserver fired for repo-social-ads [Object] @ http://localhost:5173/src/components/landing/LandingPage.jsx?t=1787453339349:119
[   91101ms] [LOG] [LandingPage] Loading section: repo-social-ads @ http://localhost:5173/src/components/landing/LandingPage.jsx?t=1787453339349:122
[   91101ms] [LOG] [LandingPage] IntersectionObserver fired for made-with [Object] @ http://localhost:5173/src/components/landing/LandingPage.jsx?t=1787453339349:119
[   91101ms] [LOG] [LandingPage] Loading section: made-with @ http://localhost:5173/src/components/landing/LandingPage.jsx?t=1787453339349:122
[   91101ms] [LOG] [LandingPage] IntersectionObserver fired for repo-commercial [Object] @ http://localhost:5173/src/components/landing/LandingPage.jsx?t=1787453339349:119
[   91101ms] [LOG] [LandingPage] Loading section: repo-commercial @ http://localhost:5173/src/components/landing/LandingPage.jsx?t=1787453339349:122
[   91102ms] [LOG] [LandingPage] IntersectionObserver fired for gtm-boost [Object] @ http://localhost:5173/src/components/landing/LandingPage.jsx?t=1787453339349:119
[   91102ms] [LOG] [LandingPage] Loading section: gtm-boost @ http://localhost:5173/src/components/landing/LandingPage.jsx?t=1787453339349:122
[   91102ms] [LOG] [LandingPage] IntersectionObserver fired for value [Object] @ http://localhost:5173/src/components/landing/LandingPage.jsx?t=1787453339349:119
[   91102ms] [LOG] [LandingPage] Loading section: value @ http://localhost:5173/src/components/landing/LandingPage.jsx?t=1787453339349:122
[   91102ms] [LOG] [LandingPage] IntersectionObserver fired for workflow [Object] @ http://localhost:5173/src/components/landing/LandingPage.jsx?t=1787453339349:119
[   91102ms] [LOG] [LandingPage] Loading section: workflow @ http://localhost:5173/src/components/landing/LandingPage.jsx?t=1787453339349:122
[   91102ms] [LOG] [LandingPage] IntersectionObserver fired for ai-workflow [Object] @ http://localhost:5173/src/components/landing/LandingPage.jsx?t=1787453339349:119
[   91103ms] [LOG] [LandingPage] Loading section: ai-workflow @ http://localhost:5173/src/components/landing/LandingPage.jsx?t=1787453339349:122
[   91103ms] [LOG] [LandingPage] IntersectionObserver fired for repo-reference [Object] @ http://localhost:5173/src/components/landing/LandingPage.jsx?t=1787453339349:119
[   91103ms] [LOG] [LandingPage] Loading section: repo-reference @ http://localhost:5173/src/components/landing/LandingPage.jsx?t=1787453339349:122
[   91103ms] [LOG] [LandingPage] IntersectionObserver fired for repo-vertical [Object] @ http://localhost:5173/src/components/landing/LandingPage.jsx?t=1787453339349:119
[   91103ms] [LOG] [LandingPage] Loading section: repo-vertical @ http://localhost:5173/src/components/landing/LandingPage.jsx?t=1787453339349:122
[   91103ms] [LOG] [LandingPage] IntersectionObserver fired for repo-ecommerce [Object] @ http://localhost:5173/src/components/landing/LandingPage.jsx?t=1787453339349:119
[   91103ms] [LOG] [LandingPage] Loading section: repo-ecommerce @ http://localhost:5173/src/components/landing/LandingPage.jsx?t=1787453339349:122
[   91103ms] [LOG] [LandingPage] IntersectionObserver fired for engines [Object] @ http://localhost:5173/src/components/landing/LandingPage.jsx?t=1787453339349:119
[   91103ms] [LOG] [LandingPage] Loading section: engines @ http://localhost:5173/src/components/landing/LandingPage.jsx?t=1787453339349:122
[   91104ms] [LOG] [LandingPage] IntersectionObserver fired for repo-narrative [Object] @ http://localhost:5173/src/components/landing/LandingPage.jsx?t=1787453339349:119
[   91104ms] [LOG] [LandingPage] Loading section: repo-narrative @ http://localhost:5173/src/components/landing/LandingPage.jsx?t=1787453339349:122
[   91105ms] [LOG] [LandingPage] IntersectionObserver fired for problem [Object] @ http://localhost:5173/src/components/landing/LandingPage.jsx?t=1787453339349:119
[   91105ms] [LOG] [LandingPage] Loading section: problem @ http://localhost:5173/src/components/landing/LandingPage.jsx?t=1787453339349:122
[   91105ms] [LOG] [LandingPage] IntersectionObserver fired for apps [Object] @ http://localhost:5173/src/components/landing/LandingPage.jsx?t=1787453339349:119
[   91106ms] [LOG] [LandingPage] Loading section: apps @ http://localhost:5173/src/components/landing/LandingPage.jsx?t=1787453339349:122
[   91106ms] [LOG] [LandingPage] IntersectionObserver fired for hook [Object] @ http://localhost:5173/src/components/landing/LandingPage.jsx?t=1787453339349:119
[   91106ms] [LOG] [LandingPage] Loading section: hook @ http://localhost:5173/src/components/landing/LandingPage.jsx?t=1787453339349:122
[   91106ms] [LOG] [LandingPage] IntersectionObserver fired for features [Object] @ http://localhost:5173/src/components/landing/LandingPage.jsx?t=1787453339349:119
[   91106ms] [LOG] [LandingPage] Loading section: features @ http://localhost:5173/src/components/landing/LandingPage.jsx?t=1787453339349:122
[   91107ms] [LOG] [LandingPage] IntersectionObserver fired for repo-vfx [Object] @ http://localhost:5173/src/components/landing/LandingPage.jsx?t=1787453339349:119
[   91107ms] [LOG] [LandingPage] Loading section: repo-vfx @ http://localhost:5173/src/components/landing/LandingPage.jsx?t=1787453339349:122
[   91107ms] [LOG] [LandingPage] IntersectionObserver fired for repos [Object] @ http://localhost:5173/src/components/landing/LandingPage.jsx?t=1787453339349:119
[   91107ms] [LOG] [LandingPage] Loading section: repos @ http://localhost:5173/src/components/landing/LandingPage.jsx?t=1787453339349:122
[   91107ms] [LOG] [LandingPage] IntersectionObserver fired for gallery [Object] @ http://localhost:5173/src/components/landing/LandingPage.jsx?t=1787453339349:119
[   91107ms] [LOG] [LandingPage] Loading section: gallery @ http://localhost:5173/src/components/landing/LandingPage.jsx?t=1787453339349:122
[   91108ms] [LOG] [LandingPage] IntersectionObserver fired for comparison [Object] @ http://localhost:5173/src/components/landing/LandingPage.jsx?t=1787453339349:119
[   91108ms] [LOG] [LandingPage] Loading section: comparison @ http://localhost:5173/src/components/landing/LandingPage.jsx?t=1787453339349:122
[   91108ms] [LOG] [LandingPage] IntersectionObserver fired for ugc [Object] @ http://localhost:5173/src/components/landing/LandingPage.jsx?t=1787453339349:119
[   91108ms] [LOG] [LandingPage] Loading section: ugc @ http://localhost:5173/src/components/landing/LandingPage.jsx?t=1787453339349:122
[   91108ms] [LOG] [LandingPage] IntersectionObserver fired for academy [Object] @ http://localhost:5173/src/components/landing/LandingPage.jsx?t=1787453339349:119
[   91109ms] [LOG] [LandingPage] Loading section: academy @ http://localhost:5173/src/components/landing/LandingPage.jsx?t=1787453339349:122
[   91109ms] [LOG] [LandingPage] IntersectionObserver fired for cta [Object] @ http://localhost:5173/src/components/landing/LandingPage.jsx?t=1787453339349:119
[   91109ms] [LOG] [LandingPage] Loading section: cta @ http://localhost:5173/src/components/landing/LandingPage.jsx?t=1787453339349:122
[   91588ms] [LOG] [LandingPage] Section loaded: scrolling @ http://localhost:5173/src/components/landing/LandingPage.jsx?t=1787453339349:141
[   91590ms] [LOG] [LandingPage] Section loaded: agency @ http://localhost:5173/src/components/landing/LandingPage.jsx?t=1787453339349:141
[   91598ms] [LOG] [LandingPage] Section loaded: offer @ http://localhost:5173/src/components/landing/LandingPage.jsx?t=1787453339349:141
[   91742ms] [LOG] [LandingPage] Section loaded: value @ http://localhost:5173/src/components/landing/LandingPage.jsx?t=1787453339349:141
[   91742ms] [LOG] [LandingPage] Section loaded: workflow @ http://localhost:5173/src/components/landing/LandingPage.jsx?t=1787453339349:141
[   91743ms] [LOG] [LandingPage] Section loaded: engines @ http://localhost:5173/src/components/landing/LandingPage.jsx?t=1787453339349:141
[   91744ms] [LOG] [LandingPage] Section loaded: problem @ http://localhost:5173/src/components/landing/LandingPage.jsx?t=1787453339349:141
[   91744ms] [LOG] [LandingPage] Section loaded: hook @ http://localhost:5173/src/components/landing/LandingPage.jsx?t=1787453339349:141
[   91745ms] [LOG] [LandingPage] Section loaded: features @ http://localhost:5173/src/components/landing/LandingPage.jsx?t=1787453339349:141
[   91745ms] [LOG] [LandingPage] Section loaded: comparison @ http://localhost:5173/src/components/landing/LandingPage.jsx?t=1787453339349:141
[   91746ms] [LOG] [LandingPage] Section loaded: cta @ http://localhost:5173/src/components/landing/LandingPage.jsx?t=1787453339349:141
[   91748ms] [LOG] [LandingPage] Section loaded: repos @ http://localhost:5173/src/components/landing/LandingPage.jsx?t=1787453339349:141
[   91841ms] [LOG] [LandingPage] Section loaded: gtm-boost @ http://localhost:5173/src/components/landing/LandingPage.jsx?t=1787453339349:141
[   91844ms] [LOG] [LandingPage] Section loaded: ugc @ http://localhost:5173/src/components/landing/LandingPage.jsx?t=1787453339349:141
[   91853ms] [LOG] [LandingPage] Section loaded: gallery @ http://localhost:5173/src/components/landing/LandingPage.jsx?t=1787453339349:141
[   91861ms] [LOG] [LandingPage] Section loaded: made-with @ http://localhost:5173/src/components/landing/LandingPage.jsx?t=1787453339349:141
[   91864ms] [LOG] [LandingPage] Section loaded: ai-workflow @ http://localhost:5173/src/components/landing/LandingPage.jsx?t=1787453339349:141
[   91878ms] [LOG] [LandingPage] Section loaded: repo-cinema @ http://localhost:5173/src/components/landing/LandingPage.jsx?t=1787453339349:141
[   91891ms] [LOG] [LandingPage] Section loaded: repo-fashion @ http://localhost:5173/src/components/landing/LandingPage.jsx?t=1787453339349:141
[   91899ms] [LOG] [LandingPage] Section loaded: repo-vfx @ http://localhost:5173/src/components/landing/LandingPage.jsx?t=1787453339349:141
[   91910ms] [LOG] [LandingPage] Section loaded: repo-social-ads @ http://localhost:5173/src/components/landing/LandingPage.jsx?t=1787453339349:141
[   91918ms] [LOG] [LandingPage] Section loaded: repo-vertical @ http://localhost:5173/src/components/landing/LandingPage.jsx?t=1787453339349:141
[   91931ms] [LOG] [LandingPage] Section loaded: repo-narrative @ http://localhost:5173/src/components/landing/LandingPage.jsx?t=1787453339349:141
[   91942ms] [LOG] [LandingPage] Section loaded: repo-animated @ http://localhost:5173/src/components/landing/LandingPage.jsx?t=1787453339349:141
[   92032ms] [LOG] [LandingPage] Section loaded: repo-reference @ http://localhost:5173/src/components/landing/LandingPage.jsx?t=1787453339349:141
[   92039ms] [LOG] [LandingPage] Section loaded: repo-kinetic @ http://localhost:5173/src/components/landing/LandingPage.jsx?t=1787453339349:141
[   92046ms] [LOG] [LandingPage] Section loaded: repo-animation @ http://localhost:5173/src/components/landing/LandingPage.jsx?t=1787453339349:141
[   92053ms] [LOG] [LandingPage] Section loaded: repo-commercial @ http://localhost:5173/src/components/landing/LandingPage.jsx?t=1787453339349:141
[   92060ms] [LOG] [LandingPage] Section loaded: repo-ecommerce @ http://localhost:5173/src/components/landing/LandingPage.jsx?t=1787453339349:141
[   92064ms] [LOG] [LandingPage] Section loaded: apps @ http://localhost:5173/src/components/landing/LandingPage.jsx?t=1787453339349:141
[   92076ms] [LOG] [LandingPage] Section loaded: academy @ http://localhost:5173/src/components/landing/LandingPage.jsx?t=1787453339349:141
[   92284ms] [INFO] %cDownload the React DevTools for a better development experience: https://react.dev/link/react-devtools font-weight:bold @ http://localhost:5173/node_modules/.vite/deps/chunk-EEAUBQDT.js?v=93c1ec86:20096
[   92290ms] [ERROR] [ModalSystem] mount failed TypeError: Class constructor SortableElement cannot be invoked without 'new'
    at http://localhost:5173/components/modals/RetargetOptInModal.jsx?t=1787453339349:26:22 @ http://localhost:5173/src/main.js?t=1787453339349:329
[   92292ms] [ERROR] [popcorn-init] FAILED at: plugin-image TypeError: Class constructor SortableElement cannot be invoked without 'new'
    at http://localhost:5173/components/modals/RetargetOptInModal.jsx?t=1787453339349:26:22 @ http://localhost:5173/src/lib/popcornInit.js?t=1787453339349:55
[   92314ms] [ERROR] [popcorn-init] FAILED at: plugin-jsonTransition TypeError: Class constructor SortableElement cannot be invoked without 'new'
    at http://localhost:5173/components/modals/RetargetOptInModal.jsx?t=1787453339349:26:22 @ http://localhost:5173/src/lib/popcornInit.js?t=1787453339349:55
[   92333ms] [ERROR] [popcorn-init] FAILED at: plugin-lottie-json TypeError: Class constructor SortableElement cannot be invoked without 'new'
    at http://localhost:5173/components/modals/RetargetOptInModal.jsx?t=1787453339349:26:22 @ http://localhost:5173/src/lib/popcornInit.js?t=1787453339349:55
[   92348ms] [LOG] [popcorn-init] OK: plugin-json-button @ http://localhost:5173/src/lib/popcornInit.js?t=1787453339349:48
[   92352ms] [ERROR] [popcorn-init] FAILED at: plugin-personalizedImage TypeError: Class constructor SortableElement cannot be invoked without 'new'
    at http://localhost:5173/components/modals/RetargetOptInModal.jsx?t=1787453339349:26:22 @ http://localhost:5173/src/lib/popcornInit.js?t=1787453339349:55
[   92357ms] [ERROR] [popcorn-init] FAILED at: plugin-loopPlugin TypeError: Class constructor SortableElement cannot be invoked without 'new'
    at http://localhost:5173/components/modals/RetargetOptInModal.jsx?t=1787453339349:26:22 @ http://localhost:5173/src/lib/popcornInit.js?t=1787453339349:55
[   92361ms] [ERROR] [popcorn-init] FAILED at: plugin-pausePlugin TypeError: Class constructor SortableElement cannot be invoked without 'new'
    at http://localhost:5173/components/modals/RetargetOptInModal.jsx?t=1787453339349:26:22 @ http://localhost:5173/src/lib/popcornInit.js?t=1787453339349:55
[   92367ms] [ERROR] [popcorn-init] FAILED at: plugin-form TypeError: Class constructor SortableElement cannot be invoked without 'new'
    at http://localhost:5173/components/modals/RetargetOptInModal.jsx?t=1787453339349:26:22 @ http://localhost:5173/src/lib/popcornInit.js?t=1787453339349:55
[   92375ms] [ERROR] [popcorn-init] FAILED at: plugin-retarget TypeError: Class constructor SortableElement cannot be invoked without 'new'
    at http://localhost:5173/components/modals/RetargetOptInModal.jsx?t=1787453339349:26:22 @ http://localhost:5173/src/lib/popcornInit.js?t=1787453339349:55
[   92377ms] [LOG] [popcorn-init] OK: plugin-popup @ http://localhost:5173/src/lib/popcornInit.js?t=1787453339349:48
[   92381ms] [ERROR] [popcorn-init] FAILED at: plugin-sequencer TypeError: Class constructor SortableElement cannot be invoked without 'new'
    at http://localhost:5173/components/modals/RetargetOptInModal.jsx?t=1787453339349:26:22 @ http://localhost:5173/src/lib/popcornInit.js?t=1787453339349:55
[   92385ms] [ERROR] [popcorn-init] FAILED at: plugin-skip TypeError: Class constructor SortableElement cannot be invoked without 'new'
    at http://localhost:5173/components/modals/RetargetOptInModal.jsx?t=1787453339349:26:22 @ http://localhost:5173/src/lib/popcornInit.js?t=1787453339349:55
[   92403ms] [ERROR] [popcorn-init] FAILED at: plugin-text TypeError: Class constructor SortableElement cannot be invoked without 'new'
    at http://localhost:5173/components/modals/RetargetOptInModal.jsx?t=1787453339349:26:22 @ http://localhost:5173/src/lib/popcornInit.js?t=1787453339349:55
[   92413ms] [LOG] [popcorn-init] OK: plugin-social @ http://localhost:5173/src/lib/popcornInit.js?t=1787453339349:48
[   92418ms] [ERROR] [popcorn-init] FAILED at: plugin-jsonAnimation TypeError: Class constructor SortableElement cannot be invoked without 'new'
    at http://localhost:5173/components/modals/RetargetOptInModal.jsx?t=1787453339349:26:22 @ http://localhost:5173/src/lib/popcornInit.js?t=1787453339349:55
[   92429ms] [LOG] [popcorn-init] OK: plugin-videoTransition @ http://localhost:5173/src/lib/popcornInit.js?t=1787453339349:48
[   92433ms] [ERROR] [popcorn-init] FAILED at: plugin-seethroughtext TypeError: Class constructor SortableElement cannot be invoked without 'new'
    at http://localhost:5173/components/modals/RetargetOptInModal.jsx?t=1787453339349:26:22 @ http://localhost:5173/src/lib/popcornInit.js?t=1787453339349:55
[   92444ms] [LOG] [popcorn-init] OK: plugin-wikipedia @ http://localhost:5173/src/lib/popcornInit.js?t=1787453339349:48
[   92448ms] [ERROR] [popcorn-init] FAILED at: plugin-combined TypeError: Class constructor SortableElement cannot be invoked without 'new'
    at http://localhost:5173/components/modals/RetargetOptInModal.jsx?t=1787453339349:26:22 @ http://localhost:5173/src/lib/popcornInit.js?t=1787453339349:55
[   92452ms] [ERROR] [popcorn-init] FAILED at: plugin-background TypeError: Class constructor SortableElement cannot be invoked without 'new'
    at http://localhost:5173/components/modals/RetargetOptInModal.jsx?t=1787453339349:26:22 @ http://localhost:5173/src/lib/popcornInit.js?t=1787453339349:55
[   92452ms] [LOG] [popcorn-init] SUMMARY: 5/20 plugins registered; FAILED: plugin-image, plugin-jsonTransition, plugin-lottie-json, plugin-personalizedImage, plugin-loopPlugin, plugin-pausePlugin, plugin-form, plugin-retarget, plugin-sequencer, plugin-skip, plugin-text, plugin-jsonAnimation, plugin-seethroughtext, plugin-combined, plugin-background @ http://localhost:5173/src/lib/popcornInit.js?t=1787453339349:60
[   92452ms] [LOG] [popcorn] function 5 @ http://localhost:5173/src/main.js?t=1787453339349:4
[   95198ms] [LOG] [App] Starting initialization... @ http://localhost:5173/src/main.js?t=1787453361303:19
[   95214ms] [LOG] [popcorn-init] OK: jquery @ http://localhost:5173/src/lib/popcornInit.js?t=1787453361303:41
[   95217ms] [LOG] [popcorn-init] OK: jquery-textfill @ http://localhost:5173/src/lib/popcornInit.js?t=1787453361303:48
[   95221ms] [LOG] [popcorn-init] OK: popcorn-core @ http://localhost:5173/src/lib/popcornInit.js?t=1787453361303:48
[   95227ms] [LOG] [popcorn-init] OK: popcorn-ie8 @ http://localhost:5173/src/lib/popcornInit.js?t=1787453361303:48
[   95227ms] [LOG] [popcorn-init] OK: wrapper-common @ http://localhost:5173/src/lib/popcornInit.js?t=1787453361303:48
[   95228ms] [LOG] [popcorn-init] OK: wrapper-html5 @ http://localhost:5173/src/lib/popcornInit.js?t=1787453361303:48
[   95229ms] [LOG] [popcorn-init] OK: wrapper-vrview @ http://localhost:5173/src/lib/popcornInit.js?t=1787453361303:48
[   95231ms] [LOG] [popcorn-init] OK: wrapper-adaptive @ http://localhost:5173/src/lib/popcornInit.js?t=1787453361303:48
[   95232ms] [LOG] [popcorn-init] OK: wrapper-null @ http://localhost:5173/src/lib/popcornInit.js?t=1787453361303:48
[   95232ms] [LOG] [popcorn-init] OK: wrapper-soundcloud @ http://localhost:5173/src/lib/popcornInit.js?t=1787453361303:48
[   95233ms] [LOG] [popcorn-init] OK: wrapper-vimeo @ http://localhost:5173/src/lib/popcornInit.js?t=1787453361303:48
[   95233ms] [LOG] [popcorn-init] OK: wrapper-youtube @ http://localhost:5173/src/lib/popcornInit.js?t=1787453361303:48
[   95234ms] [LOG] [popcorn-init] OK: wrapper-jwplayer @ http://localhost:5173/src/lib/popcornInit.js?t=1787453361303:48
[   95235ms] [LOG] [popcorn-init] OK: player-module @ http://localhost:5173/src/lib/popcornInit.js?t=1787453361303:48
[   95398ms] [LOG] [LandingPage] Header.jsx loaded @ http://localhost:5173/src/components/landing/LandingPage.jsx?t=1787453361303:176
[   95726ms] [LOG] [LandingPage] CinematicVideoHero.jsx loaded @ http://localhost:5173/src/components/landing/LandingPage.jsx?t=1787453361303:189
[   96227ms] [LOG] [LandingPage] HeroSection.jsx loaded @ http://localhost:5173/src/components/landing/LandingPage.jsx?t=1787453361303:202
[   96228ms] [LOG] [LandingPage] Observer created for: scrolling placeholder id: section-scrolling @ http://localhost:5173/src/components/landing/LandingPage.jsx?t=1787453361303:160
[   96229ms] [LOG] [LandingPage] Observer created for: hook placeholder id: section-hook @ http://localhost:5173/src/components/landing/LandingPage.jsx?t=1787453361303:160
[   96229ms] [LOG] [LandingPage] Observer created for: engines placeholder id: section-engines @ http://localhost:5173/src/components/landing/LandingPage.jsx?t=1787453361303:160
[   96229ms] [LOG] [LandingPage] Observer created for: apps placeholder id: section-apps @ http://localhost:5173/src/components/landing/LandingPage.jsx?t=1787453361303:160
[   96229ms] [LOG] [LandingPage] Observer created for: features placeholder id: section-features @ http://localhost:5173/src/components/landing/LandingPage.jsx?t=1787453361303:160
[   96229ms] [LOG] [LandingPage] Observer created for: problem placeholder id: section-problem @ http://localhost:5173/src/components/landing/LandingPage.jsx?t=1787453361303:160
[   96229ms] [LOG] [LandingPage] Observer created for: workflow placeholder id: section-workflow @ http://localhost:5173/src/components/landing/LandingPage.jsx?t=1787453361303:160
[   96229ms] [LOG] [LandingPage] Observer created for: comparison placeholder id: section-comparison @ http://localhost:5173/src/components/landing/LandingPage.jsx?t=1787453361303:160
[   96229ms] [LOG] [LandingPage] Observer created for: value placeholder id: section-value @ http://localhost:5173/src/components/landing/LandingPage.jsx?t=1787453361303:160
[   96229ms] [LOG] [LandingPage] Observer created for: agency placeholder id: section-agency @ http://localhost:5173/src/components/landing/LandingPage.jsx?t=1787453361303:160
[   96229ms] [LOG] [LandingPage] Observer created for: offer placeholder id: section-offer @ http://localhost:5173/src/components/landing/LandingPage.jsx?t=1787453361303:160
[   96229ms] [LOG] [LandingPage] Observer created for: cta placeholder id: section-cta @ http://localhost:5173/src/components/landing/LandingPage.jsx?t=1787453361303:160
[   96232ms] [LOG] [LandingPage] Observer created for: ai-workflow placeholder id: section-ai-workflow @ http://localhost:5173/src/components/landing/LandingPage.jsx?t=1787453361303:160
[   96232ms] [LOG] [LandingPage] Observer created for: made-with placeholder id: section-made-with @ http://localhost:5173/src/components/landing/LandingPage.jsx?t=1787453361303:160
[   96232ms] [LOG] [LandingPage] Observer created for: ugc placeholder id: section-ugc @ http://localhost:5173/src/components/landing/LandingPage.jsx?t=1787453361303:160
[   96232ms] [LOG] [LandingPage] Observer created for: gallery placeholder id: section-gallery @ http://localhost:5173/src/components/landing/LandingPage.jsx?t=1787453361303:160
[   96232ms] [LOG] [LandingPage] Observer created for: academy placeholder id: section-academy @ http://localhost:5173/src/components/landing/LandingPage.jsx?t=1787453361303:160
[   96232ms] [LOG] [LandingPage] Observer created for: repo-cinema placeholder id: section-repo-cinema @ http://localhost:5173/src/components/landing/LandingPage.jsx?t=1787453361303:160
[   96232ms] [LOG] [LandingPage] Observer created for: repo-commercial placeholder id: section-repo-commercial @ http://localhost:5173/src/components/landing/LandingPage.jsx?t=1787453361303:160
[   96232ms] [LOG] [LandingPage] Observer created for: repo-social-ads placeholder id: section-repo-social-ads @ http://localhost:5173/src/components/landing/LandingPage.jsx?t=1787453361303:160
[   96232ms] [LOG] [LandingPage] Observer created for: repo-narrative placeholder id: section-repo-narrative @ http://localhost:5173/src/components/landing/LandingPage.jsx?t=1787453361303:160
[   96232ms] [LOG] [LandingPage] Observer created for: repo-vertical placeholder id: section-repo-vertical @ http://localhost:5173/src/components/landing/LandingPage.jsx?t=1787453361303:160
[   96233ms] [LOG] [LandingPage] Observer created for: repo-ecommerce placeholder id: section-repo-ecommerce @ http://localhost:5173/src/components/landing/LandingPage.jsx?t=1787453361303:160
[   96233ms] [LOG] [LandingPage] Observer created for: repo-kinetic placeholder id: section-repo-kinetic @ http://localhost:5173/src/components/landing/LandingPage.jsx?t=1787453361303:160
[   96233ms] [LOG] [LandingPage] Observer created for: repo-animated placeholder id: section-repo-animated @ http://localhost:5173/src/components/landing/LandingPage.jsx?t=1787453361303:160
[   96233ms] [LOG] [LandingPage] Observer created for: repo-animation placeholder id: section-repo-animation @ http://localhost:5173/src/components/landing/LandingPage.jsx?t=1787453361303:160
[   96233ms] [LOG] [LandingPage] Observer created for: repo-reference placeholder id: section-repo-reference @ http://localhost:5173/src/components/landing/LandingPage.jsx?t=1787453361303:160
[   96233ms] [LOG] [LandingPage] Observer created for: repo-vfx placeholder id: section-repo-vfx @ http://localhost:5173/src/components/landing/LandingPage.jsx?t=1787453361303:160
[   96233ms] [LOG] [LandingPage] Observer created for: repo-fashion placeholder id: section-repo-fashion @ http://localhost:5173/src/components/landing/LandingPage.jsx?t=1787453361303:160
[   96233ms] [LOG] [LandingPage] Observer created for: repos placeholder id: section-repos @ http://localhost:5173/src/components/landing/LandingPage.jsx?t=1787453361303:160
[   96233ms] [LOG] [LandingPage] Observer created for: gtm-boost placeholder id: section-gtm-boost @ http://localhost:5173/src/components/landing/LandingPage.jsx?t=1787453361303:160
[   96234ms] [LOG] [App] Landing page rendered @ http://localhost:5173/src/main.js?t=1787453361303:88
[   96249ms] [LOG] [LandingPage] IntersectionObserver fired for gtm-boost [Object] @ http://localhost:5173/src/components/landing/LandingPage.jsx?t=1787453361303:119
[   96249ms] [LOG] [LandingPage] Loading section: gtm-boost @ http://localhost:5173/src/components/landing/LandingPage.jsx?t=1787453361303:122
[   96249ms] [LOG] [LandingPage] IntersectionObserver fired for features [Object] @ http://localhost:5173/src/components/landing/LandingPage.jsx?t=1787453361303:119
[   96250ms] [LOG] [LandingPage] Loading section: features @ http://localhost:5173/src/components/landing/LandingPage.jsx?t=1787453361303:122
[   96250ms] [LOG] [LandingPage] IntersectionObserver fired for repo-animation [Object] @ http://localhost:5173/src/components/landing/LandingPage.jsx?t=1787453361303:119
[   96250ms] [LOG] [LandingPage] Loading section: repo-animation @ http://localhost:5173/src/components/landing/LandingPage.jsx?t=1787453361303:122
[   96251ms] [LOG] [LandingPage] IntersectionObserver fired for repo-reference [Object] @ http://localhost:5173/src/components/landing/LandingPage.jsx?t=1787453361303:119
[   96251ms] [LOG] [LandingPage] Loading section: repo-reference @ http://localhost:5173/src/components/landing/LandingPage.jsx?t=1787453361303:122
[   96251ms] [LOG] [LandingPage] IntersectionObserver fired for repo-kinetic [Object] @ http://localhost:5173/src/components/landing/LandingPage.jsx?t=1787453361303:119
[   96252ms] [LOG] [LandingPage] Loading section: repo-kinetic @ http://localhost:5173/src/components/landing/LandingPage.jsx?t=1787453361303:122
[   96252ms] [LOG] [LandingPage] IntersectionObserver fired for agency [Object] @ http://localhost:5173/src/components/landing/LandingPage.jsx?t=1787453361303:119
[   96252ms] [LOG] [LandingPage] Loading section: agency @ http://localhost:5173/src/components/landing/LandingPage.jsx?t=1787453361303:122
[   96252ms] [LOG] [LandingPage] IntersectionObserver fired for value [Object] @ http://localhost:5173/src/components/landing/LandingPage.jsx?t=1787453361303:119
[   96252ms] [LOG] [LandingPage] Loading section: value @ http://localhost:5173/src/components/landing/LandingPage.jsx?t=1787453361303:122
[   96252ms] [LOG] [LandingPage] IntersectionObserver fired for repo-fashion [Object] @ http://localhost:5173/src/components/landing/LandingPage.jsx?t=1787453361303:119
[   96253ms] [LOG] [LandingPage] Loading section: repo-fashion @ http://localhost:5173/src/components/landing/LandingPage.jsx?t=1787453361303:122
[   96253ms] [LOG] [LandingPage] IntersectionObserver fired for ugc [Object] @ http://localhost:5173/src/components/landing/LandingPage.jsx?t=1787453361303:119
[   96253ms] [LOG] [LandingPage] Loading section: ugc @ http://localhost:5173/src/components/landing/LandingPage.jsx?t=1787453361303:122
[   96253ms] [LOG] [LandingPage] IntersectionObserver fired for repo-cinema [Object] @ http://localhost:5173/src/components/landing/LandingPage.jsx?t=1787453361303:119
[   96253ms] [LOG] [LandingPage] Loading section: repo-cinema @ http://localhost:5173/src/components/landing/LandingPage.jsx?t=1787453361303:122
[   96253ms] [LOG] [LandingPage] IntersectionObserver fired for engines [Object] @ http://localhost:5173/src/components/landing/LandingPage.jsx?t=1787453361303:119
[   96255ms] [LOG] [LandingPage] Loading section: engines @ http://localhost:5173/src/components/landing/LandingPage.jsx?t=1787453361303:122
[   96256ms] [LOG] [LandingPage] IntersectionObserver fired for offer [Object] @ http://localhost:5173/src/components/landing/LandingPage.jsx?t=1787453361303:119
[   96256ms] [LOG] [LandingPage] Loading section: offer @ http://localhost:5173/src/components/landing/LandingPage.jsx?t=1787453361303:122
[   96256ms] [LOG] [LandingPage] IntersectionObserver fired for gallery [Object] @ http://localhost:5173/src/components/landing/LandingPage.jsx?t=1787453361303:119
[   96257ms] [LOG] [LandingPage] Loading section: gallery @ http://localhost:5173/src/components/landing/LandingPage.jsx?t=1787453361303:122
[   96257ms] [LOG] [LandingPage] IntersectionObserver fired for ai-workflow [Object] @ http://localhost:5173/src/components/landing/LandingPage.jsx?t=1787453361303:119
[   96257ms] [LOG] [LandingPage] Loading section: ai-workflow @ http://localhost:5173/src/components/landing/LandingPage.jsx?t=1787453361303:122
[   96258ms] [LOG] [LandingPage] IntersectionObserver fired for repo-ecommerce [Object] @ http://localhost:5173/src/components/landing/LandingPage.jsx?t=1787453361303:119
[   96258ms] [LOG] [LandingPage] Loading section: repo-ecommerce @ http://localhost:5173/src/components/landing/LandingPage.jsx?t=1787453361303:122
[   96258ms] [LOG] [LandingPage] IntersectionObserver fired for repo-vfx [Object] @ http://localhost:5173/src/components/landing/LandingPage.jsx?t=1787453361303:119
[   96258ms] [LOG] [LandingPage] Loading section: repo-vfx @ http://localhost:5173/src/components/landing/LandingPage.jsx?t=1787453361303:122
[   96258ms] [LOG] [LandingPage] IntersectionObserver fired for workflow [Object] @ http://localhost:5173/src/components/landing/LandingPage.jsx?t=1787453361303:119
[   96259ms] [LOG] [LandingPage] Loading section: workflow @ http://localhost:5173/src/components/landing/LandingPage.jsx?t=1787453361303:122
[   96259ms] [LOG] [LandingPage] IntersectionObserver fired for repo-social-ads [Object] @ http://localhost:5173/src/components/landing/LandingPage.jsx?t=1787453361303:119
[   96259ms] [LOG] [LandingPage] Loading section: repo-social-ads @ http://localhost:5173/src/components/landing/LandingPage.jsx?t=1787453361303:122
[   96259ms] [LOG] [LandingPage] IntersectionObserver fired for repo-commercial [Object] @ http://localhost:5173/src/components/landing/LandingPage.jsx?t=1787453361303:119
[   96259ms] [LOG] [LandingPage] Loading section: repo-commercial @ http://localhost:5173/src/components/landing/LandingPage.jsx?t=1787453361303:122
[   96259ms] [LOG] [LandingPage] IntersectionObserver fired for made-with [Object] @ http://localhost:5173/src/components/landing/LandingPage.jsx?t=1787453361303:119
[   96259ms] [LOG] [LandingPage] Loading section: made-with @ http://localhost:5173/src/components/landing/LandingPage.jsx?t=1787453361303:122
[   96260ms] [LOG] [LandingPage] IntersectionObserver fired for comparison [Object] @ http://localhost:5173/src/components/landing/LandingPage.jsx?t=1787453361303:119
[   96260ms] [LOG] [LandingPage] Loading section: comparison @ http://localhost:5173/src/components/landing/LandingPage.jsx?t=1787453361303:122
[   96260ms] [LOG] [LandingPage] IntersectionObserver fired for hook [Object] @ http://localhost:5173/src/components/landing/LandingPage.jsx?t=1787453361303:119
[   96260ms] [LOG] [LandingPage] Loading section: hook @ http://localhost:5173/src/components/landing/LandingPage.jsx?t=1787453361303:122
[   96260ms] [LOG] [LandingPage] IntersectionObserver fired for repo-narrative [Object] @ http://localhost:5173/src/components/landing/LandingPage.jsx?t=1787453361303:119
[   96261ms] [LOG] [LandingPage] Loading section: repo-narrative @ http://localhost:5173/src/components/landing/LandingPage.jsx?t=1787453361303:122
[   96261ms] [LOG] [LandingPage] IntersectionObserver fired for repo-vertical [Object] @ http://localhost:5173/src/components/landing/LandingPage.jsx?t=1787453361303:119
[   96261ms] [LOG] [LandingPage] Loading section: repo-vertical @ http://localhost:5173/src/components/landing/LandingPage.jsx?t=1787453361303:122
[   96261ms] [LOG] [LandingPage] IntersectionObserver fired for apps [Object] @ http://localhost:5173/src/components/landing/LandingPage.jsx?t=1787453361303:119
[   96261ms] [LOG] [LandingPage] Loading section: apps @ http://localhost:5173/src/components/landing/LandingPage.jsx?t=1787453361303:122
[   96261ms] [LOG] [LandingPage] IntersectionObserver fired for academy [Object] @ http://localhost:5173/src/components/landing/LandingPage.jsx?t=1787453361303:119
[   96262ms] [LOG] [LandingPage] Loading section: academy @ http://localhost:5173/src/components/landing/LandingPage.jsx?t=1787453361303:122
[   96262ms] [LOG] [LandingPage] IntersectionObserver fired for cta [Object] @ http://localhost:5173/src/components/landing/LandingPage.jsx?t=1787453361303:119
[   96262ms] [LOG] [LandingPage] Loading section: cta @ http://localhost:5173/src/components/landing/LandingPage.jsx?t=1787453361303:122
[   96262ms] [LOG] [LandingPage] IntersectionObserver fired for problem [Object] @ http://localhost:5173/src/components/landing/LandingPage.jsx?t=1787453361303:119
[   96263ms] [LOG] [LandingPage] Loading section: problem @ http://localhost:5173/src/components/landing/LandingPage.jsx?t=1787453361303:122
[   96263ms] [LOG] [LandingPage] IntersectionObserver fired for repo-animated [Object] @ http://localhost:5173/src/components/landing/LandingPage.jsx?t=1787453361303:119
[   96263ms] [LOG] [LandingPage] Loading section: repo-animated @ http://localhost:5173/src/components/landing/LandingPage.jsx?t=1787453361303:122
[   96263ms] [LOG] [LandingPage] IntersectionObserver fired for repos [Object] @ http://localhost:5173/src/components/landing/LandingPage.jsx?t=1787453361303:119
[   96263ms] [LOG] [LandingPage] Loading section: repos @ http://localhost:5173/src/components/landing/LandingPage.jsx?t=1787453361303:122
[   96264ms] [LOG] [LandingPage] IntersectionObserver fired for scrolling [Object] @ http://localhost:5173/src/components/landing/LandingPage.jsx?t=1787453361303:119
[   96264ms] [LOG] [LandingPage] Loading section: scrolling @ http://localhost:5173/src/components/landing/LandingPage.jsx?t=1787453361303:122
[   96912ms] [LOG] [LandingPage] Section loaded: features @ http://localhost:5173/src/components/landing/LandingPage.jsx?t=1787453361303:141
[   96918ms] [LOG] [LandingPage] Section loaded: agency @ http://localhost:5173/src/components/landing/LandingPage.jsx?t=1787453361303:141
[   96927ms] [LOG] [LandingPage] Section loaded: value @ http://localhost:5173/src/components/landing/LandingPage.jsx?t=1787453361303:141
[   96961ms] [LOG] [LandingPage] Section loaded: offer @ http://localhost:5173/src/components/landing/LandingPage.jsx?t=1787453361303:141
[   96996ms] [LOG] [LandingPage] Section loaded: engines @ http://localhost:5173/src/components/landing/LandingPage.jsx?t=1787453361303:141
[   96998ms] [LOG] [LandingPage] Section loaded: workflow @ http://localhost:5173/src/components/landing/LandingPage.jsx?t=1787453361303:141
[   96999ms] [LOG] [LandingPage] Section loaded: comparison @ http://localhost:5173/src/components/landing/LandingPage.jsx?t=1787453361303:141
[   96999ms] [LOG] [LandingPage] Section loaded: hook @ http://localhost:5173/src/components/landing/LandingPage.jsx?t=1787453361303:141
[   97006ms] [LOG] [LandingPage] Section loaded: cta @ http://localhost:5173/src/components/landing/LandingPage.jsx?t=1787453361303:141
[   97012ms] [LOG] [LandingPage] Section loaded: problem @ http://localhost:5173/src/components/landing/LandingPage.jsx?t=1787453361303:141
[   97140ms] [LOG] [LandingPage] Section loaded: scrolling @ http://localhost:5173/src/components/landing/LandingPage.jsx?t=1787453361303:141
[   97145ms] [LOG] [LandingPage] Section loaded: repos @ http://localhost:5173/src/components/landing/LandingPage.jsx?t=1787453361303:141
[   97401ms] [LOG] [LandingPage] Section loaded: ugc @ http://localhost:5173/src/components/landing/LandingPage.jsx?t=1787453361303:141
[   97495ms] [LOG] [LandingPage] Section loaded: gallery @ http://localhost:5173/src/components/landing/LandingPage.jsx?t=1787453361303:141
[   97619ms] [LOG] [LandingPage] Section loaded: gtm-boost @ http://localhost:5173/src/components/landing/LandingPage.jsx?t=1787453361303:141
[   97625ms] [LOG] [LandingPage] Section loaded: apps @ http://localhost:5173/src/components/landing/LandingPage.jsx?t=1787453361303:141
[   97648ms] [LOG] [LandingPage] Section loaded: academy @ http://localhost:5173/src/components/landing/LandingPage.jsx?t=1787453361303:141
[   97653ms] [LOG] [LandingPage] Section loaded: ai-workflow @ http://localhost:5173/src/components/landing/LandingPage.jsx?t=1787453361303:141
[   97667ms] [LOG] [LandingPage] Section loaded: repo-vfx @ http://localhost:5173/src/components/landing/LandingPage.jsx?t=1787453361303:141
[   97679ms] [LOG] [LandingPage] Section loaded: repo-animation @ http://localhost:5173/src/components/landing/LandingPage.jsx?t=1787453361303:141
[   97783ms] [LOG] [LandingPage] Section loaded: repo-narrative @ http://localhost:5173/src/components/landing/LandingPage.jsx?t=1787453361303:141
[   97900ms] [LOG] [LandingPage] Section loaded: repo-fashion @ http://localhost:5173/src/components/landing/LandingPage.jsx?t=1787453361303:141
[   97907ms] [LOG] [LandingPage] Section loaded: repo-vertical @ http://localhost:5173/src/components/landing/LandingPage.jsx?t=1787453361303:141
[   97915ms] [LOG] [LandingPage] Section loaded: repo-social-ads @ http://localhost:5173/src/components/landing/LandingPage.jsx?t=1787453361303:141
[   97923ms] [LOG] [LandingPage] Section loaded: repo-commercial @ http://localhost:5173/src/components/landing/LandingPage.jsx?t=1787453361303:141
[   97930ms] [LOG] [LandingPage] Section loaded: repo-cinema @ http://localhost:5173/src/components/landing/LandingPage.jsx?t=1787453361303:141
[   97934ms] [LOG] [LandingPage] Section loaded: repo-reference @ http://localhost:5173/src/components/landing/LandingPage.jsx?t=1787453361303:141
[   97941ms] [LOG] [LandingPage] Section loaded: repo-animated @ http://localhost:5173/src/components/landing/LandingPage.jsx?t=1787453361303:141
[   97950ms] [LOG] [LandingPage] Section loaded: made-with @ http://localhost:5173/src/components/landing/LandingPage.jsx?t=1787453361303:141
[   97958ms] [LOG] [LandingPage] Section loaded: repo-ecommerce @ http://localhost:5173/src/components/landing/LandingPage.jsx?t=1787453361303:141
[   97966ms] [LOG] [LandingPage] Section loaded: repo-kinetic @ http://localhost:5173/src/components/landing/LandingPage.jsx?t=1787453361303:141
[   98281ms] [INFO] %cDownload the React DevTools for a better development experience: https://react.dev/link/react-devtools font-weight:bold @ http://localhost:5173/node_modules/.vite/deps/chunk-EEAUBQDT.js?v=93c1ec86:20096
[   98286ms] [ERROR] [ModalSystem] mount failed TypeError: Class constructor SortableElement cannot be invoked without 'new'
    at http://localhost:5173/components/modals/RetargetOptInModal.jsx?t=1787453361303:26:22 @ http://localhost:5173/src/main.js?t=1787453361303:329
[   98289ms] [ERROR] [popcorn-init] FAILED at: plugin-image TypeError: Class constructor SortableElement cannot be invoked without 'new'
    at http://localhost:5173/components/modals/RetargetOptInModal.jsx?t=1787453361303:26:22 @ http://localhost:5173/src/lib/popcornInit.js?t=1787453361303:55
[   98332ms] [ERROR] [popcorn-init] FAILED at: plugin-jsonTransition TypeError: Class constructor SortableElement cannot be invoked without 'new'
    at http://localhost:5173/components/modals/RetargetOptInModal.jsx?t=1787453361303:26:22 @ http://localhost:5173/src/lib/popcornInit.js?t=1787453361303:55
[   98344ms] [ERROR] [popcorn-init] FAILED at: plugin-lottie-json TypeError: Class constructor SortableElement cannot be invoked without 'new'
    at http://localhost:5173/components/modals/RetargetOptInModal.jsx?t=1787453361303:26:22 @ http://localhost:5173/src/lib/popcornInit.js?t=1787453361303:55
[   98349ms] [LOG] [popcorn-init] OK: plugin-json-button @ http://localhost:5173/src/lib/popcornInit.js?t=1787453361303:48
[   98358ms] [ERROR] [popcorn-init] FAILED at: plugin-personalizedImage TypeError: Class constructor SortableElement cannot be invoked without 'new'
    at http://localhost:5173/components/modals/RetargetOptInModal.jsx?t=1787453361303:26:22 @ http://localhost:5173/src/lib/popcornInit.js?t=1787453361303:55
[   98363ms] [ERROR] [popcorn-init] FAILED at: plugin-loopPlugin TypeError: Class constructor SortableElement cannot be invoked without 'new'
    at http://localhost:5173/components/modals/RetargetOptInModal.jsx?t=1787453361303:26:22 @ http://localhost:5173/src/lib/popcornInit.js?t=1787453361303:55
[   98368ms] [ERROR] [popcorn-init] FAILED at: plugin-pausePlugin TypeError: Class constructor SortableElement cannot be invoked without 'new'
    at http://localhost:5173/components/modals/RetargetOptInModal.jsx?t=1787453361303:26:22 @ http://localhost:5173/src/lib/popcornInit.js?t=1787453361303:55
[   98380ms] [ERROR] [popcorn-init] FAILED at: plugin-form TypeError: Class constructor SortableElement cannot be invoked without 'new'
    at http://localhost:5173/components/modals/RetargetOptInModal.jsx?t=1787453361303:26:22 @ http://localhost:5173/src/lib/popcornInit.js?t=1787453361303:55
[   98427ms] [ERROR] [popcorn-init] FAILED at: plugin-retarget TypeError: Class constructor SortableElement cannot be invoked without 'new'
    at http://localhost:5173/components/modals/RetargetOptInModal.jsx?t=1787453361303:26:22 @ http://localhost:5173/src/lib/popcornInit.js?t=1787453361303:55
[   98430ms] [LOG] [popcorn-init] OK: plugin-popup @ http://localhost:5173/src/lib/popcornInit.js?t=1787453361303:48
[   98440ms] [ERROR] [popcorn-init] FAILED at: plugin-sequencer TypeError: Class constructor SortableElement cannot be invoked without 'new'
    at http://localhost:5173/components/modals/RetargetOptInModal.jsx?t=1787453361303:26:22 @ http://localhost:5173/src/lib/popcornInit.js?t=1787453361303:55
[   98446ms] [ERROR] [popcorn-init] FAILED at: plugin-skip TypeError: Class constructor SortableElement cannot be invoked without 'new'
    at http://localhost:5173/components/modals/RetargetOptInModal.jsx?t=1787453361303:26:22 @ http://localhost:5173/src/lib/popcornInit.js?t=1787453361303:55
[   98549ms] [ERROR] [popcorn-init] FAILED at: plugin-text TypeError: Class constructor SortableElement cannot be invoked without 'new'
    at http://localhost:5173/components/modals/RetargetOptInModal.jsx?t=1787453361303:26:22 @ http://localhost:5173/src/lib/popcornInit.js?t=1787453361303:55
[   98668ms] [LOG] [popcorn-init] OK: plugin-social @ http://localhost:5173/src/lib/popcornInit.js?t=1787453361303:48
[   98845ms] [ERROR] [popcorn-init] FAILED at: plugin-jsonAnimation TypeError: Class constructor SortableElement cannot be invoked without 'new'
    at http://localhost:5173/components/modals/RetargetOptInModal.jsx?t=1787453361303:26:22 @ http://localhost:5173/src/lib/popcornInit.js?t=1787453361303:55
[   98952ms] [LOG] [popcorn-init] OK: plugin-videoTransition @ http://localhost:5173/src/lib/popcornInit.js?t=1787453361303:48
[   99101ms] [ERROR] [popcorn-init] FAILED at: plugin-seethroughtext TypeError: Class constructor SortableElement cannot be invoked without 'new'
    at http://localhost:5173/components/modals/RetargetOptInModal.jsx?t=1787453361303:26:22 @ http://localhost:5173/src/lib/popcornInit.js?t=1787453361303:55
[   99118ms] [LOG] [popcorn-init] OK: plugin-wikipedia @ http://localhost:5173/src/lib/popcornInit.js?t=1787453361303:48
[   99134ms] [ERROR] [popcorn-init] FAILED at: plugin-combined TypeError: Class constructor SortableElement cannot be invoked without 'new'
    at http://localhost:5173/components/modals/RetargetOptInModal.jsx?t=1787453361303:26:22 @ http://localhost:5173/src/lib/popcornInit.js?t=1787453361303:55
[   99151ms] [ERROR] [popcorn-init] FAILED at: plugin-background TypeError: Class constructor SortableElement cannot be invoked without 'new'
    at http://localhost:5173/components/modals/RetargetOptInModal.jsx?t=1787453361303:26:22 @ http://localhost:5173/src/lib/popcornInit.js?t=1787453361303:55
[   99151ms] [LOG] [popcorn-init] SUMMARY: 5/20 plugins registered; FAILED: plugin-image, plugin-jsonTransition, plugin-lottie-json, plugin-personalizedImage, plugin-loopPlugin, plugin-pausePlugin, plugin-form, plugin-retarget, plugin-sequencer, plugin-skip, plugin-text, plugin-jsonAnimation, plugin-seethroughtext, plugin-combined, plugin-background @ http://localhost:5173/src/lib/popcornInit.js?t=1787453361303:60
[   99152ms] [LOG] [popcorn] function 5 @ http://localhost:5173/src/main.js?t=1787453361303:4
[  100066ms] [LOG] [App] Starting initialization... @ http://localhost:5173/src/main.js?t=1787453361303:19
[  100078ms] [LOG] [popcorn-init] OK: jquery @ http://localhost:5173/src/lib/popcornInit.js?t=1787453361303:41
[  100079ms] [LOG] [popcorn-init] OK: jquery-textfill @ http://localhost:5173/src/lib/popcornInit.js?t=1787453361303:48
[  100080ms] [LOG] [popcorn-init] OK: popcorn-core @ http://localhost:5173/src/lib/popcornInit.js?t=1787453361303:48
[  100082ms] [LOG] [popcorn-init] OK: popcorn-ie8 @ http://localhost:5173/src/lib/popcornInit.js?t=1787453361303:48
[  100082ms] [LOG] [popcorn-init] OK: wrapper-common @ http://localhost:5173/src/lib/popcornInit.js?t=1787453361303:48
[  100084ms] [LOG] [popcorn-init] OK: wrapper-html5 @ http://localhost:5173/src/lib/popcornInit.js?t=1787453361303:48
[  100085ms] [LOG] [popcorn-init] OK: wrapper-vrview @ http://localhost:5173/src/lib/popcornInit.js?t=1787453361303:48
[  100085ms] [LOG] [popcorn-init] OK: wrapper-adaptive @ http://localhost:5173/src/lib/popcornInit.js?t=1787453361303:48
[  100086ms] [LOG] [popcorn-init] OK: wrapper-null @ http://localhost:5173/src/lib/popcornInit.js?t=1787453361303:48
[  100086ms] [LOG] [popcorn-init] OK: wrapper-soundcloud @ http://localhost:5173/src/lib/popcornInit.js?t=1787453361303:48
[  100086ms] [LOG] [popcorn-init] OK: wrapper-vimeo @ http://localhost:5173/src/lib/popcornInit.js?t=1787453361303:48
[  100086ms] [LOG] [popcorn-init] OK: wrapper-youtube @ http://localhost:5173/src/lib/popcornInit.js?t=1787453361303:48
[  100088ms] [LOG] [popcorn-init] OK: wrapper-jwplayer @ http://localhost:5173/src/lib/popcornInit.js?t=1787453361303:48
[  100089ms] [LOG] [popcorn-init] OK: player-module @ http://localhost:5173/src/lib/popcornInit.js?t=1787453361303:48
[  100095ms] [LOG] [LandingPage] Header.jsx loaded @ http://localhost:5173/src/components/landing/LandingPage.jsx?t=1787453361303:176
[  100265ms] [LOG] [LandingPage] CinematicVideoHero.jsx loaded @ http://localhost:5173/src/components/landing/LandingPage.jsx?t=1787453361303:189
[  100661ms] [LOG] [LandingPage] HeroSection.jsx loaded @ http://localhost:5173/src/components/landing/LandingPage.jsx?t=1787453361303:202
[  100662ms] [LOG] [LandingPage] Observer created for: scrolling placeholder id: section-scrolling @ http://localhost:5173/src/components/landing/LandingPage.jsx?t=1787453361303:160
[  100662ms] [LOG] [LandingPage] Observer created for: hook placeholder id: section-hook @ http://localhost:5173/src/components/landing/LandingPage.jsx?t=1787453361303:160
[  100662ms] [LOG] [LandingPage] Observer created for: engines placeholder id: section-engines @ http://localhost:5173/src/components/landing/LandingPage.jsx?t=1787453361303:160
[  100662ms] [LOG] [LandingPage] Observer created for: apps placeholder id: section-apps @ http://localhost:5173/src/components/landing/LandingPage.jsx?t=1787453361303:160
[  100662ms] [LOG] [LandingPage] Observer created for: features placeholder id: section-features @ http://localhost:5173/src/components/landing/LandingPage.jsx?t=1787453361303:160
[  100662ms] [LOG] [LandingPage] Observer created for: problem placeholder id: section-problem @ http://localhost:5173/src/components/landing/LandingPage.jsx?t=1787453361303:160
[  100662ms] [LOG] [LandingPage] Observer created for: workflow placeholder id: section-workflow @ http://localhost:5173/src/components/landing/LandingPage.jsx?t=1787453361303:160
[  100662ms] [LOG] [LandingPage] Observer created for: comparison placeholder id: section-comparison @ http://localhost:5173/src/components/landing/LandingPage.jsx?t=1787453361303:160
[  100662ms] [LOG] [LandingPage] Observer created for: value placeholder id: section-value @ http://localhost:5173/src/components/landing/LandingPage.jsx?t=1787453361303:160
[  100662ms] [LOG] [LandingPage] Observer created for: agency placeholder id: section-agency @ http://localhost:5173/src/components/landing/LandingPage.jsx?t=1787453361303:160
[  100662ms] [LOG] [LandingPage] Observer created for: offer placeholder id: section-offer @ http://localhost:5173/src/components/landing/LandingPage.jsx?t=1787453361303:160
[  100662ms] [LOG] [LandingPage] Observer created for: cta placeholder id: section-cta @ http://localhost:5173/src/components/landing/LandingPage.jsx?t=1787453361303:160
[  100662ms] [LOG] [LandingPage] Observer created for: ai-workflow placeholder id: section-ai-workflow @ http://localhost:5173/src/components/landing/LandingPage.jsx?t=1787453361303:160
[  100662ms] [LOG] [LandingPage] Observer created for: made-with placeholder id: section-made-with @ http://localhost:5173/src/components/landing/LandingPage.jsx?t=1787453361303:160
[  100662ms] [LOG] [LandingPage] Observer created for: ugc placeholder id: section-ugc @ http://localhost:5173/src/components/landing/LandingPage.jsx?t=1787453361303:160
[  100662ms] [LOG] [LandingPage] Observer created for: gallery placeholder id: section-gallery @ http://localhost:5173/src/components/landing/LandingPage.jsx?t=1787453361303:160
[  100662ms] [LOG] [LandingPage] Observer created for: academy placeholder id: section-academy @ http://localhost:5173/src/components/landing/LandingPage.jsx?t=1787453361303:160
[  100663ms] [LOG] [LandingPage] Observer created for: repo-cinema placeholder id: section-repo-cinema @ http://localhost:5173/src/components/landing/LandingPage.jsx?t=1787453361303:160
[  100663ms] [LOG] [LandingPage] Observer created for: repo-commercial placeholder id: section-repo-commercial @ http://localhost:5173/src/components/landing/LandingPage.jsx?t=1787453361303:160
[  100663ms] [LOG] [LandingPage] Observer created for: repo-social-ads placeholder id: section-repo-social-ads @ http://localhost:5173/src/components/landing/LandingPage.jsx?t=1787453361303:160
[  100663ms] [LOG] [LandingPage] Observer created for: repo-narrative placeholder id: section-repo-narrative @ http://localhost:5173/src/components/landing/LandingPage.jsx?t=1787453361303:160
[  100663ms] [LOG] [LandingPage] Observer created for: repo-vertical placeholder id: section-repo-vertical @ http://localhost:5173/src/components/landing/LandingPage.jsx?t=1787453361303:160
[  100663ms] [LOG] [LandingPage] Observer created for: repo-ecommerce placeholder id: section-repo-ecommerce @ http://localhost:5173/src/components/landing/LandingPage.jsx?t=1787453361303:160
[  100663ms] [LOG] [LandingPage] Observer created for: repo-kinetic placeholder id: section-repo-kinetic @ http://localhost:5173/src/components/landing/LandingPage.jsx?t=1787453361303:160
[  100663ms] [LOG] [LandingPage] Observer created for: repo-animated placeholder id: section-repo-animated @ http://localhost:5173/src/components/landing/LandingPage.jsx?t=1787453361303:160
[  100663ms] [LOG] [LandingPage] Observer created for: repo-animation placeholder id: section-repo-animation @ http://localhost:5173/src/components/landing/LandingPage.jsx?t=1787453361303:160
[  100663ms] [LOG] [LandingPage] Observer created for: repo-reference placeholder id: section-repo-reference @ http://localhost:5173/src/components/landing/LandingPage.jsx?t=1787453361303:160
[  100663ms] [LOG] [LandingPage] Observer created for: repo-vfx placeholder id: section-repo-vfx @ http://localhost:5173/src/components/landing/LandingPage.jsx?t=1787453361303:160
[  100663ms] [LOG] [LandingPage] Observer created for: repo-fashion placeholder id: section-repo-fashion @ http://localhost:5173/src/components/landing/LandingPage.jsx?t=1787453361303:160
[  100663ms] [LOG] [LandingPage] Observer created for: repos placeholder id: section-repos @ http://localhost:5173/src/components/landing/LandingPage.jsx?t=1787453361303:160
[  100663ms] [LOG] [LandingPage] Observer created for: gtm-boost placeholder id: section-gtm-boost @ http://localhost:5173/src/components/landing/LandingPage.jsx?t=1787453361303:160
[  100664ms] [LOG] [App] Landing page rendered @ http://localhost:5173/src/main.js?t=1787453361303:88
[  100677ms] [LOG] [LandingPage] IntersectionObserver fired for repo-social-ads [Object] @ http://localhost:5173/src/components/landing/LandingPage.jsx?t=1787453361303:119
[  100677ms] [LOG] [LandingPage] Loading section: repo-social-ads @ http://localhost:5173/src/components/landing/LandingPage.jsx?t=1787453361303:122
[  100677ms] [LOG] [LandingPage] IntersectionObserver fired for repo-animated [Object] @ http://localhost:5173/src/components/landing/LandingPage.jsx?t=1787453361303:119
[  100677ms] [LOG] [LandingPage] Loading section: repo-animated @ http://localhost:5173/src/components/landing/LandingPage.jsx?t=1787453361303:122
[  100678ms] [LOG] [LandingPage] IntersectionObserver fired for comparison [Object] @ http://localhost:5173/src/components/landing/LandingPage.jsx?t=1787453361303:119
[  100678ms] [LOG] [LandingPage] Loading section: comparison @ http://localhost:5173/src/components/landing/LandingPage.jsx?t=1787453361303:122
[  100678ms] [LOG] [LandingPage] IntersectionObserver fired for academy [Object] @ http://localhost:5173/src/components/landing/LandingPage.jsx?t=1787453361303:119
[  100678ms] [LOG] [LandingPage] Loading section: academy @ http://localhost:5173/src/components/landing/LandingPage.jsx?t=1787453361303:122
[  100678ms] [LOG] [LandingPage] IntersectionObserver fired for repo-vertical [Object] @ http://localhost:5173/src/components/landing/LandingPage.jsx?t=1787453361303:119
[  100678ms] [LOG] [LandingPage] Loading section: repo-vertical @ http://localhost:5173/src/components/landing/LandingPage.jsx?t=1787453361303:122
[  100679ms] [LOG] [LandingPage] IntersectionObserver fired for scrolling [Object] @ http://localhost:5173/src/components/landing/LandingPage.jsx?t=1787453361303:119
[  100679ms] [LOG] [LandingPage] Loading section: scrolling @ http://localhost:5173/src/components/landing/LandingPage.jsx?t=1787453361303:122
[  100679ms] [LOG] [LandingPage] IntersectionObserver fired for made-with [Object] @ http://localhost:5173/src/components/landing/LandingPage.jsx?t=1787453361303:119
[  100679ms] [LOG] [LandingPage] Loading section: made-with @ http://localhost:5173/src/components/landing/LandingPage.jsx?t=1787453361303:122
[  100679ms] [LOG] [LandingPage] IntersectionObserver fired for hook [Object] @ http://localhost:5173/src/components/landing/LandingPage.jsx?t=1787453361303:119
[  100680ms] [LOG] [LandingPage] Loading section: hook @ http://localhost:5173/src/components/landing/LandingPage.jsx?t=1787453361303:122
[  100680ms] [LOG] [LandingPage] IntersectionObserver fired for value [Object] @ http://localhost:5173/src/components/landing/LandingPage.jsx?t=1787453361303:119
[  100680ms] [LOG] [LandingPage] Loading section: value @ http://localhost:5173/src/components/landing/LandingPage.jsx?t=1787453361303:122
[  100680ms] [LOG] [LandingPage] IntersectionObserver fired for apps [Object] @ http://localhost:5173/src/components/landing/LandingPage.jsx?t=1787453361303:119
[  100680ms] [LOG] [LandingPage] Loading section: apps @ http://localhost:5173/src/components/landing/LandingPage.jsx?t=1787453361303:122
[  100680ms] [LOG] [LandingPage] IntersectionObserver fired for repo-reference [Object] @ http://localhost:5173/src/components/landing/LandingPage.jsx?t=1787453361303:119
[  100680ms] [LOG] [LandingPage] Loading section: repo-reference @ http://localhost:5173/src/components/landing/LandingPage.jsx?t=1787453361303:122
[  100681ms] [LOG] [LandingPage] IntersectionObserver fired for repo-commercial [Object] @ http://localhost:5173/src/components/landing/LandingPage.jsx?t=1787453361303:119
[  100681ms] [LOG] [LandingPage] Loading section: repo-commercial @ http://localhost:5173/src/components/landing/LandingPage.jsx?t=1787453361303:122
[  100681ms] [LOG] [LandingPage] IntersectionObserver fired for workflow [Object] @ http://localhost:5173/src/components/landing/LandingPage.jsx?t=1787453361303:119
[  100681ms] [LOG] [LandingPage] Loading section: workflow @ http://localhost:5173/src/components/landing/LandingPage.jsx?t=1787453361303:122
[  100681ms] [LOG] [LandingPage] IntersectionObserver fired for agency [Object] @ http://localhost:5173/src/components/landing/LandingPage.jsx?t=1787453361303:119
[  100681ms] [LOG] [LandingPage] Loading section: agency @ http://localhost:5173/src/components/landing/LandingPage.jsx?t=1787453361303:122
[  100681ms] [LOG] [LandingPage] IntersectionObserver fired for repo-cinema [Object] @ http://localhost:5173/src/components/landing/LandingPage.jsx?t=1787453361303:119
[  100682ms] [LOG] [LandingPage] Loading section: repo-cinema @ http://localhost:5173/src/components/landing/LandingPage.jsx?t=1787453361303:122
[  100682ms] [LOG] [LandingPage] IntersectionObserver fired for ai-workflow [Object] @ http://localhost:5173/src/components/landing/LandingPage.jsx?t=1787453361303:119
[  100682ms] [LOG] [LandingPage] Loading section: ai-workflow @ http://localhost:5173/src/components/landing/LandingPage.jsx?t=1787453361303:122
[  100682ms] [LOG] [LandingPage] IntersectionObserver fired for offer [Object] @ http://localhost:5173/src/components/landing/LandingPage.jsx?t=1787453361303:119
[  100682ms] [LOG] [LandingPage] Loading section: offer @ http://localhost:5173/src/components/landing/LandingPage.jsx?t=1787453361303:122
[  100682ms] [LOG] [LandingPage] IntersectionObserver fired for repo-animation [Object] @ http://localhost:5173/src/components/landing/LandingPage.jsx?t=1787453361303:119
[  100683ms] [LOG] [LandingPage] Loading section: repo-animation @ http://localhost:5173/src/components/landing/LandingPage.jsx?t=1787453361303:122
[  100683ms] [LOG] [LandingPage] IntersectionObserver fired for problem [Object] @ http://localhost:5173/src/components/landing/LandingPage.jsx?t=1787453361303:119
[  100683ms] [LOG] [LandingPage] Loading section: problem @ http://localhost:5173/src/components/landing/LandingPage.jsx?t=1787453361303:122
[  100683ms] [LOG] [LandingPage] IntersectionObserver fired for repo-ecommerce [Object] @ http://localhost:5173/src/components/landing/LandingPage.jsx?t=1787453361303:119
[  100683ms] [LOG] [LandingPage] Loading section: repo-ecommerce @ http://localhost:5173/src/components/landing/LandingPage.jsx?t=1787453361303:122
[  100683ms] [LOG] [LandingPage] IntersectionObserver fired for features [Object] @ http://localhost:5173/src/components/landing/LandingPage.jsx?t=1787453361303:119
[  100683ms] [LOG] [LandingPage] Loading section: features @ http://localhost:5173/src/components/landing/LandingPage.jsx?t=1787453361303:122
[  100684ms] [LOG] [LandingPage] IntersectionObserver fired for repo-vfx [Object] @ http://localhost:5173/src/components/landing/LandingPage.jsx?t=1787453361303:119
[  100684ms] [LOG] [LandingPage] Loading section: repo-vfx @ http://localhost:5173/src/components/landing/LandingPage.jsx?t=1787453361303:122
[  100684ms] [LOG] [LandingPage] IntersectionObserver fired for repo-narrative [Object] @ http://localhost:5173/src/components/landing/LandingPage.jsx?t=1787453361303:119
[  100684ms] [LOG] [LandingPage] Loading section: repo-narrative @ http://localhost:5173/src/components/landing/LandingPage.jsx?t=1787453361303:122
[  100684ms] [LOG] [LandingPage] IntersectionObserver fired for repo-fashion [Object] @ http://localhost:5173/src/components/landing/LandingPage.jsx?t=1787453361303:119
[  100684ms] [LOG] [LandingPage] Loading section: repo-fashion @ http://localhost:5173/src/components/landing/LandingPage.jsx?t=1787453361303:122
[  100684ms] [LOG] [LandingPage] IntersectionObserver fired for gallery [Object] @ http://localhost:5173/src/components/landing/LandingPage.jsx?t=1787453361303:119
[  100684ms] [LOG] [LandingPage] Loading section: gallery @ http://localhost:5173/src/components/landing/LandingPage.jsx?t=1787453361303:122
[  100684ms] [LOG] [LandingPage] IntersectionObserver fired for gtm-boost [Object] @ http://localhost:5173/src/components/landing/LandingPage.jsx?t=1787453361303:119
[  100685ms] [LOG] [LandingPage] Loading section: gtm-boost @ http://localhost:5173/src/components/landing/LandingPage.jsx?t=1787453361303:122
[  100685ms] [LOG] [LandingPage] IntersectionObserver fired for engines [Object] @ http://localhost:5173/src/components/landing/LandingPage.jsx?t=1787453361303:119
[  100685ms] [LOG] [LandingPage] Loading section: engines @ http://localhost:5173/src/components/landing/LandingPage.jsx?t=1787453361303:122
[  100685ms] [LOG] [LandingPage] IntersectionObserver fired for cta [Object] @ http://localhost:5173/src/components/landing/LandingPage.jsx?t=1787453361303:119
[  100685ms] [LOG] [LandingPage] Loading section: cta @ http://localhost:5173/src/components/landing/LandingPage.jsx?t=1787453361303:122
[  100685ms] [LOG] [LandingPage] IntersectionObserver fired for ugc [Object] @ http://localhost:5173/src/components/landing/LandingPage.jsx?t=1787453361303:119
[  100686ms] [LOG] [LandingPage] Loading section: ugc @ http://localhost:5173/src/components/landing/LandingPage.jsx?t=1787453361303:122
[  100686ms] [LOG] [LandingPage] IntersectionObserver fired for repos [Object] @ http://localhost:5173/src/components/landing/LandingPage.jsx?t=1787453361303:119
[  100686ms] [LOG] [LandingPage] Loading section: repos @ http://localhost:5173/src/components/landing/LandingPage.jsx?t=1787453361303:122
[  100686ms] [LOG] [LandingPage] IntersectionObserver fired for repo-kinetic [Object] @ http://localhost:5173/src/components/landing/LandingPage.jsx?t=1787453361303:119
[  100686ms] [LOG] [LandingPage] Loading section: repo-kinetic @ http://localhost:5173/src/components/landing/LandingPage.jsx?t=1787453361303:122
[  101083ms] [LOG] [LandingPage] Section loaded: comparison @ http://localhost:5173/src/components/landing/LandingPage.jsx?t=1787453361303:141
[  101101ms] [LOG] [LandingPage] Section loaded: scrolling @ http://localhost:5173/src/components/landing/LandingPage.jsx?t=1787453361303:141
[  101158ms] [LOG] [LandingPage] Section loaded: hook @ http://localhost:5173/src/components/landing/LandingPage.jsx?t=1787453361303:141
[  101159ms] [LOG] [LandingPage] Section loaded: value @ http://localhost:5173/src/components/landing/LandingPage.jsx?t=1787453361303:141
[  101159ms] [LOG] [LandingPage] Section loaded: workflow @ http://localhost:5173/src/components/landing/LandingPage.jsx?t=1787453361303:141
[  101160ms] [LOG] [LandingPage] Section loaded: agency @ http://localhost:5173/src/components/landing/LandingPage.jsx?t=1787453361303:141
[  101161ms] [LOG] [LandingPage] Section loaded: offer @ http://localhost:5173/src/components/landing/LandingPage.jsx?t=1787453361303:141
[  101161ms] [LOG] [LandingPage] Section loaded: problem @ http://localhost:5173/src/components/landing/LandingPage.jsx?t=1787453361303:141
[  101162ms] [LOG] [LandingPage] Section loaded: features @ http://localhost:5173/src/components/landing/LandingPage.jsx?t=1787453361303:141
[  101163ms] [LOG] [LandingPage] Section loaded: engines @ http://localhost:5173/src/components/landing/LandingPage.jsx?t=1787453361303:141
[  101164ms] [LOG] [LandingPage] Section loaded: cta @ http://localhost:5173/src/components/landing/LandingPage.jsx?t=1787453361303:141
[  101247ms] [LOG] [LandingPage] Section loaded: repos @ http://localhost:5173/src/components/landing/LandingPage.jsx?t=1787453361303:141
[  101282ms] [LOG] [LandingPage] Section loaded: gtm-boost @ http://localhost:5173/src/components/landing/LandingPage.jsx?t=1787453361303:141
[  101285ms] [LOG] [LandingPage] Section loaded: ugc @ http://localhost:5173/src/components/landing/LandingPage.jsx?t=1787453361303:141
[  101294ms] [LOG] [LandingPage] Section loaded: gallery @ http://localhost:5173/src/components/landing/LandingPage.jsx?t=1787453361303:141
[  101300ms] [LOG] [LandingPage] Section loaded: made-with @ http://localhost:5173/src/components/landing/LandingPage.jsx?t=1787453361303:141
[  101416ms] [LOG] [LandingPage] Section loaded: ai-workflow @ http://localhost:5173/src/components/landing/LandingPage.jsx?t=1787453361303:141
[  101522ms] [LOG] [LandingPage] Section loaded: repo-animated @ http://localhost:5173/src/components/landing/LandingPage.jsx?t=1787453361303:141
[  101556ms] [LOG] [LandingPage] Section loaded: repo-animation @ http://localhost:5173/src/components/landing/LandingPage.jsx?t=1787453361303:141
[  101628ms] [LOG] [LandingPage] Section loaded: repo-vfx @ http://localhost:5173/src/components/landing/LandingPage.jsx?t=1787453361303:141
[  101635ms] [LOG] [LandingPage] Section loaded: repo-cinema @ http://localhost:5173/src/components/landing/LandingPage.jsx?t=1787453361303:141
[  101641ms] [LOG] [LandingPage] Section loaded: repo-fashion @ http://localhost:5173/src/components/landing/LandingPage.jsx?t=1787453361303:141
[  101647ms] [LOG] [LandingPage] Section loaded: repo-narrative @ http://localhost:5173/src/components/landing/LandingPage.jsx?t=1787453361303:141
[  101654ms] [LOG] [LandingPage] Section loaded: repo-commercial @ http://localhost:5173/src/components/landing/LandingPage.jsx?t=1787453361303:141
[  101661ms] [LOG] [LandingPage] Section loaded: repo-ecommerce @ http://localhost:5173/src/components/landing/LandingPage.jsx?t=1787453361303:141
[  101668ms] [LOG] [LandingPage] Section loaded: repo-kinetic @ http://localhost:5173/src/components/landing/LandingPage.jsx?t=1787453361303:141
[  101676ms] [LOG] [LandingPage] Section loaded: repo-social-ads @ http://localhost:5173/src/components/landing/LandingPage.jsx?t=1787453361303:141
[  101682ms] [LOG] [LandingPage] Section loaded: repo-reference @ http://localhost:5173/src/components/landing/LandingPage.jsx?t=1787453361303:141
[  101689ms] [LOG] [LandingPage] Section loaded: repo-vertical @ http://localhost:5173/src/components/landing/LandingPage.jsx?t=1787453361303:141
[  101702ms] [LOG] [LandingPage] Section loaded: academy @ http://localhost:5173/src/components/landing/LandingPage.jsx?t=1787453361303:141
[  101707ms] [LOG] [LandingPage] Section loaded: apps @ http://localhost:5173/src/components/landing/LandingPage.jsx?t=1787453361303:141
[  101971ms] [INFO] %cDownload the React DevTools for a better development experience: https://react.dev/link/react-devtools font-weight:bold @ http://localhost:5173/node_modules/.vite/deps/chunk-EEAUBQDT.js?v=93c1ec86:20096
[  101974ms] [ERROR] [ModalSystem] mount failed TypeError: Class constructor SortableElement cannot be invoked without 'new'
    at http://localhost:5173/components/modals/RetargetOptInModal.jsx?t=1787453361303:26:22 @ http://localhost:5173/src/main.js?t=1787453361303:329
[  101975ms] [ERROR] [popcorn-init] FAILED at: plugin-image TypeError: Class constructor SortableElement cannot be invoked without 'new'
    at http://localhost:5173/components/modals/RetargetOptInModal.jsx?t=1787453361303:26:22 @ http://localhost:5173/src/lib/popcornInit.js?t=1787453361303:55
[  102035ms] [ERROR] [popcorn-init] FAILED at: plugin-jsonTransition TypeError: Class constructor SortableElement cannot be invoked without 'new'
    at http://localhost:5173/components/modals/RetargetOptInModal.jsx?t=1787453361303:26:22 @ http://localhost:5173/src/lib/popcornInit.js?t=1787453361303:55
[  102045ms] [ERROR] [popcorn-init] FAILED at: plugin-lottie-json TypeError: Class constructor SortableElement cannot be invoked without 'new'
    at http://localhost:5173/components/modals/RetargetOptInModal.jsx?t=1787453361303:26:22 @ http://localhost:5173/src/lib/popcornInit.js?t=1787453361303:55
[  102083ms] [LOG] [popcorn-init] OK: plugin-json-button @ http://localhost:5173/src/lib/popcornInit.js?t=1787453361303:48
[  102101ms] [ERROR] [popcorn-init] FAILED at: plugin-personalizedImage TypeError: Class constructor SortableElement cannot be invoked without 'new'
    at http://localhost:5173/components/modals/RetargetOptInModal.jsx?t=1787453361303:26:22 @ http://localhost:5173/src/lib/popcornInit.js?t=1787453361303:55
[  102107ms] [ERROR] [popcorn-init] FAILED at: plugin-loopPlugin TypeError: Class constructor SortableElement cannot be invoked without 'new'
    at http://localhost:5173/components/modals/RetargetOptInModal.jsx?t=1787453361303:26:22 @ http://localhost:5173/src/lib/popcornInit.js?t=1787453361303:55
[  102112ms] [ERROR] [popcorn-init] FAILED at: plugin-pausePlugin TypeError: Class constructor SortableElement cannot be invoked without 'new'
    at http://localhost:5173/components/modals/RetargetOptInModal.jsx?t=1787453361303:26:22 @ http://localhost:5173/src/lib/popcornInit.js?t=1787453361303:55
[  102148ms] [ERROR] [popcorn-init] FAILED at: plugin-form TypeError: Class constructor SortableElement cannot be invoked without 'new'
    at http://localhost:5173/components/modals/RetargetOptInModal.jsx?t=1787453361303:26:22 @ http://localhost:5173/src/lib/popcornInit.js?t=1787453361303:55
[  102165ms] [ERROR] [popcorn-init] FAILED at: plugin-retarget TypeError: Class constructor SortableElement cannot be invoked without 'new'
    at http://localhost:5173/components/modals/RetargetOptInModal.jsx?t=1787453361303:26:22 @ http://localhost:5173/src/lib/popcornInit.js?t=1787453361303:55
[  102183ms] [LOG] [popcorn-init] OK: plugin-popup @ http://localhost:5173/src/lib/popcornInit.js?t=1787453361303:48
[  102268ms] [ERROR] [popcorn-init] FAILED at: plugin-sequencer TypeError: Class constructor SortableElement cannot be invoked without 'new'
    at http://localhost:5173/components/modals/RetargetOptInModal.jsx?t=1787453361303:26:22 @ http://localhost:5173/src/lib/popcornInit.js?t=1787453361303:55
[  102287ms] [ERROR] [popcorn-init] FAILED at: plugin-skip TypeError: Class constructor SortableElement cannot be invoked without 'new'
    at http://localhost:5173/components/modals/RetargetOptInModal.jsx?t=1787453361303:26:22 @ http://localhost:5173/src/lib/popcornInit.js?t=1787453361303:55
[  102308ms] [ERROR] [popcorn-init] FAILED at: plugin-text TypeError: Class constructor SortableElement cannot be invoked without 'new'
    at http://localhost:5173/components/modals/RetargetOptInModal.jsx?t=1787453361303:26:22 @ http://localhost:5173/src/lib/popcornInit.js?t=1787453361303:55
[  102314ms] [LOG] [popcorn-init] OK: plugin-social @ http://localhost:5173/src/lib/popcornInit.js?t=1787453361303:48
[  102319ms] [ERROR] [popcorn-init] FAILED at: plugin-jsonAnimation TypeError: Class constructor SortableElement cannot be invoked without 'new'
    at http://localhost:5173/components/modals/RetargetOptInModal.jsx?t=1787453361303:26:22 @ http://localhost:5173/src/lib/popcornInit.js?t=1787453361303:55
[  102330ms] [LOG] [popcorn-init] OK: plugin-videoTransition @ http://localhost:5173/src/lib/popcornInit.js?t=1787453361303:48
[  102335ms] [ERROR] [popcorn-init] FAILED at: plugin-seethroughtext TypeError: Class constructor SortableElement cannot be invoked without 'new'
    at http://localhost:5173/components/modals/RetargetOptInModal.jsx?t=1787453361303:26:22 @ http://localhost:5173/src/lib/popcornInit.js?t=1787453361303:55
[  102339ms] [LOG] [popcorn-init] OK: plugin-wikipedia @ http://localhost:5173/src/lib/popcornInit.js?t=1787453361303:48
[  102344ms] [ERROR] [popcorn-init] FAILED at: plugin-combined TypeError: Class constructor SortableElement cannot be invoked without 'new'
    at http://localhost:5173/components/modals/RetargetOptInModal.jsx?t=1787453361303:26:22 @ http://localhost:5173/src/lib/popcornInit.js?t=1787453361303:55
[  102348ms] [ERROR] [popcorn-init] FAILED at: plugin-background TypeError: Class constructor SortableElement cannot be invoked without 'new'
    at http://localhost:5173/components/modals/RetargetOptInModal.jsx?t=1787453361303:26:22 @ http://localhost:5173/src/lib/popcornInit.js?t=1787453361303:55
[  102349ms] [LOG] [popcorn-init] SUMMARY: 5/20 plugins registered; FAILED: plugin-image, plugin-jsonTransition, plugin-lottie-json, plugin-personalizedImage, plugin-loopPlugin, plugin-pausePlugin, plugin-form, plugin-retarget, plugin-sequencer, plugin-skip, plugin-text, plugin-jsonAnimation, plugin-seethroughtext, plugin-combined, plugin-background @ http://localhost:5173/src/lib/popcornInit.js?t=1787453361303:60
[  102349ms] [LOG] [popcorn] function 5 @ http://localhost:5173/src/main.js?t=1787453361303:4
[  103441ms] [LOG] [App] Starting initialization... @ http://localhost:5173/src/main.js?t=1787453361303:19
[  103450ms] [LOG] [popcorn-init] OK: jquery @ http://localhost:5173/src/lib/popcornInit.js?t=1787453361303:41
[  103452ms] [LOG] [popcorn-init] OK: jquery-textfill @ http://localhost:5173/src/lib/popcornInit.js?t=1787453361303:48
[  103453ms] [LOG] [popcorn-init] OK: popcorn-core @ http://localhost:5173/src/lib/popcornInit.js?t=1787453361303:48
[  103455ms] [LOG] [popcorn-init] OK: popcorn-ie8 @ http://localhost:5173/src/lib/popcornInit.js?t=1787453361303:48
[  103455ms] [LOG] [popcorn-init] OK: wrapper-common @ http://localhost:5173/src/lib/popcornInit.js?t=1787453361303:48
[  103455ms] [LOG] [popcorn-init] OK: wrapper-html5 @ http://localhost:5173/src/lib/popcornInit.js?t=1787453361303:48
[  103456ms] [LOG] [popcorn-init] OK: wrapper-vrview @ http://localhost:5173/src/lib/popcornInit.js?t=1787453361303:48
[  103456ms] [LOG] [popcorn-init] OK: wrapper-adaptive @ http://localhost:5173/src/lib/popcornInit.js?t=1787453361303:48
[  103457ms] [LOG] [popcorn-init] OK: wrapper-null @ http://localhost:5173/src/lib/popcornInit.js?t=1787453361303:48
[  103457ms] [LOG] [popcorn-init] OK: wrapper-soundcloud @ http://localhost:5173/src/lib/popcornInit.js?t=1787453361303:48
[  103457ms] [LOG] [popcorn-init] OK: wrapper-vimeo @ http://localhost:5173/src/lib/popcornInit.js?t=1787453361303:48
[  103458ms] [LOG] [popcorn-init] OK: wrapper-youtube @ http://localhost:5173/src/lib/popcornInit.js?t=1787453361303:48
[  103458ms] [LOG] [popcorn-init] OK: wrapper-jwplayer @ http://localhost:5173/src/lib/popcornInit.js?t=1787453361303:48
[  103458ms] [LOG] [popcorn-init] OK: player-module @ http://localhost:5173/src/lib/popcornInit.js?t=1787453361303:48
[  103471ms] [LOG] [LandingPage] Header.jsx loaded @ http://localhost:5173/src/components/landing/LandingPage.jsx?t=1787453361303:176
[  103855ms] [LOG] [LandingPage] CinematicVideoHero.jsx loaded @ http://localhost:5173/src/components/landing/LandingPage.jsx?t=1787453361303:189
[  104100ms] [LOG] [LandingPage] HeroSection.jsx loaded @ http://localhost:5173/src/components/landing/LandingPage.jsx?t=1787453361303:202
[  104101ms] [LOG] [LandingPage] Observer created for: scrolling placeholder id: section-scrolling @ http://localhost:5173/src/components/landing/LandingPage.jsx?t=1787453361303:160
[  104101ms] [LOG] [LandingPage] Observer created for: hook placeholder id: section-hook @ http://localhost:5173/src/components/landing/LandingPage.jsx?t=1787453361303:160
[  104101ms] [LOG] [LandingPage] Observer created for: engines placeholder id: section-engines @ http://localhost:5173/src/components/landing/LandingPage.jsx?t=1787453361303:160
[  104101ms] [LOG] [LandingPage] Observer created for: apps placeholder id: section-apps @ http://localhost:5173/src/components/landing/LandingPage.jsx?t=1787453361303:160
[  104101ms] [LOG] [LandingPage] Observer created for: features placeholder id: section-features @ http://localhost:5173/src/components/landing/LandingPage.jsx?t=1787453361303:160
[  104101ms] [LOG] [LandingPage] Observer created for: problem placeholder id: section-problem @ http://localhost:5173/src/components/landing/LandingPage.jsx?t=1787453361303:160
[  104101ms] [LOG] [LandingPage] Observer created for: workflow placeholder id: section-workflow @ http://localhost:5173/src/components/landing/LandingPage.jsx?t=1787453361303:160
[  104101ms] [LOG] [LandingPage] Observer created for: comparison placeholder id: section-comparison @ http://localhost:5173/src/components/landing/LandingPage.jsx?t=1787453361303:160
[  104101ms] [LOG] [LandingPage] Observer created for: value placeholder id: section-value @ http://localhost:5173/src/components/landing/LandingPage.jsx?t=1787453361303:160
[  104101ms] [LOG] [LandingPage] Observer created for: agency placeholder id: section-agency @ http://localhost:5173/src/components/landing/LandingPage.jsx?t=1787453361303:160
[  104101ms] [LOG] [LandingPage] Observer created for: offer placeholder id: section-offer @ http://localhost:5173/src/components/landing/LandingPage.jsx?t=1787453361303:160
[  104102ms] [LOG] [LandingPage] Observer created for: cta placeholder id: section-cta @ http://localhost:5173/src/components/landing/LandingPage.jsx?t=1787453361303:160
[  104102ms] [LOG] [LandingPage] Observer created for: ai-workflow placeholder id: section-ai-workflow @ http://localhost:5173/src/components/landing/LandingPage.jsx?t=1787453361303:160
[  104102ms] [LOG] [LandingPage] Observer created for: made-with placeholder id: section-made-with @ http://localhost:5173/src/components/landing/LandingPage.jsx?t=1787453361303:160
[  104102ms] [LOG] [LandingPage] Observer created for: ugc placeholder id: section-ugc @ http://localhost:5173/src/components/landing/LandingPage.jsx?t=1787453361303:160
[  104102ms] [LOG] [LandingPage] Observer created for: gallery placeholder id: section-gallery @ http://localhost:5173/src/components/landing/LandingPage.jsx?t=1787453361303:160
[  104102ms] [LOG] [LandingPage] Observer created for: academy placeholder id: section-academy @ http://localhost:5173/src/components/landing/LandingPage.jsx?t=1787453361303:160
[  104102ms] [LOG] [LandingPage] Observer created for: repo-cinema placeholder id: section-repo-cinema @ http://localhost:5173/src/components/landing/LandingPage.jsx?t=1787453361303:160
[  104102ms] [LOG] [LandingPage] Observer created for: repo-commercial placeholder id: section-repo-commercial @ http://localhost:5173/src/components/landing/LandingPage.jsx?t=1787453361303:160
[  104102ms] [LOG] [LandingPage] Observer created for: repo-social-ads placeholder id: section-repo-social-ads @ http://localhost:5173/src/components/landing/LandingPage.jsx?t=1787453361303:160
[  104102ms] [LOG] [LandingPage] Observer created for: repo-narrative placeholder id: section-repo-narrative @ http://localhost:5173/src/components/landing/LandingPage.jsx?t=1787453361303:160
[  104102ms] [LOG] [LandingPage] Observer created for: repo-vertical placeholder id: section-repo-vertical @ http://localhost:5173/src/components/landing/LandingPage.jsx?t=1787453361303:160
[  104102ms] [LOG] [LandingPage] Observer created for: repo-ecommerce placeholder id: section-repo-ecommerce @ http://localhost:5173/src/components/landing/LandingPage.jsx?t=1787453361303:160
[  104102ms] [LOG] [LandingPage] Observer created for: repo-kinetic placeholder id: section-repo-kinetic @ http://localhost:5173/src/components/landing/LandingPage.jsx?t=1787453361303:160
[  104102ms] [LOG] [LandingPage] Observer created for: repo-animated placeholder id: section-repo-animated @ http://localhost:5173/src/components/landing/LandingPage.jsx?t=1787453361303:160
[  104102ms] [LOG] [LandingPage] Observer created for: repo-animation placeholder id: section-repo-animation @ http://localhost:5173/src/components/landing/LandingPage.jsx?t=1787453361303:160
[  104102ms] [LOG] [LandingPage] Observer created for: repo-reference placeholder id: section-repo-reference @ http://localhost:5173/src/components/landing/LandingPage.jsx?t=1787453361303:160
[  104102ms] [LOG] [LandingPage] Observer created for: repo-vfx placeholder id: section-repo-vfx @ http://localhost:5173/src/components/landing/LandingPage.jsx?t=1787453361303:160
[  104102ms] [LOG] [LandingPage] Observer created for: repo-fashion placeholder id: section-repo-fashion @ http://localhost:5173/src/components/landing/LandingPage.jsx?t=1787453361303:160
[  104102ms] [LOG] [LandingPage] Observer created for: repos placeholder id: section-repos @ http://localhost:5173/src/components/landing/LandingPage.jsx?t=1787453361303:160
[  104103ms] [LOG] [LandingPage] Observer created for: gtm-boost placeholder id: section-gtm-boost @ http://localhost:5173/src/components/landing/LandingPage.jsx?t=1787453361303:160
[  104103ms] [LOG] [App] Landing page rendered @ http://localhost:5173/src/main.js?t=1787453361303:88
[  104126ms] [LOG] [LandingPage] IntersectionObserver fired for academy [Object] @ http://localhost:5173/src/components/landing/LandingPage.jsx?t=1787453361303:119
[  104126ms] [LOG] [LandingPage] Loading section: academy @ http://localhost:5173/src/components/landing/LandingPage.jsx?t=1787453361303:122
[  104126ms] [LOG] [LandingPage] IntersectionObserver fired for scrolling [Object] @ http://localhost:5173/src/components/landing/LandingPage.jsx?t=1787453361303:119
[  104126ms] [LOG] [LandingPage] Loading section: scrolling @ http://localhost:5173/src/components/landing/LandingPage.jsx?t=1787453361303:122
[  104127ms] [LOG] [LandingPage] IntersectionObserver fired for repo-narrative [Object] @ http://localhost:5173/src/components/landing/LandingPage.jsx?t=1787453361303:119
[  104127ms] [LOG] [LandingPage] Loading section: repo-narrative @ http://localhost:5173/src/components/landing/LandingPage.jsx?t=1787453361303:122
[  104127ms] [LOG] [LandingPage] IntersectionObserver fired for cta [Object] @ http://localhost:5173/src/components/landing/LandingPage.jsx?t=1787453361303:119
[  104127ms] [LOG] [LandingPage] Loading section: cta @ http://localhost:5173/src/components/landing/LandingPage.jsx?t=1787453361303:122
[  104127ms] [LOG] [LandingPage] IntersectionObserver fired for features [Object] @ http://localhost:5173/src/components/landing/LandingPage.jsx?t=1787453361303:119
[  104127ms] [LOG] [LandingPage] Loading section: features @ http://localhost:5173/src/components/landing/LandingPage.jsx?t=1787453361303:122
[  104128ms] [LOG] [LandingPage] IntersectionObserver fired for repo-animated [Object] @ http://localhost:5173/src/components/landing/LandingPage.jsx?t=1787453361303:119
[  104128ms] [LOG] [LandingPage] Loading section: repo-animated @ http://localhost:5173/src/components/landing/LandingPage.jsx?t=1787453361303:122
[  104128ms] [LOG] [LandingPage] IntersectionObserver fired for repo-cinema [Object] @ http://localhost:5173/src/components/landing/LandingPage.jsx?t=1787453361303:119
[  104128ms] [LOG] [LandingPage] Loading section: repo-cinema @ http://localhost:5173/src/components/landing/LandingPage.jsx?t=1787453361303:122
[  104128ms] [LOG] [LandingPage] IntersectionObserver fired for apps [Object] @ http://localhost:5173/src/components/landing/LandingPage.jsx?t=1787453361303:119
[  104128ms] [LOG] [LandingPage] Loading section: apps @ http://localhost:5173/src/components/landing/LandingPage.jsx?t=1787453361303:122
[  104128ms] [LOG] [LandingPage] IntersectionObserver fired for repo-ecommerce [Object] @ http://localhost:5173/src/components/landing/LandingPage.jsx?t=1787453361303:119
[  104129ms] [LOG] [LandingPage] Loading section: repo-ecommerce @ http://localhost:5173/src/components/landing/LandingPage.jsx?t=1787453361303:122
[  104129ms] [LOG] [LandingPage] IntersectionObserver fired for repo-vertical [Object] @ http://localhost:5173/src/components/landing/LandingPage.jsx?t=1787453361303:119
[  104129ms] [LOG] [LandingPage] Loading section: repo-vertical @ http://localhost:5173/src/components/landing/LandingPage.jsx?t=1787453361303:122
[  104129ms] [LOG] [LandingPage] IntersectionObserver fired for gallery [Object] @ http://localhost:5173/src/components/landing/LandingPage.jsx?t=1787453361303:119
[  104129ms] [LOG] [LandingPage] Loading section: gallery @ http://localhost:5173/src/components/landing/LandingPage.jsx?t=1787453361303:122
[  104129ms] [LOG] [LandingPage] IntersectionObserver fired for repo-social-ads [Object] @ http://localhost:5173/src/components/landing/LandingPage.jsx?t=1787453361303:119
[  104129ms] [LOG] [LandingPage] Loading section: repo-social-ads @ http://localhost:5173/src/components/landing/LandingPage.jsx?t=1787453361303:122
[  104129ms] [LOG] [LandingPage] IntersectionObserver fired for repos [Object] @ http://localhost:5173/src/components/landing/LandingPage.jsx?t=1787453361303:119
[  104130ms] [LOG] [LandingPage] Loading section: repos @ http://localhost:5173/src/components/landing/LandingPage.jsx?t=1787453361303:122
[  104130ms] [LOG] [LandingPage] IntersectionObserver fired for hook [Object] @ http://localhost:5173/src/components/landing/LandingPage.jsx?t=1787453361303:119
[  104130ms] [LOG] [LandingPage] Loading section: hook @ http://localhost:5173/src/components/landing/LandingPage.jsx?t=1787453361303:122
[  104130ms] [LOG] [LandingPage] IntersectionObserver fired for comparison [Object] @ http://localhost:5173/src/components/landing/LandingPage.jsx?t=1787453361303:119
[  104130ms] [LOG] [LandingPage] Loading section: comparison @ http://localhost:5173/src/components/landing/LandingPage.jsx?t=1787453361303:122
[  104131ms] [LOG] [LandingPage] IntersectionObserver fired for repo-kinetic [Object] @ http://localhost:5173/src/components/landing/LandingPage.jsx?t=1787453361303:119
[  104131ms] [LOG] [LandingPage] Loading section: repo-kinetic @ http://localhost:5173/src/components/landing/LandingPage.jsx?t=1787453361303:122
[  104131ms] [LOG] [LandingPage] IntersectionObserver fired for workflow [Object] @ http://localhost:5173/src/components/landing/LandingPage.jsx?t=1787453361303:119
[  104131ms] [LOG] [LandingPage] Loading section: workflow @ http://localhost:5173/src/components/landing/LandingPage.jsx?t=1787453361303:122
[  104131ms] [LOG] [LandingPage] IntersectionObserver fired for engines [Object] @ http://localhost:5173/src/components/landing/LandingPage.jsx?t=1787453361303:119
[  104131ms] [LOG] [LandingPage] Loading section: engines @ http://localhost:5173/src/components/landing/LandingPage.jsx?t=1787453361303:122
[  104132ms] [LOG] [LandingPage] IntersectionObserver fired for repo-fashion [Object] @ http://localhost:5173/src/components/landing/LandingPage.jsx?t=1787453361303:119
[  104132ms] [LOG] [LandingPage] Loading section: repo-fashion @ http://localhost:5173/src/components/landing/LandingPage.jsx?t=1787453361303:122
[  104132ms] [LOG] [LandingPage] IntersectionObserver fired for repo-commercial [Object] @ http://localhost:5173/src/components/landing/LandingPage.jsx?t=1787453361303:119
[  104132ms] [LOG] [LandingPage] Loading section: repo-commercial @ http://localhost:5173/src/components/landing/LandingPage.jsx?t=1787453361303:122
[  104132ms] [LOG] [LandingPage] IntersectionObserver fired for agency [Object] @ http://localhost:5173/src/components/landing/LandingPage.jsx?t=1787453361303:119
[  104132ms] [LOG] [LandingPage] Loading section: agency @ http://localhost:5173/src/components/landing/LandingPage.jsx?t=1787453361303:122
[  104132ms] [LOG] [LandingPage] IntersectionObserver fired for gtm-boost [Object] @ http://localhost:5173/src/components/landing/LandingPage.jsx?t=1787453361303:119
[  104132ms] [LOG] [LandingPage] Loading section: gtm-boost @ http://localhost:5173/src/components/landing/LandingPage.jsx?t=1787453361303:122
[  104133ms] [LOG] [LandingPage] IntersectionObserver fired for offer [Object] @ http://localhost:5173/src/components/landing/LandingPage.jsx?t=1787453361303:119
[  104133ms] [LOG] [LandingPage] Loading section: offer @ http://localhost:5173/src/components/landing/LandingPage.jsx?t=1787453361303:122
[  104133ms] [LOG] [LandingPage] IntersectionObserver fired for made-with [Object] @ http://localhost:5173/src/components/landing/LandingPage.jsx?t=1787453361303:119
[  104133ms] [LOG] [LandingPage] Loading section: made-with @ http://localhost:5173/src/components/landing/LandingPage.jsx?t=1787453361303:122
[  104133ms] [LOG] [LandingPage] IntersectionObserver fired for problem [Object] @ http://localhost:5173/src/components/landing/LandingPage.jsx?t=1787453361303:119
[  104134ms] [LOG] [LandingPage] Loading section: problem @ http://localhost:5173/src/components/landing/LandingPage.jsx?t=1787453361303:122
[  104134ms] [LOG] [LandingPage] IntersectionObserver fired for ai-workflow [Object] @ http://localhost:5173/src/components/landing/LandingPage.jsx?t=1787453361303:119
[  104134ms] [LOG] [LandingPage] Loading section: ai-workflow @ http://localhost:5173/src/components/landing/LandingPage.jsx?t=1787453361303:122
[  104134ms] [LOG] [LandingPage] IntersectionObserver fired for repo-reference [Object] @ http://localhost:5173/src/components/landing/LandingPage.jsx?t=1787453361303:119
[  104134ms] [LOG] [LandingPage] Loading section: repo-reference @ http://localhost:5173/src/components/landing/LandingPage.jsx?t=1787453361303:122
[  104134ms] [LOG] [LandingPage] IntersectionObserver fired for repo-animation [Object] @ http://localhost:5173/src/components/landing/LandingPage.jsx?t=1787453361303:119
[  104135ms] [LOG] [LandingPage] Loading section: repo-animation @ http://localhost:5173/src/components/landing/LandingPage.jsx?t=1787453361303:122
[  104135ms] [LOG] [LandingPage] IntersectionObserver fired for repo-vfx [Object] @ http://localhost:5173/src/components/landing/LandingPage.jsx?t=1787453361303:119
[  104135ms] [LOG] [LandingPage] Loading section: repo-vfx @ http://localhost:5173/src/components/landing/LandingPage.jsx?t=1787453361303:122
[  104135ms] [LOG] [LandingPage] IntersectionObserver fired for ugc [Object] @ http://localhost:5173/src/components/landing/LandingPage.jsx?t=1787453361303:119
[  104135ms] [LOG] [LandingPage] Loading section: ugc @ http://localhost:5173/src/components/landing/LandingPage.jsx?t=1787453361303:122
[  104135ms] [LOG] [LandingPage] IntersectionObserver fired for value [Object] @ http://localhost:5173/src/components/landing/LandingPage.jsx?t=1787453361303:119
[  104135ms] [LOG] [LandingPage] Loading section: value @ http://localhost:5173/src/components/landing/LandingPage.jsx?t=1787453361303:122
[  104158ms] [LOG] [LandingPage] Section loaded: hook @ http://localhost:5173/src/components/landing/LandingPage.jsx?t=1787453361303:141
[  104167ms] [LOG] [LandingPage] Section loaded: scrolling @ http://localhost:5173/src/components/landing/LandingPage.jsx?t=1787453361303:141
[  104228ms] [LOG] [LandingPage] Section loaded: cta @ http://localhost:5173/src/components/landing/LandingPage.jsx?t=1787453361303:141
[  104229ms] [LOG] [LandingPage] Section loaded: features @ http://localhost:5173/src/components/landing/LandingPage.jsx?t=1787453361303:141
[  104234ms] [LOG] [LandingPage] Section loaded: apps @ http://localhost:5173/src/components/landing/LandingPage.jsx?t=1787453361303:141
[  104236ms] [LOG] [LandingPage] Section loaded: engines @ http://localhost:5173/src/components/landing/LandingPage.jsx?t=1787453361303:141
[  104290ms] [LOG] [LandingPage] Section loaded: offer @ http://localhost:5173/src/components/landing/LandingPage.jsx?t=1787453361303:141
[  104290ms] [LOG] [LandingPage] Section loaded: workflow @ http://localhost:5173/src/components/landing/LandingPage.jsx?t=1787453361303:141
[  104291ms] [LOG] [LandingPage] Section loaded: agency @ http://localhost:5173/src/components/landing/LandingPage.jsx?t=1787453361303:141
[  104292ms] [LOG] [LandingPage] Section loaded: problem @ http://localhost:5173/src/components/landing/LandingPage.jsx?t=1787453361303:141
[  104293ms] [LOG] [LandingPage] Section loaded: comparison @ http://localhost:5173/src/components/landing/LandingPage.jsx?t=1787453361303:141
[  104294ms] [LOG] [LandingPage] Section loaded: value @ http://localhost:5173/src/components/landing/LandingPage.jsx?t=1787453361303:141
[  104386ms] [LOG] [LandingPage] Section loaded: gallery @ http://localhost:5173/src/components/landing/LandingPage.jsx?t=1787453361303:141
[  104391ms] [LOG] [LandingPage] Section loaded: repos @ http://localhost:5173/src/components/landing/LandingPage.jsx?t=1787453361303:141
[  104417ms] [LOG] [LandingPage] Section loaded: academy @ http://localhost:5173/src/components/landing/LandingPage.jsx?t=1787453361303:141
[  104462ms] [LOG] [LandingPage] Section loaded: repo-reference @ http://localhost:5173/src/components/landing/LandingPage.jsx?t=1787453361303:141
[  104476ms] [LOG] [LandingPage] Section loaded: repo-animated @ http://localhost:5173/src/components/landing/LandingPage.jsx?t=1787453361303:141
[  104536ms] [LOG] [LandingPage] Section loaded: repo-ecommerce @ http://localhost:5173/src/components/landing/LandingPage.jsx?t=1787453361303:141
[  104544ms] [LOG] [LandingPage] Section loaded: repo-kinetic @ http://localhost:5173/src/components/landing/LandingPage.jsx?t=1787453361303:141
[  104550ms] [LOG] [LandingPage] Section loaded: repo-animation @ http://localhost:5173/src/components/landing/LandingPage.jsx?t=1787453361303:141
[  104558ms] [LOG] [LandingPage] Section loaded: repo-cinema @ http://localhost:5173/src/components/landing/LandingPage.jsx?t=1787453361303:141
[  104565ms] [LOG] [LandingPage] Section loaded: repo-social-ads @ http://localhost:5173/src/components/landing/LandingPage.jsx?t=1787453361303:141
[  104573ms] [LOG] [LandingPage] Section loaded: repo-vertical @ http://localhost:5173/src/components/landing/LandingPage.jsx?t=1787453361303:141
[  104580ms] [LOG] [LandingPage] Section loaded: repo-narrative @ http://localhost:5173/src/components/landing/LandingPage.jsx?t=1787453361303:141
[  104588ms] [LOG] [LandingPage] Section loaded: repo-vfx @ http://localhost:5173/src/components/landing/LandingPage.jsx?t=1787453361303:141
[  104593ms] [LOG] [LandingPage] Section loaded: repo-fashion @ http://localhost:5173/src/components/landing/LandingPage.jsx?t=1787453361303:141
[  104600ms] [LOG] [LandingPage] Section loaded: repo-commercial @ http://localhost:5173/src/components/landing/LandingPage.jsx?t=1787453361303:141
[  104772ms] [LOG] [LandingPage] Section loaded: gtm-boost @ http://localhost:5173/src/components/landing/LandingPage.jsx?t=1787453361303:141
[  104780ms] [LOG] [LandingPage] Section loaded: made-with @ http://localhost:5173/src/components/landing/LandingPage.jsx?t=1787453361303:141
[  104783ms] [LOG] [LandingPage] Section loaded: ugc @ http://localhost:5173/src/components/landing/LandingPage.jsx?t=1787453361303:141
[  104784ms] [LOG] [LandingPage] Section loaded: ai-workflow @ http://localhost:5173/src/components/landing/LandingPage.jsx?t=1787453361303:141
[  104836ms] [ERROR] [popcorn-init] FAILED at: plugin-image TypeError: Class constructor SortableElement cannot be invoked without 'new'
    at http://localhost:5173/components/modals/RetargetOptInModal.jsx?t=1787453361303:26:22 @ http://localhost:5173/src/lib/popcornInit.js?t=1787453361303:55
[  104838ms] [INFO] %cDownload the React DevTools for a better development experience: https://react.dev/link/react-devtools font-weight:bold @ http://localhost:5173/node_modules/.vite/deps/chunk-EEAUBQDT.js?v=93c1ec86:20096
[  104838ms] [ERROR] [ModalSystem] mount failed TypeError: Class constructor SortableElement cannot be invoked without 'new'
    at http://localhost:5173/components/modals/RetargetOptInModal.jsx?t=1787453361303:26:22 @ http://localhost:5173/src/main.js?t=1787453361303:329
[  104935ms] [ERROR] [popcorn-init] FAILED at: plugin-jsonTransition TypeError: Class constructor SortableElement cannot be invoked without 'new'
    at http://localhost:5173/components/modals/RetargetOptInModal.jsx?t=1787453361303:26:22 @ http://localhost:5173/src/lib/popcornInit.js?t=1787453361303:55
[  104967ms] [ERROR] [popcorn-init] FAILED at: plugin-lottie-json TypeError: Class constructor SortableElement cannot be invoked without 'new'
    at http://localhost:5173/components/modals/RetargetOptInModal.jsx?t=1787453361303:26:22 @ http://localhost:5173/src/lib/popcornInit.js?t=1787453361303:55
[  104984ms] [LOG] [popcorn-init] OK: plugin-json-button @ http://localhost:5173/src/lib/popcornInit.js?t=1787453361303:48
[  105000ms] [ERROR] [popcorn-init] FAILED at: plugin-personalizedImage TypeError: Class constructor SortableElement cannot be invoked without 'new'
    at http://localhost:5173/components/modals/RetargetOptInModal.jsx?t=1787453361303:26:22 @ http://localhost:5173/src/lib/popcornInit.js?t=1787453361303:55
[  105017ms] [ERROR] [popcorn-init] FAILED at: plugin-loopPlugin TypeError: Class constructor SortableElement cannot be invoked without 'new'
    at http://localhost:5173/components/modals/RetargetOptInModal.jsx?t=1787453361303:26:22 @ http://localhost:5173/src/lib/popcornInit.js?t=1787453361303:55
[  105082ms] [ERROR] [popcorn-init] FAILED at: plugin-pausePlugin TypeError: Class constructor SortableElement cannot be invoked without 'new'
    at http://localhost:5173/components/modals/RetargetOptInModal.jsx?t=1787453361303:26:22 @ http://localhost:5173/src/lib/popcornInit.js?t=1787453361303:55
[  105147ms] [ERROR] [popcorn-init] FAILED at: plugin-form TypeError: Class constructor SortableElement cannot be invoked without 'new'
    at http://localhost:5173/components/modals/RetargetOptInModal.jsx?t=1787453361303:26:22 @ http://localhost:5173/src/lib/popcornInit.js?t=1787453361303:55
[  105199ms] [ERROR] [popcorn-init] FAILED at: plugin-retarget TypeError: Class constructor SortableElement cannot be invoked without 'new'
    at http://localhost:5173/components/modals/RetargetOptInModal.jsx?t=1787453361303:26:22 @ http://localhost:5173/src/lib/popcornInit.js?t=1787453361303:55
[  105215ms] [LOG] [popcorn-init] OK: plugin-popup @ http://localhost:5173/src/lib/popcornInit.js?t=1787453361303:48
[  105247ms] [ERROR] [popcorn-init] FAILED at: plugin-sequencer TypeError: Class constructor SortableElement cannot be invoked without 'new'
    at http://localhost:5173/components/modals/RetargetOptInModal.jsx?t=1787453361303:26:22 @ http://localhost:5173/src/lib/popcornInit.js?t=1787453361303:55
[  105265ms] [ERROR] [popcorn-init] FAILED at: plugin-skip TypeError: Class constructor SortableElement cannot be invoked without 'new'
    at http://localhost:5173/components/modals/RetargetOptInModal.jsx?t=1787453361303:26:22 @ http://localhost:5173/src/lib/popcornInit.js?t=1787453361303:55
[  105296ms] [ERROR] [popcorn-init] FAILED at: plugin-text TypeError: Class constructor SortableElement cannot be invoked without 'new'
    at http://localhost:5173/components/modals/RetargetOptInModal.jsx?t=1787453361303:26:22 @ http://localhost:5173/src/lib/popcornInit.js?t=1787453361303:55
[  105302ms] [LOG] [popcorn-init] OK: plugin-social @ http://localhost:5173/src/lib/popcornInit.js?t=1787453361303:48
[  105308ms] [ERROR] [popcorn-init] FAILED at: plugin-jsonAnimation TypeError: Class constructor SortableElement cannot be invoked without 'new'
    at http://localhost:5173/components/modals/RetargetOptInModal.jsx?t=1787453361303:26:22 @ http://localhost:5173/src/lib/popcornInit.js?t=1787453361303:55
[  105315ms] [LOG] [popcorn-init] OK: plugin-videoTransition @ http://localhost:5173/src/lib/popcornInit.js?t=1787453361303:48
[  105320ms] [ERROR] [popcorn-init] FAILED at: plugin-seethroughtext TypeError: Class constructor SortableElement cannot be invoked without 'new'
    at http://localhost:5173/components/modals/RetargetOptInModal.jsx?t=1787453361303:26:22 @ http://localhost:5173/src/lib/popcornInit.js?t=1787453361303:55
[  105323ms] [LOG] [popcorn-init] OK: plugin-wikipedia @ http://localhost:5173/src/lib/popcornInit.js?t=1787453361303:48
[  105328ms] [ERROR] [popcorn-init] FAILED at: plugin-combined TypeError: Class constructor SortableElement cannot be invoked without 'new'
    at http://localhost:5173/components/modals/RetargetOptInModal.jsx?t=1787453361303:26:22 @ http://localhost:5173/src/lib/popcornInit.js?t=1787453361303:55
[  105332ms] [ERROR] [popcorn-init] FAILED at: plugin-background TypeError: Class constructor SortableElement cannot be invoked without 'new'
    at http://localhost:5173/components/modals/RetargetOptInModal.jsx?t=1787453361303:26:22 @ http://localhost:5173/src/lib/popcornInit.js?t=1787453361303:55
[  105332ms] [LOG] [popcorn-init] SUMMARY: 5/20 plugins registered; FAILED: plugin-image, plugin-jsonTransition, plugin-lottie-json, plugin-personalizedImage, plugin-loopPlugin, plugin-pausePlugin, plugin-form, plugin-retarget, plugin-sequencer, plugin-skip, plugin-text, plugin-jsonAnimation, plugin-seethroughtext, plugin-combined, plugin-background @ http://localhost:5173/src/lib/popcornInit.js?t=1787453361303:60
[  105332ms] [LOG] [popcorn] function 5 @ http://localhost:5173/src/main.js?t=1787453361303:4
[  107536ms] [LOG] [App] Starting initialization... @ http://localhost:5173/src/main.js?t=1787453361303:19
[  107543ms] [LOG] [popcorn-init] OK: jquery @ http://localhost:5173/src/lib/popcornInit.js?t=1787453361303:41
[  107545ms] [LOG] [popcorn-init] OK: jquery-textfill @ http://localhost:5173/src/lib/popcornInit.js?t=1787453361303:48
[  107546ms] [LOG] [popcorn-init] OK: popcorn-core @ http://localhost:5173/src/lib/popcornInit.js?t=1787453361303:48
[  107547ms] [LOG] [popcorn-init] OK: popcorn-ie8 @ http://localhost:5173/src/lib/popcornInit.js?t=1787453361303:48
[  107548ms] [LOG] [popcorn-init] OK: wrapper-common @ http://localhost:5173/src/lib/popcornInit.js?t=1787453361303:48
[  107549ms] [LOG] [popcorn-init] OK: wrapper-html5 @ http://localhost:5173/src/lib/popcornInit.js?t=1787453361303:48
[  107549ms] [LOG] [popcorn-init] OK: wrapper-vrview @ http://localhost:5173/src/lib/popcornInit.js?t=1787453361303:48
[  107550ms] [LOG] [popcorn-init] OK: wrapper-adaptive @ http://localhost:5173/src/lib/popcornInit.js?t=1787453361303:48
[  107551ms] [LOG] [popcorn-init] OK: wrapper-null @ http://localhost:5173/src/lib/popcornInit.js?t=1787453361303:48
[  107552ms] [LOG] [popcorn-init] OK: wrapper-soundcloud @ http://localhost:5173/src/lib/popcornInit.js?t=1787453361303:48
[  107552ms] [LOG] [popcorn-init] OK: wrapper-vimeo @ http://localhost:5173/src/lib/popcornInit.js?t=1787453361303:48
[  107553ms] [LOG] [popcorn-init] OK: wrapper-youtube @ http://localhost:5173/src/lib/popcornInit.js?t=1787453361303:48
[  107554ms] [LOG] [popcorn-init] OK: wrapper-jwplayer @ http://localhost:5173/src/lib/popcornInit.js?t=1787453361303:48
[  107555ms] [LOG] [popcorn-init] OK: player-module @ http://localhost:5173/src/lib/popcornInit.js?t=1787453361303:48
[  107557ms] [LOG] [LandingPage] Header.jsx loaded @ http://localhost:5173/src/components/landing/LandingPage.jsx?t=1787453361303:176
[  107703ms] [LOG] [LandingPage] CinematicVideoHero.jsx loaded @ http://localhost:5173/src/components/landing/LandingPage.jsx?t=1787453361303:189
[  107932ms] [LOG] [LandingPage] HeroSection.jsx loaded @ http://localhost:5173/src/components/landing/LandingPage.jsx?t=1787453361303:202
[  107932ms] [LOG] [LandingPage] Observer created for: scrolling placeholder id: section-scrolling @ http://localhost:5173/src/components/landing/LandingPage.jsx?t=1787453361303:160
[  107933ms] [LOG] [LandingPage] Observer created for: hook placeholder id: section-hook @ http://localhost:5173/src/components/landing/LandingPage.jsx?t=1787453361303:160
[  107933ms] [LOG] [LandingPage] Observer created for: engines placeholder id: section-engines @ http://localhost:5173/src/components/landing/LandingPage.jsx?t=1787453361303:160
[  107933ms] [LOG] [LandingPage] Observer created for: apps placeholder id: section-apps @ http://localhost:5173/src/components/landing/LandingPage.jsx?t=1787453361303:160
[  107933ms] [LOG] [LandingPage] Observer created for: features placeholder id: section-features @ http://localhost:5173/src/components/landing/LandingPage.jsx?t=1787453361303:160
[  107933ms] [LOG] [LandingPage] Observer created for: problem placeholder id: section-problem @ http://localhost:5173/src/components/landing/LandingPage.jsx?t=1787453361303:160
[  107933ms] [LOG] [LandingPage] Observer created for: workflow placeholder id: section-workflow @ http://localhost:5173/src/components/landing/LandingPage.jsx?t=1787453361303:160
[  107933ms] [LOG] [LandingPage] Observer created for: comparison placeholder id: section-comparison @ http://localhost:5173/src/components/landing/LandingPage.jsx?t=1787453361303:160
[  107933ms] [LOG] [LandingPage] Observer created for: value placeholder id: section-value @ http://localhost:5173/src/components/landing/LandingPage.jsx?t=1787453361303:160
[  107933ms] [LOG] [LandingPage] Observer created for: agency placeholder id: section-agency @ http://localhost:5173/src/components/landing/LandingPage.jsx?t=1787453361303:160
[  107933ms] [LOG] [LandingPage] Observer created for: offer placeholder id: section-offer @ http://localhost:5173/src/components/landing/LandingPage.jsx?t=1787453361303:160
[  107933ms] [LOG] [LandingPage] Observer created for: cta placeholder id: section-cta @ http://localhost:5173/src/components/landing/LandingPage.jsx?t=1787453361303:160
[  107933ms] [LOG] [LandingPage] Observer created for: ai-workflow placeholder id: section-ai-workflow @ http://localhost:5173/src/components/landing/LandingPage.jsx?t=1787453361303:160
[  107933ms] [LOG] [LandingPage] Observer created for: made-with placeholder id: section-made-with @ http://localhost:5173/src/components/landing/LandingPage.jsx?t=1787453361303:160
[  107933ms] [LOG] [LandingPage] Observer created for: ugc placeholder id: section-ugc @ http://localhost:5173/src/components/landing/LandingPage.jsx?t=1787453361303:160
[  107933ms] [LOG] [LandingPage] Observer created for: gallery placeholder id: section-gallery @ http://localhost:5173/src/components/landing/LandingPage.jsx?t=1787453361303:160
[  107933ms] [LOG] [LandingPage] Observer created for: academy placeholder id: section-academy @ http://localhost:5173/src/components/landing/LandingPage.jsx?t=1787453361303:160
[  107933ms] [LOG] [LandingPage] Observer created for: repo-cinema placeholder id: section-repo-cinema @ http://localhost:5173/src/components/landing/LandingPage.jsx?t=1787453361303:160
[  107933ms] [LOG] [LandingPage] Observer created for: repo-commercial placeholder id: section-repo-commercial @ http://localhost:5173/src/components/landing/LandingPage.jsx?t=1787453361303:160
[  107933ms] [LOG] [LandingPage] Observer created for: repo-social-ads placeholder id: section-repo-social-ads @ http://localhost:5173/src/components/landing/LandingPage.jsx?t=1787453361303:160
[  107933ms] [LOG] [LandingPage] Observer created for: repo-narrative placeholder id: section-repo-narrative @ http://localhost:5173/src/components/landing/LandingPage.jsx?t=1787453361303:160
[  107934ms] [LOG] [LandingPage] Observer created for: repo-vertical placeholder id: section-repo-vertical @ http://localhost:5173/src/components/landing/LandingPage.jsx?t=1787453361303:160
[  107934ms] [LOG] [LandingPage] Observer created for: repo-ecommerce placeholder id: section-repo-ecommerce @ http://localhost:5173/src/components/landing/LandingPage.jsx?t=1787453361303:160
[  107934ms] [LOG] [LandingPage] Observer created for: repo-kinetic placeholder id: section-repo-kinetic @ http://localhost:5173/src/components/landing/LandingPage.jsx?t=1787453361303:160
[  107934ms] [LOG] [LandingPage] Observer created for: repo-animated placeholder id: section-repo-animated @ http://localhost:5173/src/components/landing/LandingPage.jsx?t=1787453361303:160
[  107934ms] [LOG] [LandingPage] Observer created for: repo-animation placeholder id: section-repo-animation @ http://localhost:5173/src/components/landing/LandingPage.jsx?t=1787453361303:160
[  107934ms] [LOG] [LandingPage] Observer created for: repo-reference placeholder id: section-repo-reference @ http://localhost:5173/src/components/landing/LandingPage.jsx?t=1787453361303:160
[  107934ms] [LOG] [LandingPage] Observer created for: repo-vfx placeholder id: section-repo-vfx @ http://localhost:5173/src/components/landing/LandingPage.jsx?t=1787453361303:160
[  107934ms] [LOG] [LandingPage] Observer created for: repo-fashion placeholder id: section-repo-fashion @ http://localhost:5173/src/components/landing/LandingPage.jsx?t=1787453361303:160
[  107934ms] [LOG] [LandingPage] Observer created for: repos placeholder id: section-repos @ http://localhost:5173/src/components/landing/LandingPage.jsx?t=1787453361303:160
[  107934ms] [LOG] [LandingPage] Observer created for: gtm-boost placeholder id: section-gtm-boost @ http://localhost:5173/src/components/landing/LandingPage.jsx?t=1787453361303:160
[  107934ms] [LOG] [App] Landing page rendered @ http://localhost:5173/src/main.js?t=1787453361303:88
[  107946ms] [LOG] [LandingPage] IntersectionObserver fired for comparison [Object] @ http://localhost:5173/src/components/landing/LandingPage.jsx?t=1787453361303:119
[  107946ms] [LOG] [LandingPage] Loading section: comparison @ http://localhost:5173/src/components/landing/LandingPage.jsx?t=1787453361303:122
[  107947ms] [LOG] [LandingPage] IntersectionObserver fired for problem [Object] @ http://localhost:5173/src/components/landing/LandingPage.jsx?t=1787453361303:119
[  107947ms] [LOG] [LandingPage] Loading section: problem @ http://localhost:5173/src/components/landing/LandingPage.jsx?t=1787453361303:122
[  107947ms] [LOG] [LandingPage] IntersectionObserver fired for repos [Object] @ http://localhost:5173/src/components/landing/LandingPage.jsx?t=1787453361303:119
[  107947ms] [LOG] [LandingPage] Loading section: repos @ http://localhost:5173/src/components/landing/LandingPage.jsx?t=1787453361303:122
[  107947ms] [LOG] [LandingPage] IntersectionObserver fired for repo-narrative [Object] @ http://localhost:5173/src/components/landing/LandingPage.jsx?t=1787453361303:119
[  107947ms] [LOG] [LandingPage] Loading section: repo-narrative @ http://localhost:5173/src/components/landing/LandingPage.jsx?t=1787453361303:122
[  107948ms] [LOG] [LandingPage] IntersectionObserver fired for repo-animated [Object] @ http://localhost:5173/src/components/landing/LandingPage.jsx?t=1787453361303:119
[  107948ms] [LOG] [LandingPage] Loading section: repo-animated @ http://localhost:5173/src/components/landing/LandingPage.jsx?t=1787453361303:122
[  107948ms] [LOG] [LandingPage] IntersectionObserver fired for apps [Object] @ http://localhost:5173/src/components/landing/LandingPage.jsx?t=1787453361303:119
[  107948ms] [LOG] [LandingPage] Loading section: apps @ http://localhost:5173/src/components/landing/LandingPage.jsx?t=1787453361303:122
[  107948ms] [LOG] [LandingPage] IntersectionObserver fired for repo-ecommerce [Object] @ http://localhost:5173/src/components/landing/LandingPage.jsx?t=1787453361303:119
[  107948ms] [LOG] [LandingPage] Loading section: repo-ecommerce @ http://localhost:5173/src/components/landing/LandingPage.jsx?t=1787453361303:122
[  107948ms] [LOG] [LandingPage] IntersectionObserver fired for repo-social-ads [Object] @ http://localhost:5173/src/components/landing/LandingPage.jsx?t=1787453361303:119
[  107948ms] [LOG] [LandingPage] Loading section: repo-social-ads @ http://localhost:5173/src/components/landing/LandingPage.jsx?t=1787453361303:122
[  107948ms] [LOG] [LandingPage] IntersectionObserver fired for repo-kinetic [Object] @ http://localhost:5173/src/components/landing/LandingPage.jsx?t=1787453361303:119
[  107949ms] [LOG] [LandingPage] Loading section: repo-kinetic @ http://localhost:5173/src/components/landing/LandingPage.jsx?t=1787453361303:122
[  107949ms] [LOG] [LandingPage] IntersectionObserver fired for gtm-boost [Object] @ http://localhost:5173/src/components/landing/LandingPage.jsx?t=1787453361303:119
[  107949ms] [LOG] [LandingPage] Loading section: gtm-boost @ http://localhost:5173/src/components/landing/LandingPage.jsx?t=1787453361303:122
[  107949ms] [LOG] [LandingPage] IntersectionObserver fired for gallery [Object] @ http://localhost:5173/src/components/landing/LandingPage.jsx?t=1787453361303:119
[  107949ms] [LOG] [LandingPage] Loading section: gallery @ http://localhost:5173/src/components/landing/LandingPage.jsx?t=1787453361303:122
[  107949ms] [LOG] [LandingPage] IntersectionObserver fired for repo-commercial [Object] @ http://localhost:5173/src/components/landing/LandingPage.jsx?t=1787453361303:119
[  107949ms] [LOG] [LandingPage] Loading section: repo-commercial @ http://localhost:5173/src/components/landing/LandingPage.jsx?t=1787453361303:122
[  107949ms] [LOG] [LandingPage] IntersectionObserver fired for academy [Object] @ http://localhost:5173/src/components/landing/LandingPage.jsx?t=1787453361303:119
[  107949ms] [LOG] [LandingPage] Loading section: academy @ http://localhost:5173/src/components/landing/LandingPage.jsx?t=1787453361303:122
[  107950ms] [LOG] [LandingPage] IntersectionObserver fired for engines [Object] @ http://localhost:5173/src/components/landing/LandingPage.jsx?t=1787453361303:119
[  107950ms] [LOG] [LandingPage] Loading section: engines @ http://localhost:5173/src/components/landing/LandingPage.jsx?t=1787453361303:122
[  107950ms] [LOG] [LandingPage] IntersectionObserver fired for hook [Object] @ http://localhost:5173/src/components/landing/LandingPage.jsx?t=1787453361303:119
[  107950ms] [LOG] [LandingPage] Loading section: hook @ http://localhost:5173/src/components/landing/LandingPage.jsx?t=1787453361303:122
[  107950ms] [LOG] [LandingPage] IntersectionObserver fired for repo-vfx [Object] @ http://localhost:5173/src/components/landing/LandingPage.jsx?t=1787453361303:119
[  107950ms] [LOG] [LandingPage] Loading section: repo-vfx @ http://localhost:5173/src/components/landing/LandingPage.jsx?t=1787453361303:122
[  107950ms] [LOG] [LandingPage] IntersectionObserver fired for ai-workflow [Object] @ http://localhost:5173/src/components/landing/LandingPage.jsx?t=1787453361303:119
[  107950ms] [LOG] [LandingPage] Loading section: ai-workflow @ http://localhost:5173/src/components/landing/LandingPage.jsx?t=1787453361303:122
[  107951ms] [LOG] [LandingPage] IntersectionObserver fired for scrolling [Object] @ http://localhost:5173/src/components/landing/LandingPage.jsx?t=1787453361303:119
[  107951ms] [LOG] [LandingPage] Loading section: scrolling @ http://localhost:5173/src/components/landing/LandingPage.jsx?t=1787453361303:122
[  107951ms] [LOG] [LandingPage] IntersectionObserver fired for made-with [Object] @ http://localhost:5173/src/components/landing/LandingPage.jsx?t=1787453361303:119
[  107951ms] [LOG] [LandingPage] Loading section: made-with @ http://localhost:5173/src/components/landing/LandingPage.jsx?t=1787453361303:122
[  107951ms] [LOG] [LandingPage] IntersectionObserver fired for repo-reference [Object] @ http://localhost:5173/src/components/landing/LandingPage.jsx?t=1787453361303:119
[  107951ms] [LOG] [LandingPage] Loading section: repo-reference @ http://localhost:5173/src/components/landing/LandingPage.jsx?t=1787453361303:122
[  107951ms] [LOG] [LandingPage] IntersectionObserver fired for agency [Object] @ http://localhost:5173/src/components/landing/LandingPage.jsx?t=1787453361303:119
[  107952ms] [LOG] [LandingPage] Loading section: agency @ http://localhost:5173/src/components/landing/LandingPage.jsx?t=1787453361303:122
[  107952ms] [LOG] [LandingPage] IntersectionObserver fired for repo-animation [Object] @ http://localhost:5173/src/components/landing/LandingPage.jsx?t=1787453361303:119
[  107952ms] [LOG] [LandingPage] Loading section: repo-animation @ http://localhost:5173/src/components/landing/LandingPage.jsx?t=1787453361303:122
[  107952ms] [LOG] [LandingPage] IntersectionObserver fired for offer [Object] @ http://localhost:5173/src/components/landing/LandingPage.jsx?t=1787453361303:119
[  107952ms] [LOG] [LandingPage] Loading section: offer @ http://localhost:5173/src/components/landing/LandingPage.jsx?t=1787453361303:122
[  107952ms] [LOG] [LandingPage] IntersectionObserver fired for repo-vertical [Object] @ http://localhost:5173/src/components/landing/LandingPage.jsx?t=1787453361303:119
[  107952ms] [LOG] [LandingPage] Loading section: repo-vertical @ http://localhost:5173/src/components/landing/LandingPage.jsx?t=1787453361303:122
[  107952ms] [LOG] [LandingPage] IntersectionObserver fired for features [Object] @ http://localhost:5173/src/components/landing/LandingPage.jsx?t=1787453361303:119
[  107953ms] [LOG] [LandingPage] Loading section: features @ http://localhost:5173/src/components/landing/LandingPage.jsx?t=1787453361303:122
[  107953ms] [LOG] [LandingPage] IntersectionObserver fired for value [Object] @ http://localhost:5173/src/components/landing/LandingPage.jsx?t=1787453361303:119
[  107953ms] [LOG] [LandingPage] Loading section: value @ http://localhost:5173/src/components/landing/LandingPage.jsx?t=1787453361303:122
[  107953ms] [LOG] [LandingPage] IntersectionObserver fired for repo-fashion [Object] @ http://localhost:5173/src/components/landing/LandingPage.jsx?t=1787453361303:119
[  107953ms] [LOG] [LandingPage] Loading section: repo-fashion @ http://localhost:5173/src/components/landing/LandingPage.jsx?t=1787453361303:122
[  107953ms] [LOG] [LandingPage] IntersectionObserver fired for ugc [Object] @ http://localhost:5173/src/components/landing/LandingPage.jsx?t=1787453361303:119
[  107953ms] [LOG] [LandingPage] Loading section: ugc @ http://localhost:5173/src/components/landing/LandingPage.jsx?t=1787453361303:122
[  107954ms] [LOG] [LandingPage] IntersectionObserver fired for workflow [Object] @ http://localhost:5173/src/components/landing/LandingPage.jsx?t=1787453361303:119
[  107954ms] [LOG] [LandingPage] Loading section: workflow @ http://localhost:5173/src/components/landing/LandingPage.jsx?t=1787453361303:122
[  107954ms] [LOG] [LandingPage] IntersectionObserver fired for repo-cinema [Object] @ http://localhost:5173/src/components/landing/LandingPage.jsx?t=1787453361303:119
[  107954ms] [LOG] [LandingPage] Loading section: repo-cinema @ http://localhost:5173/src/components/landing/LandingPage.jsx?t=1787453361303:122
[  107955ms] [LOG] [LandingPage] IntersectionObserver fired for cta [Object] @ http://localhost:5173/src/components/landing/LandingPage.jsx?t=1787453361303:119
[  107955ms] [LOG] [LandingPage] Loading section: cta @ http://localhost:5173/src/components/landing/LandingPage.jsx?t=1787453361303:122
[  108469ms] [LOG] [LandingPage] Section loaded: comparison @ http://localhost:5173/src/components/landing/LandingPage.jsx?t=1787453361303:141
[  108475ms] [LOG] [LandingPage] Section loaded: problem @ http://localhost:5173/src/components/landing/LandingPage.jsx?t=1787453361303:141
[  108479ms] [LOG] [LandingPage] Section loaded: repos @ http://localhost:5173/src/components/landing/LandingPage.jsx?t=1787453361303:141
[  108504ms] [LOG] [LandingPage] Section loaded: engines @ http://localhost:5173/src/components/landing/LandingPage.jsx?t=1787453361303:141
[  108512ms] [LOG] [LandingPage] Section loaded: hook @ http://localhost:5173/src/components/landing/LandingPage.jsx?t=1787453361303:141
[  108518ms] [LOG] [LandingPage] Section loaded: scrolling @ http://localhost:5173/src/components/landing/LandingPage.jsx?t=1787453361303:141
[  108642ms] [LOG] [LandingPage] Section loaded: gallery @ http://localhost:5173/src/components/landing/LandingPage.jsx?t=1787453361303:141
[  108644ms] [LOG] [LandingPage] Section loaded: gtm-boost @ http://localhost:5173/src/components/landing/LandingPage.jsx?t=1787453361303:141
[  108675ms] [LOG] [LandingPage] Section loaded: agency @ http://localhost:5173/src/components/landing/LandingPage.jsx?t=1787453361303:141
[  108676ms] [LOG] [LandingPage] Section loaded: offer @ http://localhost:5173/src/components/landing/LandingPage.jsx?t=1787453361303:141
[  108676ms] [LOG] [LandingPage] Section loaded: features @ http://localhost:5173/src/components/landing/LandingPage.jsx?t=1787453361303:141
[  108677ms] [LOG] [LandingPage] Section loaded: value @ http://localhost:5173/src/components/landing/LandingPage.jsx?t=1787453361303:141
[  108677ms] [LOG] [LandingPage] Section loaded: workflow @ http://localhost:5173/src/components/landing/LandingPage.jsx?t=1787453361303:141
[  108678ms] [LOG] [LandingPage] Section loaded: cta @ http://localhost:5173/src/components/landing/LandingPage.jsx?t=1787453361303:141
[  108716ms] [LOG] [LandingPage] Section loaded: ai-workflow @ http://localhost:5173/src/components/landing/LandingPage.jsx?t=1787453361303:141
[  108727ms] [LOG] [LandingPage] Section loaded: repo-vertical @ http://localhost:5173/src/components/landing/LandingPage.jsx?t=1787453361303:141
[  108743ms] [LOG] [LandingPage] Section loaded: repo-social-ads @ http://localhost:5173/src/components/landing/LandingPage.jsx?t=1787453361303:141
[  108760ms] [LOG] [LandingPage] Section loaded: repo-vfx @ http://localhost:5173/src/components/landing/LandingPage.jsx?t=1787453361303:141
[  108768ms] [LOG] [LandingPage] Section loaded: repo-ecommerce @ http://localhost:5173/src/components/landing/LandingPage.jsx?t=1787453361303:141
[  108791ms] [LOG] [LandingPage] Section loaded: repo-animated @ http://localhost:5173/src/components/landing/LandingPage.jsx?t=1787453361303:141
[  108815ms] [LOG] [LandingPage] Section loaded: repo-cinema @ http://localhost:5173/src/components/landing/LandingPage.jsx?t=1787453361303:141
[  108908ms] [LOG] [LandingPage] Section loaded: repo-narrative @ http://localhost:5173/src/components/landing/LandingPage.jsx?t=1787453361303:141
[  108911ms] [LOG] [LandingPage] Section loaded: repo-reference @ http://localhost:5173/src/components/landing/LandingPage.jsx?t=1787453361303:141
[  108916ms] [LOG] [LandingPage] Section loaded: repo-animation @ http://localhost:5173/src/components/landing/LandingPage.jsx?t=1787453361303:141
[  108923ms] [LOG] [LandingPage] Section loaded: repo-kinetic @ http://localhost:5173/src/components/landing/LandingPage.jsx?t=1787453361303:141
[  108929ms] [LOG] [LandingPage] Section loaded: repo-commercial @ http://localhost:5173/src/components/landing/LandingPage.jsx?t=1787453361303:141
[  108934ms] [LOG] [LandingPage] Section loaded: repo-fashion @ http://localhost:5173/src/components/landing/LandingPage.jsx?t=1787453361303:141
[  108937ms] [LOG] [LandingPage] Section loaded: apps @ http://localhost:5173/src/components/landing/LandingPage.jsx?t=1787453361303:141
[  108949ms] [LOG] [LandingPage] Section loaded: academy @ http://localhost:5173/src/components/landing/LandingPage.jsx?t=1787453361303:141
[  108960ms] [LOG] [LandingPage] Section loaded: made-with @ http://localhost:5173/src/components/landing/LandingPage.jsx?t=1787453361303:141
[  109140ms] [LOG] [LandingPage] Section loaded: ugc @ http://localhost:5173/src/components/landing/LandingPage.jsx?t=1787453361303:141
[  109243ms] [ERROR] [popcorn-init] FAILED at: plugin-image TypeError: Class constructor SortableElement cannot be invoked without 'new'
    at http://localhost:5173/components/modals/RetargetOptInModal.jsx?t=1787453361303:26:22 @ http://localhost:5173/src/lib/popcornInit.js?t=1787453361303:55
[  109245ms] [INFO] %cDownload the React DevTools for a better development experience: https://react.dev/link/react-devtools font-weight:bold @ http://localhost:5173/node_modules/.vite/deps/chunk-EEAUBQDT.js?v=93c1ec86:20096
[  109245ms] [ERROR] [ModalSystem] mount failed TypeError: Class constructor SortableElement cannot be invoked without 'new'
    at http://localhost:5173/components/modals/RetargetOptInModal.jsx?t=1787453361303:26:22 @ http://localhost:5173/src/main.js?t=1787453361303:329
[  109252ms] [ERROR] [popcorn-init] FAILED at: plugin-jsonTransition TypeError: Class constructor SortableElement cannot be invoked without 'new'
    at http://localhost:5173/components/modals/RetargetOptInModal.jsx?t=1787453361303:26:22 @ http://localhost:5173/src/lib/popcornInit.js?t=1787453361303:55
[  109263ms] [ERROR] [popcorn-init] FAILED at: plugin-lottie-json TypeError: Class constructor SortableElement cannot be invoked without 'new'
    at http://localhost:5173/components/modals/RetargetOptInModal.jsx?t=1787453361303:26:22 @ http://localhost:5173/src/lib/popcornInit.js?t=1787453361303:55
[  109269ms] [LOG] [popcorn-init] OK: plugin-json-button @ http://localhost:5173/src/lib/popcornInit.js?t=1787453361303:48
[  109275ms] [ERROR] [popcorn-init] FAILED at: plugin-personalizedImage TypeError: Class constructor SortableElement cannot be invoked without 'new'
    at http://localhost:5173/components/modals/RetargetOptInModal.jsx?t=1787453361303:26:22 @ http://localhost:5173/src/lib/popcornInit.js?t=1787453361303:55
[  109279ms] [ERROR] [popcorn-init] FAILED at: plugin-loopPlugin TypeError: Class constructor SortableElement cannot be invoked without 'new'
    at http://localhost:5173/components/modals/RetargetOptInModal.jsx?t=1787453361303:26:22 @ http://localhost:5173/src/lib/popcornInit.js?t=1787453361303:55
[  109283ms] [ERROR] [popcorn-init] FAILED at: plugin-pausePlugin TypeError: Class constructor SortableElement cannot be invoked without 'new'
    at http://localhost:5173/components/modals/RetargetOptInModal.jsx?t=1787453361303:26:22 @ http://localhost:5173/src/lib/popcornInit.js?t=1787453361303:55
[  109293ms] [ERROR] [popcorn-init] FAILED at: plugin-form TypeError: Class constructor SortableElement cannot be invoked without 'new'
    at http://localhost:5173/components/modals/RetargetOptInModal.jsx?t=1787453361303:26:22 @ http://localhost:5173/src/lib/popcornInit.js?t=1787453361303:55
[  109302ms] [ERROR] [popcorn-init] FAILED at: plugin-retarget TypeError: Class constructor SortableElement cannot be invoked without 'new'
    at http://localhost:5173/components/modals/RetargetOptInModal.jsx?t=1787453361303:26:22 @ http://localhost:5173/src/lib/popcornInit.js?t=1787453361303:55
[  109317ms] [LOG] [popcorn-init] OK: plugin-popup @ http://localhost:5173/src/lib/popcornInit.js?t=1787453361303:48
[  109334ms] [ERROR] [popcorn-init] FAILED at: plugin-sequencer TypeError: Class constructor SortableElement cannot be invoked without 'new'
    at http://localhost:5173/components/modals/RetargetOptInModal.jsx?t=1787453361303:26:22 @ http://localhost:5173/src/lib/popcornInit.js?t=1787453361303:55
[  109344ms] [ERROR] [popcorn-init] FAILED at: plugin-skip TypeError: Class constructor SortableElement cannot be invoked without 'new'
    at http://localhost:5173/components/modals/RetargetOptInModal.jsx?t=1787453361303:26:22 @ http://localhost:5173/src/lib/popcornInit.js?t=1787453361303:55
[  109375ms] [ERROR] [popcorn-init] FAILED at: plugin-text TypeError: Class constructor SortableElement cannot be invoked without 'new'
    at http://localhost:5173/components/modals/RetargetOptInModal.jsx?t=1787453361303:26:22 @ http://localhost:5173/src/lib/popcornInit.js?t=1787453361303:55
[  109383ms] [LOG] [popcorn-init] OK: plugin-social @ http://localhost:5173/src/lib/popcornInit.js?t=1787453361303:48
[  109400ms] [ERROR] [popcorn-init] FAILED at: plugin-jsonAnimation TypeError: Class constructor SortableElement cannot be invoked without 'new'
    at http://localhost:5173/components/modals/RetargetOptInModal.jsx?t=1787453361303:26:22 @ http://localhost:5173/src/lib/popcornInit.js?t=1787453361303:55
[  109486ms] [LOG] [popcorn-init] OK: plugin-videoTransition @ http://localhost:5173/src/lib/popcornInit.js?t=1787453361303:48
[  109549ms] [ERROR] [popcorn-init] FAILED at: plugin-seethroughtext TypeError: Class constructor SortableElement cannot be invoked without 'new'
    at http://localhost:5173/components/modals/RetargetOptInModal.jsx?t=1787453361303:26:22 @ http://localhost:5173/src/lib/popcornInit.js?t=1787453361303:55
[  109555ms] [LOG] [popcorn-init] OK: plugin-wikipedia @ http://localhost:5173/src/lib/popcornInit.js?t=1787453361303:48
[  109566ms] [ERROR] [popcorn-init] FAILED at: plugin-combined TypeError: Class constructor SortableElement cannot be invoked without 'new'
    at http://localhost:5173/components/modals/RetargetOptInModal.jsx?t=1787453361303:26:22 @ http://localhost:5173/src/lib/popcornInit.js?t=1787453361303:55
[  109574ms] [ERROR] [popcorn-init] FAILED at: plugin-background TypeError: Class constructor SortableElement cannot be invoked without 'new'
    at http://localhost:5173/components/modals/RetargetOptInModal.jsx?t=1787453361303:26:22 @ http://localhost:5173/src/lib/popcornInit.js?t=1787453361303:55
[  109574ms] [LOG] [popcorn-init] SUMMARY: 5/20 plugins registered; FAILED: plugin-image, plugin-jsonTransition, plugin-lottie-json, plugin-personalizedImage, plugin-loopPlugin, plugin-pausePlugin, plugin-form, plugin-retarget, plugin-sequencer, plugin-skip, plugin-text, plugin-jsonAnimation, plugin-seethroughtext, plugin-combined, plugin-background @ http://localhost:5173/src/lib/popcornInit.js?t=1787453361303:60
[  109575ms] [LOG] [popcorn] function 5 @ http://localhost:5173/src/main.js?t=1787453361303:4
[  110868ms] [LOG] [App] Starting initialization... @ http://localhost:5173/src/main.js?t=1787453361303:19
[  110879ms] [LOG] [popcorn-init] OK: jquery @ http://localhost:5173/src/lib/popcornInit.js?t=1787453361303:41
[  110880ms] [LOG] [popcorn-init] OK: jquery-textfill @ http://localhost:5173/src/lib/popcornInit.js?t=1787453361303:48
[  110881ms] [LOG] [popcorn-init] OK: popcorn-core @ http://localhost:5173/src/lib/popcornInit.js?t=1787453361303:48
[  110883ms] [LOG] [popcorn-init] OK: popcorn-ie8 @ http://localhost:5173/src/lib/popcornInit.js?t=1787453361303:48
[  110884ms] [LOG] [popcorn-init] OK: wrapper-common @ http://localhost:5173/src/lib/popcornInit.js?t=1787453361303:48
[  110885ms] [LOG] [popcorn-init] OK: wrapper-html5 @ http://localhost:5173/src/lib/popcornInit.js?t=1787453361303:48
[  110886ms] [LOG] [popcorn-init] OK: wrapper-vrview @ http://localhost:5173/src/lib/popcornInit.js?t=1787453361303:48
[  110886ms] [LOG] [popcorn-init] OK: wrapper-adaptive @ http://localhost:5173/src/lib/popcornInit.js?t=1787453361303:48
[  110888ms] [LOG] [popcorn-init] OK: wrapper-null @ http://localhost:5173/src/lib/popcornInit.js?t=1787453361303:48
[  110888ms] [LOG] [popcorn-init] OK: wrapper-soundcloud @ http://localhost:5173/src/lib/popcornInit.js?t=1787453361303:48
[  110889ms] [LOG] [popcorn-init] OK: wrapper-vimeo @ http://localhost:5173/src/lib/popcornInit.js?t=1787453361303:48
[  110889ms] [LOG] [popcorn-init] OK: wrapper-youtube @ http://localhost:5173/src/lib/popcornInit.js?t=1787453361303:48
[  110890ms] [LOG] [popcorn-init] OK: wrapper-jwplayer @ http://localhost:5173/src/lib/popcornInit.js?t=1787453361303:48
[  110891ms] [LOG] [popcorn-init] OK: player-module @ http://localhost:5173/src/lib/popcornInit.js?t=1787453361303:48
[  110893ms] [LOG] [LandingPage] Header.jsx loaded @ http://localhost:5173/src/components/landing/LandingPage.jsx?t=1787453361303:176
[  110978ms] [LOG] [LandingPage] CinematicVideoHero.jsx loaded @ http://localhost:5173/src/components/landing/LandingPage.jsx?t=1787453361303:189
[  111213ms] [LOG] [LandingPage] HeroSection.jsx loaded @ http://localhost:5173/src/components/landing/LandingPage.jsx?t=1787453361303:202
[  111214ms] [LOG] [LandingPage] Observer created for: scrolling placeholder id: section-scrolling @ http://localhost:5173/src/components/landing/LandingPage.jsx?t=1787453361303:160
[  111214ms] [LOG] [LandingPage] Observer created for: hook placeholder id: section-hook @ http://localhost:5173/src/components/landing/LandingPage.jsx?t=1787453361303:160
[  111214ms] [LOG] [LandingPage] Observer created for: engines placeholder id: section-engines @ http://localhost:5173/src/components/landing/LandingPage.jsx?t=1787453361303:160
[  111214ms] [LOG] [LandingPage] Observer created for: apps placeholder id: section-apps @ http://localhost:5173/src/components/landing/LandingPage.jsx?t=1787453361303:160
[  111214ms] [LOG] [LandingPage] Observer created for: features placeholder id: section-features @ http://localhost:5173/src/components/landing/LandingPage.jsx?t=1787453361303:160
[  111214ms] [LOG] [LandingPage] Observer created for: problem placeholder id: section-problem @ http://localhost:5173/src/components/landing/LandingPage.jsx?t=1787453361303:160
[  111214ms] [LOG] [LandingPage] Observer created for: workflow placeholder id: section-workflow @ http://localhost:5173/src/components/landing/LandingPage.jsx?t=1787453361303:160
[  111214ms] [LOG] [LandingPage] Observer created for: comparison placeholder id: section-comparison @ http://localhost:5173/src/components/landing/LandingPage.jsx?t=1787453361303:160
[  111214ms] [LOG] [LandingPage] Observer created for: value placeholder id: section-value @ http://localhost:5173/src/components/landing/LandingPage.jsx?t=1787453361303:160
[  111214ms] [LOG] [LandingPage] Observer created for: agency placeholder id: section-agency @ http://localhost:5173/src/components/landing/LandingPage.jsx?t=1787453361303:160
[  111214ms] [LOG] [LandingPage] Observer created for: offer placeholder id: section-offer @ http://localhost:5173/src/components/landing/LandingPage.jsx?t=1787453361303:160
[  111214ms] [LOG] [LandingPage] Observer created for: cta placeholder id: section-cta @ http://localhost:5173/src/components/landing/LandingPage.jsx?t=1787453361303:160
[  111214ms] [LOG] [LandingPage] Observer created for: ai-workflow placeholder id: section-ai-workflow @ http://localhost:5173/src/components/landing/LandingPage.jsx?t=1787453361303:160
[  111214ms] [LOG] [LandingPage] Observer created for: made-with placeholder id: section-made-with @ http://localhost:5173/src/components/landing/LandingPage.jsx?t=1787453361303:160
[  111214ms] [LOG] [LandingPage] Observer created for: ugc placeholder id: section-ugc @ http://localhost:5173/src/components/landing/LandingPage.jsx?t=1787453361303:160
[  111214ms] [LOG] [LandingPage] Observer created for: gallery placeholder id: section-gallery @ http://localhost:5173/src/components/landing/LandingPage.jsx?t=1787453361303:160
[  111214ms] [LOG] [LandingPage] Observer created for: academy placeholder id: section-academy @ http://localhost:5173/src/components/landing/LandingPage.jsx?t=1787453361303:160
[  111215ms] [LOG] [LandingPage] Observer created for: repo-cinema placeholder id: section-repo-cinema @ http://localhost:5173/src/components/landing/LandingPage.jsx?t=1787453361303:160
[  111215ms] [LOG] [LandingPage] Observer created for: repo-commercial placeholder id: section-repo-commercial @ http://localhost:5173/src/components/landing/LandingPage.jsx?t=1787453361303:160
[  111215ms] [LOG] [LandingPage] Observer created for: repo-social-ads placeholder id: section-repo-social-ads @ http://localhost:5173/src/components/landing/LandingPage.jsx?t=1787453361303:160
[  111215ms] [LOG] [LandingPage] Observer created for: repo-narrative placeholder id: section-repo-narrative @ http://localhost:5173/src/components/landing/LandingPage.jsx?t=1787453361303:160
[  111215ms] [LOG] [LandingPage] Observer created for: repo-vertical placeholder id: section-repo-vertical @ http://localhost:5173/src/components/landing/LandingPage.jsx?t=1787453361303:160
[  111215ms] [LOG] [LandingPage] Observer created for: repo-ecommerce placeholder id: section-repo-ecommerce @ http://localhost:5173/src/components/landing/LandingPage.jsx?t=1787453361303:160
[  111215ms] [LOG] [LandingPage] Observer created for: repo-kinetic placeholder id: section-repo-kinetic @ http://localhost:5173/src/components/landing/LandingPage.jsx?t=1787453361303:160
[  111215ms] [LOG] [LandingPage] Observer created for: repo-animated placeholder id: section-repo-animated @ http://localhost:5173/src/components/landing/LandingPage.jsx?t=1787453361303:160
[  111215ms] [LOG] [LandingPage] Observer created for: repo-animation placeholder id: section-repo-animation @ http://localhost:5173/src/components/landing/LandingPage.jsx?t=1787453361303:160
[  111215ms] [LOG] [LandingPage] Observer created for: repo-reference placeholder id: section-repo-reference @ http://localhost:5173/src/components/landing/LandingPage.jsx?t=1787453361303:160
[  111215ms] [LOG] [LandingPage] Observer created for: repo-vfx placeholder id: section-repo-vfx @ http://localhost:5173/src/components/landing/LandingPage.jsx?t=1787453361303:160
[  111215ms] [LOG] [LandingPage] Observer created for: repo-fashion placeholder id: section-repo-fashion @ http://localhost:5173/src/components/landing/LandingPage.jsx?t=1787453361303:160
[  111215ms] [LOG] [LandingPage] Observer created for: repos placeholder id: section-repos @ http://localhost:5173/src/components/landing/LandingPage.jsx?t=1787453361303:160
[  111215ms] [LOG] [LandingPage] Observer created for: gtm-boost placeholder id: section-gtm-boost @ http://localhost:5173/src/components/landing/LandingPage.jsx?t=1787453361303:160
[  111216ms] [LOG] [App] Landing page rendered @ http://localhost:5173/src/main.js?t=1787453361303:88
[  111249ms] [LOG] [LandingPage] IntersectionObserver fired for scrolling [Object] @ http://localhost:5173/src/components/landing/LandingPage.jsx?t=1787453361303:119
[  111249ms] [LOG] [LandingPage] Loading section: scrolling @ http://localhost:5173/src/components/landing/LandingPage.jsx?t=1787453361303:122
[  111249ms] [LOG] [LandingPage] IntersectionObserver fired for problem [Object] @ http://localhost:5173/src/components/landing/LandingPage.jsx?t=1787453361303:119
[  111250ms] [LOG] [LandingPage] Loading section: problem @ http://localhost:5173/src/components/landing/LandingPage.jsx?t=1787453361303:122
[  111250ms] [LOG] [LandingPage] IntersectionObserver fired for repo-animated [Object] @ http://localhost:5173/src/components/landing/LandingPage.jsx?t=1787453361303:119
[  111250ms] [LOG] [LandingPage] Loading section: repo-animated @ http://localhost:5173/src/components/landing/LandingPage.jsx?t=1787453361303:122
[  111250ms] [LOG] [LandingPage] IntersectionObserver fired for repo-fashion [Object] @ http://localhost:5173/src/components/landing/LandingPage.jsx?t=1787453361303:119
[  111250ms] [LOG] [LandingPage] Loading section: repo-fashion @ http://localhost:5173/src/components/landing/LandingPage.jsx?t=1787453361303:122
[  111250ms] [LOG] [LandingPage] IntersectionObserver fired for repo-vfx [Object] @ http://localhost:5173/src/components/landing/LandingPage.jsx?t=1787453361303:119
[  111250ms] [LOG] [LandingPage] Loading section: repo-vfx @ http://localhost:5173/src/components/landing/LandingPage.jsx?t=1787453361303:122
[  111251ms] [LOG] [LandingPage] IntersectionObserver fired for engines [Object] @ http://localhost:5173/src/components/landing/LandingPage.jsx?t=1787453361303:119
[  111251ms] [LOG] [LandingPage] Loading section: engines @ http://localhost:5173/src/components/landing/LandingPage.jsx?t=1787453361303:122
[  111251ms] [LOG] [LandingPage] IntersectionObserver fired for hook [Object] @ http://localhost:5173/src/components/landing/LandingPage.jsx?t=1787453361303:119
[  111251ms] [LOG] [LandingPage] Loading section: hook @ http://localhost:5173/src/components/landing/LandingPage.jsx?t=1787453361303:122
[  111251ms] [LOG] [LandingPage] IntersectionObserver fired for apps [Object] @ http://localhost:5173/src/components/landing/LandingPage.jsx?t=1787453361303:119
[  111252ms] [LOG] [LandingPage] Loading section: apps @ http://localhost:5173/src/components/landing/LandingPage.jsx?t=1787453361303:122
[  111252ms] [LOG] [LandingPage] IntersectionObserver fired for value [Object] @ http://localhost:5173/src/components/landing/LandingPage.jsx?t=1787453361303:119
[  111252ms] [LOG] [LandingPage] Loading section: value @ http://localhost:5173/src/components/landing/LandingPage.jsx?t=1787453361303:122
[  111252ms] [LOG] [LandingPage] IntersectionObserver fired for workflow [Object] @ http://localhost:5173/src/components/landing/LandingPage.jsx?t=1787453361303:119
[  111254ms] [LOG] [LandingPage] Loading section: workflow @ http://localhost:5173/src/components/landing/LandingPage.jsx?t=1787453361303:122
[  111254ms] [LOG] [LandingPage] IntersectionObserver fired for ai-workflow [Object] @ http://localhost:5173/src/components/landing/LandingPage.jsx?t=1787453361303:119
[  111255ms] [LOG] [LandingPage] Loading section: ai-workflow @ http://localhost:5173/src/components/landing/LandingPage.jsx?t=1787453361303:122
[  111255ms] [LOG] [LandingPage] IntersectionObserver fired for made-with [Object] @ http://localhost:5173/src/components/landing/LandingPage.jsx?t=1787453361303:119
[  111256ms] [LOG] [LandingPage] Loading section: made-with @ http://localhost:5173/src/components/landing/LandingPage.jsx?t=1787453361303:122
[  111256ms] [LOG] [LandingPage] IntersectionObserver fired for repo-kinetic [Object] @ http://localhost:5173/src/components/landing/LandingPage.jsx?t=1787453361303:119
[  111257ms] [LOG] [LandingPage] Loading section: repo-kinetic @ http://localhost:5173/src/components/landing/LandingPage.jsx?t=1787453361303:122
[  111257ms] [LOG] [LandingPage] IntersectionObserver fired for academy [Object] @ http://localhost:5173/src/components/landing/LandingPage.jsx?t=1787453361303:119
[  111257ms] [LOG] [LandingPage] Loading section: academy @ http://localhost:5173/src/components/landing/LandingPage.jsx?t=1787453361303:122
[  111257ms] [LOG] [LandingPage] IntersectionObserver fired for comparison [Object] @ http://localhost:5173/src/components/landing/LandingPage.jsx?t=1787453361303:119
[  111257ms] [LOG] [LandingPage] Loading section: comparison @ http://localhost:5173/src/components/landing/LandingPage.jsx?t=1787453361303:122
[  111258ms] [LOG] [LandingPage] IntersectionObserver fired for features [Object] @ http://localhost:5173/src/components/landing/LandingPage.jsx?t=1787453361303:119
[  111258ms] [LOG] [LandingPage] Loading section: features @ http://localhost:5173/src/components/landing/LandingPage.jsx?t=1787453361303:122
[  111258ms] [LOG] [LandingPage] IntersectionObserver fired for repo-vertical [Object] @ http://localhost:5173/src/components/landing/LandingPage.jsx?t=1787453361303:119
[  111258ms] [LOG] [LandingPage] Loading section: repo-vertical @ http://localhost:5173/src/components/landing/LandingPage.jsx?t=1787453361303:122
[  111258ms] [LOG] [LandingPage] IntersectionObserver fired for repo-reference [Object] @ http://localhost:5173/src/components/landing/LandingPage.jsx?t=1787453361303:119
[  111258ms] [LOG] [LandingPage] Loading section: repo-reference @ http://localhost:5173/src/components/landing/LandingPage.jsx?t=1787453361303:122
[  111258ms] [LOG] [LandingPage] IntersectionObserver fired for ugc [Object] @ http://localhost:5173/src/components/landing/LandingPage.jsx?t=1787453361303:119
[  111259ms] [LOG] [LandingPage] Loading section: ugc @ http://localhost:5173/src/components/landing/LandingPage.jsx?t=1787453361303:122
[  111259ms] [LOG] [LandingPage] IntersectionObserver fired for repo-social-ads [Object] @ http://localhost:5173/src/components/landing/LandingPage.jsx?t=1787453361303:119
[  111259ms] [LOG] [LandingPage] Loading section: repo-social-ads @ http://localhost:5173/src/components/landing/LandingPage.jsx?t=1787453361303:122
[  111259ms] [LOG] [LandingPage] IntersectionObserver fired for repo-ecommerce [Object] @ http://localhost:5173/src/components/landing/LandingPage.jsx?t=1787453361303:119
[  111259ms] [LOG] [LandingPage] Loading section: repo-ecommerce @ http://localhost:5173/src/components/landing/LandingPage.jsx?t=1787453361303:122
[  111259ms] [LOG] [LandingPage] IntersectionObserver fired for cta [Object] @ http://localhost:5173/src/components/landing/LandingPage.jsx?t=1787453361303:119
[  111260ms] [LOG] [LandingPage] Loading section: cta @ http://localhost:5173/src/components/landing/LandingPage.jsx?t=1787453361303:122
[  111260ms] [LOG] [LandingPage] IntersectionObserver fired for repo-animation [Object] @ http://localhost:5173/src/components/landing/LandingPage.jsx?t=1787453361303:119
[  111260ms] [LOG] [LandingPage] Loading section: repo-animation @ http://localhost:5173/src/components/landing/LandingPage.jsx?t=1787453361303:122
[  111260ms] [LOG] [LandingPage] IntersectionObserver fired for repo-commercial [Object] @ http://localhost:5173/src/components/landing/LandingPage.jsx?t=1787453361303:119
[  111260ms] [LOG] [LandingPage] Loading section: repo-commercial @ http://localhost:5173/src/components/landing/LandingPage.jsx?t=1787453361303:122
[  111260ms] [LOG] [LandingPage] IntersectionObserver fired for offer [Object] @ http://localhost:5173/src/components/landing/LandingPage.jsx?t=1787453361303:119
[  111260ms] [LOG] [LandingPage] Loading section: offer @ http://localhost:5173/src/components/landing/LandingPage.jsx?t=1787453361303:122
[  111261ms] [LOG] [LandingPage] IntersectionObserver fired for repo-cinema [Object] @ http://localhost:5173/src/components/landing/LandingPage.jsx?t=1787453361303:119
[  111261ms] [LOG] [LandingPage] Loading section: repo-cinema @ http://localhost:5173/src/components/landing/LandingPage.jsx?t=1787453361303:122
[  111261ms] [LOG] [LandingPage] IntersectionObserver fired for repos [Object] @ http://localhost:5173/src/components/landing/LandingPage.jsx?t=1787453361303:119
[  111261ms] [LOG] [LandingPage] Loading section: repos @ http://localhost:5173/src/components/landing/LandingPage.jsx?t=1787453361303:122
[  111261ms] [LOG] [LandingPage] IntersectionObserver fired for gallery [Object] @ http://localhost:5173/src/components/landing/LandingPage.jsx?t=1787453361303:119
[  111261ms] [LOG] [LandingPage] Loading section: gallery @ http://localhost:5173/src/components/landing/LandingPage.jsx?t=1787453361303:122
[  111262ms] [LOG] [LandingPage] IntersectionObserver fired for repo-narrative [Object] @ http://localhost:5173/src/components/landing/LandingPage.jsx?t=1787453361303:119
[  111262ms] [LOG] [LandingPage] Loading section: repo-narrative @ http://localhost:5173/src/components/landing/LandingPage.jsx?t=1787453361303:122
[  111262ms] [LOG] [LandingPage] IntersectionObserver fired for agency [Object] @ http://localhost:5173/src/components/landing/LandingPage.jsx?t=1787453361303:119
[  111262ms] [LOG] [LandingPage] Loading section: agency @ http://localhost:5173/src/components/landing/LandingPage.jsx?t=1787453361303:122
[  111262ms] [LOG] [LandingPage] IntersectionObserver fired for gtm-boost [Object] @ http://localhost:5173/src/components/landing/LandingPage.jsx?t=1787453361303:119
[  111263ms] [LOG] [LandingPage] Loading section: gtm-boost @ http://localhost:5173/src/components/landing/LandingPage.jsx?t=1787453361303:122
[  111631ms] [LOG] [LandingPage] Section loaded: scrolling @ http://localhost:5173/src/components/landing/LandingPage.jsx?t=1787453361303:141
[  111682ms] [LOG] [LandingPage] Section loaded: problem @ http://localhost:5173/src/components/landing/LandingPage.jsx?t=1787453361303:141
[  111684ms] [LOG] [LandingPage] Section loaded: engines @ http://localhost:5173/src/components/landing/LandingPage.jsx?t=1787453361303:141
[  111885ms] [LOG] [LandingPage] Section loaded: repo-reference @ http://localhost:5173/src/components/landing/LandingPage.jsx?t=1787453361303:141
[  111894ms] [LOG] [LandingPage] Section loaded: repo-cinema @ http://localhost:5173/src/components/landing/LandingPage.jsx?t=1787453361303:141
[  111899ms] [LOG] [LandingPage] Section loaded: repo-fashion @ http://localhost:5173/src/components/landing/LandingPage.jsx?t=1787453361303:141
[  111907ms] [LOG] [LandingPage] Section loaded: repo-vfx @ http://localhost:5173/src/components/landing/LandingPage.jsx?t=1787453361303:141
[  111915ms] [LOG] [LandingPage] Section loaded: repo-social-ads @ http://localhost:5173/src/components/landing/LandingPage.jsx?t=1787453361303:141
[  111922ms] [LOG] [LandingPage] Section loaded: repo-animated @ http://localhost:5173/src/components/landing/LandingPage.jsx?t=1787453361303:141
[  111929ms] [LOG] [LandingPage] Section loaded: repo-vertical @ http://localhost:5173/src/components/landing/LandingPage.jsx?t=1787453361303:141
[  111937ms] [LOG] [LandingPage] Section loaded: repo-ecommerce @ http://localhost:5173/src/components/landing/LandingPage.jsx?t=1787453361303:141
[  111945ms] [LOG] [LandingPage] Section loaded: repo-kinetic @ http://localhost:5173/src/components/landing/LandingPage.jsx?t=1787453361303:141
[  111952ms] [LOG] [LandingPage] Section loaded: repo-narrative @ http://localhost:5173/src/components/landing/LandingPage.jsx?t=1787453361303:141
[  111960ms] [LOG] [LandingPage] Section loaded: repo-commercial @ http://localhost:5173/src/components/landing/LandingPage.jsx?t=1787453361303:141
[  111966ms] [LOG] [LandingPage] Section loaded: repo-animation @ http://localhost:5173/src/components/landing/LandingPage.jsx?t=1787453361303:141
[  112064ms] [LOG] [LandingPage] Section loaded: hook @ http://localhost:5173/src/components/landing/LandingPage.jsx?t=1787453361303:141
[  112067ms] [LOG] [LandingPage] Section loaded: apps @ http://localhost:5173/src/components/landing/LandingPage.jsx?t=1787453361303:141
[  112068ms] [LOG] [LandingPage] Section loaded: value @ http://localhost:5173/src/components/landing/LandingPage.jsx?t=1787453361303:141
[  112068ms] [LOG] [LandingPage] Section loaded: workflow @ http://localhost:5173/src/components/landing/LandingPage.jsx?t=1787453361303:141
[  112069ms] [LOG] [LandingPage] Section loaded: comparison @ http://localhost:5173/src/components/landing/LandingPage.jsx?t=1787453361303:141
[  112069ms] [LOG] [LandingPage] Section loaded: features @ http://localhost:5173/src/components/landing/LandingPage.jsx?t=1787453361303:141
[  112070ms] [LOG] [LandingPage] Section loaded: cta @ http://localhost:5173/src/components/landing/LandingPage.jsx?t=1787453361303:141
[  112071ms] [LOG] [LandingPage] Section loaded: offer @ http://localhost:5173/src/components/landing/LandingPage.jsx?t=1787453361303:141
[  112072ms] [LOG] [LandingPage] Section loaded: agency @ http://localhost:5173/src/components/landing/LandingPage.jsx?t=1787453361303:141
[  112126ms] [LOG] [LandingPage] Section loaded: ai-workflow @ http://localhost:5173/src/components/landing/LandingPage.jsx?t=1787453361303:141
[  112136ms] [LOG] [LandingPage] Section loaded: made-with @ http://localhost:5173/src/components/landing/LandingPage.jsx?t=1787453361303:141
[  112153ms] [LOG] [LandingPage] Section loaded: academy @ http://localhost:5173/src/components/landing/LandingPage.jsx?t=1787453361303:141
[  112159ms] [LOG] [LandingPage] Section loaded: ugc @ http://localhost:5173/src/components/landing/LandingPage.jsx?t=1787453361303:141
[  112160ms] [LOG] [LandingPage] Section loaded: repos @ http://localhost:5173/src/components/landing/LandingPage.jsx?t=1787453361303:141
[  112167ms] [LOG] [LandingPage] Section loaded: gallery @ http://localhost:5173/src/components/landing/LandingPage.jsx?t=1787453361303:141
[  112171ms] [LOG] [LandingPage] Section loaded: gtm-boost @ http://localhost:5173/src/components/landing/LandingPage.jsx?t=1787453361303:141
[  112418ms] [ERROR] [popcorn-init] FAILED at: plugin-image TypeError: Class constructor SortableElement cannot be invoked without 'new'
    at http://localhost:5173/components/modals/RetargetOptInModal.jsx?t=1787453361303:26:22 @ http://localhost:5173/src/lib/popcornInit.js?t=1787453361303:55
[  112428ms] [INFO] %cDownload the React DevTools for a better development experience: https://react.dev/link/react-devtools font-weight:bold @ http://localhost:5173/node_modules/.vite/deps/chunk-EEAUBQDT.js?v=93c1ec86:20096
[  112428ms] [ERROR] [ModalSystem] mount failed TypeError: Class constructor SortableElement cannot be invoked without 'new'
    at http://localhost:5173/components/modals/RetargetOptInModal.jsx?t=1787453361303:26:22 @ http://localhost:5173/src/main.js?t=1787453361303:329
[  112784ms] [ERROR] [popcorn-init] FAILED at: plugin-jsonTransition TypeError: Class constructor SortableElement cannot be invoked without 'new'
    at http://localhost:5173/components/modals/RetargetOptInModal.jsx?t=1787453361303:26:22 @ http://localhost:5173/src/lib/popcornInit.js?t=1787453361303:55
[  112829ms] [ERROR] [popcorn-init] FAILED at: plugin-lottie-json TypeError: Class constructor SortableElement cannot be invoked without 'new'
    at http://localhost:5173/components/modals/RetargetOptInModal.jsx?t=1787453361303:26:22 @ http://localhost:5173/src/lib/popcornInit.js?t=1787453361303:55
[  113043ms] [LOG] [popcorn-init] OK: plugin-json-button @ http://localhost:5173/src/lib/popcornInit.js?t=1787453361303:48
[  113061ms] [ERROR] [popcorn-init] FAILED at: plugin-personalizedImage TypeError: Class constructor SortableElement cannot be invoked without 'new'
    at http://localhost:5173/components/modals/RetargetOptInModal.jsx?t=1787453361303:26:22 @ http://localhost:5173/src/lib/popcornInit.js?t=1787453361303:55
[  113133ms] [ERROR] [popcorn-init] FAILED at: plugin-loopPlugin TypeError: Class constructor SortableElement cannot be invoked without 'new'
    at http://localhost:5173/components/modals/RetargetOptInModal.jsx?t=1787453361303:26:22 @ http://localhost:5173/src/lib/popcornInit.js?t=1787453361303:55
[  113148ms] [ERROR] [popcorn-init] FAILED at: plugin-pausePlugin TypeError: Class constructor SortableElement cannot be invoked without 'new'
    at http://localhost:5173/components/modals/RetargetOptInModal.jsx?t=1787453361303:26:22 @ http://localhost:5173/src/lib/popcornInit.js?t=1787453361303:55
[  113164ms] [ERROR] [popcorn-init] FAILED at: plugin-form TypeError: Class constructor SortableElement cannot be invoked without 'new'
    at http://localhost:5173/components/modals/RetargetOptInModal.jsx?t=1787453361303:26:22 @ http://localhost:5173/src/lib/popcornInit.js?t=1787453361303:55
[  113187ms] [ERROR] [popcorn-init] FAILED at: plugin-retarget TypeError: Class constructor SortableElement cannot be invoked without 'new'
    at http://localhost:5173/components/modals/RetargetOptInModal.jsx?t=1787453361303:26:22 @ http://localhost:5173/src/lib/popcornInit.js?t=1787453361303:55
[  113194ms] [LOG] [popcorn-init] OK: plugin-popup @ http://localhost:5173/src/lib/popcornInit.js?t=1787453361303:48
[  113199ms] [ERROR] [popcorn-init] FAILED at: plugin-sequencer TypeError: Class constructor SortableElement cannot be invoked without 'new'
    at http://localhost:5173/components/modals/RetargetOptInModal.jsx?t=1787453361303:26:22 @ http://localhost:5173/src/lib/popcornInit.js?t=1787453361303:55
[  113443ms] [ERROR] [popcorn-init] FAILED at: plugin-skip TypeError: Class constructor SortableElement cannot be invoked without 'new'
    at http://localhost:5173/components/modals/RetargetOptInModal.jsx?t=1787453361303:26:22 @ http://localhost:5173/src/lib/popcornInit.js?t=1787453361303:55
[  113532ms] [ERROR] [popcorn-init] FAILED at: plugin-text TypeError: Class constructor SortableElement cannot be invoked without 'new'
    at http://localhost:5173/components/modals/RetargetOptInModal.jsx?t=1787453361303:26:22 @ http://localhost:5173/src/lib/popcornInit.js?t=1787453361303:55
[  113600ms] [LOG] [popcorn-init] OK: plugin-social @ http://localhost:5173/src/lib/popcornInit.js?t=1787453361303:48
[  113684ms] [ERROR] [popcorn-init] FAILED at: plugin-jsonAnimation TypeError: Class constructor SortableElement cannot be invoked without 'new'
    at http://localhost:5173/components/modals/RetargetOptInModal.jsx?t=1787453361303:26:22 @ http://localhost:5173/src/lib/popcornInit.js?t=1787453361303:55
[  113728ms] [LOG] [popcorn-init] OK: plugin-videoTransition @ http://localhost:5173/src/lib/popcornInit.js?t=1787453361303:48
[  113744ms] [ERROR] [popcorn-init] FAILED at: plugin-seethroughtext TypeError: Class constructor SortableElement cannot be invoked without 'new'
    at http://localhost:5173/components/modals/RetargetOptInModal.jsx?t=1787453361303:26:22 @ http://localhost:5173/src/lib/popcornInit.js?t=1787453361303:55
[  113748ms] [LOG] [popcorn-init] OK: plugin-wikipedia @ http://localhost:5173/src/lib/popcornInit.js?t=1787453361303:48
[  113758ms] [ERROR] [popcorn-init] FAILED at: plugin-combined TypeError: Class constructor SortableElement cannot be invoked without 'new'
    at http://localhost:5173/components/modals/RetargetOptInModal.jsx?t=1787453361303:26:22 @ http://localhost:5173/src/lib/popcornInit.js?t=1787453361303:55
[  113764ms] [ERROR] [popcorn-init] FAILED at: plugin-background TypeError: Class constructor SortableElement cannot be invoked without 'new'
    at http://localhost:5173/components/modals/RetargetOptInModal.jsx?t=1787453361303:26:22 @ http://localhost:5173/src/lib/popcornInit.js?t=1787453361303:55
[  113764ms] [LOG] [popcorn-init] SUMMARY: 5/20 plugins registered; FAILED: plugin-image, plugin-jsonTransition, plugin-lottie-json, plugin-personalizedImage, plugin-loopPlugin, plugin-pausePlugin, plugin-form, plugin-retarget, plugin-sequencer, plugin-skip, plugin-text, plugin-jsonAnimation, plugin-seethroughtext, plugin-combined, plugin-background @ http://localhost:5173/src/lib/popcornInit.js?t=1787453361303:60
[  113764ms] [LOG] [popcorn] function 5 @ http://localhost:5173/src/main.js?t=1787453361303:4
[  115558ms] [LOG] [App] Starting initialization... @ http://localhost:5173/src/main.js?t=1787453361303:19
[  115567ms] [LOG] [popcorn-init] OK: jquery @ http://localhost:5173/src/lib/popcornInit.js?t=1787453361303:41
[  115570ms] [LOG] [popcorn-init] OK: jquery-textfill @ http://localhost:5173/src/lib/popcornInit.js?t=1787453361303:48
[  115573ms] [LOG] [popcorn-init] OK: popcorn-core @ http://localhost:5173/src/lib/popcornInit.js?t=1787453361303:48
[  115574ms] [LOG] [popcorn-init] OK: popcorn-ie8 @ http://localhost:5173/src/lib/popcornInit.js?t=1787453361303:48
[  115575ms] [LOG] [popcorn-init] OK: wrapper-common @ http://localhost:5173/src/lib/popcornInit.js?t=1787453361303:48
[  115576ms] [LOG] [popcorn-init] OK: wrapper-html5 @ http://localhost:5173/src/lib/popcornInit.js?t=1787453361303:48
[  115576ms] [LOG] [popcorn-init] OK: wrapper-vrview @ http://localhost:5173/src/lib/popcornInit.js?t=1787453361303:48
[  115578ms] [LOG] [popcorn-init] OK: wrapper-adaptive @ http://localhost:5173/src/lib/popcornInit.js?t=1787453361303:48
[  115580ms] [LOG] [popcorn-init] OK: wrapper-null @ http://localhost:5173/src/lib/popcornInit.js?t=1787453361303:48
[  115581ms] [LOG] [popcorn-init] OK: wrapper-soundcloud @ http://localhost:5173/src/lib/popcornInit.js?t=1787453361303:48
[  115581ms] [LOG] [popcorn-init] OK: wrapper-vimeo @ http://localhost:5173/src/lib/popcornInit.js?t=1787453361303:48
[  115582ms] [LOG] [popcorn-init] OK: wrapper-youtube @ http://localhost:5173/src/lib/popcornInit.js?t=1787453361303:48
[  115583ms] [LOG] [popcorn-init] OK: wrapper-jwplayer @ http://localhost:5173/src/lib/popcornInit.js?t=1787453361303:48
[  115584ms] [LOG] [popcorn-init] OK: player-module @ http://localhost:5173/src/lib/popcornInit.js?t=1787453361303:48
[  115585ms] [LOG] [LandingPage] Header.jsx loaded @ http://localhost:5173/src/components/landing/LandingPage.jsx?t=1787453361303:176
[  115727ms] [LOG] [LandingPage] CinematicVideoHero.jsx loaded @ http://localhost:5173/src/components/landing/LandingPage.jsx?t=1787453361303:189
[  115976ms] [LOG] [LandingPage] HeroSection.jsx loaded @ http://localhost:5173/src/components/landing/LandingPage.jsx?t=1787453361303:202
[  115977ms] [LOG] [LandingPage] Observer created for: scrolling placeholder id: section-scrolling @ http://localhost:5173/src/components/landing/LandingPage.jsx?t=1787453361303:160
[  115977ms] [LOG] [LandingPage] Observer created for: hook placeholder id: section-hook @ http://localhost:5173/src/components/landing/LandingPage.jsx?t=1787453361303:160
[  115977ms] [LOG] [LandingPage] Observer created for: engines placeholder id: section-engines @ http://localhost:5173/src/components/landing/LandingPage.jsx?t=1787453361303:160
[  115977ms] [LOG] [LandingPage] Observer created for: apps placeholder id: section-apps @ http://localhost:5173/src/components/landing/LandingPage.jsx?t=1787453361303:160
[  115977ms] [LOG] [LandingPage] Observer created for: features placeholder id: section-features @ http://localhost:5173/src/components/landing/LandingPage.jsx?t=1787453361303:160
[  115977ms] [LOG] [LandingPage] Observer created for: problem placeholder id: section-problem @ http://localhost:5173/src/components/landing/LandingPage.jsx?t=1787453361303:160
[  115977ms] [LOG] [LandingPage] Observer created for: workflow placeholder id: section-workflow @ http://localhost:5173/src/components/landing/LandingPage.jsx?t=1787453361303:160
[  115977ms] [LOG] [LandingPage] Observer created for: comparison placeholder id: section-comparison @ http://localhost:5173/src/components/landing/LandingPage.jsx?t=1787453361303:160
[  115977ms] [LOG] [LandingPage] Observer created for: value placeholder id: section-value @ http://localhost:5173/src/components/landing/LandingPage.jsx?t=1787453361303:160
[  115978ms] [LOG] [LandingPage] Observer created for: agency placeholder id: section-agency @ http://localhost:5173/src/components/landing/LandingPage.jsx?t=1787453361303:160
[  115978ms] [LOG] [LandingPage] Observer created for: offer placeholder id: section-offer @ http://localhost:5173/src/components/landing/LandingPage.jsx?t=1787453361303:160
[  115978ms] [LOG] [LandingPage] Observer created for: cta placeholder id: section-cta @ http://localhost:5173/src/components/landing/LandingPage.jsx?t=1787453361303:160
[  115978ms] [LOG] [LandingPage] Observer created for: ai-workflow placeholder id: section-ai-workflow @ http://localhost:5173/src/components/landing/LandingPage.jsx?t=1787453361303:160
[  115978ms] [LOG] [LandingPage] Observer created for: made-with placeholder id: section-made-with @ http://localhost:5173/src/components/landing/LandingPage.jsx?t=1787453361303:160
[  115978ms] [LOG] [LandingPage] Observer created for: ugc placeholder id: section-ugc @ http://localhost:5173/src/components/landing/LandingPage.jsx?t=1787453361303:160
[  115978ms] [LOG] [LandingPage] Observer created for: gallery placeholder id: section-gallery @ http://localhost:5173/src/components/landing/LandingPage.jsx?t=1787453361303:160
[  115978ms] [LOG] [LandingPage] Observer created for: academy placeholder id: section-academy @ http://localhost:5173/src/components/landing/LandingPage.jsx?t=1787453361303:160
[  115978ms] [LOG] [LandingPage] Observer created for: repo-cinema placeholder id: section-repo-cinema @ http://localhost:5173/src/components/landing/LandingPage.jsx?t=1787453361303:160
[  115978ms] [LOG] [LandingPage] Observer created for: repo-commercial placeholder id: section-repo-commercial @ http://localhost:5173/src/components/landing/LandingPage.jsx?t=1787453361303:160
[  115978ms] [LOG] [LandingPage] Observer created for: repo-social-ads placeholder id: section-repo-social-ads @ http://localhost:5173/src/components/landing/LandingPage.jsx?t=1787453361303:160
[  115978ms] [LOG] [LandingPage] Observer created for: repo-narrative placeholder id: section-repo-narrative @ http://localhost:5173/src/components/landing/LandingPage.jsx?t=1787453361303:160
[  115978ms] [LOG] [LandingPage] Observer created for: repo-vertical placeholder id: section-repo-vertical @ http://localhost:5173/src/components/landing/LandingPage.jsx?t=1787453361303:160
[  115978ms] [LOG] [LandingPage] Observer created for: repo-ecommerce placeholder id: section-repo-ecommerce @ http://localhost:5173/src/components/landing/LandingPage.jsx?t=1787453361303:160
[  115978ms] [LOG] [LandingPage] Observer created for: repo-kinetic placeholder id: section-repo-kinetic @ http://localhost:5173/src/components/landing/LandingPage.jsx?t=1787453361303:160
[  115978ms] [LOG] [LandingPage] Observer created for: repo-animated placeholder id: section-repo-animated @ http://localhost:5173/src/components/landing/LandingPage.jsx?t=1787453361303:160
[  115978ms] [LOG] [LandingPage] Observer created for: repo-animation placeholder id: section-repo-animation @ http://localhost:5173/src/components/landing/LandingPage.jsx?t=1787453361303:160
[  115978ms] [LOG] [LandingPage] Observer created for: repo-reference placeholder id: section-repo-reference @ http://localhost:5173/src/components/landing/LandingPage.jsx?t=1787453361303:160
[  115979ms] [LOG] [LandingPage] Observer created for: repo-vfx placeholder id: section-repo-vfx @ http://localhost:5173/src/components/landing/LandingPage.jsx?t=1787453361303:160
[  115979ms] [LOG] [LandingPage] Observer created for: repo-fashion placeholder id: section-repo-fashion @ http://localhost:5173/src/components/landing/LandingPage.jsx?t=1787453361303:160
[  115979ms] [LOG] [LandingPage] Observer created for: repos placeholder id: section-repos @ http://localhost:5173/src/components/landing/LandingPage.jsx?t=1787453361303:160
[  115979ms] [LOG] [LandingPage] Observer created for: gtm-boost placeholder id: section-gtm-boost @ http://localhost:5173/src/components/landing/LandingPage.jsx?t=1787453361303:160
[  115979ms] [LOG] [App] Landing page rendered @ http://localhost:5173/src/main.js?t=1787453361303:88
[  115997ms] [LOG] [LandingPage] IntersectionObserver fired for repo-vertical [Object] @ http://localhost:5173/src/components/landing/LandingPage.jsx?t=1787453361303:119
[  115997ms] [LOG] [LandingPage] Loading section: repo-vertical @ http://localhost:5173/src/components/landing/LandingPage.jsx?t=1787453361303:122
[  115997ms] [LOG] [LandingPage] IntersectionObserver fired for repo-commercial [Object] @ http://localhost:5173/src/components/landing/LandingPage.jsx?t=1787453361303:119
[  115997ms] [LOG] [LandingPage] Loading section: repo-commercial @ http://localhost:5173/src/components/landing/LandingPage.jsx?t=1787453361303:122
[  115998ms] [LOG] [LandingPage] IntersectionObserver fired for agency [Object] @ http://localhost:5173/src/components/landing/LandingPage.jsx?t=1787453361303:119
[  115998ms] [LOG] [LandingPage] Loading section: agency @ http://localhost:5173/src/components/landing/LandingPage.jsx?t=1787453361303:122
[  115998ms] [LOG] [LandingPage] IntersectionObserver fired for repo-vfx [Object] @ http://localhost:5173/src/components/landing/LandingPage.jsx?t=1787453361303:119
[  115998ms] [LOG] [LandingPage] Loading section: repo-vfx @ http://localhost:5173/src/components/landing/LandingPage.jsx?t=1787453361303:122
[  115998ms] [LOG] [LandingPage] IntersectionObserver fired for gtm-boost [Object] @ http://localhost:5173/src/components/landing/LandingPage.jsx?t=1787453361303:119
[  115999ms] [LOG] [LandingPage] Loading section: gtm-boost @ http://localhost:5173/src/components/landing/LandingPage.jsx?t=1787453361303:122
[  115999ms] [LOG] [LandingPage] IntersectionObserver fired for academy [Object] @ http://localhost:5173/src/components/landing/LandingPage.jsx?t=1787453361303:119
[  115999ms] [LOG] [LandingPage] Loading section: academy @ http://localhost:5173/src/components/landing/LandingPage.jsx?t=1787453361303:122
[  115999ms] [LOG] [LandingPage] IntersectionObserver fired for gallery [Object] @ http://localhost:5173/src/components/landing/LandingPage.jsx?t=1787453361303:119
[  115999ms] [LOG] [LandingPage] Loading section: gallery @ http://localhost:5173/src/components/landing/LandingPage.jsx?t=1787453361303:122
[  116000ms] [LOG] [LandingPage] IntersectionObserver fired for ugc [Object] @ http://localhost:5173/src/components/landing/LandingPage.jsx?t=1787453361303:119
[  116000ms] [LOG] [LandingPage] Loading section: ugc @ http://localhost:5173/src/components/landing/LandingPage.jsx?t=1787453361303:122
[  116000ms] [LOG] [LandingPage] IntersectionObserver fired for repos [Object] @ http://localhost:5173/src/components/landing/LandingPage.jsx?t=1787453361303:119
[  116000ms] [LOG] [LandingPage] Loading section: repos @ http://localhost:5173/src/components/landing/LandingPage.jsx?t=1787453361303:122
[  116001ms] [LOG] [LandingPage] IntersectionObserver fired for repo-animation [Object] @ http://localhost:5173/src/components/landing/LandingPage.jsx?t=1787453361303:119
[  116001ms] [LOG] [LandingPage] Loading section: repo-animation @ http://localhost:5173/src/components/landing/LandingPage.jsx?t=1787453361303:122
[  116001ms] [LOG] [LandingPage] IntersectionObserver fired for comparison [Object] @ http://localhost:5173/src/components/landing/LandingPage.jsx?t=1787453361303:119
[  116001ms] [LOG] [LandingPage] Loading section: comparison @ http://localhost:5173/src/components/landing/LandingPage.jsx?t=1787453361303:122
[  116001ms] [LOG] [LandingPage] IntersectionObserver fired for cta [Object] @ http://localhost:5173/src/components/landing/LandingPage.jsx?t=1787453361303:119
[  116001ms] [LOG] [LandingPage] Loading section: cta @ http://localhost:5173/src/components/landing/LandingPage.jsx?t=1787453361303:122
[  116002ms] [LOG] [LandingPage] IntersectionObserver fired for problem [Object] @ http://localhost:5173/src/components/landing/LandingPage.jsx?t=1787453361303:119
[  116003ms] [LOG] [LandingPage] Loading section: problem @ http://localhost:5173/src/components/landing/LandingPage.jsx?t=1787453361303:122
[  116004ms] [LOG] [LandingPage] IntersectionObserver fired for repo-reference [Object] @ http://localhost:5173/src/components/landing/LandingPage.jsx?t=1787453361303:119
[  116005ms] [LOG] [LandingPage] Loading section: repo-reference @ http://localhost:5173/src/components/landing/LandingPage.jsx?t=1787453361303:122
[  116005ms] [LOG] [LandingPage] IntersectionObserver fired for scrolling [Object] @ http://localhost:5173/src/components/landing/LandingPage.jsx?t=1787453361303:119
[  116005ms] [LOG] [LandingPage] Loading section: scrolling @ http://localhost:5173/src/components/landing/LandingPage.jsx?t=1787453361303:122
[  116006ms] [LOG] [LandingPage] IntersectionObserver fired for ai-workflow [Object] @ http://localhost:5173/src/components/landing/LandingPage.jsx?t=1787453361303:119
[  116006ms] [LOG] [LandingPage] Loading section: ai-workflow @ http://localhost:5173/src/components/landing/LandingPage.jsx?t=1787453361303:122
[  116006ms] [LOG] [LandingPage] IntersectionObserver fired for offer [Object] @ http://localhost:5173/src/components/landing/LandingPage.jsx?t=1787453361303:119
[  116007ms] [LOG] [LandingPage] Loading section: offer @ http://localhost:5173/src/components/landing/LandingPage.jsx?t=1787453361303:122
[  116007ms] [LOG] [LandingPage] IntersectionObserver fired for features [Object] @ http://localhost:5173/src/components/landing/LandingPage.jsx?t=1787453361303:119
[  116007ms] [LOG] [LandingPage] Loading section: features @ http://localhost:5173/src/components/landing/LandingPage.jsx?t=1787453361303:122
[  116007ms] [LOG] [LandingPage] IntersectionObserver fired for hook [Object] @ http://localhost:5173/src/components/landing/LandingPage.jsx?t=1787453361303:119
[  116008ms] [LOG] [LandingPage] Loading section: hook @ http://localhost:5173/src/components/landing/LandingPage.jsx?t=1787453361303:122
[  116008ms] [LOG] [LandingPage] IntersectionObserver fired for repo-ecommerce [Object] @ http://localhost:5173/src/components/landing/LandingPage.jsx?t=1787453361303:119
[  116008ms] [LOG] [LandingPage] Loading section: repo-ecommerce @ http://localhost:5173/src/components/landing/LandingPage.jsx?t=1787453361303:122
[  116008ms] [LOG] [LandingPage] IntersectionObserver fired for apps [Object] @ http://localhost:5173/src/components/landing/LandingPage.jsx?t=1787453361303:119
[  116008ms] [LOG] [LandingPage] Loading section: apps @ http://localhost:5173/src/components/landing/LandingPage.jsx?t=1787453361303:122
[  116008ms] [LOG] [LandingPage] IntersectionObserver fired for repo-fashion [Object] @ http://localhost:5173/src/components/landing/LandingPage.jsx?t=1787453361303:119
[  116009ms] [LOG] [LandingPage] Loading section: repo-fashion @ http://localhost:5173/src/components/landing/LandingPage.jsx?t=1787453361303:122
[  116009ms] [LOG] [LandingPage] IntersectionObserver fired for repo-cinema [Object] @ http://localhost:5173/src/components/landing/LandingPage.jsx?t=1787453361303:119
[  116009ms] [LOG] [LandingPage] Loading section: repo-cinema @ http://localhost:5173/src/components/landing/LandingPage.jsx?t=1787453361303:122
[  116009ms] [LOG] [LandingPage] IntersectionObserver fired for repo-kinetic [Object] @ http://localhost:5173/src/components/landing/LandingPage.jsx?t=1787453361303:119
[  116009ms] [LOG] [LandingPage] Loading section: repo-kinetic @ http://localhost:5173/src/components/landing/LandingPage.jsx?t=1787453361303:122
[  116009ms] [LOG] [LandingPage] IntersectionObserver fired for repo-social-ads [Object] @ http://localhost:5173/src/components/landing/LandingPage.jsx?t=1787453361303:119
[  116009ms] [LOG] [LandingPage] Loading section: repo-social-ads @ http://localhost:5173/src/components/landing/LandingPage.jsx?t=1787453361303:122
[  116009ms] [LOG] [LandingPage] IntersectionObserver fired for made-with [Object] @ http://localhost:5173/src/components/landing/LandingPage.jsx?t=1787453361303:119
[  116010ms] [LOG] [LandingPage] Loading section: made-with @ http://localhost:5173/src/components/landing/LandingPage.jsx?t=1787453361303:122
[  116010ms] [LOG] [LandingPage] IntersectionObserver fired for value [Object] @ http://localhost:5173/src/components/landing/LandingPage.jsx?t=1787453361303:119
[  116011ms] [LOG] [LandingPage] Loading section: value @ http://localhost:5173/src/components/landing/LandingPage.jsx?t=1787453361303:122
[  116011ms] [LOG] [LandingPage] IntersectionObserver fired for engines [Object] @ http://localhost:5173/src/components/landing/LandingPage.jsx?t=1787453361303:119
[  116011ms] [LOG] [LandingPage] Loading section: engines @ http://localhost:5173/src/components/landing/LandingPage.jsx?t=1787453361303:122
[  116011ms] [LOG] [LandingPage] IntersectionObserver fired for workflow [Object] @ http://localhost:5173/src/components/landing/LandingPage.jsx?t=1787453361303:119
[  116012ms] [LOG] [LandingPage] Loading section: workflow @ http://localhost:5173/src/components/landing/LandingPage.jsx?t=1787453361303:122
[  116012ms] [LOG] [LandingPage] IntersectionObserver fired for repo-animated [Object] @ http://localhost:5173/src/components/landing/LandingPage.jsx?t=1787453361303:119
[  116012ms] [LOG] [LandingPage] Loading section: repo-animated @ http://localhost:5173/src/components/landing/LandingPage.jsx?t=1787453361303:122
[  116012ms] [LOG] [LandingPage] IntersectionObserver fired for repo-narrative [Object] @ http://localhost:5173/src/components/landing/LandingPage.jsx?t=1787453361303:119
[  116012ms] [LOG] [LandingPage] Loading section: repo-narrative @ http://localhost:5173/src/components/landing/LandingPage.jsx?t=1787453361303:122
[  116277ms] [LOG] [LandingPage] Section loaded: agency @ http://localhost:5173/src/components/landing/LandingPage.jsx?t=1787453361303:141
[  116293ms] [LOG] [LandingPage] Section loaded: comparison @ http://localhost:5173/src/components/landing/LandingPage.jsx?t=1787453361303:141
[  116294ms] [LOG] [LandingPage] Section loaded: cta @ http://localhost:5173/src/components/landing/LandingPage.jsx?t=1787453361303:141
[  116294ms] [LOG] [LandingPage] Section loaded: problem @ http://localhost:5173/src/components/landing/LandingPage.jsx?t=1787453361303:141
[  116305ms] [LOG] [LandingPage] Section loaded: scrolling @ http://localhost:5173/src/components/landing/LandingPage.jsx?t=1787453361303:141
[  116377ms] [LOG] [LandingPage] Section loaded: repos @ http://localhost:5173/src/components/landing/LandingPage.jsx?t=1787453361303:141
[  116455ms] [LOG] [LandingPage] Section loaded: offer @ http://localhost:5173/src/components/landing/LandingPage.jsx?t=1787453361303:141
[  116456ms] [LOG] [LandingPage] Section loaded: features @ http://localhost:5173/src/components/landing/LandingPage.jsx?t=1787453361303:141
[  116456ms] [LOG] [LandingPage] Section loaded: hook @ http://localhost:5173/src/components/landing/LandingPage.jsx?t=1787453361303:141
[  116483ms] [LOG] [LandingPage] Section loaded: value @ http://localhost:5173/src/components/landing/LandingPage.jsx?t=1787453361303:141
[  116485ms] [LOG] [LandingPage] Section loaded: engines @ http://localhost:5173/src/components/landing/LandingPage.jsx?t=1787453361303:141
[  116488ms] [LOG] [LandingPage] Section loaded: workflow @ http://localhost:5173/src/components/landing/LandingPage.jsx?t=1787453361303:141
[  116497ms] [LOG] [LandingPage] Section loaded: repo-animation @ http://localhost:5173/src/components/landing/LandingPage.jsx?t=1787453361303:141
[  116508ms] [LOG] [LandingPage] Section loaded: repo-narrative @ http://localhost:5173/src/components/landing/LandingPage.jsx?t=1787453361303:141
[  116512ms] [LOG] [LandingPage] Section loaded: ugc @ http://localhost:5173/src/components/landing/LandingPage.jsx?t=1787453361303:141
[  116519ms] [LOG] [LandingPage] Section loaded: repo-animated @ http://localhost:5173/src/components/landing/LandingPage.jsx?t=1787453361303:141
[  116528ms] [LOG] [LandingPage] Section loaded: repo-social-ads @ http://localhost:5173/src/components/landing/LandingPage.jsx?t=1787453361303:141
[  116537ms] [LOG] [LandingPage] Section loaded: repo-commercial @ http://localhost:5173/src/components/landing/LandingPage.jsx?t=1787453361303:141
[  116543ms] [LOG] [LandingPage] Section loaded: repo-fashion @ http://localhost:5173/src/components/landing/LandingPage.jsx?t=1787453361303:141
[  116546ms] [LOG] [LandingPage] Section loaded: gtm-boost @ http://localhost:5173/src/components/landing/LandingPage.jsx?t=1787453361303:141
[  116553ms] [LOG] [LandingPage] Section loaded: repo-kinetic @ http://localhost:5173/src/components/landing/LandingPage.jsx?t=1787453361303:141
[  116649ms] [LOG] [LandingPage] Section loaded: repo-ecommerce @ http://localhost:5173/src/components/landing/LandingPage.jsx?t=1787453361303:141
[  116658ms] [LOG] [LandingPage] Section loaded: gallery @ http://localhost:5173/src/components/landing/LandingPage.jsx?t=1787453361303:141
[  116662ms] [LOG] [LandingPage] Section loaded: repo-reference @ http://localhost:5173/src/components/landing/LandingPage.jsx?t=1787453361303:141
[  116672ms] [LOG] [LandingPage] Section loaded: repo-vertical @ http://localhost:5173/src/components/landing/LandingPage.jsx?t=1787453361303:141
[  116681ms] [LOG] [LandingPage] Section loaded: repo-vfx @ http://localhost:5173/src/components/landing/LandingPage.jsx?t=1787453361303:141
[  116691ms] [LOG] [LandingPage] Section loaded: repo-cinema @ http://localhost:5173/src/components/landing/LandingPage.jsx?t=1787453361303:141
[  116709ms] [LOG] [LandingPage] Section loaded: academy @ http://localhost:5173/src/components/landing/LandingPage.jsx?t=1787453361303:141
[  116715ms] [LOG] [LandingPage] Section loaded: apps @ http://localhost:5173/src/components/landing/LandingPage.jsx?t=1787453361303:141
[  116717ms] [LOG] [LandingPage] Section loaded: ai-workflow @ http://localhost:5173/src/components/landing/LandingPage.jsx?t=1787453361303:141
[  116878ms] [LOG] [LandingPage] Section loaded: made-with @ http://localhost:5173/src/components/landing/LandingPage.jsx?t=1787453361303:141
[  116957ms] [INFO] %cDownload the React DevTools for a better development experience: https://react.dev/link/react-devtools font-weight:bold @ http://localhost:5173/node_modules/.vite/deps/chunk-EEAUBQDT.js?v=93c1ec86:20096
[  116963ms] [ERROR] [ModalSystem] mount failed TypeError: Class constructor SortableElement cannot be invoked without 'new'
    at http://localhost:5173/components/modals/RetargetOptInModal.jsx?t=1787453361303:26:22 @ http://localhost:5173/src/main.js?t=1787453361303:329
[  116966ms] [ERROR] [popcorn-init] FAILED at: plugin-image TypeError: Class constructor SortableElement cannot be invoked without 'new'
    at http://localhost:5173/components/modals/RetargetOptInModal.jsx?t=1787453361303:26:22 @ http://localhost:5173/src/lib/popcornInit.js?t=1787453361303:55
[  117004ms] [ERROR] [popcorn-init] FAILED at: plugin-jsonTransition TypeError: Class constructor SortableElement cannot be invoked without 'new'
    at http://localhost:5173/components/modals/RetargetOptInModal.jsx?t=1787453361303:26:22 @ http://localhost:5173/src/lib/popcornInit.js?t=1787453361303:55
[  117082ms] [ERROR] [popcorn-init] FAILED at: plugin-lottie-json TypeError: Class constructor SortableElement cannot be invoked without 'new'
    at http://localhost:5173/components/modals/RetargetOptInModal.jsx?t=1787453361303:26:22 @ http://localhost:5173/src/lib/popcornInit.js?t=1787453361303:55
[  117115ms] [LOG] [popcorn-init] OK: plugin-json-button @ http://localhost:5173/src/lib/popcornInit.js?t=1787453361303:48
[  117146ms] [ERROR] [popcorn-init] FAILED at: plugin-personalizedImage TypeError: Class constructor SortableElement cannot be invoked without 'new'
    at http://localhost:5173/components/modals/RetargetOptInModal.jsx?t=1787453361303:26:22 @ http://localhost:5173/src/lib/popcornInit.js?t=1787453361303:55
[  117179ms] [ERROR] [popcorn-init] FAILED at: plugin-loopPlugin TypeError: Class constructor SortableElement cannot be invoked without 'new'
    at http://localhost:5173/components/modals/RetargetOptInModal.jsx?t=1787453361303:26:22 @ http://localhost:5173/src/lib/popcornInit.js?t=1787453361303:55
[  117194ms] [ERROR] [popcorn-init] FAILED at: plugin-pausePlugin TypeError: Class constructor SortableElement cannot be invoked without 'new'
    at http://localhost:5173/components/modals/RetargetOptInModal.jsx?t=1787453361303:26:22 @ http://localhost:5173/src/lib/popcornInit.js?t=1787453361303:55
[  117228ms] [ERROR] [popcorn-init] FAILED at: plugin-form TypeError: Class constructor SortableElement cannot be invoked without 'new'
    at http://localhost:5173/components/modals/RetargetOptInModal.jsx?t=1787453361303:26:22 @ http://localhost:5173/src/lib/popcornInit.js?t=1787453361303:55
[  117246ms] [ERROR] [popcorn-init] FAILED at: plugin-retarget TypeError: Class constructor SortableElement cannot be invoked without 'new'
    at http://localhost:5173/components/modals/RetargetOptInModal.jsx?t=1787453361303:26:22 @ http://localhost:5173/src/lib/popcornInit.js?t=1787453361303:55
[  117259ms] [LOG] [popcorn-init] OK: plugin-popup @ http://localhost:5173/src/lib/popcornInit.js?t=1787453361303:48
[  117272ms] [ERROR] [popcorn-init] FAILED at: plugin-sequencer TypeError: Class constructor SortableElement cannot be invoked without 'new'
    at http://localhost:5173/components/modals/RetargetOptInModal.jsx?t=1787453361303:26:22 @ http://localhost:5173/src/lib/popcornInit.js?t=1787453361303:55
[  117280ms] [ERROR] [popcorn-init] FAILED at: plugin-skip TypeError: Class constructor SortableElement cannot be invoked without 'new'
    at http://localhost:5173/components/modals/RetargetOptInModal.jsx?t=1787453361303:26:22 @ http://localhost:5173/src/lib/popcornInit.js?t=1787453361303:55
[  117318ms] [ERROR] [popcorn-init] FAILED at: plugin-text TypeError: Class constructor SortableElement cannot be invoked without 'new'
    at http://localhost:5173/components/modals/RetargetOptInModal.jsx?t=1787453361303:26:22 @ http://localhost:5173/src/lib/popcornInit.js?t=1787453361303:55
[  117337ms] [LOG] [popcorn-init] OK: plugin-social @ http://localhost:5173/src/lib/popcornInit.js?t=1787453361303:48
[  117346ms] [ERROR] [popcorn-init] FAILED at: plugin-jsonAnimation TypeError: Class constructor SortableElement cannot be invoked without 'new'
    at http://localhost:5173/components/modals/RetargetOptInModal.jsx?t=1787453361303:26:22 @ http://localhost:5173/src/lib/popcornInit.js?t=1787453361303:55
[  117374ms] [LOG] [popcorn-init] OK: plugin-videoTransition @ http://localhost:5173/src/lib/popcornInit.js?t=1787453361303:48
[  117382ms] [ERROR] [popcorn-init] FAILED at: plugin-seethroughtext TypeError: Class constructor SortableElement cannot be invoked without 'new'
    at http://localhost:5173/components/modals/RetargetOptInModal.jsx?t=1787453361303:26:22 @ http://localhost:5173/src/lib/popcornInit.js?t=1787453361303:55
[  117392ms] [LOG] [popcorn-init] OK: plugin-wikipedia @ http://localhost:5173/src/lib/popcornInit.js?t=1787453361303:48
[  117409ms] [ERROR] [popcorn-init] FAILED at: plugin-combined TypeError: Class constructor SortableElement cannot be invoked without 'new'
    at http://localhost:5173/components/modals/RetargetOptInModal.jsx?t=1787453361303:26:22 @ http://localhost:5173/src/lib/popcornInit.js?t=1787453361303:55
[  117423ms] [ERROR] [popcorn-init] FAILED at: plugin-background TypeError: Class constructor SortableElement cannot be invoked without 'new'
    at http://localhost:5173/components/modals/RetargetOptInModal.jsx?t=1787453361303:26:22 @ http://localhost:5173/src/lib/popcornInit.js?t=1787453361303:55
[  117424ms] [LOG] [popcorn-init] SUMMARY: 5/20 plugins registered; FAILED: plugin-image, plugin-jsonTransition, plugin-lottie-json, plugin-personalizedImage, plugin-loopPlugin, plugin-pausePlugin, plugin-form, plugin-retarget, plugin-sequencer, plugin-skip, plugin-text, plugin-jsonAnimation, plugin-seethroughtext, plugin-combined, plugin-background @ http://localhost:5173/src/lib/popcornInit.js?t=1787453361303:60
[  117424ms] [LOG] [popcorn] function 5 @ http://localhost:5173/src/main.js?t=1787453361303:4
[  119725ms] [LOG] [App] Starting initialization... @ http://localhost:5173/src/main.js?t=1787453361303:19
[  119733ms] [LOG] [popcorn-init] OK: jquery @ http://localhost:5173/src/lib/popcornInit.js?t=1787453361303:41
[  119734ms] [LOG] [popcorn-init] OK: jquery-textfill @ http://localhost:5173/src/lib/popcornInit.js?t=1787453361303:48
[  119735ms] [LOG] [popcorn-init] OK: popcorn-core @ http://localhost:5173/src/lib/popcornInit.js?t=1787453361303:48
[  119735ms] [LOG] [popcorn-init] OK: popcorn-ie8 @ http://localhost:5173/src/lib/popcornInit.js?t=1787453361303:48
[  119736ms] [LOG] [popcorn-init] OK: wrapper-common @ http://localhost:5173/src/lib/popcornInit.js?t=1787453361303:48
[  119738ms] [LOG] [popcorn-init] OK: wrapper-html5 @ http://localhost:5173/src/lib/popcornInit.js?t=1787453361303:48
[  119738ms] [LOG] [popcorn-init] OK: wrapper-vrview @ http://localhost:5173/src/lib/popcornInit.js?t=1787453361303:48
[  119738ms] [LOG] [popcorn-init] OK: wrapper-adaptive @ http://localhost:5173/src/lib/popcornInit.js?t=1787453361303:48
[  119739ms] [LOG] [popcorn-init] OK: wrapper-null @ http://localhost:5173/src/lib/popcornInit.js?t=1787453361303:48
[  119740ms] [LOG] [popcorn-init] OK: wrapper-soundcloud @ http://localhost:5173/src/lib/popcornInit.js?t=1787453361303:48
[  119740ms] [LOG] [popcorn-init] OK: wrapper-vimeo @ http://localhost:5173/src/lib/popcornInit.js?t=1787453361303:48
[  119741ms] [LOG] [popcorn-init] OK: wrapper-youtube @ http://localhost:5173/src/lib/popcornInit.js?t=1787453361303:48
[  119742ms] [LOG] [popcorn-init] OK: wrapper-jwplayer @ http://localhost:5173/src/lib/popcornInit.js?t=1787453361303:48
[  119742ms] [LOG] [popcorn-init] OK: player-module @ http://localhost:5173/src/lib/popcornInit.js?t=1787453361303:48
[  119747ms] [LOG] [LandingPage] Header.jsx loaded @ http://localhost:5173/src/components/landing/LandingPage.jsx?t=1787453361303:176
[  119846ms] [LOG] [LandingPage] CinematicVideoHero.jsx loaded @ http://localhost:5173/src/components/landing/LandingPage.jsx?t=1787453361303:189
[  120094ms] [LOG] [LandingPage] HeroSection.jsx loaded @ http://localhost:5173/src/components/landing/LandingPage.jsx?t=1787453361303:202
[  120095ms] [LOG] [LandingPage] Observer created for: scrolling placeholder id: section-scrolling @ http://localhost:5173/src/components/landing/LandingPage.jsx?t=1787453361303:160
[  120095ms] [LOG] [LandingPage] Observer created for: hook placeholder id: section-hook @ http://localhost:5173/src/components/landing/LandingPage.jsx?t=1787453361303:160
[  120095ms] [LOG] [LandingPage] Observer created for: engines placeholder id: section-engines @ http://localhost:5173/src/components/landing/LandingPage.jsx?t=1787453361303:160
[  120096ms] [LOG] [LandingPage] Observer created for: apps placeholder id: section-apps @ http://localhost:5173/src/components/landing/LandingPage.jsx?t=1787453361303:160
[  120096ms] [LOG] [LandingPage] Observer created for: features placeholder id: section-features @ http://localhost:5173/src/components/landing/LandingPage.jsx?t=1787453361303:160
[  120096ms] [LOG] [LandingPage] Observer created for: problem placeholder id: section-problem @ http://localhost:5173/src/components/landing/LandingPage.jsx?t=1787453361303:160
[  120096ms] [LOG] [LandingPage] Observer created for: workflow placeholder id: section-workflow @ http://localhost:5173/src/components/landing/LandingPage.jsx?t=1787453361303:160
[  120096ms] [LOG] [LandingPage] Observer created for: comparison placeholder id: section-comparison @ http://localhost:5173/src/components/landing/LandingPage.jsx?t=1787453361303:160
[  120096ms] [LOG] [LandingPage] Observer created for: value placeholder id: section-value @ http://localhost:5173/src/components/landing/LandingPage.jsx?t=1787453361303:160
[  120096ms] [LOG] [LandingPage] Observer created for: agency placeholder id: section-agency @ http://localhost:5173/src/components/landing/LandingPage.jsx?t=1787453361303:160
[  120096ms] [LOG] [LandingPage] Observer created for: offer placeholder id: section-offer @ http://localhost:5173/src/components/landing/LandingPage.jsx?t=1787453361303:160
[  120096ms] [LOG] [LandingPage] Observer created for: cta placeholder id: section-cta @ http://localhost:5173/src/components/landing/LandingPage.jsx?t=1787453361303:160
[  120096ms] [LOG] [LandingPage] Observer created for: ai-workflow placeholder id: section-ai-workflow @ http://localhost:5173/src/components/landing/LandingPage.jsx?t=1787453361303:160
[  120096ms] [LOG] [LandingPage] Observer created for: made-with placeholder id: section-made-with @ http://localhost:5173/src/components/landing/LandingPage.jsx?t=1787453361303:160
[  120096ms] [LOG] [LandingPage] Observer created for: ugc placeholder id: section-ugc @ http://localhost:5173/src/components/landing/LandingPage.jsx?t=1787453361303:160
[  120096ms] [LOG] [LandingPage] Observer created for: gallery placeholder id: section-gallery @ http://localhost:5173/src/components/landing/LandingPage.jsx?t=1787453361303:160
[  120096ms] [LOG] [LandingPage] Observer created for: academy placeholder id: section-academy @ http://localhost:5173/src/components/landing/LandingPage.jsx?t=1787453361303:160
[  120096ms] [LOG] [LandingPage] Observer created for: repo-cinema placeholder id: section-repo-cinema @ http://localhost:5173/src/components/landing/LandingPage.jsx?t=1787453361303:160
[  120096ms] [LOG] [LandingPage] Observer created for: repo-commercial placeholder id: section-repo-commercial @ http://localhost:5173/src/components/landing/LandingPage.jsx?t=1787453361303:160
[  120097ms] [LOG] [LandingPage] Observer created for: repo-social-ads placeholder id: section-repo-social-ads @ http://localhost:5173/src/components/landing/LandingPage.jsx?t=1787453361303:160
[  120097ms] [LOG] [LandingPage] Observer created for: repo-narrative placeholder id: section-repo-narrative @ http://localhost:5173/src/components/landing/LandingPage.jsx?t=1787453361303:160
[  120097ms] [LOG] [LandingPage] Observer created for: repo-vertical placeholder id: section-repo-vertical @ http://localhost:5173/src/components/landing/LandingPage.jsx?t=1787453361303:160
[  120097ms] [LOG] [LandingPage] Observer created for: repo-ecommerce placeholder id: section-repo-ecommerce @ http://localhost:5173/src/components/landing/LandingPage.jsx?t=1787453361303:160
[  120097ms] [LOG] [LandingPage] Observer created for: repo-kinetic placeholder id: section-repo-kinetic @ http://localhost:5173/src/components/landing/LandingPage.jsx?t=1787453361303:160
[  120097ms] [LOG] [LandingPage] Observer created for: repo-animated placeholder id: section-repo-animated @ http://localhost:5173/src/components/landing/LandingPage.jsx?t=1787453361303:160
[  120097ms] [LOG] [LandingPage] Observer created for: repo-animation placeholder id: section-repo-animation @ http://localhost:5173/src/components/landing/LandingPage.jsx?t=1787453361303:160
[  120097ms] [LOG] [LandingPage] Observer created for: repo-reference placeholder id: section-repo-reference @ http://localhost:5173/src/components/landing/LandingPage.jsx?t=1787453361303:160
[  120097ms] [LOG] [LandingPage] Observer created for: repo-vfx placeholder id: section-repo-vfx @ http://localhost:5173/src/components/landing/LandingPage.jsx?t=1787453361303:160
[  120097ms] [LOG] [LandingPage] Observer created for: repo-fashion placeholder id: section-repo-fashion @ http://localhost:5173/src/components/landing/LandingPage.jsx?t=1787453361303:160
[  120097ms] [LOG] [LandingPage] Observer created for: repos placeholder id: section-repos @ http://localhost:5173/src/components/landing/LandingPage.jsx?t=1787453361303:160
[  120097ms] [LOG] [LandingPage] Observer created for: gtm-boost placeholder id: section-gtm-boost @ http://localhost:5173/src/components/landing/LandingPage.jsx?t=1787453361303:160
[  120098ms] [LOG] [App] Landing page rendered @ http://localhost:5173/src/main.js?t=1787453361303:88
[  120112ms] [LOG] [LandingPage] IntersectionObserver fired for academy [Object] @ http://localhost:5173/src/components/landing/LandingPage.jsx?t=1787453361303:119
[  120112ms] [LOG] [LandingPage] Loading section: academy @ http://localhost:5173/src/components/landing/LandingPage.jsx?t=1787453361303:122
[  120113ms] [LOG] [LandingPage] IntersectionObserver fired for gallery [Object] @ http://localhost:5173/src/components/landing/LandingPage.jsx?t=1787453361303:119
[  120113ms] [LOG] [LandingPage] Loading section: gallery @ http://localhost:5173/src/components/landing/LandingPage.jsx?t=1787453361303:122
[  120113ms] [LOG] [LandingPage] IntersectionObserver fired for made-with [Object] @ http://localhost:5173/src/components/landing/LandingPage.jsx?t=1787453361303:119
[  120113ms] [LOG] [LandingPage] Loading section: made-with @ http://localhost:5173/src/components/landing/LandingPage.jsx?t=1787453361303:122
[  120114ms] [LOG] [LandingPage] IntersectionObserver fired for repo-narrative [Object] @ http://localhost:5173/src/components/landing/LandingPage.jsx?t=1787453361303:119
[  120114ms] [LOG] [LandingPage] Loading section: repo-narrative @ http://localhost:5173/src/components/landing/LandingPage.jsx?t=1787453361303:122
[  120114ms] [LOG] [LandingPage] IntersectionObserver fired for engines [Object] @ http://localhost:5173/src/components/landing/LandingPage.jsx?t=1787453361303:119
[  120115ms] [LOG] [LandingPage] Loading section: engines @ http://localhost:5173/src/components/landing/LandingPage.jsx?t=1787453361303:122
[  120115ms] [LOG] [LandingPage] IntersectionObserver fired for repo-kinetic [Object] @ http://localhost:5173/src/components/landing/LandingPage.jsx?t=1787453361303:119
[  120115ms] [LOG] [LandingPage] Loading section: repo-kinetic @ http://localhost:5173/src/components/landing/LandingPage.jsx?t=1787453361303:122
[  120115ms] [LOG] [LandingPage] IntersectionObserver fired for repo-reference [Object] @ http://localhost:5173/src/components/landing/LandingPage.jsx?t=1787453361303:119
[  120115ms] [LOG] [LandingPage] Loading section: repo-reference @ http://localhost:5173/src/components/landing/LandingPage.jsx?t=1787453361303:122
[  120115ms] [LOG] [LandingPage] IntersectionObserver fired for hook [Object] @ http://localhost:5173/src/components/landing/LandingPage.jsx?t=1787453361303:119
[  120115ms] [LOG] [LandingPage] Loading section: hook @ http://localhost:5173/src/components/landing/LandingPage.jsx?t=1787453361303:122
[  120116ms] [LOG] [LandingPage] IntersectionObserver fired for workflow [Object] @ http://localhost:5173/src/components/landing/LandingPage.jsx?t=1787453361303:119
[  120116ms] [LOG] [LandingPage] Loading section: workflow @ http://localhost:5173/src/components/landing/LandingPage.jsx?t=1787453361303:122
[  120116ms] [LOG] [LandingPage] IntersectionObserver fired for gtm-boost [Object] @ http://localhost:5173/src/components/landing/LandingPage.jsx?t=1787453361303:119
[  120116ms] [LOG] [LandingPage] Loading section: gtm-boost @ http://localhost:5173/src/components/landing/LandingPage.jsx?t=1787453361303:122
[  120116ms] [LOG] [LandingPage] IntersectionObserver fired for features [Object] @ http://localhost:5173/src/components/landing/LandingPage.jsx?t=1787453361303:119
[  120116ms] [LOG] [LandingPage] Loading section: features @ http://localhost:5173/src/components/landing/LandingPage.jsx?t=1787453361303:122
[  120117ms] [LOG] [LandingPage] IntersectionObserver fired for scrolling [Object] @ http://localhost:5173/src/components/landing/LandingPage.jsx?t=1787453361303:119
[  120117ms] [LOG] [LandingPage] Loading section: scrolling @ http://localhost:5173/src/components/landing/LandingPage.jsx?t=1787453361303:122
[  120117ms] [LOG] [LandingPage] IntersectionObserver fired for repo-animation [Object] @ http://localhost:5173/src/components/landing/LandingPage.jsx?t=1787453361303:119
[  120118ms] [LOG] [LandingPage] Loading section: repo-animation @ http://localhost:5173/src/components/landing/LandingPage.jsx?t=1787453361303:122
[  120118ms] [LOG] [LandingPage] IntersectionObserver fired for repo-vertical [Object] @ http://localhost:5173/src/components/landing/LandingPage.jsx?t=1787453361303:119
[  120118ms] [LOG] [LandingPage] Loading section: repo-vertical @ http://localhost:5173/src/components/landing/LandingPage.jsx?t=1787453361303:122
[  120118ms] [LOG] [LandingPage] IntersectionObserver fired for agency [Object] @ http://localhost:5173/src/components/landing/LandingPage.jsx?t=1787453361303:119
[  120118ms] [LOG] [LandingPage] Loading section: agency @ http://localhost:5173/src/components/landing/LandingPage.jsx?t=1787453361303:122
[  120118ms] [LOG] [LandingPage] IntersectionObserver fired for repos [Object] @ http://localhost:5173/src/components/landing/LandingPage.jsx?t=1787453361303:119
[  120118ms] [LOG] [LandingPage] Loading section: repos @ http://localhost:5173/src/components/landing/LandingPage.jsx?t=1787453361303:122
[  120119ms] [LOG] [LandingPage] IntersectionObserver fired for repo-social-ads [Object] @ http://localhost:5173/src/components/landing/LandingPage.jsx?t=1787453361303:119
[  120119ms] [LOG] [LandingPage] Loading section: repo-social-ads @ http://localhost:5173/src/components/landing/LandingPage.jsx?t=1787453361303:122
[  120119ms] [LOG] [LandingPage] IntersectionObserver fired for repo-fashion [Object] @ http://localhost:5173/src/components/landing/LandingPage.jsx?t=1787453361303:119
[  120119ms] [LOG] [LandingPage] Loading section: repo-fashion @ http://localhost:5173/src/components/landing/LandingPage.jsx?t=1787453361303:122
[  120119ms] [LOG] [LandingPage] IntersectionObserver fired for comparison [Object] @ http://localhost:5173/src/components/landing/LandingPage.jsx?t=1787453361303:119
[  120119ms] [LOG] [LandingPage] Loading section: comparison @ http://localhost:5173/src/components/landing/LandingPage.jsx?t=1787453361303:122
[  120120ms] [LOG] [LandingPage] IntersectionObserver fired for ugc [Object] @ http://localhost:5173/src/components/landing/LandingPage.jsx?t=1787453361303:119
[  120120ms] [LOG] [LandingPage] Loading section: ugc @ http://localhost:5173/src/components/landing/LandingPage.jsx?t=1787453361303:122
[  120120ms] [LOG] [LandingPage] IntersectionObserver fired for repo-commercial [Object] @ http://localhost:5173/src/components/landing/LandingPage.jsx?t=1787453361303:119
[  120122ms] [LOG] [LandingPage] Loading section: repo-commercial @ http://localhost:5173/src/components/landing/LandingPage.jsx?t=1787453361303:122
[  120122ms] [LOG] [LandingPage] IntersectionObserver fired for repo-ecommerce [Object] @ http://localhost:5173/src/components/landing/LandingPage.jsx?t=1787453361303:119
[  120122ms] [LOG] [LandingPage] Loading section: repo-ecommerce @ http://localhost:5173/src/components/landing/LandingPage.jsx?t=1787453361303:122
[  120122ms] [LOG] [LandingPage] IntersectionObserver fired for offer [Object] @ http://localhost:5173/src/components/landing/LandingPage.jsx?t=1787453361303:119
[  120123ms] [LOG] [LandingPage] Loading section: offer @ http://localhost:5173/src/components/landing/LandingPage.jsx?t=1787453361303:122
[  120123ms] [LOG] [LandingPage] IntersectionObserver fired for value [Object] @ http://localhost:5173/src/components/landing/LandingPage.jsx?t=1787453361303:119
[  120123ms] [LOG] [LandingPage] Loading section: value @ http://localhost:5173/src/components/landing/LandingPage.jsx?t=1787453361303:122
[  120123ms] [LOG] [LandingPage] IntersectionObserver fired for problem [Object] @ http://localhost:5173/src/components/landing/LandingPage.jsx?t=1787453361303:119
[  120123ms] [LOG] [LandingPage] Loading section: problem @ http://localhost:5173/src/components/landing/LandingPage.jsx?t=1787453361303:122
[  120124ms] [LOG] [LandingPage] IntersectionObserver fired for cta [Object] @ http://localhost:5173/src/components/landing/LandingPage.jsx?t=1787453361303:119
[  120124ms] [LOG] [LandingPage] Loading section: cta @ http://localhost:5173/src/components/landing/LandingPage.jsx?t=1787453361303:122
[  120124ms] [LOG] [LandingPage] IntersectionObserver fired for repo-animated [Object] @ http://localhost:5173/src/components/landing/LandingPage.jsx?t=1787453361303:119
[  120124ms] [LOG] [LandingPage] Loading section: repo-animated @ http://localhost:5173/src/components/landing/LandingPage.jsx?t=1787453361303:122
[  120124ms] [LOG] [LandingPage] IntersectionObserver fired for apps [Object] @ http://localhost:5173/src/components/landing/LandingPage.jsx?t=1787453361303:119
[  120125ms] [LOG] [LandingPage] Loading section: apps @ http://localhost:5173/src/components/landing/LandingPage.jsx?t=1787453361303:122
[  120125ms] [LOG] [LandingPage] IntersectionObserver fired for repo-vfx [Object] @ http://localhost:5173/src/components/landing/LandingPage.jsx?t=1787453361303:119
[  120126ms] [LOG] [LandingPage] Loading section: repo-vfx @ http://localhost:5173/src/components/landing/LandingPage.jsx?t=1787453361303:122
[  120127ms] [LOG] [LandingPage] IntersectionObserver fired for ai-workflow [Object] @ http://localhost:5173/src/components/landing/LandingPage.jsx?t=1787453361303:119
[  120127ms] [LOG] [LandingPage] Loading section: ai-workflow @ http://localhost:5173/src/components/landing/LandingPage.jsx?t=1787453361303:122
[  120129ms] [LOG] [LandingPage] IntersectionObserver fired for repo-cinema [Object] @ http://localhost:5173/src/components/landing/LandingPage.jsx?t=1787453361303:119
[  120129ms] [LOG] [LandingPage] Loading section: repo-cinema @ http://localhost:5173/src/components/landing/LandingPage.jsx?t=1787453361303:122
[  120493ms] [LOG] [LandingPage] Section loaded: engines @ http://localhost:5173/src/components/landing/LandingPage.jsx?t=1787453361303:141
[  120494ms] [LOG] [LandingPage] Section loaded: hook @ http://localhost:5173/src/components/landing/LandingPage.jsx?t=1787453361303:141
[  120522ms] [LOG] [LandingPage] Section loaded: workflow @ http://localhost:5173/src/components/landing/LandingPage.jsx?t=1787453361303:141
[  120532ms] [LOG] [LandingPage] Section loaded: features @ http://localhost:5173/src/components/landing/LandingPage.jsx?t=1787453361303:141
[  120538ms] [LOG] [LandingPage] Section loaded: scrolling @ http://localhost:5173/src/components/landing/LandingPage.jsx?t=1787453361303:141
[  120538ms] [LOG] [LandingPage] Section loaded: agency @ http://localhost:5173/src/components/landing/LandingPage.jsx?t=1787453361303:141
[  120539ms] [LOG] [LandingPage] Section loaded: comparison @ http://localhost:5173/src/components/landing/LandingPage.jsx?t=1787453361303:141
[  120540ms] [LOG] [LandingPage] Section loaded: offer @ http://localhost:5173/src/components/landing/LandingPage.jsx?t=1787453361303:141
[  120540ms] [LOG] [LandingPage] Section loaded: value @ http://localhost:5173/src/components/landing/LandingPage.jsx?t=1787453361303:141
[  120541ms] [LOG] [LandingPage] Section loaded: problem @ http://localhost:5173/src/components/landing/LandingPage.jsx?t=1787453361303:141
[  120541ms] [LOG] [LandingPage] Section loaded: cta @ http://localhost:5173/src/components/landing/LandingPage.jsx?t=1787453361303:141
[  120621ms] [LOG] [LandingPage] Section loaded: repos @ http://localhost:5173/src/components/landing/LandingPage.jsx?t=1787453361303:141
[  120777ms] [LOG] [LandingPage] Section loaded: gallery @ http://localhost:5173/src/components/landing/LandingPage.jsx?t=1787453361303:141
[  120783ms] [LOG] [LandingPage] Section loaded: ugc @ http://localhost:5173/src/components/landing/LandingPage.jsx?t=1787453361303:141
[  120789ms] [LOG] [LandingPage] Section loaded: gtm-boost @ http://localhost:5173/src/components/landing/LandingPage.jsx?t=1787453361303:141
[  120798ms] [LOG] [LandingPage] Section loaded: made-with @ http://localhost:5173/src/components/landing/LandingPage.jsx?t=1787453361303:141
[  120890ms] [LOG] [LandingPage] Section loaded: academy @ http://localhost:5173/src/components/landing/LandingPage.jsx?t=1787453361303:141
[  120896ms] [LOG] [LandingPage] Section loaded: ai-workflow @ http://localhost:5173/src/components/landing/LandingPage.jsx?t=1787453361303:141
[  120900ms] [LOG] [LandingPage] Section loaded: apps @ http://localhost:5173/src/components/landing/LandingPage.jsx?t=1787453361303:141
[  120941ms] [LOG] [LandingPage] Section loaded: repo-commercial @ http://localhost:5173/src/components/landing/LandingPage.jsx?t=1787453361303:141
[  120949ms] [LOG] [LandingPage] Section loaded: repo-narrative @ http://localhost:5173/src/components/landing/LandingPage.jsx?t=1787453361303:141
[  120956ms] [LOG] [LandingPage] Section loaded: repo-reference @ http://localhost:5173/src/components/landing/LandingPage.jsx?t=1787453361303:141
[  120962ms] [LOG] [LandingPage] Section loaded: repo-animation @ http://localhost:5173/src/components/landing/LandingPage.jsx?t=1787453361303:141
[  120968ms] [LOG] [LandingPage] Section loaded: repo-fashion @ http://localhost:5173/src/components/landing/LandingPage.jsx?t=1787453361303:141
[  120974ms] [LOG] [LandingPage] Section loaded: repo-animated @ http://localhost:5173/src/components/landing/LandingPage.jsx?t=1787453361303:141
[  120982ms] [LOG] [LandingPage] Section loaded: repo-social-ads @ http://localhost:5173/src/components/landing/LandingPage.jsx?t=1787453361303:141
[  120990ms] [LOG] [LandingPage] Section loaded: repo-vertical @ http://localhost:5173/src/components/landing/LandingPage.jsx?t=1787453361303:141
[  120997ms] [LOG] [LandingPage] Section loaded: repo-ecommerce @ http://localhost:5173/src/components/landing/LandingPage.jsx?t=1787453361303:141
[  121007ms] [LOG] [LandingPage] Section loaded: repo-kinetic @ http://localhost:5173/src/components/landing/LandingPage.jsx?t=1787453361303:141
[  121015ms] [LOG] [LandingPage] Section loaded: repo-cinema @ http://localhost:5173/src/components/landing/LandingPage.jsx?t=1787453361303:141
[  121025ms] [LOG] [LandingPage] Section loaded: repo-vfx @ http://localhost:5173/src/components/landing/LandingPage.jsx?t=1787453361303:141
[  121201ms] [ERROR] [popcorn-init] FAILED at: plugin-image TypeError: Class constructor SortableElement cannot be invoked without 'new'
    at http://localhost:5173/components/modals/RetargetOptInModal.jsx?t=1787453361303:26:22 @ http://localhost:5173/src/lib/popcornInit.js?t=1787453361303:55
[  121204ms] [INFO] %cDownload the React DevTools for a better development experience: https://react.dev/link/react-devtools font-weight:bold @ http://localhost:5173/node_modules/.vite/deps/chunk-EEAUBQDT.js?v=93c1ec86:20096
[  121204ms] [ERROR] [ModalSystem] mount failed TypeError: Class constructor SortableElement cannot be invoked without 'new'
    at http://localhost:5173/components/modals/RetargetOptInModal.jsx?t=1787453361303:26:22 @ http://localhost:5173/src/main.js?t=1787453361303:329
[  121219ms] [ERROR] [popcorn-init] FAILED at: plugin-jsonTransition TypeError: Class constructor SortableElement cannot be invoked without 'new'
    at http://localhost:5173/components/modals/RetargetOptInModal.jsx?t=1787453361303:26:22 @ http://localhost:5173/src/lib/popcornInit.js?t=1787453361303:55
[  121233ms] [ERROR] [popcorn-init] FAILED at: plugin-lottie-json TypeError: Class constructor SortableElement cannot be invoked without 'new'
    at http://localhost:5173/components/modals/RetargetOptInModal.jsx?t=1787453361303:26:22 @ http://localhost:5173/src/lib/popcornInit.js?t=1787453361303:55
[  121267ms] [LOG] [popcorn-init] OK: plugin-json-button @ http://localhost:5173/src/lib/popcornInit.js?t=1787453361303:48
[  121282ms] [ERROR] [popcorn-init] FAILED at: plugin-personalizedImage TypeError: Class constructor SortableElement cannot be invoked without 'new'
    at http://localhost:5173/components/modals/RetargetOptInModal.jsx?t=1787453361303:26:22 @ http://localhost:5173/src/lib/popcornInit.js?t=1787453361303:55
[  121294ms] [ERROR] [popcorn-init] FAILED at: plugin-loopPlugin TypeError: Class constructor SortableElement cannot be invoked without 'new'
    at http://localhost:5173/components/modals/RetargetOptInModal.jsx?t=1787453361303:26:22 @ http://localhost:5173/src/lib/popcornInit.js?t=1787453361303:55
[  121299ms] [ERROR] [popcorn-init] FAILED at: plugin-pausePlugin TypeError: Class constructor SortableElement cannot be invoked without 'new'
    at http://localhost:5173/components/modals/RetargetOptInModal.jsx?t=1787453361303:26:22 @ http://localhost:5173/src/lib/popcornInit.js?t=1787453361303:55
[  121331ms] [ERROR] [popcorn-init] FAILED at: plugin-form TypeError: Class constructor SortableElement cannot be invoked without 'new'
    at http://localhost:5173/components/modals/RetargetOptInModal.jsx?t=1787453361303:26:22 @ http://localhost:5173/src/lib/popcornInit.js?t=1787453361303:55
[  121368ms] [ERROR] [popcorn-init] FAILED at: plugin-retarget TypeError: Class constructor SortableElement cannot be invoked without 'new'
    at http://localhost:5173/components/modals/RetargetOptInModal.jsx?t=1787453361303:26:22 @ http://localhost:5173/src/lib/popcornInit.js?t=1787453361303:55
[  121381ms] [LOG] [popcorn-init] OK: plugin-popup @ http://localhost:5173/src/lib/popcornInit.js?t=1787453361303:48
[  121388ms] [ERROR] [popcorn-init] FAILED at: plugin-sequencer TypeError: Class constructor SortableElement cannot be invoked without 'new'
    at http://localhost:5173/components/modals/RetargetOptInModal.jsx?t=1787453361303:26:22 @ http://localhost:5173/src/lib/popcornInit.js?t=1787453361303:55
[  121399ms] [ERROR] [popcorn-init] FAILED at: plugin-skip TypeError: Class constructor SortableElement cannot be invoked without 'new'
    at http://localhost:5173/components/modals/RetargetOptInModal.jsx?t=1787453361303:26:22 @ http://localhost:5173/src/lib/popcornInit.js?t=1787453361303:55
[  121429ms] [ERROR] [popcorn-init] FAILED at: plugin-text TypeError: Class constructor SortableElement cannot be invoked without 'new'
    at http://localhost:5173/components/modals/RetargetOptInModal.jsx?t=1787453361303:26:22 @ http://localhost:5173/src/lib/popcornInit.js?t=1787453361303:55
[  121438ms] [LOG] [popcorn-init] OK: plugin-social @ http://localhost:5173/src/lib/popcornInit.js?t=1787453361303:48
[  121442ms] [ERROR] [popcorn-init] FAILED at: plugin-jsonAnimation TypeError: Class constructor SortableElement cannot be invoked without 'new'
    at http://localhost:5173/components/modals/RetargetOptInModal.jsx?t=1787453361303:26:22 @ http://localhost:5173/src/lib/popcornInit.js?t=1787453361303:55
[  121458ms] [LOG] [popcorn-init] OK: plugin-videoTransition @ http://localhost:5173/src/lib/popcornInit.js?t=1787453361303:48
[  121463ms] [ERROR] [popcorn-init] FAILED at: plugin-seethroughtext TypeError: Class constructor SortableElement cannot be invoked without 'new'
    at http://localhost:5173/components/modals/RetargetOptInModal.jsx?t=1787453361303:26:22 @ http://localhost:5173/src/lib/popcornInit.js?t=1787453361303:55
[  121466ms] [LOG] [popcorn-init] OK: plugin-wikipedia @ http://localhost:5173/src/lib/popcornInit.js?t=1787453361303:48
[  121477ms] [ERROR] [popcorn-init] FAILED at: plugin-combined TypeError: Class constructor SortableElement cannot be invoked without 'new'
    at http://localhost:5173/components/modals/RetargetOptInModal.jsx?t=1787453361303:26:22 @ http://localhost:5173/src/lib/popcornInit.js?t=1787453361303:55
[  121482ms] [ERROR] [popcorn-init] FAILED at: plugin-background TypeError: Class constructor SortableElement cannot be invoked without 'new'
    at http://localhost:5173/components/modals/RetargetOptInModal.jsx?t=1787453361303:26:22 @ http://localhost:5173/src/lib/popcornInit.js?t=1787453361303:55
[  121482ms] [LOG] [popcorn-init] SUMMARY: 5/20 plugins registered; FAILED: plugin-image, plugin-jsonTransition, plugin-lottie-json, plugin-personalizedImage, plugin-loopPlugin, plugin-pausePlugin, plugin-form, plugin-retarget, plugin-sequencer, plugin-skip, plugin-text, plugin-jsonAnimation, plugin-seethroughtext, plugin-combined, plugin-background @ http://localhost:5173/src/lib/popcornInit.js?t=1787453361303:60
[  121482ms] [LOG] [popcorn] function 5 @ http://localhost:5173/src/main.js?t=1787453361303:4
[  124002ms] [LOG] [App] Starting initialization... @ http://localhost:5173/src/main.js?t=1787453361303:19
[  124013ms] [LOG] [popcorn-init] OK: jquery @ http://localhost:5173/src/lib/popcornInit.js?t=1787453361303:41
[  124014ms] [LOG] [popcorn-init] OK: jquery-textfill @ http://localhost:5173/src/lib/popcornInit.js?t=1787453361303:48
[  124015ms] [LOG] [popcorn-init] OK: popcorn-core @ http://localhost:5173/src/lib/popcornInit.js?t=1787453361303:48
[  124017ms] [LOG] [popcorn-init] OK: popcorn-ie8 @ http://localhost:5173/src/lib/popcornInit.js?t=1787453361303:48
[  124020ms] [LOG] [popcorn-init] OK: wrapper-common @ http://localhost:5173/src/lib/popcornInit.js?t=1787453361303:48
[  124021ms] [LOG] [popcorn-init] OK: wrapper-html5 @ http://localhost:5173/src/lib/popcornInit.js?t=1787453361303:48
[  124022ms] [LOG] [popcorn-init] OK: wrapper-vrview @ http://localhost:5173/src/lib/popcornInit.js?t=1787453361303:48
[  124023ms] [LOG] [popcorn-init] OK: wrapper-adaptive @ http://localhost:5173/src/lib/popcornInit.js?t=1787453361303:48
[  124023ms] [LOG] [popcorn-init] OK: wrapper-null @ http://localhost:5173/src/lib/popcornInit.js?t=1787453361303:48
[  124023ms] [LOG] [popcorn-init] OK: wrapper-soundcloud @ http://localhost:5173/src/lib/popcornInit.js?t=1787453361303:48
[  124024ms] [LOG] [popcorn-init] OK: wrapper-vimeo @ http://localhost:5173/src/lib/popcornInit.js?t=1787453361303:48
[  124025ms] [LOG] [popcorn-init] OK: wrapper-youtube @ http://localhost:5173/src/lib/popcornInit.js?t=1787453361303:48
[  124026ms] [LOG] [popcorn-init] OK: wrapper-jwplayer @ http://localhost:5173/src/lib/popcornInit.js?t=1787453361303:48
[  124026ms] [LOG] [popcorn-init] OK: player-module @ http://localhost:5173/src/lib/popcornInit.js?t=1787453361303:48
[  124037ms] [LOG] [LandingPage] Header.jsx loaded @ http://localhost:5173/src/components/landing/LandingPage.jsx?t=1787453361303:176
[  124131ms] [LOG] [LandingPage] CinematicVideoHero.jsx loaded @ http://localhost:5173/src/components/landing/LandingPage.jsx?t=1787453361303:189
[  124464ms] [LOG] [LandingPage] HeroSection.jsx loaded @ http://localhost:5173/src/components/landing/LandingPage.jsx?t=1787453361303:202
[  124465ms] [LOG] [LandingPage] Observer created for: scrolling placeholder id: section-scrolling @ http://localhost:5173/src/components/landing/LandingPage.jsx?t=1787453361303:160
[  124465ms] [LOG] [LandingPage] Observer created for: hook placeholder id: section-hook @ http://localhost:5173/src/components/landing/LandingPage.jsx?t=1787453361303:160
[  124465ms] [LOG] [LandingPage] Observer created for: engines placeholder id: section-engines @ http://localhost:5173/src/components/landing/LandingPage.jsx?t=1787453361303:160
[  124465ms] [LOG] [LandingPage] Observer created for: apps placeholder id: section-apps @ http://localhost:5173/src/components/landing/LandingPage.jsx?t=1787453361303:160
[  124465ms] [LOG] [LandingPage] Observer created for: features placeholder id: section-features @ http://localhost:5173/src/components/landing/LandingPage.jsx?t=1787453361303:160
[  124465ms] [LOG] [LandingPage] Observer created for: problem placeholder id: section-problem @ http://localhost:5173/src/components/landing/LandingPage.jsx?t=1787453361303:160
[  124466ms] [LOG] [LandingPage] Observer created for: workflow placeholder id: section-workflow @ http://localhost:5173/src/components/landing/LandingPage.jsx?t=1787453361303:160
[  124466ms] [LOG] [LandingPage] Observer created for: comparison placeholder id: section-comparison @ http://localhost:5173/src/components/landing/LandingPage.jsx?t=1787453361303:160
[  124466ms] [LOG] [LandingPage] Observer created for: value placeholder id: section-value @ http://localhost:5173/src/components/landing/LandingPage.jsx?t=1787453361303:160
[  124466ms] [LOG] [LandingPage] Observer created for: agency placeholder id: section-agency @ http://localhost:5173/src/components/landing/LandingPage.jsx?t=1787453361303:160
[  124466ms] [LOG] [LandingPage] Observer created for: offer placeholder id: section-offer @ http://localhost:5173/src/components/landing/LandingPage.jsx?t=1787453361303:160
[  124466ms] [LOG] [LandingPage] Observer created for: cta placeholder id: section-cta @ http://localhost:5173/src/components/landing/LandingPage.jsx?t=1787453361303:160
[  124466ms] [LOG] [LandingPage] Observer created for: ai-workflow placeholder id: section-ai-workflow @ http://localhost:5173/src/components/landing/LandingPage.jsx?t=1787453361303:160
[  124466ms] [LOG] [LandingPage] Observer created for: made-with placeholder id: section-made-with @ http://localhost:5173/src/components/landing/LandingPage.jsx?t=1787453361303:160
[  124466ms] [LOG] [LandingPage] Observer created for: ugc placeholder id: section-ugc @ http://localhost:5173/src/components/landing/LandingPage.jsx?t=1787453361303:160
[  124466ms] [LOG] [LandingPage] Observer created for: gallery placeholder id: section-gallery @ http://localhost:5173/src/components/landing/LandingPage.jsx?t=1787453361303:160
[  124466ms] [LOG] [LandingPage] Observer created for: academy placeholder id: section-academy @ http://localhost:5173/src/components/landing/LandingPage.jsx?t=1787453361303:160
[  124466ms] [LOG] [LandingPage] Observer created for: repo-cinema placeholder id: section-repo-cinema @ http://localhost:5173/src/components/landing/LandingPage.jsx?t=1787453361303:160
[  124466ms] [LOG] [LandingPage] Observer created for: repo-commercial placeholder id: section-repo-commercial @ http://localhost:5173/src/components/landing/LandingPage.jsx?t=1787453361303:160
[  124466ms] [LOG] [LandingPage] Observer created for: repo-social-ads placeholder id: section-repo-social-ads @ http://localhost:5173/src/components/landing/LandingPage.jsx?t=1787453361303:160
[  124466ms] [LOG] [LandingPage] Observer created for: repo-narrative placeholder id: section-repo-narrative @ http://localhost:5173/src/components/landing/LandingPage.jsx?t=1787453361303:160
[  124467ms] [LOG] [LandingPage] Observer created for: repo-vertical placeholder id: section-repo-vertical @ http://localhost:5173/src/components/landing/LandingPage.jsx?t=1787453361303:160
[  124467ms] [LOG] [LandingPage] Observer created for: repo-ecommerce placeholder id: section-repo-ecommerce @ http://localhost:5173/src/components/landing/LandingPage.jsx?t=1787453361303:160
[  124467ms] [LOG] [LandingPage] Observer created for: repo-kinetic placeholder id: section-repo-kinetic @ http://localhost:5173/src/components/landing/LandingPage.jsx?t=1787453361303:160
[  124467ms] [LOG] [LandingPage] Observer created for: repo-animated placeholder id: section-repo-animated @ http://localhost:5173/src/components/landing/LandingPage.jsx?t=1787453361303:160
[  124467ms] [LOG] [LandingPage] Observer created for: repo-animation placeholder id: section-repo-animation @ http://localhost:5173/src/components/landing/LandingPage.jsx?t=1787453361303:160
[  124467ms] [LOG] [LandingPage] Observer created for: repo-reference placeholder id: section-repo-reference @ http://localhost:5173/src/components/landing/LandingPage.jsx?t=1787453361303:160
[  124467ms] [LOG] [LandingPage] Observer created for: repo-vfx placeholder id: section-repo-vfx @ http://localhost:5173/src/components/landing/LandingPage.jsx?t=1787453361303:160
[  124467ms] [LOG] [LandingPage] Observer created for: repo-fashion placeholder id: section-repo-fashion @ http://localhost:5173/src/components/landing/LandingPage.jsx?t=1787453361303:160
[  124467ms] [LOG] [LandingPage] Observer created for: repos placeholder id: section-repos @ http://localhost:5173/src/components/landing/LandingPage.jsx?t=1787453361303:160
[  124467ms] [LOG] [LandingPage] Observer created for: gtm-boost placeholder id: section-gtm-boost @ http://localhost:5173/src/components/landing/LandingPage.jsx?t=1787453361303:160
[  124468ms] [LOG] [App] Landing page rendered @ http://localhost:5173/src/main.js?t=1787453361303:88
[  124482ms] [LOG] [LandingPage] IntersectionObserver fired for repo-vfx [Object] @ http://localhost:5173/src/components/landing/LandingPage.jsx?t=1787453361303:119
[  124482ms] [LOG] [LandingPage] Loading section: repo-vfx @ http://localhost:5173/src/components/landing/LandingPage.jsx?t=1787453361303:122
[  124482ms] [LOG] [LandingPage] IntersectionObserver fired for ugc [Object] @ http://localhost:5173/src/components/landing/LandingPage.jsx?t=1787453361303:119
[  124483ms] [LOG] [LandingPage] Loading section: ugc @ http://localhost:5173/src/components/landing/LandingPage.jsx?t=1787453361303:122
[  124483ms] [LOG] [LandingPage] IntersectionObserver fired for repo-kinetic [Object] @ http://localhost:5173/src/components/landing/LandingPage.jsx?t=1787453361303:119
[  124484ms] [LOG] [LandingPage] Loading section: repo-kinetic @ http://localhost:5173/src/components/landing/LandingPage.jsx?t=1787453361303:122
[  124484ms] [LOG] [LandingPage] IntersectionObserver fired for repos [Object] @ http://localhost:5173/src/components/landing/LandingPage.jsx?t=1787453361303:119
[  124484ms] [LOG] [LandingPage] Loading section: repos @ http://localhost:5173/src/components/landing/LandingPage.jsx?t=1787453361303:122
[  124484ms] [LOG] [LandingPage] IntersectionObserver fired for value [Object] @ http://localhost:5173/src/components/landing/LandingPage.jsx?t=1787453361303:119
[  124484ms] [LOG] [LandingPage] Loading section: value @ http://localhost:5173/src/components/landing/LandingPage.jsx?t=1787453361303:122
[  124485ms] [LOG] [LandingPage] IntersectionObserver fired for repo-narrative [Object] @ http://localhost:5173/src/components/landing/LandingPage.jsx?t=1787453361303:119
[  124485ms] [LOG] [LandingPage] Loading section: repo-narrative @ http://localhost:5173/src/components/landing/LandingPage.jsx?t=1787453361303:122
[  124485ms] [LOG] [LandingPage] IntersectionObserver fired for apps [Object] @ http://localhost:5173/src/components/landing/LandingPage.jsx?t=1787453361303:119
[  124485ms] [LOG] [LandingPage] Loading section: apps @ http://localhost:5173/src/components/landing/LandingPage.jsx?t=1787453361303:122
[  124487ms] [LOG] [LandingPage] IntersectionObserver fired for repo-social-ads [Object] @ http://localhost:5173/src/components/landing/LandingPage.jsx?t=1787453361303:119
[  124488ms] [LOG] [LandingPage] Loading section: repo-social-ads @ http://localhost:5173/src/components/landing/LandingPage.jsx?t=1787453361303:122
[  124488ms] [LOG] [LandingPage] IntersectionObserver fired for scrolling [Object] @ http://localhost:5173/src/components/landing/LandingPage.jsx?t=1787453361303:119
[  124488ms] [LOG] [LandingPage] Loading section: scrolling @ http://localhost:5173/src/components/landing/LandingPage.jsx?t=1787453361303:122
[  124488ms] [LOG] [LandingPage] IntersectionObserver fired for agency [Object] @ http://localhost:5173/src/components/landing/LandingPage.jsx?t=1787453361303:119
[  124489ms] [LOG] [LandingPage] Loading section: agency @ http://localhost:5173/src/components/landing/LandingPage.jsx?t=1787453361303:122
[  124489ms] [LOG] [LandingPage] IntersectionObserver fired for comparison [Object] @ http://localhost:5173/src/components/landing/LandingPage.jsx?t=1787453361303:119
[  124489ms] [LOG] [LandingPage] Loading section: comparison @ http://localhost:5173/src/components/landing/LandingPage.jsx?t=1787453361303:122
[  124489ms] [LOG] [LandingPage] IntersectionObserver fired for problem [Object] @ http://localhost:5173/src/components/landing/LandingPage.jsx?t=1787453361303:119
[  124490ms] [LOG] [LandingPage] Loading section: problem @ http://localhost:5173/src/components/landing/LandingPage.jsx?t=1787453361303:122
[  124490ms] [LOG] [LandingPage] IntersectionObserver fired for cta [Object] @ http://localhost:5173/src/components/landing/LandingPage.jsx?t=1787453361303:119
[  124490ms] [LOG] [LandingPage] Loading section: cta @ http://localhost:5173/src/components/landing/LandingPage.jsx?t=1787453361303:122
[  124490ms] [LOG] [LandingPage] IntersectionObserver fired for engines [Object] @ http://localhost:5173/src/components/landing/LandingPage.jsx?t=1787453361303:119
[  124491ms] [LOG] [LandingPage] Loading section: engines @ http://localhost:5173/src/components/landing/LandingPage.jsx?t=1787453361303:122
[  124491ms] [LOG] [LandingPage] IntersectionObserver fired for gtm-boost [Object] @ http://localhost:5173/src/components/landing/LandingPage.jsx?t=1787453361303:119
[  124491ms] [LOG] [LandingPage] Loading section: gtm-boost @ http://localhost:5173/src/components/landing/LandingPage.jsx?t=1787453361303:122
[  124491ms] [LOG] [LandingPage] IntersectionObserver fired for repo-commercial [Object] @ http://localhost:5173/src/components/landing/LandingPage.jsx?t=1787453361303:119
[  124491ms] [LOG] [LandingPage] Loading section: repo-commercial @ http://localhost:5173/src/components/landing/LandingPage.jsx?t=1787453361303:122
[  124491ms] [LOG] [LandingPage] IntersectionObserver fired for ai-workflow [Object] @ http://localhost:5173/src/components/landing/LandingPage.jsx?t=1787453361303:119
[  124492ms] [LOG] [LandingPage] Loading section: ai-workflow @ http://localhost:5173/src/components/landing/LandingPage.jsx?t=1787453361303:122
[  124492ms] [LOG] [LandingPage] IntersectionObserver fired for repo-vertical [Object] @ http://localhost:5173/src/components/landing/LandingPage.jsx?t=1787453361303:119
[  124492ms] [LOG] [LandingPage] Loading section: repo-vertical @ http://localhost:5173/src/components/landing/LandingPage.jsx?t=1787453361303:122
[  124492ms] [LOG] [LandingPage] IntersectionObserver fired for repo-animated [Object] @ http://localhost:5173/src/components/landing/LandingPage.jsx?t=1787453361303:119
[  124492ms] [LOG] [LandingPage] Loading section: repo-animated @ http://localhost:5173/src/components/landing/LandingPage.jsx?t=1787453361303:122
[  124492ms] [LOG] [LandingPage] IntersectionObserver fired for repo-animation [Object] @ http://localhost:5173/src/components/landing/LandingPage.jsx?t=1787453361303:119
[  124493ms] [LOG] [LandingPage] Loading section: repo-animation @ http://localhost:5173/src/components/landing/LandingPage.jsx?t=1787453361303:122
[  124493ms] [LOG] [LandingPage] IntersectionObserver fired for made-with [Object] @ http://localhost:5173/src/components/landing/LandingPage.jsx?t=1787453361303:119
[  124493ms] [LOG] [LandingPage] Loading section: made-with @ http://localhost:5173/src/components/landing/LandingPage.jsx?t=1787453361303:122
[  124493ms] [LOG] [LandingPage] IntersectionObserver fired for repo-ecommerce [Object] @ http://localhost:5173/src/components/landing/LandingPage.jsx?t=1787453361303:119
[  124493ms] [LOG] [LandingPage] Loading section: repo-ecommerce @ http://localhost:5173/src/components/landing/LandingPage.jsx?t=1787453361303:122
[  124494ms] [LOG] [LandingPage] IntersectionObserver fired for features [Object] @ http://localhost:5173/src/components/landing/LandingPage.jsx?t=1787453361303:119
[  124494ms] [LOG] [LandingPage] Loading section: features @ http://localhost:5173/src/components/landing/LandingPage.jsx?t=1787453361303:122
[  124494ms] [LOG] [LandingPage] IntersectionObserver fired for academy [Object] @ http://localhost:5173/src/components/landing/LandingPage.jsx?t=1787453361303:119
[  124494ms] [LOG] [LandingPage] Loading section: academy @ http://localhost:5173/src/components/landing/LandingPage.jsx?t=1787453361303:122
[  124494ms] [LOG] [LandingPage] IntersectionObserver fired for workflow [Object] @ http://localhost:5173/src/components/landing/LandingPage.jsx?t=1787453361303:119
[  124494ms] [LOG] [LandingPage] Loading section: workflow @ http://localhost:5173/src/components/landing/LandingPage.jsx?t=1787453361303:122
[  124495ms] [LOG] [LandingPage] IntersectionObserver fired for offer [Object] @ http://localhost:5173/src/components/landing/LandingPage.jsx?t=1787453361303:119
[  124495ms] [LOG] [LandingPage] Loading section: offer @ http://localhost:5173/src/components/landing/LandingPage.jsx?t=1787453361303:122
[  124495ms] [LOG] [LandingPage] IntersectionObserver fired for gallery [Object] @ http://localhost:5173/src/components/landing/LandingPage.jsx?t=1787453361303:119
[  124495ms] [LOG] [LandingPage] Loading section: gallery @ http://localhost:5173/src/components/landing/LandingPage.jsx?t=1787453361303:122
[  124496ms] [LOG] [LandingPage] IntersectionObserver fired for repo-reference [Object] @ http://localhost:5173/src/components/landing/LandingPage.jsx?t=1787453361303:119
[  124496ms] [LOG] [LandingPage] Loading section: repo-reference @ http://localhost:5173/src/components/landing/LandingPage.jsx?t=1787453361303:122
[  124496ms] [LOG] [LandingPage] IntersectionObserver fired for repo-fashion [Object] @ http://localhost:5173/src/components/landing/LandingPage.jsx?t=1787453361303:119
[  124496ms] [LOG] [LandingPage] Loading section: repo-fashion @ http://localhost:5173/src/components/landing/LandingPage.jsx?t=1787453361303:122
[  124496ms] [LOG] [LandingPage] IntersectionObserver fired for repo-cinema [Object] @ http://localhost:5173/src/components/landing/LandingPage.jsx?t=1787453361303:119
[  124496ms] [LOG] [LandingPage] Loading section: repo-cinema @ http://localhost:5173/src/components/landing/LandingPage.jsx?t=1787453361303:122
[  124497ms] [LOG] [LandingPage] IntersectionObserver fired for hook [Object] @ http://localhost:5173/src/components/landing/LandingPage.jsx?t=1787453361303:119
[  124497ms] [LOG] [LandingPage] Loading section: hook @ http://localhost:5173/src/components/landing/LandingPage.jsx?t=1787453361303:122
[  124800ms] [LOG] [LandingPage] Section loaded: repos @ http://localhost:5173/src/components/landing/LandingPage.jsx?t=1787453361303:141
[  124812ms] [LOG] [LandingPage] Section loaded: value @ http://localhost:5173/src/components/landing/LandingPage.jsx?t=1787453361303:141
[  124838ms] [LOG] [LandingPage] Section loaded: scrolling @ http://localhost:5173/src/components/landing/LandingPage.jsx?t=1787453361303:141
[  124903ms] [LOG] [LandingPage] Section loaded: agency @ http://localhost:5173/src/components/landing/LandingPage.jsx?t=1787453361303:141
[  124905ms] [LOG] [LandingPage] Section loaded: comparison @ http://localhost:5173/src/components/landing/LandingPage.jsx?t=1787453361303:141
[  124906ms] [LOG] [LandingPage] Section loaded: problem @ http://localhost:5173/src/components/landing/LandingPage.jsx?t=1787453361303:141
[  124906ms] [LOG] [LandingPage] Section loaded: cta @ http://localhost:5173/src/components/landing/LandingPage.jsx?t=1787453361303:141
[  124908ms] [LOG] [LandingPage] Section loaded: engines @ http://localhost:5173/src/components/landing/LandingPage.jsx?t=1787453361303:141
[  124908ms] [LOG] [LandingPage] Section loaded: features @ http://localhost:5173/src/components/landing/LandingPage.jsx?t=1787453361303:141
[  124910ms] [LOG] [LandingPage] Section loaded: workflow @ http://localhost:5173/src/components/landing/LandingPage.jsx?t=1787453361303:141
[  124911ms] [LOG] [LandingPage] Section loaded: offer @ http://localhost:5173/src/components/landing/LandingPage.jsx?t=1787453361303:141
[  124912ms] [LOG] [LandingPage] Section loaded: hook @ http://localhost:5173/src/components/landing/LandingPage.jsx?t=1787453361303:141
[  124971ms] [LOG] [LandingPage] Section loaded: ai-workflow @ http://localhost:5173/src/components/landing/LandingPage.jsx?t=1787453361303:141
[  124995ms] [LOG] [LandingPage] Section loaded: made-with @ http://localhost:5173/src/components/landing/LandingPage.jsx?t=1787453361303:141
[  125046ms] [LOG] [LandingPage] Section loaded: repo-narrative @ http://localhost:5173/src/components/landing/LandingPage.jsx?t=1787453361303:141
[  125091ms] [LOG] [LandingPage] Section loaded: repo-vertical @ http://localhost:5173/src/components/landing/LandingPage.jsx?t=1787453361303:141
[  125216ms] [LOG] [LandingPage] Section loaded: repo-ecommerce @ http://localhost:5173/src/components/landing/LandingPage.jsx?t=1787453361303:141
[  125240ms] [LOG] [LandingPage] Section loaded: gtm-boost @ http://localhost:5173/src/components/landing/LandingPage.jsx?t=1787453361303:141
[  125256ms] [LOG] [LandingPage] Section loaded: repo-animated @ http://localhost:5173/src/components/landing/LandingPage.jsx?t=1787453361303:141
[  125275ms] [LOG] [LandingPage] Section loaded: repo-cinema @ http://localhost:5173/src/components/landing/LandingPage.jsx?t=1787453361303:141
[  125296ms] [LOG] [LandingPage] Section loaded: repo-animation @ http://localhost:5173/src/components/landing/LandingPage.jsx?t=1787453361303:141
[  125393ms] [LOG] [LandingPage] Section loaded: repo-kinetic @ http://localhost:5173/src/components/landing/LandingPage.jsx?t=1787453361303:141
[  125400ms] [LOG] [LandingPage] Section loaded: repo-vfx @ http://localhost:5173/src/components/landing/LandingPage.jsx?t=1787453361303:141
[  125408ms] [LOG] [LandingPage] Section loaded: gallery @ http://localhost:5173/src/components/landing/LandingPage.jsx?t=1787453361303:141
[  125411ms] [LOG] [LandingPage] Section loaded: ugc @ http://localhost:5173/src/components/landing/LandingPage.jsx?t=1787453361303:141
[  125419ms] [LOG] [LandingPage] Section loaded: repo-social-ads @ http://localhost:5173/src/components/landing/LandingPage.jsx?t=1787453361303:141
[  125427ms] [LOG] [LandingPage] Section loaded: repo-commercial @ http://localhost:5173/src/components/landing/LandingPage.jsx?t=1787453361303:141
[  125434ms] [LOG] [LandingPage] Section loaded: repo-reference @ http://localhost:5173/src/components/landing/LandingPage.jsx?t=1787453361303:141
[  125439ms] [LOG] [LandingPage] Section loaded: repo-fashion @ http://localhost:5173/src/components/landing/LandingPage.jsx?t=1787453361303:141
[  125559ms] [LOG] [LandingPage] Section loaded: apps @ http://localhost:5173/src/components/landing/LandingPage.jsx?t=1787453361303:141
[  125625ms] [LOG] [LandingPage] Section loaded: academy @ http://localhost:5173/src/components/landing/LandingPage.jsx?t=1787453361303:141
[  125824ms] [INFO] %cDownload the React DevTools for a better development experience: https://react.dev/link/react-devtools font-weight:bold @ http://localhost:5173/node_modules/.vite/deps/chunk-EEAUBQDT.js?v=93c1ec86:20096
[  125827ms] [ERROR] [ModalSystem] mount failed TypeError: Class constructor SortableElement cannot be invoked without 'new'
    at http://localhost:5173/components/modals/RetargetOptInModal.jsx?t=1787453361303:26:22 @ http://localhost:5173/src/main.js?t=1787453361303:329
[  125829ms] [ERROR] [popcorn-init] FAILED at: plugin-image TypeError: Class constructor SortableElement cannot be invoked without 'new'
    at http://localhost:5173/components/modals/RetargetOptInModal.jsx?t=1787453361303:26:22 @ http://localhost:5173/src/lib/popcornInit.js?t=1787453361303:55
[  125978ms] [ERROR] [popcorn-init] FAILED at: plugin-jsonTransition TypeError: Class constructor SortableElement cannot be invoked without 'new'
    at http://localhost:5173/components/modals/RetargetOptInModal.jsx?t=1787453361303:26:22 @ http://localhost:5173/src/lib/popcornInit.js?t=1787453361303:55
[  125987ms] [ERROR] [popcorn-init] FAILED at: plugin-lottie-json TypeError: Class constructor SortableElement cannot be invoked without 'new'
    at http://localhost:5173/components/modals/RetargetOptInModal.jsx?t=1787453361303:26:22 @ http://localhost:5173/src/lib/popcornInit.js?t=1787453361303:55
[  125993ms] [LOG] [popcorn-init] OK: plugin-json-button @ http://localhost:5173/src/lib/popcornInit.js?t=1787453361303:48
[  125997ms] [ERROR] [popcorn-init] FAILED at: plugin-personalizedImage TypeError: Class constructor SortableElement cannot be invoked without 'new'
    at http://localhost:5173/components/modals/RetargetOptInModal.jsx?t=1787453361303:26:22 @ http://localhost:5173/src/lib/popcornInit.js?t=1787453361303:55
[  126001ms] [ERROR] [popcorn-init] FAILED at: plugin-loopPlugin TypeError: Class constructor SortableElement cannot be invoked without 'new'
    at http://localhost:5173/components/modals/RetargetOptInModal.jsx?t=1787453361303:26:22 @ http://localhost:5173/src/lib/popcornInit.js?t=1787453361303:55
[  126008ms] [ERROR] [popcorn-init] FAILED at: plugin-pausePlugin TypeError: Class constructor SortableElement cannot be invoked without 'new'
    at http://localhost:5173/components/modals/RetargetOptInModal.jsx?t=1787453361303:26:22 @ http://localhost:5173/src/lib/popcornInit.js?t=1787453361303:55
[  126014ms] [ERROR] [popcorn-init] FAILED at: plugin-form TypeError: Class constructor SortableElement cannot be invoked without 'new'
    at http://localhost:5173/components/modals/RetargetOptInModal.jsx?t=1787453361303:26:22 @ http://localhost:5173/src/lib/popcornInit.js?t=1787453361303:55
[  126023ms] [ERROR] [popcorn-init] FAILED at: plugin-retarget TypeError: Class constructor SortableElement cannot be invoked without 'new'
    at http://localhost:5173/components/modals/RetargetOptInModal.jsx?t=1787453361303:26:22 @ http://localhost:5173/src/lib/popcornInit.js?t=1787453361303:55
[  126026ms] [LOG] [popcorn-init] OK: plugin-popup @ http://localhost:5173/src/lib/popcornInit.js?t=1787453361303:48
[  126030ms] [ERROR] [popcorn-init] FAILED at: plugin-sequencer TypeError: Class constructor SortableElement cannot be invoked without 'new'
    at http://localhost:5173/components/modals/RetargetOptInModal.jsx?t=1787453361303:26:22 @ http://localhost:5173/src/lib/popcornInit.js?t=1787453361303:55
[  126033ms] [ERROR] [popcorn-init] FAILED at: plugin-skip TypeError: Class constructor SortableElement cannot be invoked without 'new'
    at http://localhost:5173/components/modals/RetargetOptInModal.jsx?t=1787453361303:26:22 @ http://localhost:5173/src/lib/popcornInit.js?t=1787453361303:55
[  126132ms] [ERROR] [popcorn-init] FAILED at: plugin-text TypeError: Class constructor SortableElement cannot be invoked without 'new'
    at http://localhost:5173/components/modals/RetargetOptInModal.jsx?t=1787453361303:26:22 @ http://localhost:5173/src/lib/popcornInit.js?t=1787453361303:55
[  126200ms] [LOG] [popcorn-init] OK: plugin-social @ http://localhost:5173/src/lib/popcornInit.js?t=1787453361303:48
[  126240ms] [ERROR] [popcorn-init] FAILED at: plugin-jsonAnimation TypeError: Class constructor SortableElement cannot be invoked without 'new'
    at http://localhost:5173/components/modals/RetargetOptInModal.jsx?t=1787453361303:26:22 @ http://localhost:5173/src/lib/popcornInit.js?t=1787453361303:55
[  126249ms] [LOG] [popcorn-init] OK: plugin-videoTransition @ http://localhost:5173/src/lib/popcornInit.js?t=1787453361303:48
[  126255ms] [ERROR] [popcorn-init] FAILED at: plugin-seethroughtext TypeError: Class constructor SortableElement cannot be invoked without 'new'
    at http://localhost:5173/components/modals/RetargetOptInModal.jsx?t=1787453361303:26:22 @ http://localhost:5173/src/lib/popcornInit.js?t=1787453361303:55
[  126258ms] [LOG] [popcorn-init] OK: plugin-wikipedia @ http://localhost:5173/src/lib/popcornInit.js?t=1787453361303:48
[  126262ms] [ERROR] [popcorn-init] FAILED at: plugin-combined TypeError: Class constructor SortableElement cannot be invoked without 'new'
    at http://localhost:5173/components/modals/RetargetOptInModal.jsx?t=1787453361303:26:22 @ http://localhost:5173/src/lib/popcornInit.js?t=1787453361303:55
[  126266ms] [ERROR] [popcorn-init] FAILED at: plugin-background TypeError: Class constructor SortableElement cannot be invoked without 'new'
    at http://localhost:5173/components/modals/RetargetOptInModal.jsx?t=1787453361303:26:22 @ http://localhost:5173/src/lib/popcornInit.js?t=1787453361303:55
[  126266ms] [LOG] [popcorn-init] SUMMARY: 5/20 plugins registered; FAILED: plugin-image, plugin-jsonTransition, plugin-lottie-json, plugin-personalizedImage, plugin-loopPlugin, plugin-pausePlugin, plugin-form, plugin-retarget, plugin-sequencer, plugin-skip, plugin-text, plugin-jsonAnimation, plugin-seethroughtext, plugin-combined, plugin-background @ http://localhost:5173/src/lib/popcornInit.js?t=1787453361303:60
[  126266ms] [LOG] [popcorn] function 5 @ http://localhost:5173/src/main.js?t=1787453361303:4
[  127546ms] [LOG] [App] Starting initialization... @ http://localhost:5173/src/main.js?t=1787453361303:19
[  127555ms] [LOG] [popcorn-init] OK: jquery @ http://localhost:5173/src/lib/popcornInit.js?t=1787453361303:41
[  127556ms] [LOG] [popcorn-init] OK: jquery-textfill @ http://localhost:5173/src/lib/popcornInit.js?t=1787453361303:48
[  127558ms] [LOG] [popcorn-init] OK: popcorn-core @ http://localhost:5173/src/lib/popcornInit.js?t=1787453361303:48
[  127559ms] [LOG] [popcorn-init] OK: popcorn-ie8 @ http://localhost:5173/src/lib/popcornInit.js?t=1787453361303:48
[  127559ms] [LOG] [popcorn-init] OK: wrapper-common @ http://localhost:5173/src/lib/popcornInit.js?t=1787453361303:48
[  127560ms] [LOG] [popcorn-init] OK: wrapper-html5 @ http://localhost:5173/src/lib/popcornInit.js?t=1787453361303:48
[  127561ms] [LOG] [popcorn-init] OK: wrapper-vrview @ http://localhost:5173/src/lib/popcornInit.js?t=1787453361303:48
[  127562ms] [LOG] [popcorn-init] OK: wrapper-adaptive @ http://localhost:5173/src/lib/popcornInit.js?t=1787453361303:48
[  127563ms] [LOG] [popcorn-init] OK: wrapper-null @ http://localhost:5173/src/lib/popcornInit.js?t=1787453361303:48
[  127563ms] [LOG] [popcorn-init] OK: wrapper-soundcloud @ http://localhost:5173/src/lib/popcornInit.js?t=1787453361303:48
[  127563ms] [LOG] [popcorn-init] OK: wrapper-vimeo @ http://localhost:5173/src/lib/popcornInit.js?t=1787453361303:48
[  127564ms] [LOG] [popcorn-init] OK: wrapper-youtube @ http://localhost:5173/src/lib/popcornInit.js?t=1787453361303:48
[  127564ms] [LOG] [popcorn-init] OK: wrapper-jwplayer @ http://localhost:5173/src/lib/popcornInit.js?t=1787453361303:48
[  127565ms] [LOG] [popcorn-init] OK: player-module @ http://localhost:5173/src/lib/popcornInit.js?t=1787453361303:48
[  127567ms] [LOG] [LandingPage] Header.jsx loaded @ http://localhost:5173/src/components/landing/LandingPage.jsx?t=1787453361303:176
[  127642ms] [LOG] [LandingPage] CinematicVideoHero.jsx loaded @ http://localhost:5173/src/components/landing/LandingPage.jsx?t=1787453361303:189
[  127829ms] [LOG] [LandingPage] HeroSection.jsx loaded @ http://localhost:5173/src/components/landing/LandingPage.jsx?t=1787453361303:202
[  127830ms] [LOG] [LandingPage] Observer created for: scrolling placeholder id: section-scrolling @ http://localhost:5173/src/components/landing/LandingPage.jsx?t=1787453361303:160
[  127830ms] [LOG] [LandingPage] Observer created for: hook placeholder id: section-hook @ http://localhost:5173/src/components/landing/LandingPage.jsx?t=1787453361303:160
[  127830ms] [LOG] [LandingPage] Observer created for: engines placeholder id: section-engines @ http://localhost:5173/src/components/landing/LandingPage.jsx?t=1787453361303:160
[  127830ms] [LOG] [LandingPage] Observer created for: apps placeholder id: section-apps @ http://localhost:5173/src/components/landing/LandingPage.jsx?t=1787453361303:160
[  127830ms] [LOG] [LandingPage] Observer created for: features placeholder id: section-features @ http://localhost:5173/src/components/landing/LandingPage.jsx?t=1787453361303:160
[  127830ms] [LOG] [LandingPage] Observer created for: problem placeholder id: section-problem @ http://localhost:5173/src/components/landing/LandingPage.jsx?t=1787453361303:160
[  127830ms] [LOG] [LandingPage] Observer created for: workflow placeholder id: section-workflow @ http://localhost:5173/src/components/landing/LandingPage.jsx?t=1787453361303:160
[  127830ms] [LOG] [LandingPage] Observer created for: comparison placeholder id: section-comparison @ http://localhost:5173/src/components/landing/LandingPage.jsx?t=1787453361303:160
[  127830ms] [LOG] [LandingPage] Observer created for: value placeholder id: section-value @ http://localhost:5173/src/components/landing/LandingPage.jsx?t=1787453361303:160
[  127830ms] [LOG] [LandingPage] Observer created for: agency placeholder id: section-agency @ http://localhost:5173/src/components/landing/LandingPage.jsx?t=1787453361303:160
[  127830ms] [LOG] [LandingPage] Observer created for: offer placeholder id: section-offer @ http://localhost:5173/src/components/landing/LandingPage.jsx?t=1787453361303:160
[  127830ms] [LOG] [LandingPage] Observer created for: cta placeholder id: section-cta @ http://localhost:5173/src/components/landing/LandingPage.jsx?t=1787453361303:160
[  127830ms] [LOG] [LandingPage] Observer created for: ai-workflow placeholder id: section-ai-workflow @ http://localhost:5173/src/components/landing/LandingPage.jsx?t=1787453361303:160
[  127830ms] [LOG] [LandingPage] Observer created for: made-with placeholder id: section-made-with @ http://localhost:5173/src/components/landing/LandingPage.jsx?t=1787453361303:160
[  127830ms] [LOG] [LandingPage] Observer created for: ugc placeholder id: section-ugc @ http://localhost:5173/src/components/landing/LandingPage.jsx?t=1787453361303:160
[  127831ms] [LOG] [LandingPage] Observer created for: gallery placeholder id: section-gallery @ http://localhost:5173/src/components/landing/LandingPage.jsx?t=1787453361303:160
[  127831ms] [LOG] [LandingPage] Observer created for: academy placeholder id: section-academy @ http://localhost:5173/src/components/landing/LandingPage.jsx?t=1787453361303:160
[  127831ms] [LOG] [LandingPage] Observer created for: repo-cinema placeholder id: section-repo-cinema @ http://localhost:5173/src/components/landing/LandingPage.jsx?t=1787453361303:160
[  127831ms] [LOG] [LandingPage] Observer created for: repo-commercial placeholder id: section-repo-commercial @ http://localhost:5173/src/components/landing/LandingPage.jsx?t=1787453361303:160
[  127831ms] [LOG] [LandingPage] Observer created for: repo-social-ads placeholder id: section-repo-social-ads @ http://localhost:5173/src/components/landing/LandingPage.jsx?t=1787453361303:160
[  127831ms] [LOG] [LandingPage] Observer created for: repo-narrative placeholder id: section-repo-narrative @ http://localhost:5173/src/components/landing/LandingPage.jsx?t=1787453361303:160
[  127831ms] [LOG] [LandingPage] Observer created for: repo-vertical placeholder id: section-repo-vertical @ http://localhost:5173/src/components/landing/LandingPage.jsx?t=1787453361303:160
[  127831ms] [LOG] [LandingPage] Observer created for: repo-ecommerce placeholder id: section-repo-ecommerce @ http://localhost:5173/src/components/landing/LandingPage.jsx?t=1787453361303:160
[  127831ms] [LOG] [LandingPage] Observer created for: repo-kinetic placeholder id: section-repo-kinetic @ http://localhost:5173/src/components/landing/LandingPage.jsx?t=1787453361303:160
[  127831ms] [LOG] [LandingPage] Observer created for: repo-animated placeholder id: section-repo-animated @ http://localhost:5173/src/components/landing/LandingPage.jsx?t=1787453361303:160
[  127831ms] [LOG] [LandingPage] Observer created for: repo-animation placeholder id: section-repo-animation @ http://localhost:5173/src/components/landing/LandingPage.jsx?t=1787453361303:160
[  127831ms] [LOG] [LandingPage] Observer created for: repo-reference placeholder id: section-repo-reference @ http://localhost:5173/src/components/landing/LandingPage.jsx?t=1787453361303:160
[  127831ms] [LOG] [LandingPage] Observer created for: repo-vfx placeholder id: section-repo-vfx @ http://localhost:5173/src/components/landing/LandingPage.jsx?t=1787453361303:160
[  127831ms] [LOG] [LandingPage] Observer created for: repo-fashion placeholder id: section-repo-fashion @ http://localhost:5173/src/components/landing/LandingPage.jsx?t=1787453361303:160
[  127831ms] [LOG] [LandingPage] Observer created for: repos placeholder id: section-repos @ http://localhost:5173/src/components/landing/LandingPage.jsx?t=1787453361303:160
[  127831ms] [LOG] [LandingPage] Observer created for: gtm-boost placeholder id: section-gtm-boost @ http://localhost:5173/src/components/landing/LandingPage.jsx?t=1787453361303:160
[  127832ms] [LOG] [App] Landing page rendered @ http://localhost:5173/src/main.js?t=1787453361303:88
[  127847ms] [LOG] [LandingPage] IntersectionObserver fired for problem [Object] @ http://localhost:5173/src/components/landing/LandingPage.jsx?t=1787453361303:119
[  127847ms] [LOG] [LandingPage] Loading section: problem @ http://localhost:5173/src/components/landing/LandingPage.jsx?t=1787453361303:122
[  127847ms] [LOG] [LandingPage] IntersectionObserver fired for comparison [Object] @ http://localhost:5173/src/components/landing/LandingPage.jsx?t=1787453361303:119
[  127847ms] [LOG] [LandingPage] Loading section: comparison @ http://localhost:5173/src/components/landing/LandingPage.jsx?t=1787453361303:122
[  127848ms] [LOG] [LandingPage] IntersectionObserver fired for ugc [Object] @ http://localhost:5173/src/components/landing/LandingPage.jsx?t=1787453361303:119
[  127848ms] [LOG] [LandingPage] Loading section: ugc @ http://localhost:5173/src/components/landing/LandingPage.jsx?t=1787453361303:122
[  127848ms] [LOG] [LandingPage] IntersectionObserver fired for repo-ecommerce [Object] @ http://localhost:5173/src/components/landing/LandingPage.jsx?t=1787453361303:119
[  127848ms] [LOG] [LandingPage] Loading section: repo-ecommerce @ http://localhost:5173/src/components/landing/LandingPage.jsx?t=1787453361303:122
[  127848ms] [LOG] [LandingPage] IntersectionObserver fired for engines [Object] @ http://localhost:5173/src/components/landing/LandingPage.jsx?t=1787453361303:119
[  127848ms] [LOG] [LandingPage] Loading section: engines @ http://localhost:5173/src/components/landing/LandingPage.jsx?t=1787453361303:122
[  127849ms] [LOG] [LandingPage] IntersectionObserver fired for repo-narrative [Object] @ http://localhost:5173/src/components/landing/LandingPage.jsx?t=1787453361303:119
[  127849ms] [LOG] [LandingPage] Loading section: repo-narrative @ http://localhost:5173/src/components/landing/LandingPage.jsx?t=1787453361303:122
[  127849ms] [LOG] [LandingPage] IntersectionObserver fired for repo-vfx [Object] @ http://localhost:5173/src/components/landing/LandingPage.jsx?t=1787453361303:119
[  127849ms] [LOG] [LandingPage] Loading section: repo-vfx @ http://localhost:5173/src/components/landing/LandingPage.jsx?t=1787453361303:122
[  127849ms] [LOG] [LandingPage] IntersectionObserver fired for repo-animation [Object] @ http://localhost:5173/src/components/landing/LandingPage.jsx?t=1787453361303:119
[  127849ms] [LOG] [LandingPage] Loading section: repo-animation @ http://localhost:5173/src/components/landing/LandingPage.jsx?t=1787453361303:122
[  127849ms] [LOG] [LandingPage] IntersectionObserver fired for hook [Object] @ http://localhost:5173/src/components/landing/LandingPage.jsx?t=1787453361303:119
[  127849ms] [LOG] [LandingPage] Loading section: hook @ http://localhost:5173/src/components/landing/LandingPage.jsx?t=1787453361303:122
[  127850ms] [LOG] [LandingPage] IntersectionObserver fired for workflow [Object] @ http://localhost:5173/src/components/landing/LandingPage.jsx?t=1787453361303:119
[  127850ms] [LOG] [LandingPage] Loading section: workflow @ http://localhost:5173/src/components/landing/LandingPage.jsx?t=1787453361303:122
[  127850ms] [LOG] [LandingPage] IntersectionObserver fired for repo-animated [Object] @ http://localhost:5173/src/components/landing/LandingPage.jsx?t=1787453361303:119
[  127850ms] [LOG] [LandingPage] Loading section: repo-animated @ http://localhost:5173/src/components/landing/LandingPage.jsx?t=1787453361303:122
[  127850ms] [LOG] [LandingPage] IntersectionObserver fired for repo-fashion [Object] @ http://localhost:5173/src/components/landing/LandingPage.jsx?t=1787453361303:119
[  127850ms] [LOG] [LandingPage] Loading section: repo-fashion @ http://localhost:5173/src/components/landing/LandingPage.jsx?t=1787453361303:122
[  127850ms] [LOG] [LandingPage] IntersectionObserver fired for ai-workflow [Object] @ http://localhost:5173/src/components/landing/LandingPage.jsx?t=1787453361303:119
[  127851ms] [LOG] [LandingPage] Loading section: ai-workflow @ http://localhost:5173/src/components/landing/LandingPage.jsx?t=1787453361303:122
[  127851ms] [LOG] [LandingPage] IntersectionObserver fired for repo-vertical [Object] @ http://localhost:5173/src/components/landing/LandingPage.jsx?t=1787453361303:119
[  127851ms] [LOG] [LandingPage] Loading section: repo-vertical @ http://localhost:5173/src/components/landing/LandingPage.jsx?t=1787453361303:122
[  127851ms] [LOG] [LandingPage] IntersectionObserver fired for scrolling [Object] @ http://localhost:5173/src/components/landing/LandingPage.jsx?t=1787453361303:119
[  127851ms] [LOG] [LandingPage] Loading section: scrolling @ http://localhost:5173/src/components/landing/LandingPage.jsx?t=1787453361303:122
[  127851ms] [LOG] [LandingPage] IntersectionObserver fired for apps [Object] @ http://localhost:5173/src/components/landing/LandingPage.jsx?t=1787453361303:119
[  127852ms] [LOG] [LandingPage] Loading section: apps @ http://localhost:5173/src/components/landing/LandingPage.jsx?t=1787453361303:122
[  127852ms] [LOG] [LandingPage] IntersectionObserver fired for cta [Object] @ http://localhost:5173/src/components/landing/LandingPage.jsx?t=1787453361303:119
[  127852ms] [LOG] [LandingPage] Loading section: cta @ http://localhost:5173/src/components/landing/LandingPage.jsx?t=1787453361303:122
[  127852ms] [LOG] [LandingPage] IntersectionObserver fired for academy [Object] @ http://localhost:5173/src/components/landing/LandingPage.jsx?t=1787453361303:119
[  127852ms] [LOG] [LandingPage] Loading section: academy @ http://localhost:5173/src/components/landing/LandingPage.jsx?t=1787453361303:122
[  127853ms] [LOG] [LandingPage] IntersectionObserver fired for repo-social-ads [Object] @ http://localhost:5173/src/components/landing/LandingPage.jsx?t=1787453361303:119
[  127853ms] [LOG] [LandingPage] Loading section: repo-social-ads @ http://localhost:5173/src/components/landing/LandingPage.jsx?t=1787453361303:122
[  127853ms] [LOG] [LandingPage] IntersectionObserver fired for gallery [Object] @ http://localhost:5173/src/components/landing/LandingPage.jsx?t=1787453361303:119
[  127853ms] [LOG] [LandingPage] Loading section: gallery @ http://localhost:5173/src/components/landing/LandingPage.jsx?t=1787453361303:122
[  127853ms] [LOG] [LandingPage] IntersectionObserver fired for agency [Object] @ http://localhost:5173/src/components/landing/LandingPage.jsx?t=1787453361303:119
[  127854ms] [LOG] [LandingPage] Loading section: agency @ http://localhost:5173/src/components/landing/LandingPage.jsx?t=1787453361303:122
[  127854ms] [LOG] [LandingPage] IntersectionObserver fired for value [Object] @ http://localhost:5173/src/components/landing/LandingPage.jsx?t=1787453361303:119
[  127854ms] [LOG] [LandingPage] Loading section: value @ http://localhost:5173/src/components/landing/LandingPage.jsx?t=1787453361303:122
[  127854ms] [LOG] [LandingPage] IntersectionObserver fired for repos [Object] @ http://localhost:5173/src/components/landing/LandingPage.jsx?t=1787453361303:119
[  127854ms] [LOG] [LandingPage] Loading section: repos @ http://localhost:5173/src/components/landing/LandingPage.jsx?t=1787453361303:122
[  127855ms] [LOG] [LandingPage] IntersectionObserver fired for repo-cinema [Object] @ http://localhost:5173/src/components/landing/LandingPage.jsx?t=1787453361303:119
[  127855ms] [LOG] [LandingPage] Loading section: repo-cinema @ http://localhost:5173/src/components/landing/LandingPage.jsx?t=1787453361303:122
[  127855ms] [LOG] [LandingPage] IntersectionObserver fired for repo-commercial [Object] @ http://localhost:5173/src/components/landing/LandingPage.jsx?t=1787453361303:119
[  127855ms] [LOG] [LandingPage] Loading section: repo-commercial @ http://localhost:5173/src/components/landing/LandingPage.jsx?t=1787453361303:122
[  127855ms] [LOG] [LandingPage] IntersectionObserver fired for repo-reference [Object] @ http://localhost:5173/src/components/landing/LandingPage.jsx?t=1787453361303:119
[  127855ms] [LOG] [LandingPage] Loading section: repo-reference @ http://localhost:5173/src/components/landing/LandingPage.jsx?t=1787453361303:122
[  127855ms] [LOG] [LandingPage] IntersectionObserver fired for made-with [Object] @ http://localhost:5173/src/components/landing/LandingPage.jsx?t=1787453361303:119
[  127855ms] [LOG] [LandingPage] Loading section: made-with @ http://localhost:5173/src/components/landing/LandingPage.jsx?t=1787453361303:122
[  127856ms] [LOG] [LandingPage] IntersectionObserver fired for features [Object] @ http://localhost:5173/src/components/landing/LandingPage.jsx?t=1787453361303:119
[  127856ms] [LOG] [LandingPage] Loading section: features @ http://localhost:5173/src/components/landing/LandingPage.jsx?t=1787453361303:122
[  127856ms] [LOG] [LandingPage] IntersectionObserver fired for repo-kinetic [Object] @ http://localhost:5173/src/components/landing/LandingPage.jsx?t=1787453361303:119
[  127856ms] [LOG] [LandingPage] Loading section: repo-kinetic @ http://localhost:5173/src/components/landing/LandingPage.jsx?t=1787453361303:122
[  127856ms] [LOG] [LandingPage] IntersectionObserver fired for offer [Object] @ http://localhost:5173/src/components/landing/LandingPage.jsx?t=1787453361303:119
[  127856ms] [LOG] [LandingPage] Loading section: offer @ http://localhost:5173/src/components/landing/LandingPage.jsx?t=1787453361303:122
[  127856ms] [LOG] [LandingPage] IntersectionObserver fired for gtm-boost [Object] @ http://localhost:5173/src/components/landing/LandingPage.jsx?t=1787453361303:119
[  127857ms] [LOG] [LandingPage] Loading section: gtm-boost @ http://localhost:5173/src/components/landing/LandingPage.jsx?t=1787453361303:122
[  128173ms] [LOG] [LandingPage] Section loaded: problem @ http://localhost:5173/src/components/landing/LandingPage.jsx?t=1787453361303:141
[  128175ms] [LOG] [LandingPage] Section loaded: comparison @ http://localhost:5173/src/components/landing/LandingPage.jsx?t=1787453361303:141
[  128205ms] [LOG] [LandingPage] Section loaded: engines @ http://localhost:5173/src/components/landing/LandingPage.jsx?t=1787453361303:141
[  128206ms] [LOG] [LandingPage] Section loaded: hook @ http://localhost:5173/src/components/landing/LandingPage.jsx?t=1787453361303:141
[  128206ms] [LOG] [LandingPage] Section loaded: workflow @ http://localhost:5173/src/components/landing/LandingPage.jsx?t=1787453361303:141
[  128214ms] [LOG] [LandingPage] Section loaded: scrolling @ http://localhost:5173/src/components/landing/LandingPage.jsx?t=1787453361303:141
[  128214ms] [LOG] [LandingPage] Section loaded: cta @ http://localhost:5173/src/components/landing/LandingPage.jsx?t=1787453361303:141
[  128215ms] [LOG] [LandingPage] Section loaded: agency @ http://localhost:5173/src/components/landing/LandingPage.jsx?t=1787453361303:141
[  128215ms] [LOG] [LandingPage] Section loaded: value @ http://localhost:5173/src/components/landing/LandingPage.jsx?t=1787453361303:141
[  128315ms] [LOG] [LandingPage] Section loaded: ugc @ http://localhost:5173/src/components/landing/LandingPage.jsx?t=1787453361303:141
[  128316ms] [LOG] [LandingPage] Section loaded: ai-workflow @ http://localhost:5173/src/components/landing/LandingPage.jsx?t=1787453361303:141
[  128324ms] [LOG] [LandingPage] Section loaded: gallery @ http://localhost:5173/src/components/landing/LandingPage.jsx?t=1787453361303:141
[  128333ms] [LOG] [LandingPage] Section loaded: repo-vfx @ http://localhost:5173/src/components/landing/LandingPage.jsx?t=1787453361303:141
[  128342ms] [LOG] [LandingPage] Section loaded: repo-social-ads @ http://localhost:5173/src/components/landing/LandingPage.jsx?t=1787453361303:141
[  128351ms] [LOG] [LandingPage] Section loaded: repo-vertical @ http://localhost:5173/src/components/landing/LandingPage.jsx?t=1787453361303:141
[  128359ms] [LOG] [LandingPage] Section loaded: repo-commercial @ http://localhost:5173/src/components/landing/LandingPage.jsx?t=1787453361303:141
[  128367ms] [LOG] [LandingPage] Section loaded: repo-narrative @ http://localhost:5173/src/components/landing/LandingPage.jsx?t=1787453361303:141
[  128377ms] [LOG] [LandingPage] Section loaded: repo-cinema @ http://localhost:5173/src/components/landing/LandingPage.jsx?t=1787453361303:141
[  128388ms] [LOG] [LandingPage] Section loaded: repo-animation @ http://localhost:5173/src/components/landing/LandingPage.jsx?t=1787453361303:141
[  128395ms] [LOG] [LandingPage] Section loaded: repo-kinetic @ http://localhost:5173/src/components/landing/LandingPage.jsx?t=1787453361303:141
[  128406ms] [LOG] [LandingPage] Section loaded: repo-ecommerce @ http://localhost:5173/src/components/landing/LandingPage.jsx?t=1787453361303:141
[  128412ms] [LOG] [LandingPage] Section loaded: repo-animated @ http://localhost:5173/src/components/landing/LandingPage.jsx?t=1787453361303:141
[  128536ms] [LOG] [LandingPage] Section loaded: repo-reference @ http://localhost:5173/src/components/landing/LandingPage.jsx?t=1787453361303:141
[  128541ms] [LOG] [LandingPage] Section loaded: repo-fashion @ http://localhost:5173/src/components/landing/LandingPage.jsx?t=1787453361303:141
[  128545ms] [LOG] [LandingPage] Section loaded: apps @ http://localhost:5173/src/components/landing/LandingPage.jsx?t=1787453361303:141
[  128560ms] [LOG] [LandingPage] Section loaded: academy @ http://localhost:5173/src/components/landing/LandingPage.jsx?t=1787453361303:141
[  128564ms] [LOG] [LandingPage] Section loaded: repos @ http://localhost:5173/src/components/landing/LandingPage.jsx?t=1787453361303:141
[  128565ms] [LOG] [LandingPage] Section loaded: features @ http://localhost:5173/src/components/landing/LandingPage.jsx?t=1787453361303:141
[  128566ms] [LOG] [LandingPage] Section loaded: offer @ http://localhost:5173/src/components/landing/LandingPage.jsx?t=1787453361303:141
[  128674ms] [LOG] [LandingPage] Section loaded: made-with @ http://localhost:5173/src/components/landing/LandingPage.jsx?t=1787453361303:141
[  128677ms] [LOG] [LandingPage] Section loaded: gtm-boost @ http://localhost:5173/src/components/landing/LandingPage.jsx?t=1787453361303:141
[  128761ms] [ERROR] [popcorn-init] FAILED at: plugin-image TypeError: Class constructor SortableElement cannot be invoked without 'new'
    at http://localhost:5173/components/modals/RetargetOptInModal.jsx?t=1787453361303:26:22 @ http://localhost:5173/src/lib/popcornInit.js?t=1787453361303:55
[  128764ms] [INFO] %cDownload the React DevTools for a better development experience: https://react.dev/link/react-devtools font-weight:bold @ http://localhost:5173/node_modules/.vite/deps/chunk-EEAUBQDT.js?v=93c1ec86:20096
[  128764ms] [ERROR] [ModalSystem] mount failed TypeError: Class constructor SortableElement cannot be invoked without 'new'
    at http://localhost:5173/components/modals/RetargetOptInModal.jsx?t=1787453361303:26:22 @ http://localhost:5173/src/main.js?t=1787453361303:329
[  128793ms] [ERROR] [popcorn-init] FAILED at: plugin-jsonTransition TypeError: Class constructor SortableElement cannot be invoked without 'new'
    at http://localhost:5173/components/modals/RetargetOptInModal.jsx?t=1787453361303:26:22 @ http://localhost:5173/src/lib/popcornInit.js?t=1787453361303:55
[  128799ms] [ERROR] [popcorn-init] FAILED at: plugin-lottie-json TypeError: Class constructor SortableElement cannot be invoked without 'new'
    at http://localhost:5173/components/modals/RetargetOptInModal.jsx?t=1787453361303:26:22 @ http://localhost:5173/src/lib/popcornInit.js?t=1787453361303:55
[  128806ms] [LOG] [popcorn-init] OK: plugin-json-button @ http://localhost:5173/src/lib/popcornInit.js?t=1787453361303:48
[  128814ms] [ERROR] [popcorn-init] FAILED at: plugin-personalizedImage TypeError: Class constructor SortableElement cannot be invoked without 'new'
    at http://localhost:5173/components/modals/RetargetOptInModal.jsx?t=1787453361303:26:22 @ http://localhost:5173/src/lib/popcornInit.js?t=1787453361303:55
[  128823ms] [ERROR] [popcorn-init] FAILED at: plugin-loopPlugin TypeError: Class constructor SortableElement cannot be invoked without 'new'
    at http://localhost:5173/components/modals/RetargetOptInModal.jsx?t=1787453361303:26:22 @ http://localhost:5173/src/lib/popcornInit.js?t=1787453361303:55
[  128827ms] [ERROR] [popcorn-init] FAILED at: plugin-pausePlugin TypeError: Class constructor SortableElement cannot be invoked without 'new'
    at http://localhost:5173/components/modals/RetargetOptInModal.jsx?t=1787453361303:26:22 @ http://localhost:5173/src/lib/popcornInit.js?t=1787453361303:55
[  128833ms] [ERROR] [popcorn-init] FAILED at: plugin-form TypeError: Class constructor SortableElement cannot be invoked without 'new'
    at http://localhost:5173/components/modals/RetargetOptInModal.jsx?t=1787453361303:26:22 @ http://localhost:5173/src/lib/popcornInit.js?t=1787453361303:55
[  128849ms] [ERROR] [popcorn-init] FAILED at: plugin-retarget TypeError: Class constructor SortableElement cannot be invoked without 'new'
    at http://localhost:5173/components/modals/RetargetOptInModal.jsx?t=1787453361303:26:22 @ http://localhost:5173/src/lib/popcornInit.js?t=1787453361303:55
[  128856ms] [LOG] [popcorn-init] OK: plugin-popup @ http://localhost:5173/src/lib/popcornInit.js?t=1787453361303:48
[  128860ms] [ERROR] [popcorn-init] FAILED at: plugin-sequencer TypeError: Class constructor SortableElement cannot be invoked without 'new'
    at http://localhost:5173/components/modals/RetargetOptInModal.jsx?t=1787453361303:26:22 @ http://localhost:5173/src/lib/popcornInit.js?t=1787453361303:55
[  128864ms] [ERROR] [popcorn-init] FAILED at: plugin-skip TypeError: Class constructor SortableElement cannot be invoked without 'new'
    at http://localhost:5173/components/modals/RetargetOptInModal.jsx?t=1787453361303:26:22 @ http://localhost:5173/src/lib/popcornInit.js?t=1787453361303:55
[  128893ms] [ERROR] [popcorn-init] FAILED at: plugin-text TypeError: Class constructor SortableElement cannot be invoked without 'new'
    at http://localhost:5173/components/modals/RetargetOptInModal.jsx?t=1787453361303:26:22 @ http://localhost:5173/src/lib/popcornInit.js?t=1787453361303:55
[  128899ms] [LOG] [popcorn-init] OK: plugin-social @ http://localhost:5173/src/lib/popcornInit.js?t=1787453361303:48
[  128910ms] [ERROR] [popcorn-init] FAILED at: plugin-jsonAnimation TypeError: Class constructor SortableElement cannot be invoked without 'new'
    at http://localhost:5173/components/modals/RetargetOptInModal.jsx?t=1787453361303:26:22 @ http://localhost:5173/src/lib/popcornInit.js?t=1787453361303:55
[  128924ms] [LOG] [popcorn-init] OK: plugin-videoTransition @ http://localhost:5173/src/lib/popcornInit.js?t=1787453361303:48
[  128928ms] [ERROR] [popcorn-init] FAILED at: plugin-seethroughtext TypeError: Class constructor SortableElement cannot be invoked without 'new'
    at http://localhost:5173/components/modals/RetargetOptInModal.jsx?t=1787453361303:26:22 @ http://localhost:5173/src/lib/popcornInit.js?t=1787453361303:55
[  128933ms] [LOG] [popcorn-init] OK: plugin-wikipedia @ http://localhost:5173/src/lib/popcornInit.js?t=1787453361303:48
[  128943ms] [ERROR] [popcorn-init] FAILED at: plugin-combined TypeError: Class constructor SortableElement cannot be invoked without 'new'
    at http://localhost:5173/components/modals/RetargetOptInModal.jsx?t=1787453361303:26:22 @ http://localhost:5173/src/lib/popcornInit.js?t=1787453361303:55
[  128947ms] [ERROR] [popcorn-init] FAILED at: plugin-background TypeError: Class constructor SortableElement cannot be invoked without 'new'
    at http://localhost:5173/components/modals/RetargetOptInModal.jsx?t=1787453361303:26:22 @ http://localhost:5173/src/lib/popcornInit.js?t=1787453361303:55
[  128947ms] [LOG] [popcorn-init] SUMMARY: 5/20 plugins registered; FAILED: plugin-image, plugin-jsonTransition, plugin-lottie-json, plugin-personalizedImage, plugin-loopPlugin, plugin-pausePlugin, plugin-form, plugin-retarget, plugin-sequencer, plugin-skip, plugin-text, plugin-jsonAnimation, plugin-seethroughtext, plugin-combined, plugin-background @ http://localhost:5173/src/lib/popcornInit.js?t=1787453361303:60
[  128947ms] [LOG] [popcorn] function 5 @ http://localhost:5173/src/main.js?t=1787453361303:4
[  131409ms] [LOG] [App] Starting initialization... @ http://localhost:5173/src/main.js?t=1787453361303:19
[  131419ms] [LOG] [popcorn-init] OK: jquery @ http://localhost:5173/src/lib/popcornInit.js?t=1787453361303:41
[  131421ms] [LOG] [popcorn-init] OK: jquery-textfill @ http://localhost:5173/src/lib/popcornInit.js?t=1787453361303:48
[  131422ms] [LOG] [popcorn-init] OK: popcorn-core @ http://localhost:5173/src/lib/popcornInit.js?t=1787453361303:48
[  131424ms] [LOG] [popcorn-init] OK: popcorn-ie8 @ http://localhost:5173/src/lib/popcornInit.js?t=1787453361303:48
[  131425ms] [LOG] [popcorn-init] OK: wrapper-common @ http://localhost:5173/src/lib/popcornInit.js?t=1787453361303:48
[  131427ms] [LOG] [popcorn-init] OK: wrapper-html5 @ http://localhost:5173/src/lib/popcornInit.js?t=1787453361303:48
[  131428ms] [LOG] [popcorn-init] OK: wrapper-vrview @ http://localhost:5173/src/lib/popcornInit.js?t=1787453361303:48
[  131429ms] [LOG] [popcorn-init] OK: wrapper-adaptive @ http://localhost:5173/src/lib/popcornInit.js?t=1787453361303:48
[  131429ms] [LOG] [popcorn-init] OK: wrapper-null @ http://localhost:5173/src/lib/popcornInit.js?t=1787453361303:48
[  131429ms] [LOG] [popcorn-init] OK: wrapper-soundcloud @ http://localhost:5173/src/lib/popcornInit.js?t=1787453361303:48
[  131430ms] [LOG] [popcorn-init] OK: wrapper-vimeo @ http://localhost:5173/src/lib/popcornInit.js?t=1787453361303:48
[  131430ms] [LOG] [popcorn-init] OK: wrapper-youtube @ http://localhost:5173/src/lib/popcornInit.js?t=1787453361303:48
[  131431ms] [LOG] [popcorn-init] OK: wrapper-jwplayer @ http://localhost:5173/src/lib/popcornInit.js?t=1787453361303:48
[  131431ms] [LOG] [popcorn-init] OK: player-module @ http://localhost:5173/src/lib/popcornInit.js?t=1787453361303:48
[  131432ms] [LOG] [LandingPage] Header.jsx loaded @ http://localhost:5173/src/components/landing/LandingPage.jsx?t=1787453361303:176
[  131518ms] [LOG] [LandingPage] CinematicVideoHero.jsx loaded @ http://localhost:5173/src/components/landing/LandingPage.jsx?t=1787453361303:189
[  131734ms] [LOG] [LandingPage] HeroSection.jsx loaded @ http://localhost:5173/src/components/landing/LandingPage.jsx?t=1787453361303:202
[  131736ms] [LOG] [LandingPage] Observer created for: scrolling placeholder id: section-scrolling @ http://localhost:5173/src/components/landing/LandingPage.jsx?t=1787453361303:160
[  131736ms] [LOG] [LandingPage] Observer created for: hook placeholder id: section-hook @ http://localhost:5173/src/components/landing/LandingPage.jsx?t=1787453361303:160
[  131736ms] [LOG] [LandingPage] Observer created for: engines placeholder id: section-engines @ http://localhost:5173/src/components/landing/LandingPage.jsx?t=1787453361303:160
[  131736ms] [LOG] [LandingPage] Observer created for: apps placeholder id: section-apps @ http://localhost:5173/src/components/landing/LandingPage.jsx?t=1787453361303:160
[  131736ms] [LOG] [LandingPage] Observer created for: features placeholder id: section-features @ http://localhost:5173/src/components/landing/LandingPage.jsx?t=1787453361303:160
[  131736ms] [LOG] [LandingPage] Observer created for: problem placeholder id: section-problem @ http://localhost:5173/src/components/landing/LandingPage.jsx?t=1787453361303:160
[  131736ms] [LOG] [LandingPage] Observer created for: workflow placeholder id: section-workflow @ http://localhost:5173/src/components/landing/LandingPage.jsx?t=1787453361303:160
[  131736ms] [LOG] [LandingPage] Observer created for: comparison placeholder id: section-comparison @ http://localhost:5173/src/components/landing/LandingPage.jsx?t=1787453361303:160
[  131736ms] [LOG] [LandingPage] Observer created for: value placeholder id: section-value @ http://localhost:5173/src/components/landing/LandingPage.jsx?t=1787453361303:160
[  131737ms] [LOG] [LandingPage] Observer created for: agency placeholder id: section-agency @ http://localhost:5173/src/components/landing/LandingPage.jsx?t=1787453361303:160
[  131737ms] [LOG] [LandingPage] Observer created for: offer placeholder id: section-offer @ http://localhost:5173/src/components/landing/LandingPage.jsx?t=1787453361303:160
[  131737ms] [LOG] [LandingPage] Observer created for: cta placeholder id: section-cta @ http://localhost:5173/src/components/landing/LandingPage.jsx?t=1787453361303:160
[  131737ms] [LOG] [LandingPage] Observer created for: ai-workflow placeholder id: section-ai-workflow @ http://localhost:5173/src/components/landing/LandingPage.jsx?t=1787453361303:160
[  131737ms] [LOG] [LandingPage] Observer created for: made-with placeholder id: section-made-with @ http://localhost:5173/src/components/landing/LandingPage.jsx?t=1787453361303:160
[  131737ms] [LOG] [LandingPage] Observer created for: ugc placeholder id: section-ugc @ http://localhost:5173/src/components/landing/LandingPage.jsx?t=1787453361303:160
[  131737ms] [LOG] [LandingPage] Observer created for: gallery placeholder id: section-gallery @ http://localhost:5173/src/components/landing/LandingPage.jsx?t=1787453361303:160
[  131737ms] [LOG] [LandingPage] Observer created for: academy placeholder id: section-academy @ http://localhost:5173/src/components/landing/LandingPage.jsx?t=1787453361303:160
[  131737ms] [LOG] [LandingPage] Observer created for: repo-cinema placeholder id: section-repo-cinema @ http://localhost:5173/src/components/landing/LandingPage.jsx?t=1787453361303:160
[  131737ms] [LOG] [LandingPage] Observer created for: repo-commercial placeholder id: section-repo-commercial @ http://localhost:5173/src/components/landing/LandingPage.jsx?t=1787453361303:160
[  131737ms] [LOG] [LandingPage] Observer created for: repo-social-ads placeholder id: section-repo-social-ads @ http://localhost:5173/src/components/landing/LandingPage.jsx?t=1787453361303:160
[  131737ms] [LOG] [LandingPage] Observer created for: repo-narrative placeholder id: section-repo-narrative @ http://localhost:5173/src/components/landing/LandingPage.jsx?t=1787453361303:160
[  131737ms] [LOG] [LandingPage] Observer created for: repo-vertical placeholder id: section-repo-vertical @ http://localhost:5173/src/components/landing/LandingPage.jsx?t=1787453361303:160
[  131738ms] [LOG] [LandingPage] Observer created for: repo-ecommerce placeholder id: section-repo-ecommerce @ http://localhost:5173/src/components/landing/LandingPage.jsx?t=1787453361303:160
[  131738ms] [LOG] [LandingPage] Observer created for: repo-kinetic placeholder id: section-repo-kinetic @ http://localhost:5173/src/components/landing/LandingPage.jsx?t=1787453361303:160
[  131738ms] [LOG] [LandingPage] Observer created for: repo-animated placeholder id: section-repo-animated @ http://localhost:5173/src/components/landing/LandingPage.jsx?t=1787453361303:160
[  131738ms] [LOG] [LandingPage] Observer created for: repo-animation placeholder id: section-repo-animation @ http://localhost:5173/src/components/landing/LandingPage.jsx?t=1787453361303:160
[  131738ms] [LOG] [LandingPage] Observer created for: repo-reference placeholder id: section-repo-reference @ http://localhost:5173/src/components/landing/LandingPage.jsx?t=1787453361303:160
[  131738ms] [LOG] [LandingPage] Observer created for: repo-vfx placeholder id: section-repo-vfx @ http://localhost:5173/src/components/landing/LandingPage.jsx?t=1787453361303:160
[  131738ms] [LOG] [LandingPage] Observer created for: repo-fashion placeholder id: section-repo-fashion @ http://localhost:5173/src/components/landing/LandingPage.jsx?t=1787453361303:160
[  131738ms] [LOG] [LandingPage] Observer created for: repos placeholder id: section-repos @ http://localhost:5173/src/components/landing/LandingPage.jsx?t=1787453361303:160
[  131738ms] [LOG] [LandingPage] Observer created for: gtm-boost placeholder id: section-gtm-boost @ http://localhost:5173/src/components/landing/LandingPage.jsx?t=1787453361303:160
[  131739ms] [LOG] [App] Landing page rendered @ http://localhost:5173/src/main.js?t=1787453361303:88
[  131755ms] [LOG] [LandingPage] IntersectionObserver fired for repo-fashion [Object] @ http://localhost:5173/src/components/landing/LandingPage.jsx?t=1787453361303:119
[  131755ms] [LOG] [LandingPage] Loading section: repo-fashion @ http://localhost:5173/src/components/landing/LandingPage.jsx?t=1787453361303:122
[  131755ms] [LOG] [LandingPage] IntersectionObserver fired for offer [Object] @ http://localhost:5173/src/components/landing/LandingPage.jsx?t=1787453361303:119
[  131756ms] [LOG] [LandingPage] Loading section: offer @ http://localhost:5173/src/components/landing/LandingPage.jsx?t=1787453361303:122
[  131756ms] [LOG] [LandingPage] IntersectionObserver fired for problem [Object] @ http://localhost:5173/src/components/landing/LandingPage.jsx?t=1787453361303:119
[  131756ms] [LOG] [LandingPage] Loading section: problem @ http://localhost:5173/src/components/landing/LandingPage.jsx?t=1787453361303:122
[  131756ms] [LOG] [LandingPage] IntersectionObserver fired for value [Object] @ http://localhost:5173/src/components/landing/LandingPage.jsx?t=1787453361303:119
[  131757ms] [LOG] [LandingPage] Loading section: value @ http://localhost:5173/src/components/landing/LandingPage.jsx?t=1787453361303:122
[  131757ms] [LOG] [LandingPage] IntersectionObserver fired for agency [Object] @ http://localhost:5173/src/components/landing/LandingPage.jsx?t=1787453361303:119
[  131757ms] [LOG] [LandingPage] Loading section: agency @ http://localhost:5173/src/components/landing/LandingPage.jsx?t=1787453361303:122
[  131758ms] [LOG] [LandingPage] IntersectionObserver fired for scrolling [Object] @ http://localhost:5173/src/components/landing/LandingPage.jsx?t=1787453361303:119
[  131758ms] [LOG] [LandingPage] Loading section: scrolling @ http://localhost:5173/src/components/landing/LandingPage.jsx?t=1787453361303:122
[  131758ms] [LOG] [LandingPage] IntersectionObserver fired for repo-kinetic [Object] @ http://localhost:5173/src/components/landing/LandingPage.jsx?t=1787453361303:119
[  131758ms] [LOG] [LandingPage] Loading section: repo-kinetic @ http://localhost:5173/src/components/landing/LandingPage.jsx?t=1787453361303:122
[  131758ms] [LOG] [LandingPage] IntersectionObserver fired for made-with [Object] @ http://localhost:5173/src/components/landing/LandingPage.jsx?t=1787453361303:119
[  131758ms] [LOG] [LandingPage] Loading section: made-with @ http://localhost:5173/src/components/landing/LandingPage.jsx?t=1787453361303:122
[  131758ms] [LOG] [LandingPage] IntersectionObserver fired for repo-social-ads [Object] @ http://localhost:5173/src/components/landing/LandingPage.jsx?t=1787453361303:119
[  131759ms] [LOG] [LandingPage] Loading section: repo-social-ads @ http://localhost:5173/src/components/landing/LandingPage.jsx?t=1787453361303:122
[  131759ms] [LOG] [LandingPage] IntersectionObserver fired for workflow [Object] @ http://localhost:5173/src/components/landing/LandingPage.jsx?t=1787453361303:119
[  131759ms] [LOG] [LandingPage] Loading section: workflow @ http://localhost:5173/src/components/landing/LandingPage.jsx?t=1787453361303:122
[  131759ms] [LOG] [LandingPage] IntersectionObserver fired for cta [Object] @ http://localhost:5173/src/components/landing/LandingPage.jsx?t=1787453361303:119
[  131775ms] [LOG] [LandingPage] Loading section: cta @ http://localhost:5173/src/components/landing/LandingPage.jsx?t=1787453361303:122
[  131780ms] [LOG] [LandingPage] IntersectionObserver fired for repo-cinema [Object] @ http://localhost:5173/src/components/landing/LandingPage.jsx?t=1787453361303:119
[  131781ms] [LOG] [LandingPage] Loading section: repo-cinema @ http://localhost:5173/src/components/landing/LandingPage.jsx?t=1787453361303:122
[  131782ms] [LOG] [LandingPage] IntersectionObserver fired for apps [Object] @ http://localhost:5173/src/components/landing/LandingPage.jsx?t=1787453361303:119
[  131787ms] [LOG] [LandingPage] Loading section: apps @ http://localhost:5173/src/components/landing/LandingPage.jsx?t=1787453361303:122
[  131788ms] [LOG] [LandingPage] IntersectionObserver fired for repo-narrative [Object] @ http://localhost:5173/src/components/landing/LandingPage.jsx?t=1787453361303:119
[  131789ms] [LOG] [LandingPage] Loading section: repo-narrative @ http://localhost:5173/src/components/landing/LandingPage.jsx?t=1787453361303:122
[  131789ms] [LOG] [LandingPage] IntersectionObserver fired for repo-reference [Object] @ http://localhost:5173/src/components/landing/LandingPage.jsx?t=1787453361303:119
[  131789ms] [LOG] [LandingPage] Loading section: repo-reference @ http://localhost:5173/src/components/landing/LandingPage.jsx?t=1787453361303:122
[  131789ms] [LOG] [LandingPage] IntersectionObserver fired for repo-commercial [Object] @ http://localhost:5173/src/components/landing/LandingPage.jsx?t=1787453361303:119
[  131790ms] [LOG] [LandingPage] Loading section: repo-commercial @ http://localhost:5173/src/components/landing/LandingPage.jsx?t=1787453361303:122
[  131791ms] [LOG] [LandingPage] IntersectionObserver fired for hook [Object] @ http://localhost:5173/src/components/landing/LandingPage.jsx?t=1787453361303:119
[  131791ms] [LOG] [LandingPage] Loading section: hook @ http://localhost:5173/src/components/landing/LandingPage.jsx?t=1787453361303:122
[  131792ms] [LOG] [LandingPage] IntersectionObserver fired for features [Object] @ http://localhost:5173/src/components/landing/LandingPage.jsx?t=1787453361303:119
[  131794ms] [LOG] [LandingPage] Loading section: features @ http://localhost:5173/src/components/landing/LandingPage.jsx?t=1787453361303:122
[  131795ms] [LOG] [LandingPage] IntersectionObserver fired for gtm-boost [Object] @ http://localhost:5173/src/components/landing/LandingPage.jsx?t=1787453361303:119
[  131795ms] [LOG] [LandingPage] Loading section: gtm-boost @ http://localhost:5173/src/components/landing/LandingPage.jsx?t=1787453361303:122
[  131796ms] [LOG] [LandingPage] IntersectionObserver fired for ugc [Object] @ http://localhost:5173/src/components/landing/LandingPage.jsx?t=1787453361303:119
[  131796ms] [LOG] [LandingPage] Loading section: ugc @ http://localhost:5173/src/components/landing/LandingPage.jsx?t=1787453361303:122
[  131797ms] [LOG] [LandingPage] IntersectionObserver fired for engines [Object] @ http://localhost:5173/src/components/landing/LandingPage.jsx?t=1787453361303:119
[  131797ms] [LOG] [LandingPage] Loading section: engines @ http://localhost:5173/src/components/landing/LandingPage.jsx?t=1787453361303:122
[  131799ms] [LOG] [LandingPage] IntersectionObserver fired for repo-vertical [Object] @ http://localhost:5173/src/components/landing/LandingPage.jsx?t=1787453361303:119
[  131799ms] [LOG] [LandingPage] Loading section: repo-vertical @ http://localhost:5173/src/components/landing/LandingPage.jsx?t=1787453361303:122
[  131799ms] [LOG] [LandingPage] IntersectionObserver fired for repo-ecommerce [Object] @ http://localhost:5173/src/components/landing/LandingPage.jsx?t=1787453361303:119
[  131800ms] [LOG] [LandingPage] Loading section: repo-ecommerce @ http://localhost:5173/src/components/landing/LandingPage.jsx?t=1787453361303:122
[  131800ms] [LOG] [LandingPage] IntersectionObserver fired for gallery [Object] @ http://localhost:5173/src/components/landing/LandingPage.jsx?t=1787453361303:119
[  131800ms] [LOG] [LandingPage] Loading section: gallery @ http://localhost:5173/src/components/landing/LandingPage.jsx?t=1787453361303:122
[  131802ms] [LOG] [LandingPage] IntersectionObserver fired for comparison [Object] @ http://localhost:5173/src/components/landing/LandingPage.jsx?t=1787453361303:119
[  131803ms] [LOG] [LandingPage] Loading section: comparison @ http://localhost:5173/src/components/landing/LandingPage.jsx?t=1787453361303:122
[  131804ms] [LOG] [LandingPage] IntersectionObserver fired for repo-animated [Object] @ http://localhost:5173/src/components/landing/LandingPage.jsx?t=1787453361303:119
[  131804ms] [LOG] [LandingPage] Loading section: repo-animated @ http://localhost:5173/src/components/landing/LandingPage.jsx?t=1787453361303:122
[  131805ms] [LOG] [LandingPage] IntersectionObserver fired for repo-animation [Object] @ http://localhost:5173/src/components/landing/LandingPage.jsx?t=1787453361303:119
[  131805ms] [LOG] [LandingPage] Loading section: repo-animation @ http://localhost:5173/src/components/landing/LandingPage.jsx?t=1787453361303:122
[  131806ms] [LOG] [LandingPage] IntersectionObserver fired for repo-vfx [Object] @ http://localhost:5173/src/components/landing/LandingPage.jsx?t=1787453361303:119
[  131807ms] [LOG] [LandingPage] Loading section: repo-vfx @ http://localhost:5173/src/components/landing/LandingPage.jsx?t=1787453361303:122
[  131807ms] [LOG] [LandingPage] IntersectionObserver fired for repos [Object] @ http://localhost:5173/src/components/landing/LandingPage.jsx?t=1787453361303:119
[  131807ms] [LOG] [LandingPage] Loading section: repos @ http://localhost:5173/src/components/landing/LandingPage.jsx?t=1787453361303:122
[  131808ms] [LOG] [LandingPage] IntersectionObserver fired for ai-workflow [Object] @ http://localhost:5173/src/components/landing/LandingPage.jsx?t=1787453361303:119
[  131809ms] [LOG] [LandingPage] Loading section: ai-workflow @ http://localhost:5173/src/components/landing/LandingPage.jsx?t=1787453361303:122
[  131810ms] [LOG] [LandingPage] IntersectionObserver fired for academy [Object] @ http://localhost:5173/src/components/landing/LandingPage.jsx?t=1787453361303:119
[  131811ms] [LOG] [LandingPage] Loading section: academy @ http://localhost:5173/src/components/landing/LandingPage.jsx?t=1787453361303:122
[  131995ms] [LOG] [LandingPage] Section loaded: offer @ http://localhost:5173/src/components/landing/LandingPage.jsx?t=1787453361303:141
[  131998ms] [LOG] [LandingPage] Section loaded: problem @ http://localhost:5173/src/components/landing/LandingPage.jsx?t=1787453361303:141
[  131999ms] [LOG] [LandingPage] Section loaded: value @ http://localhost:5173/src/components/landing/LandingPage.jsx?t=1787453361303:141
[  132001ms] [LOG] [LandingPage] Section loaded: agency @ http://localhost:5173/src/components/landing/LandingPage.jsx?t=1787453361303:141
[  132096ms] [LOG] [LandingPage] Section loaded: scrolling @ http://localhost:5173/src/components/landing/LandingPage.jsx?t=1787453361303:141
[  132097ms] [LOG] [LandingPage] Section loaded: workflow @ http://localhost:5173/src/components/landing/LandingPage.jsx?t=1787453361303:141
[  132098ms] [LOG] [LandingPage] Section loaded: cta @ http://localhost:5173/src/components/landing/LandingPage.jsx?t=1787453361303:141
[  132099ms] [LOG] [LandingPage] Section loaded: hook @ http://localhost:5173/src/components/landing/LandingPage.jsx?t=1787453361303:141
[  132241ms] [LOG] [LandingPage] Section loaded: repo-animated @ http://localhost:5173/src/components/landing/LandingPage.jsx?t=1787453361303:141
[  132250ms] [LOG] [LandingPage] Section loaded: repo-narrative @ http://localhost:5173/src/components/landing/LandingPage.jsx?t=1787453361303:141
[  132262ms] [LOG] [LandingPage] Section loaded: repo-reference @ http://localhost:5173/src/components/landing/LandingPage.jsx?t=1787453361303:141
[  132271ms] [LOG] [LandingPage] Section loaded: repo-cinema @ http://localhost:5173/src/components/landing/LandingPage.jsx?t=1787453361303:141
[  132283ms] [LOG] [LandingPage] Section loaded: made-with @ http://localhost:5173/src/components/landing/LandingPage.jsx?t=1787453361303:141
[  132290ms] [LOG] [LandingPage] Section loaded: repo-fashion @ http://localhost:5173/src/components/landing/LandingPage.jsx?t=1787453361303:141
[  132298ms] [LOG] [LandingPage] Section loaded: repo-kinetic @ http://localhost:5173/src/components/landing/LandingPage.jsx?t=1787453361303:141
[  132309ms] [LOG] [LandingPage] Section loaded: repo-vfx @ http://localhost:5173/src/components/landing/LandingPage.jsx?t=1787453361303:141
[  132318ms] [LOG] [LandingPage] Section loaded: repo-commercial @ http://localhost:5173/src/components/landing/LandingPage.jsx?t=1787453361303:141
[  132326ms] [LOG] [LandingPage] Section loaded: repo-animation @ http://localhost:5173/src/components/landing/LandingPage.jsx?t=1787453361303:141
[  132463ms] [LOG] [LandingPage] Section loaded: repo-vertical @ http://localhost:5173/src/components/landing/LandingPage.jsx?t=1787453361303:141
[  132474ms] [LOG] [LandingPage] Section loaded: repo-ecommerce @ http://localhost:5173/src/components/landing/LandingPage.jsx?t=1787453361303:141
[  132481ms] [LOG] [LandingPage] Section loaded: ugc @ http://localhost:5173/src/components/landing/LandingPage.jsx?t=1787453361303:141
[  132495ms] [LOG] [LandingPage] Section loaded: repo-social-ads @ http://localhost:5173/src/components/landing/LandingPage.jsx?t=1787453361303:141
[  132500ms] [LOG] [LandingPage] Section loaded: apps @ http://localhost:5173/src/components/landing/LandingPage.jsx?t=1787453361303:141
[  132612ms] [LOG] [LandingPage] Section loaded: features @ http://localhost:5173/src/components/landing/LandingPage.jsx?t=1787453361303:141
[  132613ms] [LOG] [LandingPage] Section loaded: engines @ http://localhost:5173/src/components/landing/LandingPage.jsx?t=1787453361303:141
[  132614ms] [LOG] [LandingPage] Section loaded: comparison @ http://localhost:5173/src/components/landing/LandingPage.jsx?t=1787453361303:141
[  132689ms] [LOG] [LandingPage] Section loaded: gtm-boost @ http://localhost:5173/src/components/landing/LandingPage.jsx?t=1787453361303:141
[  132699ms] [LOG] [LandingPage] Section loaded: gallery @ http://localhost:5173/src/components/landing/LandingPage.jsx?t=1787453361303:141
[  132701ms] [LOG] [LandingPage] Section loaded: repos @ http://localhost:5173/src/components/landing/LandingPage.jsx?t=1787453361303:141
[  132701ms] [LOG] [LandingPage] Section loaded: ai-workflow @ http://localhost:5173/src/components/landing/LandingPage.jsx?t=1787453361303:141
[  132717ms] [LOG] [LandingPage] Section loaded: academy @ http://localhost:5173/src/components/landing/LandingPage.jsx?t=1787453361303:141
[  132941ms] [INFO] %cDownload the React DevTools for a better development experience: https://react.dev/link/react-devtools font-weight:bold @ http://localhost:5173/node_modules/.vite/deps/chunk-EEAUBQDT.js?v=93c1ec86:20096
[  132943ms] [ERROR] [ModalSystem] mount failed TypeError: Class constructor SortableElement cannot be invoked without 'new'
    at http://localhost:5173/components/modals/RetargetOptInModal.jsx?t=1787453361303:26:22 @ http://localhost:5173/src/main.js?t=1787453361303:329
[  132945ms] [ERROR] [popcorn-init] FAILED at: plugin-image TypeError: Class constructor SortableElement cannot be invoked without 'new'
    at http://localhost:5173/components/modals/RetargetOptInModal.jsx?t=1787453361303:26:22 @ http://localhost:5173/src/lib/popcornInit.js?t=1787453361303:55
[  133097ms] [ERROR] [popcorn-init] FAILED at: plugin-jsonTransition TypeError: Class constructor SortableElement cannot be invoked without 'new'
    at http://localhost:5173/components/modals/RetargetOptInModal.jsx?t=1787453361303:26:22 @ http://localhost:5173/src/lib/popcornInit.js?t=1787453361303:55
[  133298ms] [ERROR] [popcorn-init] FAILED at: plugin-lottie-json TypeError: Class constructor SortableElement cannot be invoked without 'new'
    at http://localhost:5173/components/modals/RetargetOptInModal.jsx?t=1787453361303:26:22 @ http://localhost:5173/src/lib/popcornInit.js?t=1787453361303:55
[  133329ms] [LOG] [popcorn-init] OK: plugin-json-button @ http://localhost:5173/src/lib/popcornInit.js?t=1787453361303:48
[  133345ms] [ERROR] [popcorn-init] FAILED at: plugin-personalizedImage TypeError: Class constructor SortableElement cannot be invoked without 'new'
    at http://localhost:5173/components/modals/RetargetOptInModal.jsx?t=1787453361303:26:22 @ http://localhost:5173/src/lib/popcornInit.js?t=1787453361303:55
[  133356ms] [ERROR] [popcorn-init] FAILED at: plugin-loopPlugin TypeError: Class constructor SortableElement cannot be invoked without 'new'
    at http://localhost:5173/components/modals/RetargetOptInModal.jsx?t=1787453361303:26:22 @ http://localhost:5173/src/lib/popcornInit.js?t=1787453361303:55
[  133365ms] [ERROR] [popcorn-init] FAILED at: plugin-pausePlugin TypeError: Class constructor SortableElement cannot be invoked without 'new'
    at http://localhost:5173/components/modals/RetargetOptInModal.jsx?t=1787453361303:26:22 @ http://localhost:5173/src/lib/popcornInit.js?t=1787453361303:55
[  133387ms] [ERROR] [popcorn-init] FAILED at: plugin-form TypeError: Class constructor SortableElement cannot be invoked without 'new'
    at http://localhost:5173/components/modals/RetargetOptInModal.jsx?t=1787453361303:26:22 @ http://localhost:5173/src/lib/popcornInit.js?t=1787453361303:55
[  133411ms] [ERROR] [popcorn-init] FAILED at: plugin-retarget TypeError: Class constructor SortableElement cannot be invoked without 'new'
    at http://localhost:5173/components/modals/RetargetOptInModal.jsx?t=1787453361303:26:22 @ http://localhost:5173/src/lib/popcornInit.js?t=1787453361303:55
[  133416ms] [LOG] [popcorn-init] OK: plugin-popup @ http://localhost:5173/src/lib/popcornInit.js?t=1787453361303:48
[  133428ms] [ERROR] [popcorn-init] FAILED at: plugin-sequencer TypeError: Class constructor SortableElement cannot be invoked without 'new'
    at http://localhost:5173/components/modals/RetargetOptInModal.jsx?t=1787453361303:26:22 @ http://localhost:5173/src/lib/popcornInit.js?t=1787453361303:55
[  133465ms] [ERROR] [popcorn-init] FAILED at: plugin-skip TypeError: Class constructor SortableElement cannot be invoked without 'new'
    at http://localhost:5173/components/modals/RetargetOptInModal.jsx?t=1787453361303:26:22 @ http://localhost:5173/src/lib/popcornInit.js?t=1787453361303:55
[  133497ms] [ERROR] [popcorn-init] FAILED at: plugin-text TypeError: Class constructor SortableElement cannot be invoked without 'new'
    at http://localhost:5173/components/modals/RetargetOptInModal.jsx?t=1787453361303:26:22 @ http://localhost:5173/src/lib/popcornInit.js?t=1787453361303:55
[  133517ms] [LOG] [popcorn-init] OK: plugin-social @ http://localhost:5173/src/lib/popcornInit.js?t=1787453361303:48
[  133533ms] [ERROR] [popcorn-init] FAILED at: plugin-jsonAnimation TypeError: Class constructor SortableElement cannot be invoked without 'new'
    at http://localhost:5173/components/modals/RetargetOptInModal.jsx?t=1787453361303:26:22 @ http://localhost:5173/src/lib/popcornInit.js?t=1787453361303:55
[  133561ms] [LOG] [popcorn-init] OK: plugin-videoTransition @ http://localhost:5173/src/lib/popcornInit.js?t=1787453361303:48
[  133579ms] [ERROR] [popcorn-init] FAILED at: plugin-seethroughtext TypeError: Class constructor SortableElement cannot be invoked without 'new'
    at http://localhost:5173/components/modals/RetargetOptInModal.jsx?t=1787453361303:26:22 @ http://localhost:5173/src/lib/popcornInit.js?t=1787453361303:55
[  133594ms] [LOG] [popcorn-init] OK: plugin-wikipedia @ http://localhost:5173/src/lib/popcornInit.js?t=1787453361303:48
[  133608ms] [ERROR] [popcorn-init] FAILED at: plugin-combined TypeError: Class constructor SortableElement cannot be invoked without 'new'
    at http://localhost:5173/components/modals/RetargetOptInModal.jsx?t=1787453361303:26:22 @ http://localhost:5173/src/lib/popcornInit.js?t=1787453361303:55
[  133628ms] [ERROR] [popcorn-init] FAILED at: plugin-background TypeError: Class constructor SortableElement cannot be invoked without 'new'
    at http://localhost:5173/components/modals/RetargetOptInModal.jsx?t=1787453361303:26:22 @ http://localhost:5173/src/lib/popcornInit.js?t=1787453361303:55
[  133629ms] [LOG] [popcorn-init] SUMMARY: 5/20 plugins registered; FAILED: plugin-image, plugin-jsonTransition, plugin-lottie-json, plugin-personalizedImage, plugin-loopPlugin, plugin-pausePlugin, plugin-form, plugin-retarget, plugin-sequencer, plugin-skip, plugin-text, plugin-jsonAnimation, plugin-seethroughtext, plugin-combined, plugin-background @ http://localhost:5173/src/lib/popcornInit.js?t=1787453361303:60
[  133629ms] [LOG] [popcorn] function 5 @ http://localhost:5173/src/main.js?t=1787453361303:4
[  135764ms] [LOG] [App] Starting initialization... @ http://localhost:5173/src/main.js?t=1787453361303:19
[  135770ms] [LOG] [popcorn-init] OK: jquery @ http://localhost:5173/src/lib/popcornInit.js?t=1787453361303:41
[  135771ms] [LOG] [popcorn-init] OK: jquery-textfill @ http://localhost:5173/src/lib/popcornInit.js?t=1787453361303:48
[  135772ms] [LOG] [popcorn-init] OK: popcorn-core @ http://localhost:5173/src/lib/popcornInit.js?t=1787453361303:48
[  135772ms] [LOG] [popcorn-init] OK: popcorn-ie8 @ http://localhost:5173/src/lib/popcornInit.js?t=1787453361303:48
[  135773ms] [LOG] [popcorn-init] OK: wrapper-common @ http://localhost:5173/src/lib/popcornInit.js?t=1787453361303:48
[  135773ms] [LOG] [popcorn-init] OK: wrapper-html5 @ http://localhost:5173/src/lib/popcornInit.js?t=1787453361303:48
[  135774ms] [LOG] [popcorn-init] OK: wrapper-vrview @ http://localhost:5173/src/lib/popcornInit.js?t=1787453361303:48
[  135775ms] [LOG] [popcorn-init] OK: wrapper-adaptive @ http://localhost:5173/src/lib/popcornInit.js?t=1787453361303:48
[  135776ms] [LOG] [popcorn-init] OK: wrapper-null @ http://localhost:5173/src/lib/popcornInit.js?t=1787453361303:48
[  135777ms] [LOG] [popcorn-init] OK: wrapper-soundcloud @ http://localhost:5173/src/lib/popcornInit.js?t=1787453361303:48
[  135777ms] [LOG] [popcorn-init] OK: wrapper-vimeo @ http://localhost:5173/src/lib/popcornInit.js?t=1787453361303:48
[  135778ms] [LOG] [popcorn-init] OK: wrapper-youtube @ http://localhost:5173/src/lib/popcornInit.js?t=1787453361303:48
[  135778ms] [LOG] [popcorn-init] OK: wrapper-jwplayer @ http://localhost:5173/src/lib/popcornInit.js?t=1787453361303:48
[  135779ms] [LOG] [popcorn-init] OK: player-module @ http://localhost:5173/src/lib/popcornInit.js?t=1787453361303:48
[  135781ms] [LOG] [LandingPage] Header.jsx loaded @ http://localhost:5173/src/components/landing/LandingPage.jsx?t=1787453361303:176
[  135816ms] [LOG] [LandingPage] CinematicVideoHero.jsx loaded @ http://localhost:5173/src/components/landing/LandingPage.jsx?t=1787453361303:189
[  136093ms] [LOG] [LandingPage] HeroSection.jsx loaded @ http://localhost:5173/src/components/landing/LandingPage.jsx?t=1787453361303:202
[  136094ms] [LOG] [LandingPage] Observer created for: scrolling placeholder id: section-scrolling @ http://localhost:5173/src/components/landing/LandingPage.jsx?t=1787453361303:160
[  136094ms] [LOG] [LandingPage] Observer created for: hook placeholder id: section-hook @ http://localhost:5173/src/components/landing/LandingPage.jsx?t=1787453361303:160
[  136094ms] [LOG] [LandingPage] Observer created for: engines placeholder id: section-engines @ http://localhost:5173/src/components/landing/LandingPage.jsx?t=1787453361303:160
[  136094ms] [LOG] [LandingPage] Observer created for: apps placeholder id: section-apps @ http://localhost:5173/src/components/landing/LandingPage.jsx?t=1787453361303:160
[  136094ms] [LOG] [LandingPage] Observer created for: features placeholder id: section-features @ http://localhost:5173/src/components/landing/LandingPage.jsx?t=1787453361303:160
[  136094ms] [LOG] [LandingPage] Observer created for: problem placeholder id: section-problem @ http://localhost:5173/src/components/landing/LandingPage.jsx?t=1787453361303:160
[  136094ms] [LOG] [LandingPage] Observer created for: workflow placeholder id: section-workflow @ http://localhost:5173/src/components/landing/LandingPage.jsx?t=1787453361303:160
[  136094ms] [LOG] [LandingPage] Observer created for: comparison placeholder id: section-comparison @ http://localhost:5173/src/components/landing/LandingPage.jsx?t=1787453361303:160
[  136094ms] [LOG] [LandingPage] Observer created for: value placeholder id: section-value @ http://localhost:5173/src/components/landing/LandingPage.jsx?t=1787453361303:160
[  136094ms] [LOG] [LandingPage] Observer created for: agency placeholder id: section-agency @ http://localhost:5173/src/components/landing/LandingPage.jsx?t=1787453361303:160
[  136094ms] [LOG] [LandingPage] Observer created for: offer placeholder id: section-offer @ http://localhost:5173/src/components/landing/LandingPage.jsx?t=1787453361303:160
[  136094ms] [LOG] [LandingPage] Observer created for: cta placeholder id: section-cta @ http://localhost:5173/src/components/landing/LandingPage.jsx?t=1787453361303:160
[  136094ms] [LOG] [LandingPage] Observer created for: ai-workflow placeholder id: section-ai-workflow @ http://localhost:5173/src/components/landing/LandingPage.jsx?t=1787453361303:160
[  136094ms] [LOG] [LandingPage] Observer created for: made-with placeholder id: section-made-with @ http://localhost:5173/src/components/landing/LandingPage.jsx?t=1787453361303:160
[  136095ms] [LOG] [LandingPage] Observer created for: ugc placeholder id: section-ugc @ http://localhost:5173/src/components/landing/LandingPage.jsx?t=1787453361303:160
[  136095ms] [LOG] [LandingPage] Observer created for: gallery placeholder id: section-gallery @ http://localhost:5173/src/components/landing/LandingPage.jsx?t=1787453361303:160
[  136095ms] [LOG] [LandingPage] Observer created for: academy placeholder id: section-academy @ http://localhost:5173/src/components/landing/LandingPage.jsx?t=1787453361303:160
[  136095ms] [LOG] [LandingPage] Observer created for: repo-cinema placeholder id: section-repo-cinema @ http://localhost:5173/src/components/landing/LandingPage.jsx?t=1787453361303:160
[  136095ms] [LOG] [LandingPage] Observer created for: repo-commercial placeholder id: section-repo-commercial @ http://localhost:5173/src/components/landing/LandingPage.jsx?t=1787453361303:160
[  136095ms] [LOG] [LandingPage] Observer created for: repo-social-ads placeholder id: section-repo-social-ads @ http://localhost:5173/src/components/landing/LandingPage.jsx?t=1787453361303:160
[  136095ms] [LOG] [LandingPage] Observer created for: repo-narrative placeholder id: section-repo-narrative @ http://localhost:5173/src/components/landing/LandingPage.jsx?t=1787453361303:160
[  136095ms] [LOG] [LandingPage] Observer created for: repo-vertical placeholder id: section-repo-vertical @ http://localhost:5173/src/components/landing/LandingPage.jsx?t=1787453361303:160
[  136095ms] [LOG] [LandingPage] Observer created for: repo-ecommerce placeholder id: section-repo-ecommerce @ http://localhost:5173/src/components/landing/LandingPage.jsx?t=1787453361303:160
[  136095ms] [LOG] [LandingPage] Observer created for: repo-kinetic placeholder id: section-repo-kinetic @ http://localhost:5173/src/components/landing/LandingPage.jsx?t=1787453361303:160
[  136095ms] [LOG] [LandingPage] Observer created for: repo-animated placeholder id: section-repo-animated @ http://localhost:5173/src/components/landing/LandingPage.jsx?t=1787453361303:160
[  136095ms] [LOG] [LandingPage] Observer created for: repo-animation placeholder id: section-repo-animation @ http://localhost:5173/src/components/landing/LandingPage.jsx?t=1787453361303:160
[  136095ms] [LOG] [LandingPage] Observer created for: repo-reference placeholder id: section-repo-reference @ http://localhost:5173/src/components/landing/LandingPage.jsx?t=1787453361303:160
[  136095ms] [LOG] [LandingPage] Observer created for: repo-vfx placeholder id: section-repo-vfx @ http://localhost:5173/src/components/landing/LandingPage.jsx?t=1787453361303:160
[  136095ms] [LOG] [LandingPage] Observer created for: repo-fashion placeholder id: section-repo-fashion @ http://localhost:5173/src/components/landing/LandingPage.jsx?t=1787453361303:160
[  136095ms] [LOG] [LandingPage] Observer created for: repos placeholder id: section-repos @ http://localhost:5173/src/components/landing/LandingPage.jsx?t=1787453361303:160
[  136095ms] [LOG] [LandingPage] Observer created for: gtm-boost placeholder id: section-gtm-boost @ http://localhost:5173/src/components/landing/LandingPage.jsx?t=1787453361303:160
[  136096ms] [LOG] [App] Landing page rendered @ http://localhost:5173/src/main.js?t=1787453361303:88
[  136109ms] [LOG] [LandingPage] IntersectionObserver fired for cta [Object] @ http://localhost:5173/src/components/landing/LandingPage.jsx?t=1787453361303:119
[  136110ms] [LOG] [LandingPage] Loading section: cta @ http://localhost:5173/src/components/landing/LandingPage.jsx?t=1787453361303:122
[  136110ms] [LOG] [LandingPage] IntersectionObserver fired for workflow [Object] @ http://localhost:5173/src/components/landing/LandingPage.jsx?t=1787453361303:119
[  136110ms] [LOG] [LandingPage] Loading section: workflow @ http://localhost:5173/src/components/landing/LandingPage.jsx?t=1787453361303:122
[  136110ms] [LOG] [LandingPage] IntersectionObserver fired for repo-vertical [Object] @ http://localhost:5173/src/components/landing/LandingPage.jsx?t=1787453361303:119
[  136110ms] [LOG] [LandingPage] Loading section: repo-vertical @ http://localhost:5173/src/components/landing/LandingPage.jsx?t=1787453361303:122
[  136111ms] [LOG] [LandingPage] IntersectionObserver fired for repo-ecommerce [Object] @ http://localhost:5173/src/components/landing/LandingPage.jsx?t=1787453361303:119
[  136111ms] [LOG] [LandingPage] Loading section: repo-ecommerce @ http://localhost:5173/src/components/landing/LandingPage.jsx?t=1787453361303:122
[  136111ms] [LOG] [LandingPage] IntersectionObserver fired for repo-vfx [Object] @ http://localhost:5173/src/components/landing/LandingPage.jsx?t=1787453361303:119
[  136111ms] [LOG] [LandingPage] Loading section: repo-vfx @ http://localhost:5173/src/components/landing/LandingPage.jsx?t=1787453361303:122
[  136111ms] [LOG] [LandingPage] IntersectionObserver fired for repo-cinema [Object] @ http://localhost:5173/src/components/landing/LandingPage.jsx?t=1787453361303:119
[  136111ms] [LOG] [LandingPage] Loading section: repo-cinema @ http://localhost:5173/src/components/landing/LandingPage.jsx?t=1787453361303:122
[  136111ms] [LOG] [LandingPage] IntersectionObserver fired for repo-reference [Object] @ http://localhost:5173/src/components/landing/LandingPage.jsx?t=1787453361303:119
[  136112ms] [LOG] [LandingPage] Loading section: repo-reference @ http://localhost:5173/src/components/landing/LandingPage.jsx?t=1787453361303:122
[  136112ms] [LOG] [LandingPage] IntersectionObserver fired for repo-animation [Object] @ http://localhost:5173/src/components/landing/LandingPage.jsx?t=1787453361303:119
[  136112ms] [LOG] [LandingPage] Loading section: repo-animation @ http://localhost:5173/src/components/landing/LandingPage.jsx?t=1787453361303:122
[  136112ms] [LOG] [LandingPage] IntersectionObserver fired for comparison [Object] @ http://localhost:5173/src/components/landing/LandingPage.jsx?t=1787453361303:119
[  136113ms] [LOG] [LandingPage] Loading section: comparison @ http://localhost:5173/src/components/landing/LandingPage.jsx?t=1787453361303:122
[  136113ms] [LOG] [LandingPage] IntersectionObserver fired for repos [Object] @ http://localhost:5173/src/components/landing/LandingPage.jsx?t=1787453361303:119
[  136113ms] [LOG] [LandingPage] Loading section: repos @ http://localhost:5173/src/components/landing/LandingPage.jsx?t=1787453361303:122
[  136113ms] [LOG] [LandingPage] IntersectionObserver fired for offer [Object] @ http://localhost:5173/src/components/landing/LandingPage.jsx?t=1787453361303:119
[  136113ms] [LOG] [LandingPage] Loading section: offer @ http://localhost:5173/src/components/landing/LandingPage.jsx?t=1787453361303:122
[  136113ms] [LOG] [LandingPage] IntersectionObserver fired for made-with [Object] @ http://localhost:5173/src/components/landing/LandingPage.jsx?t=1787453361303:119
[  136114ms] [LOG] [LandingPage] Loading section: made-with @ http://localhost:5173/src/components/landing/LandingPage.jsx?t=1787453361303:122
[  136114ms] [LOG] [LandingPage] IntersectionObserver fired for features [Object] @ http://localhost:5173/src/components/landing/LandingPage.jsx?t=1787453361303:119
[  136114ms] [LOG] [LandingPage] Loading section: features @ http://localhost:5173/src/components/landing/LandingPage.jsx?t=1787453361303:122
[  136114ms] [LOG] [LandingPage] IntersectionObserver fired for engines [Object] @ http://localhost:5173/src/components/landing/LandingPage.jsx?t=1787453361303:119
[  136114ms] [LOG] [LandingPage] Loading section: engines @ http://localhost:5173/src/components/landing/LandingPage.jsx?t=1787453361303:122
[  136115ms] [LOG] [LandingPage] IntersectionObserver fired for apps [Object] @ http://localhost:5173/src/components/landing/LandingPage.jsx?t=1787453361303:119
[  136115ms] [LOG] [LandingPage] Loading section: apps @ http://localhost:5173/src/components/landing/LandingPage.jsx?t=1787453361303:122
[  136115ms] [LOG] [LandingPage] IntersectionObserver fired for academy [Object] @ http://localhost:5173/src/components/landing/LandingPage.jsx?t=1787453361303:119
[  136115ms] [LOG] [LandingPage] Loading section: academy @ http://localhost:5173/src/components/landing/LandingPage.jsx?t=1787453361303:122
[  136115ms] [LOG] [LandingPage] IntersectionObserver fired for gallery [Object] @ http://localhost:5173/src/components/landing/LandingPage.jsx?t=1787453361303:119
[  136115ms] [LOG] [LandingPage] Loading section: gallery @ http://localhost:5173/src/components/landing/LandingPage.jsx?t=1787453361303:122
[  136115ms] [LOG] [LandingPage] IntersectionObserver fired for gtm-boost [Object] @ http://localhost:5173/src/components/landing/LandingPage.jsx?t=1787453361303:119
[  136116ms] [LOG] [LandingPage] Loading section: gtm-boost @ http://localhost:5173/src/components/landing/LandingPage.jsx?t=1787453361303:122
[  136116ms] [LOG] [LandingPage] IntersectionObserver fired for repo-commercial [Object] @ http://localhost:5173/src/components/landing/LandingPage.jsx?t=1787453361303:119
[  136116ms] [LOG] [LandingPage] Loading section: repo-commercial @ http://localhost:5173/src/components/landing/LandingPage.jsx?t=1787453361303:122
[  136116ms] [LOG] [LandingPage] IntersectionObserver fired for repo-fashion [Object] @ http://localhost:5173/src/components/landing/LandingPage.jsx?t=1787453361303:119
[  136116ms] [LOG] [LandingPage] Loading section: repo-fashion @ http://localhost:5173/src/components/landing/LandingPage.jsx?t=1787453361303:122
[  136117ms] [LOG] [LandingPage] IntersectionObserver fired for problem [Object] @ http://localhost:5173/src/components/landing/LandingPage.jsx?t=1787453361303:119
[  136117ms] [LOG] [LandingPage] Loading section: problem @ http://localhost:5173/src/components/landing/LandingPage.jsx?t=1787453361303:122
[  136118ms] [LOG] [LandingPage] IntersectionObserver fired for hook [Object] @ http://localhost:5173/src/components/landing/LandingPage.jsx?t=1787453361303:119
[  136119ms] [LOG] [LandingPage] Loading section: hook @ http://localhost:5173/src/components/landing/LandingPage.jsx?t=1787453361303:122
[  136119ms] [LOG] [LandingPage] IntersectionObserver fired for repo-kinetic [Object] @ http://localhost:5173/src/components/landing/LandingPage.jsx?t=1787453361303:119
[  136119ms] [LOG] [LandingPage] Loading section: repo-kinetic @ http://localhost:5173/src/components/landing/LandingPage.jsx?t=1787453361303:122
[  136119ms] [LOG] [LandingPage] IntersectionObserver fired for repo-social-ads [Object] @ http://localhost:5173/src/components/landing/LandingPage.jsx?t=1787453361303:119
[  136120ms] [LOG] [LandingPage] Loading section: repo-social-ads @ http://localhost:5173/src/components/landing/LandingPage.jsx?t=1787453361303:122
[  136120ms] [LOG] [LandingPage] IntersectionObserver fired for ai-workflow [Object] @ http://localhost:5173/src/components/landing/LandingPage.jsx?t=1787453361303:119
[  136120ms] [LOG] [LandingPage] Loading section: ai-workflow @ http://localhost:5173/src/components/landing/LandingPage.jsx?t=1787453361303:122
[  136120ms] [LOG] [LandingPage] IntersectionObserver fired for ugc [Object] @ http://localhost:5173/src/components/landing/LandingPage.jsx?t=1787453361303:119
[  136120ms] [LOG] [LandingPage] Loading section: ugc @ http://localhost:5173/src/components/landing/LandingPage.jsx?t=1787453361303:122
[  136121ms] [LOG] [LandingPage] IntersectionObserver fired for value [Object] @ http://localhost:5173/src/components/landing/LandingPage.jsx?t=1787453361303:119
[  136121ms] [LOG] [LandingPage] Loading section: value @ http://localhost:5173/src/components/landing/LandingPage.jsx?t=1787453361303:122
[  136121ms] [LOG] [LandingPage] IntersectionObserver fired for agency [Object] @ http://localhost:5173/src/components/landing/LandingPage.jsx?t=1787453361303:119
[  136122ms] [LOG] [LandingPage] Loading section: agency @ http://localhost:5173/src/components/landing/LandingPage.jsx?t=1787453361303:122
[  136122ms] [LOG] [LandingPage] IntersectionObserver fired for repo-animated [Object] @ http://localhost:5173/src/components/landing/LandingPage.jsx?t=1787453361303:119
[  136122ms] [LOG] [LandingPage] Loading section: repo-animated @ http://localhost:5173/src/components/landing/LandingPage.jsx?t=1787453361303:122
[  136122ms] [LOG] [LandingPage] IntersectionObserver fired for scrolling [Object] @ http://localhost:5173/src/components/landing/LandingPage.jsx?t=1787453361303:119
[  136122ms] [LOG] [LandingPage] Loading section: scrolling @ http://localhost:5173/src/components/landing/LandingPage.jsx?t=1787453361303:122
[  136122ms] [LOG] [LandingPage] IntersectionObserver fired for repo-narrative [Object] @ http://localhost:5173/src/components/landing/LandingPage.jsx?t=1787453361303:119
[  136123ms] [LOG] [LandingPage] Loading section: repo-narrative @ http://localhost:5173/src/components/landing/LandingPage.jsx?t=1787453361303:122
[  136670ms] [LOG] [LandingPage] Section loaded: cta @ http://localhost:5173/src/components/landing/LandingPage.jsx?t=1787453361303:141
[  136675ms] [LOG] [LandingPage] Section loaded: workflow @ http://localhost:5173/src/components/landing/LandingPage.jsx?t=1787453361303:141
[  136680ms] [LOG] [LandingPage] Section loaded: comparison @ http://localhost:5173/src/components/landing/LandingPage.jsx?t=1787453361303:141
[  136683ms] [LOG] [LandingPage] Section loaded: repos @ http://localhost:5173/src/components/landing/LandingPage.jsx?t=1787453361303:141
[  136698ms] [LOG] [LandingPage] Section loaded: offer @ http://localhost:5173/src/components/landing/LandingPage.jsx?t=1787453361303:141
[  136698ms] [LOG] [LandingPage] Section loaded: features @ http://localhost:5173/src/components/landing/LandingPage.jsx?t=1787453361303:141
[  136727ms] [LOG] [LandingPage] Section loaded: engines @ http://localhost:5173/src/components/landing/LandingPage.jsx?t=1787453361303:141
[  136727ms] [LOG] [LandingPage] Section loaded: problem @ http://localhost:5173/src/components/landing/LandingPage.jsx?t=1787453361303:141
[  136728ms] [LOG] [LandingPage] Section loaded: hook @ http://localhost:5173/src/components/landing/LandingPage.jsx?t=1787453361303:141
[  136764ms] [LOG] [LandingPage] Section loaded: value @ http://localhost:5173/src/components/landing/LandingPage.jsx?t=1787453361303:141
[  136764ms] [LOG] [LandingPage] Section loaded: agency @ http://localhost:5173/src/components/landing/LandingPage.jsx?t=1787453361303:141
[  136771ms] [LOG] [LandingPage] Section loaded: scrolling @ http://localhost:5173/src/components/landing/LandingPage.jsx?t=1787453361303:141
[  136951ms] [LOG] [LandingPage] Section loaded: made-with @ http://localhost:5173/src/components/landing/LandingPage.jsx?t=1787453361303:141
[  136954ms] [LOG] [LandingPage] Section loaded: ugc @ http://localhost:5173/src/components/landing/LandingPage.jsx?t=1787453361303:141
[  136960ms] [LOG] [LandingPage] Section loaded: gallery @ http://localhost:5173/src/components/landing/LandingPage.jsx?t=1787453361303:141
[  136962ms] [LOG] [LandingPage] Section loaded: gtm-boost @ http://localhost:5173/src/components/landing/LandingPage.jsx?t=1787453361303:141
[  136999ms] [LOG] [LandingPage] Section loaded: ai-workflow @ http://localhost:5173/src/components/landing/LandingPage.jsx?t=1787453361303:141
[  137007ms] [LOG] [LandingPage] Section loaded: repo-cinema @ http://localhost:5173/src/components/landing/LandingPage.jsx?t=1787453361303:141
[  137025ms] [LOG] [LandingPage] Section loaded: repo-narrative @ http://localhost:5173/src/components/landing/LandingPage.jsx?t=1787453361303:141
[  137040ms] [LOG] [LandingPage] Section loaded: repo-ecommerce @ http://localhost:5173/src/components/landing/LandingPage.jsx?t=1787453361303:141
[  137047ms] [LOG] [LandingPage] Section loaded: repo-vertical @ http://localhost:5173/src/components/landing/LandingPage.jsx?t=1787453361303:141
[  137063ms] [LOG] [LandingPage] Section loaded: repo-animated @ http://localhost:5173/src/components/landing/LandingPage.jsx?t=1787453361303:141
[  137075ms] [LOG] [LandingPage] Section loaded: repo-reference @ http://localhost:5173/src/components/landing/LandingPage.jsx?t=1787453361303:141
[  137089ms] [LOG] [LandingPage] Section loaded: repo-animation @ http://localhost:5173/src/components/landing/LandingPage.jsx?t=1787453361303:141
[  137098ms] [LOG] [LandingPage] Section loaded: repo-commercial @ http://localhost:5173/src/components/landing/LandingPage.jsx?t=1787453361303:141
[  137202ms] [LOG] [LandingPage] Section loaded: repo-social-ads @ http://localhost:5173/src/components/landing/LandingPage.jsx?t=1787453361303:141
[  137208ms] [LOG] [LandingPage] Section loaded: repo-kinetic @ http://localhost:5173/src/components/landing/LandingPage.jsx?t=1787453361303:141
[  137213ms] [LOG] [LandingPage] Section loaded: repo-fashion @ http://localhost:5173/src/components/landing/LandingPage.jsx?t=1787453361303:141
[  137220ms] [LOG] [LandingPage] Section loaded: repo-vfx @ http://localhost:5173/src/components/landing/LandingPage.jsx?t=1787453361303:141
[  137228ms] [LOG] [LandingPage] Section loaded: apps @ http://localhost:5173/src/components/landing/LandingPage.jsx?t=1787453361303:141
[  137241ms] [LOG] [LandingPage] Section loaded: academy @ http://localhost:5173/src/components/landing/LandingPage.jsx?t=1787453361303:141
[  137424ms] [ERROR] [popcorn-init] FAILED at: plugin-image TypeError: Class constructor SortableElement cannot be invoked without 'new'
    at http://localhost:5173/components/modals/RetargetOptInModal.jsx?t=1787453361303:26:22 @ http://localhost:5173/src/lib/popcornInit.js?t=1787453361303:55
[  137425ms] [INFO] %cDownload the React DevTools for a better development experience: https://react.dev/link/react-devtools font-weight:bold @ http://localhost:5173/node_modules/.vite/deps/chunk-EEAUBQDT.js?v=93c1ec86:20096
[  137425ms] [ERROR] [ModalSystem] mount failed TypeError: Class constructor SortableElement cannot be invoked without 'new'
    at http://localhost:5173/components/modals/RetargetOptInModal.jsx?t=1787453361303:26:22 @ http://localhost:5173/src/main.js?t=1787453361303:329
[  137482ms] [ERROR] [popcorn-init] FAILED at: plugin-jsonTransition TypeError: Class constructor SortableElement cannot be invoked without 'new'
    at http://localhost:5173/components/modals/RetargetOptInModal.jsx?t=1787453361303:26:22 @ http://localhost:5173/src/lib/popcornInit.js?t=1787453361303:55
[  137506ms] [ERROR] [popcorn-init] FAILED at: plugin-lottie-json TypeError: Class constructor SortableElement cannot be invoked without 'new'
    at http://localhost:5173/components/modals/RetargetOptInModal.jsx?t=1787453361303:26:22 @ http://localhost:5173/src/lib/popcornInit.js?t=1787453361303:55
[  137516ms] [LOG] [popcorn-init] OK: plugin-json-button @ http://localhost:5173/src/lib/popcornInit.js?t=1787453361303:48
[  137523ms] [ERROR] [popcorn-init] FAILED at: plugin-personalizedImage TypeError: Class constructor SortableElement cannot be invoked without 'new'
    at http://localhost:5173/components/modals/RetargetOptInModal.jsx?t=1787453361303:26:22 @ http://localhost:5173/src/lib/popcornInit.js?t=1787453361303:55
[  137527ms] [ERROR] [popcorn-init] FAILED at: plugin-loopPlugin TypeError: Class constructor SortableElement cannot be invoked without 'new'
    at http://localhost:5173/components/modals/RetargetOptInModal.jsx?t=1787453361303:26:22 @ http://localhost:5173/src/lib/popcornInit.js?t=1787453361303:55
[  137531ms] [ERROR] [popcorn-init] FAILED at: plugin-pausePlugin TypeError: Class constructor SortableElement cannot be invoked without 'new'
    at http://localhost:5173/components/modals/RetargetOptInModal.jsx?t=1787453361303:26:22 @ http://localhost:5173/src/lib/popcornInit.js?t=1787453361303:55
[  137539ms] [ERROR] [popcorn-init] FAILED at: plugin-form TypeError: Class constructor SortableElement cannot be invoked without 'new'
    at http://localhost:5173/components/modals/RetargetOptInModal.jsx?t=1787453361303:26:22 @ http://localhost:5173/src/lib/popcornInit.js?t=1787453361303:55
[  137546ms] [ERROR] [popcorn-init] FAILED at: plugin-retarget TypeError: Class constructor SortableElement cannot be invoked without 'new'
    at http://localhost:5173/components/modals/RetargetOptInModal.jsx?t=1787453361303:26:22 @ http://localhost:5173/src/lib/popcornInit.js?t=1787453361303:55
[  137548ms] [LOG] [popcorn-init] OK: plugin-popup @ http://localhost:5173/src/lib/popcornInit.js?t=1787453361303:48
[  137555ms] [ERROR] [popcorn-init] FAILED at: plugin-sequencer TypeError: Class constructor SortableElement cannot be invoked without 'new'
    at http://localhost:5173/components/modals/RetargetOptInModal.jsx?t=1787453361303:26:22 @ http://localhost:5173/src/lib/popcornInit.js?t=1787453361303:55
[  137560ms] [ERROR] [popcorn-init] FAILED at: plugin-skip TypeError: Class constructor SortableElement cannot be invoked without 'new'
    at http://localhost:5173/components/modals/RetargetOptInModal.jsx?t=1787453361303:26:22 @ http://localhost:5173/src/lib/popcornInit.js?t=1787453361303:55
[  137578ms] [ERROR] [popcorn-init] FAILED at: plugin-text TypeError: Class constructor SortableElement cannot be invoked without 'new'
    at http://localhost:5173/components/modals/RetargetOptInModal.jsx?t=1787453361303:26:22 @ http://localhost:5173/src/lib/popcornInit.js?t=1787453361303:55
[  137584ms] [LOG] [popcorn-init] OK: plugin-social @ http://localhost:5173/src/lib/popcornInit.js?t=1787453361303:48
[  137598ms] [ERROR] [popcorn-init] FAILED at: plugin-jsonAnimation TypeError: Class constructor SortableElement cannot be invoked without 'new'
    at http://localhost:5173/components/modals/RetargetOptInModal.jsx?t=1787453361303:26:22 @ http://localhost:5173/src/lib/popcornInit.js?t=1787453361303:55
[  137608ms] [LOG] [popcorn-init] OK: plugin-videoTransition @ http://localhost:5173/src/lib/popcornInit.js?t=1787453361303:48
[  137613ms] [ERROR] [popcorn-init] FAILED at: plugin-seethroughtext TypeError: Class constructor SortableElement cannot be invoked without 'new'
    at http://localhost:5173/components/modals/RetargetOptInModal.jsx?t=1787453361303:26:22 @ http://localhost:5173/src/lib/popcornInit.js?t=1787453361303:55
[  137616ms] [LOG] [popcorn-init] OK: plugin-wikipedia @ http://localhost:5173/src/lib/popcornInit.js?t=1787453361303:48
[  137622ms] [ERROR] [popcorn-init] FAILED at: plugin-combined TypeError: Class constructor SortableElement cannot be invoked without 'new'
    at http://localhost:5173/components/modals/RetargetOptInModal.jsx?t=1787453361303:26:22 @ http://localhost:5173/src/lib/popcornInit.js?t=1787453361303:55
[  137626ms] [ERROR] [popcorn-init] FAILED at: plugin-background TypeError: Class constructor SortableElement cannot be invoked without 'new'
    at http://localhost:5173/components/modals/RetargetOptInModal.jsx?t=1787453361303:26:22 @ http://localhost:5173/src/lib/popcornInit.js?t=1787453361303:55
[  137627ms] [LOG] [popcorn-init] SUMMARY: 5/20 plugins registered; FAILED: plugin-image, plugin-jsonTransition, plugin-lottie-json, plugin-personalizedImage, plugin-loopPlugin, plugin-pausePlugin, plugin-form, plugin-retarget, plugin-sequencer, plugin-skip, plugin-text, plugin-jsonAnimation, plugin-seethroughtext, plugin-combined, plugin-background @ http://localhost:5173/src/lib/popcornInit.js?t=1787453361303:60
[  137627ms] [LOG] [popcorn] function 5 @ http://localhost:5173/src/main.js?t=1787453361303:4
[  138514ms] [LOG] [App] Starting initialization... @ http://localhost:5173/src/main.js?t=1787453361303:19
[  138526ms] [LOG] [popcorn-init] OK: jquery @ http://localhost:5173/src/lib/popcornInit.js?t=1787453361303:41
[  138527ms] [LOG] [popcorn-init] OK: jquery-textfill @ http://localhost:5173/src/lib/popcornInit.js?t=1787453361303:48
[  138527ms] [LOG] [popcorn-init] OK: popcorn-core @ http://localhost:5173/src/lib/popcornInit.js?t=1787453361303:48
[  138528ms] [LOG] [popcorn-init] OK: popcorn-ie8 @ http://localhost:5173/src/lib/popcornInit.js?t=1787453361303:48
[  138528ms] [LOG] [popcorn-init] OK: wrapper-common @ http://localhost:5173/src/lib/popcornInit.js?t=1787453361303:48
[  138529ms] [LOG] [popcorn-init] OK: wrapper-html5 @ http://localhost:5173/src/lib/popcornInit.js?t=1787453361303:48
[  138529ms] [LOG] [popcorn-init] OK: wrapper-vrview @ http://localhost:5173/src/lib/popcornInit.js?t=1787453361303:48
[  138530ms] [LOG] [popcorn-init] OK: wrapper-adaptive @ http://localhost:5173/src/lib/popcornInit.js?t=1787453361303:48
[  138530ms] [LOG] [popcorn-init] OK: wrapper-null @ http://localhost:5173/src/lib/popcornInit.js?t=1787453361303:48
[  138531ms] [LOG] [popcorn-init] OK: wrapper-soundcloud @ http://localhost:5173/src/lib/popcornInit.js?t=1787453361303:48
[  138532ms] [LOG] [popcorn-init] OK: wrapper-vimeo @ http://localhost:5173/src/lib/popcornInit.js?t=1787453361303:48
[  138533ms] [LOG] [popcorn-init] OK: wrapper-youtube @ http://localhost:5173/src/lib/popcornInit.js?t=1787453361303:48
[  138533ms] [LOG] [popcorn-init] OK: wrapper-jwplayer @ http://localhost:5173/src/lib/popcornInit.js?t=1787453361303:48
[  138535ms] [LOG] [popcorn-init] OK: player-module @ http://localhost:5173/src/lib/popcornInit.js?t=1787453361303:48
[  138555ms] [LOG] [LandingPage] Header.jsx loaded @ http://localhost:5173/src/components/landing/LandingPage.jsx?t=1787453361303:176
[  138754ms] [LOG] [LandingPage] CinematicVideoHero.jsx loaded @ http://localhost:5173/src/components/landing/LandingPage.jsx?t=1787453361303:189
[  139086ms] [LOG] [LandingPage] HeroSection.jsx loaded @ http://localhost:5173/src/components/landing/LandingPage.jsx?t=1787453361303:202
[  139087ms] [LOG] [LandingPage] Observer created for: scrolling placeholder id: section-scrolling @ http://localhost:5173/src/components/landing/LandingPage.jsx?t=1787453361303:160
[  139087ms] [LOG] [LandingPage] Observer created for: hook placeholder id: section-hook @ http://localhost:5173/src/components/landing/LandingPage.jsx?t=1787453361303:160
[  139087ms] [LOG] [LandingPage] Observer created for: engines placeholder id: section-engines @ http://localhost:5173/src/components/landing/LandingPage.jsx?t=1787453361303:160
[  139087ms] [LOG] [LandingPage] Observer created for: apps placeholder id: section-apps @ http://localhost:5173/src/components/landing/LandingPage.jsx?t=1787453361303:160
[  139087ms] [LOG] [LandingPage] Observer created for: features placeholder id: section-features @ http://localhost:5173/src/components/landing/LandingPage.jsx?t=1787453361303:160
[  139087ms] [LOG] [LandingPage] Observer created for: problem placeholder id: section-problem @ http://localhost:5173/src/components/landing/LandingPage.jsx?t=1787453361303:160
[  139087ms] [LOG] [LandingPage] Observer created for: workflow placeholder id: section-workflow @ http://localhost:5173/src/components/landing/LandingPage.jsx?t=1787453361303:160
[  139087ms] [LOG] [LandingPage] Observer created for: comparison placeholder id: section-comparison @ http://localhost:5173/src/components/landing/LandingPage.jsx?t=1787453361303:160
[  139087ms] [LOG] [LandingPage] Observer created for: value placeholder id: section-value @ http://localhost:5173/src/components/landing/LandingPage.jsx?t=1787453361303:160
[  139088ms] [LOG] [LandingPage] Observer created for: agency placeholder id: section-agency @ http://localhost:5173/src/components/landing/LandingPage.jsx?t=1787453361303:160
[  139088ms] [LOG] [LandingPage] Observer created for: offer placeholder id: section-offer @ http://localhost:5173/src/components/landing/LandingPage.jsx?t=1787453361303:160
[  139088ms] [LOG] [LandingPage] Observer created for: cta placeholder id: section-cta @ http://localhost:5173/src/components/landing/LandingPage.jsx?t=1787453361303:160
[  139088ms] [LOG] [LandingPage] Observer created for: ai-workflow placeholder id: section-ai-workflow @ http://localhost:5173/src/components/landing/LandingPage.jsx?t=1787453361303:160
[  139088ms] [LOG] [LandingPage] Observer created for: made-with placeholder id: section-made-with @ http://localhost:5173/src/components/landing/LandingPage.jsx?t=1787453361303:160
[  139088ms] [LOG] [LandingPage] Observer created for: ugc placeholder id: section-ugc @ http://localhost:5173/src/components/landing/LandingPage.jsx?t=1787453361303:160
[  139088ms] [LOG] [LandingPage] Observer created for: gallery placeholder id: section-gallery @ http://localhost:5173/src/components/landing/LandingPage.jsx?t=1787453361303:160
[  139088ms] [LOG] [LandingPage] Observer created for: academy placeholder id: section-academy @ http://localhost:5173/src/components/landing/LandingPage.jsx?t=1787453361303:160
[  139088ms] [LOG] [LandingPage] Observer created for: repo-cinema placeholder id: section-repo-cinema @ http://localhost:5173/src/components/landing/LandingPage.jsx?t=1787453361303:160
[  139088ms] [LOG] [LandingPage] Observer created for: repo-commercial placeholder id: section-repo-commercial @ http://localhost:5173/src/components/landing/LandingPage.jsx?t=1787453361303:160
[  139088ms] [LOG] [LandingPage] Observer created for: repo-social-ads placeholder id: section-repo-social-ads @ http://localhost:5173/src/components/landing/LandingPage.jsx?t=1787453361303:160
[  139088ms] [LOG] [LandingPage] Observer created for: repo-narrative placeholder id: section-repo-narrative @ http://localhost:5173/src/components/landing/LandingPage.jsx?t=1787453361303:160
[  139088ms] [LOG] [LandingPage] Observer created for: repo-vertical placeholder id: section-repo-vertical @ http://localhost:5173/src/components/landing/LandingPage.jsx?t=1787453361303:160
[  139088ms] [LOG] [LandingPage] Observer created for: repo-ecommerce placeholder id: section-repo-ecommerce @ http://localhost:5173/src/components/landing/LandingPage.jsx?t=1787453361303:160
[  139088ms] [LOG] [LandingPage] Observer created for: repo-kinetic placeholder id: section-repo-kinetic @ http://localhost:5173/src/components/landing/LandingPage.jsx?t=1787453361303:160
[  139088ms] [LOG] [LandingPage] Observer created for: repo-animated placeholder id: section-repo-animated @ http://localhost:5173/src/components/landing/LandingPage.jsx?t=1787453361303:160
[  139088ms] [LOG] [LandingPage] Observer created for: repo-animation placeholder id: section-repo-animation @ http://localhost:5173/src/components/landing/LandingPage.jsx?t=1787453361303:160
[  139089ms] [LOG] [LandingPage] Observer created for: repo-reference placeholder id: section-repo-reference @ http://localhost:5173/src/components/landing/LandingPage.jsx?t=1787453361303:160
[  139089ms] [LOG] [LandingPage] Observer created for: repo-vfx placeholder id: section-repo-vfx @ http://localhost:5173/src/components/landing/LandingPage.jsx?t=1787453361303:160
[  139089ms] [LOG] [LandingPage] Observer created for: repo-fashion placeholder id: section-repo-fashion @ http://localhost:5173/src/components/landing/LandingPage.jsx?t=1787453361303:160
[  139089ms] [LOG] [LandingPage] Observer created for: repos placeholder id: section-repos @ http://localhost:5173/src/components/landing/LandingPage.jsx?t=1787453361303:160
[  139089ms] [LOG] [LandingPage] Observer created for: gtm-boost placeholder id: section-gtm-boost @ http://localhost:5173/src/components/landing/LandingPage.jsx?t=1787453361303:160
[  139089ms] [LOG] [App] Landing page rendered @ http://localhost:5173/src/main.js?t=1787453361303:88
[  139119ms] [LOG] [LandingPage] IntersectionObserver fired for repo-animated [Object] @ http://localhost:5173/src/components/landing/LandingPage.jsx?t=1787453361303:119
[  139120ms] [LOG] [LandingPage] Loading section: repo-animated @ http://localhost:5173/src/components/landing/LandingPage.jsx?t=1787453361303:122
[  139122ms] [LOG] [LandingPage] IntersectionObserver fired for problem [Object] @ http://localhost:5173/src/components/landing/LandingPage.jsx?t=1787453361303:119
[  139123ms] [LOG] [LandingPage] Loading section: problem @ http://localhost:5173/src/components/landing/LandingPage.jsx?t=1787453361303:122
[  139123ms] [LOG] [LandingPage] IntersectionObserver fired for repo-reference [Object] @ http://localhost:5173/src/components/landing/LandingPage.jsx?t=1787453361303:119
[  139124ms] [LOG] [LandingPage] Loading section: repo-reference @ http://localhost:5173/src/components/landing/LandingPage.jsx?t=1787453361303:122
[  139124ms] [LOG] [LandingPage] IntersectionObserver fired for ugc [Object] @ http://localhost:5173/src/components/landing/LandingPage.jsx?t=1787453361303:119
[  139124ms] [LOG] [LandingPage] Loading section: ugc @ http://localhost:5173/src/components/landing/LandingPage.jsx?t=1787453361303:122
[  139126ms] [LOG] [LandingPage] IntersectionObserver fired for repo-narrative [Object] @ http://localhost:5173/src/components/landing/LandingPage.jsx?t=1787453361303:119
[  139126ms] [LOG] [LandingPage] Loading section: repo-narrative @ http://localhost:5173/src/components/landing/LandingPage.jsx?t=1787453361303:122
[  139127ms] [LOG] [LandingPage] IntersectionObserver fired for hook [Object] @ http://localhost:5173/src/components/landing/LandingPage.jsx?t=1787453361303:119
[  139128ms] [LOG] [LandingPage] Loading section: hook @ http://localhost:5173/src/components/landing/LandingPage.jsx?t=1787453361303:122
[  139129ms] [LOG] [LandingPage] IntersectionObserver fired for gtm-boost [Object] @ http://localhost:5173/src/components/landing/LandingPage.jsx?t=1787453361303:119
[  139130ms] [LOG] [LandingPage] Loading section: gtm-boost @ http://localhost:5173/src/components/landing/LandingPage.jsx?t=1787453361303:122
[  139130ms] [LOG] [LandingPage] IntersectionObserver fired for repos [Object] @ http://localhost:5173/src/components/landing/LandingPage.jsx?t=1787453361303:119
[  139132ms] [LOG] [LandingPage] Loading section: repos @ http://localhost:5173/src/components/landing/LandingPage.jsx?t=1787453361303:122
[  139132ms] [LOG] [LandingPage] IntersectionObserver fired for comparison [Object] @ http://localhost:5173/src/components/landing/LandingPage.jsx?t=1787453361303:119
[  139133ms] [LOG] [LandingPage] Loading section: comparison @ http://localhost:5173/src/components/landing/LandingPage.jsx?t=1787453361303:122
[  139133ms] [LOG] [LandingPage] IntersectionObserver fired for repo-kinetic [Object] @ http://localhost:5173/src/components/landing/LandingPage.jsx?t=1787453361303:119
[  139135ms] [LOG] [LandingPage] Loading section: repo-kinetic @ http://localhost:5173/src/components/landing/LandingPage.jsx?t=1787453361303:122
[  139136ms] [LOG] [LandingPage] IntersectionObserver fired for repo-commercial [Object] @ http://localhost:5173/src/components/landing/LandingPage.jsx?t=1787453361303:119
[  139136ms] [LOG] [LandingPage] Loading section: repo-commercial @ http://localhost:5173/src/components/landing/LandingPage.jsx?t=1787453361303:122
[  139138ms] [LOG] [LandingPage] IntersectionObserver fired for repo-fashion [Object] @ http://localhost:5173/src/components/landing/LandingPage.jsx?t=1787453361303:119
[  139139ms] [LOG] [LandingPage] Loading section: repo-fashion @ http://localhost:5173/src/components/landing/LandingPage.jsx?t=1787453361303:122
[  139139ms] [LOG] [LandingPage] IntersectionObserver fired for workflow [Object] @ http://localhost:5173/src/components/landing/LandingPage.jsx?t=1787453361303:119
[  139139ms] [LOG] [LandingPage] Loading section: workflow @ http://localhost:5173/src/components/landing/LandingPage.jsx?t=1787453361303:122
[  139140ms] [LOG] [LandingPage] IntersectionObserver fired for gallery [Object] @ http://localhost:5173/src/components/landing/LandingPage.jsx?t=1787453361303:119
[  139140ms] [LOG] [LandingPage] Loading section: gallery @ http://localhost:5173/src/components/landing/LandingPage.jsx?t=1787453361303:122
[  139140ms] [LOG] [LandingPage] IntersectionObserver fired for offer [Object] @ http://localhost:5173/src/components/landing/LandingPage.jsx?t=1787453361303:119
[  139140ms] [LOG] [LandingPage] Loading section: offer @ http://localhost:5173/src/components/landing/LandingPage.jsx?t=1787453361303:122
[  139141ms] [LOG] [LandingPage] IntersectionObserver fired for cta [Object] @ http://localhost:5173/src/components/landing/LandingPage.jsx?t=1787453361303:119
[  139141ms] [LOG] [LandingPage] Loading section: cta @ http://localhost:5173/src/components/landing/LandingPage.jsx?t=1787453361303:122
[  139141ms] [LOG] [LandingPage] IntersectionObserver fired for agency [Object] @ http://localhost:5173/src/components/landing/LandingPage.jsx?t=1787453361303:119
[  139141ms] [LOG] [LandingPage] Loading section: agency @ http://localhost:5173/src/components/landing/LandingPage.jsx?t=1787453361303:122
[  139142ms] [LOG] [LandingPage] IntersectionObserver fired for made-with [Object] @ http://localhost:5173/src/components/landing/LandingPage.jsx?t=1787453361303:119
[  139142ms] [LOG] [LandingPage] Loading section: made-with @ http://localhost:5173/src/components/landing/LandingPage.jsx?t=1787453361303:122
[  139142ms] [LOG] [LandingPage] IntersectionObserver fired for repo-social-ads [Object] @ http://localhost:5173/src/components/landing/LandingPage.jsx?t=1787453361303:119
[  139142ms] [LOG] [LandingPage] Loading section: repo-social-ads @ http://localhost:5173/src/components/landing/LandingPage.jsx?t=1787453361303:122
[  139142ms] [LOG] [LandingPage] IntersectionObserver fired for repo-vfx [Object] @ http://localhost:5173/src/components/landing/LandingPage.jsx?t=1787453361303:119
[  139142ms] [LOG] [LandingPage] Loading section: repo-vfx @ http://localhost:5173/src/components/landing/LandingPage.jsx?t=1787453361303:122
[  139142ms] [LOG] [LandingPage] IntersectionObserver fired for academy [Object] @ http://localhost:5173/src/components/landing/LandingPage.jsx?t=1787453361303:119
[  139142ms] [LOG] [LandingPage] Loading section: academy @ http://localhost:5173/src/components/landing/LandingPage.jsx?t=1787453361303:122
[  139143ms] [LOG] [LandingPage] IntersectionObserver fired for apps [Object] @ http://localhost:5173/src/components/landing/LandingPage.jsx?t=1787453361303:119
[  139143ms] [LOG] [LandingPage] Loading section: apps @ http://localhost:5173/src/components/landing/LandingPage.jsx?t=1787453361303:122
[  139143ms] [LOG] [LandingPage] IntersectionObserver fired for features [Object] @ http://localhost:5173/src/components/landing/LandingPage.jsx?t=1787453361303:119
[  139143ms] [LOG] [LandingPage] Loading section: features @ http://localhost:5173/src/components/landing/LandingPage.jsx?t=1787453361303:122
[  139143ms] [LOG] [LandingPage] IntersectionObserver fired for ai-workflow [Object] @ http://localhost:5173/src/components/landing/LandingPage.jsx?t=1787453361303:119
[  139144ms] [LOG] [LandingPage] Loading section: ai-workflow @ http://localhost:5173/src/components/landing/LandingPage.jsx?t=1787453361303:122
[  139144ms] [LOG] [LandingPage] IntersectionObserver fired for repo-ecommerce [Object] @ http://localhost:5173/src/components/landing/LandingPage.jsx?t=1787453361303:119
[  139144ms] [LOG] [LandingPage] Loading section: repo-ecommerce @ http://localhost:5173/src/components/landing/LandingPage.jsx?t=1787453361303:122
[  139144ms] [LOG] [LandingPage] IntersectionObserver fired for repo-animation [Object] @ http://localhost:5173/src/components/landing/LandingPage.jsx?t=1787453361303:119
[  139144ms] [LOG] [LandingPage] Loading section: repo-animation @ http://localhost:5173/src/components/landing/LandingPage.jsx?t=1787453361303:122
[  139144ms] [LOG] [LandingPage] IntersectionObserver fired for repo-vertical [Object] @ http://localhost:5173/src/components/landing/LandingPage.jsx?t=1787453361303:119
[  139145ms] [LOG] [LandingPage] Loading section: repo-vertical @ http://localhost:5173/src/components/landing/LandingPage.jsx?t=1787453361303:122
[  139145ms] [LOG] [LandingPage] IntersectionObserver fired for repo-cinema [Object] @ http://localhost:5173/src/components/landing/LandingPage.jsx?t=1787453361303:119
[  139145ms] [LOG] [LandingPage] Loading section: repo-cinema @ http://localhost:5173/src/components/landing/LandingPage.jsx?t=1787453361303:122
[  139145ms] [LOG] [LandingPage] IntersectionObserver fired for engines [Object] @ http://localhost:5173/src/components/landing/LandingPage.jsx?t=1787453361303:119
[  139145ms] [LOG] [LandingPage] Loading section: engines @ http://localhost:5173/src/components/landing/LandingPage.jsx?t=1787453361303:122
[  139145ms] [LOG] [LandingPage] IntersectionObserver fired for scrolling [Object] @ http://localhost:5173/src/components/landing/LandingPage.jsx?t=1787453361303:119
[  139145ms] [LOG] [LandingPage] Loading section: scrolling @ http://localhost:5173/src/components/landing/LandingPage.jsx?t=1787453361303:122
[  139146ms] [LOG] [LandingPage] IntersectionObserver fired for value [Object] @ http://localhost:5173/src/components/landing/LandingPage.jsx?t=1787453361303:119
[  139146ms] [LOG] [LandingPage] Loading section: value @ http://localhost:5173/src/components/landing/LandingPage.jsx?t=1787453361303:122
[  139623ms] [LOG] [App] Starting initialization... @ http://localhost:5173/src/main.js?t=1787453361303:19
[  139630ms] [LOG] [popcorn-init] OK: jquery @ http://localhost:5173/src/lib/popcornInit.js?t=1787453361303:41
[  139631ms] [LOG] [popcorn-init] OK: jquery-textfill @ http://localhost:5173/src/lib/popcornInit.js?t=1787453361303:48
[  139633ms] [LOG] [popcorn-init] OK: popcorn-core @ http://localhost:5173/src/lib/popcornInit.js?t=1787453361303:48
[  139635ms] [LOG] [popcorn-init] OK: popcorn-ie8 @ http://localhost:5173/src/lib/popcornInit.js?t=1787453361303:48
[  139637ms] [LOG] [popcorn-init] OK: wrapper-common @ http://localhost:5173/src/lib/popcornInit.js?t=1787453361303:48
[  139638ms] [LOG] [popcorn-init] OK: wrapper-html5 @ http://localhost:5173/src/lib/popcornInit.js?t=1787453361303:48
[  139638ms] [LOG] [popcorn-init] OK: wrapper-vrview @ http://localhost:5173/src/lib/popcornInit.js?t=1787453361303:48
[  139638ms] [LOG] [popcorn-init] OK: wrapper-adaptive @ http://localhost:5173/src/lib/popcornInit.js?t=1787453361303:48
[  139639ms] [LOG] [popcorn-init] OK: wrapper-null @ http://localhost:5173/src/lib/popcornInit.js?t=1787453361303:48
[  139639ms] [LOG] [popcorn-init] OK: wrapper-soundcloud @ http://localhost:5173/src/lib/popcornInit.js?t=1787453361303:48
[  139640ms] [LOG] [popcorn-init] OK: wrapper-vimeo @ http://localhost:5173/src/lib/popcornInit.js?t=1787453361303:48
[  139640ms] [LOG] [popcorn-init] OK: wrapper-youtube @ http://localhost:5173/src/lib/popcornInit.js?t=1787453361303:48
[  139640ms] [LOG] [popcorn-init] OK: wrapper-jwplayer @ http://localhost:5173/src/lib/popcornInit.js?t=1787453361303:48
[  139641ms] [LOG] [popcorn-init] OK: player-module @ http://localhost:5173/src/lib/popcornInit.js?t=1787453361303:48
[  139658ms] [LOG] [LandingPage] Header.jsx loaded @ http://localhost:5173/src/components/landing/LandingPage.jsx?t=1787453361303:176
[  139814ms] [LOG] [LandingPage] CinematicVideoHero.jsx loaded @ http://localhost:5173/src/components/landing/LandingPage.jsx?t=1787453361303:189
[  140223ms] [LOG] [LandingPage] HeroSection.jsx loaded @ http://localhost:5173/src/components/landing/LandingPage.jsx?t=1787453361303:202
[  140224ms] [LOG] [LandingPage] Observer created for: scrolling placeholder id: section-scrolling @ http://localhost:5173/src/components/landing/LandingPage.jsx?t=1787453361303:160
[  140224ms] [LOG] [LandingPage] Observer created for: hook placeholder id: section-hook @ http://localhost:5173/src/components/landing/LandingPage.jsx?t=1787453361303:160
[  140224ms] [LOG] [LandingPage] Observer created for: engines placeholder id: section-engines @ http://localhost:5173/src/components/landing/LandingPage.jsx?t=1787453361303:160
[  140224ms] [LOG] [LandingPage] Observer created for: apps placeholder id: section-apps @ http://localhost:5173/src/components/landing/LandingPage.jsx?t=1787453361303:160
[  140224ms] [LOG] [LandingPage] Observer created for: features placeholder id: section-features @ http://localhost:5173/src/components/landing/LandingPage.jsx?t=1787453361303:160
[  140224ms] [LOG] [LandingPage] Observer created for: problem placeholder id: section-problem @ http://localhost:5173/src/components/landing/LandingPage.jsx?t=1787453361303:160
[  140224ms] [LOG] [LandingPage] Observer created for: workflow placeholder id: section-workflow @ http://localhost:5173/src/components/landing/LandingPage.jsx?t=1787453361303:160
[  140225ms] [LOG] [LandingPage] Observer created for: comparison placeholder id: section-comparison @ http://localhost:5173/src/components/landing/LandingPage.jsx?t=1787453361303:160
[  140225ms] [LOG] [LandingPage] Observer created for: value placeholder id: section-value @ http://localhost:5173/src/components/landing/LandingPage.jsx?t=1787453361303:160
[  140225ms] [LOG] [LandingPage] Observer created for: agency placeholder id: section-agency @ http://localhost:5173/src/components/landing/LandingPage.jsx?t=1787453361303:160
[  140225ms] [LOG] [LandingPage] Observer created for: offer placeholder id: section-offer @ http://localhost:5173/src/components/landing/LandingPage.jsx?t=1787453361303:160
[  140225ms] [LOG] [LandingPage] Observer created for: cta placeholder id: section-cta @ http://localhost:5173/src/components/landing/LandingPage.jsx?t=1787453361303:160
[  140225ms] [LOG] [LandingPage] Observer created for: ai-workflow placeholder id: section-ai-workflow @ http://localhost:5173/src/components/landing/LandingPage.jsx?t=1787453361303:160
[  140225ms] [LOG] [LandingPage] Observer created for: made-with placeholder id: section-made-with @ http://localhost:5173/src/components/landing/LandingPage.jsx?t=1787453361303:160
[  140225ms] [LOG] [LandingPage] Observer created for: ugc placeholder id: section-ugc @ http://localhost:5173/src/components/landing/LandingPage.jsx?t=1787453361303:160
[  140225ms] [LOG] [LandingPage] Observer created for: gallery placeholder id: section-gallery @ http://localhost:5173/src/components/landing/LandingPage.jsx?t=1787453361303:160
[  140225ms] [LOG] [LandingPage] Observer created for: academy placeholder id: section-academy @ http://localhost:5173/src/components/landing/LandingPage.jsx?t=1787453361303:160
[  140225ms] [LOG] [LandingPage] Observer created for: repo-cinema placeholder id: section-repo-cinema @ http://localhost:5173/src/components/landing/LandingPage.jsx?t=1787453361303:160
[  140225ms] [LOG] [LandingPage] Observer created for: repo-commercial placeholder id: section-repo-commercial @ http://localhost:5173/src/components/landing/LandingPage.jsx?t=1787453361303:160
[  140225ms] [LOG] [LandingPage] Observer created for: repo-social-ads placeholder id: section-repo-social-ads @ http://localhost:5173/src/components/landing/LandingPage.jsx?t=1787453361303:160
[  140225ms] [LOG] [LandingPage] Observer created for: repo-narrative placeholder id: section-repo-narrative @ http://localhost:5173/src/components/landing/LandingPage.jsx?t=1787453361303:160
[  140225ms] [LOG] [LandingPage] Observer created for: repo-vertical placeholder id: section-repo-vertical @ http://localhost:5173/src/components/landing/LandingPage.jsx?t=1787453361303:160
[  140225ms] [LOG] [LandingPage] Observer created for: repo-ecommerce placeholder id: section-repo-ecommerce @ http://localhost:5173/src/components/landing/LandingPage.jsx?t=1787453361303:160
[  140225ms] [LOG] [LandingPage] Observer created for: repo-kinetic placeholder id: section-repo-kinetic @ http://localhost:5173/src/components/landing/LandingPage.jsx?t=1787453361303:160
[  140225ms] [LOG] [LandingPage] Observer created for: repo-animated placeholder id: section-repo-animated @ http://localhost:5173/src/components/landing/LandingPage.jsx?t=1787453361303:160
[  140225ms] [LOG] [LandingPage] Observer created for: repo-animation placeholder id: section-repo-animation @ http://localhost:5173/src/components/landing/LandingPage.jsx?t=1787453361303:160
[  140225ms] [LOG] [LandingPage] Observer created for: repo-reference placeholder id: section-repo-reference @ http://localhost:5173/src/components/landing/LandingPage.jsx?t=1787453361303:160
[  140226ms] [LOG] [LandingPage] Observer created for: repo-vfx placeholder id: section-repo-vfx @ http://localhost:5173/src/components/landing/LandingPage.jsx?t=1787453361303:160
[  140226ms] [LOG] [LandingPage] Observer created for: repo-fashion placeholder id: section-repo-fashion @ http://localhost:5173/src/components/landing/LandingPage.jsx?t=1787453361303:160
[  140226ms] [LOG] [LandingPage] Observer created for: repos placeholder id: section-repos @ http://localhost:5173/src/components/landing/LandingPage.jsx?t=1787453361303:160
[  140226ms] [LOG] [LandingPage] Observer created for: gtm-boost placeholder id: section-gtm-boost @ http://localhost:5173/src/components/landing/LandingPage.jsx?t=1787453361303:160
[  140226ms] [LOG] [App] Landing page rendered @ http://localhost:5173/src/main.js?t=1787453361303:88
[  140239ms] [LOG] [LandingPage] IntersectionObserver fired for gtm-boost [Object] @ http://localhost:5173/src/components/landing/LandingPage.jsx?t=1787453361303:119
[  140239ms] [LOG] [LandingPage] Loading section: gtm-boost @ http://localhost:5173/src/components/landing/LandingPage.jsx?t=1787453361303:122
[  140239ms] [LOG] [LandingPage] IntersectionObserver fired for repo-cinema [Object] @ http://localhost:5173/src/components/landing/LandingPage.jsx?t=1787453361303:119
[  140239ms] [LOG] [LandingPage] Loading section: repo-cinema @ http://localhost:5173/src/components/landing/LandingPage.jsx?t=1787453361303:122
[  140239ms] [LOG] [LandingPage] IntersectionObserver fired for comparison [Object] @ http://localhost:5173/src/components/landing/LandingPage.jsx?t=1787453361303:119
[  140239ms] [LOG] [LandingPage] Loading section: comparison @ http://localhost:5173/src/components/landing/LandingPage.jsx?t=1787453361303:122
[  140240ms] [LOG] [LandingPage] IntersectionObserver fired for apps [Object] @ http://localhost:5173/src/components/landing/LandingPage.jsx?t=1787453361303:119
[  140240ms] [LOG] [LandingPage] Loading section: apps @ http://localhost:5173/src/components/landing/LandingPage.jsx?t=1787453361303:122
[  140240ms] [LOG] [LandingPage] IntersectionObserver fired for repo-commercial [Object] @ http://localhost:5173/src/components/landing/LandingPage.jsx?t=1787453361303:119
[  140240ms] [LOG] [LandingPage] Loading section: repo-commercial @ http://localhost:5173/src/components/landing/LandingPage.jsx?t=1787453361303:122
[  140240ms] [LOG] [LandingPage] IntersectionObserver fired for repo-vfx [Object] @ http://localhost:5173/src/components/landing/LandingPage.jsx?t=1787453361303:119
[  140240ms] [LOG] [LandingPage] Loading section: repo-vfx @ http://localhost:5173/src/components/landing/LandingPage.jsx?t=1787453361303:122
[  140240ms] [LOG] [LandingPage] IntersectionObserver fired for repos [Object] @ http://localhost:5173/src/components/landing/LandingPage.jsx?t=1787453361303:119
[  140241ms] [LOG] [LandingPage] Loading section: repos @ http://localhost:5173/src/components/landing/LandingPage.jsx?t=1787453361303:122
[  140241ms] [LOG] [LandingPage] IntersectionObserver fired for gallery [Object] @ http://localhost:5173/src/components/landing/LandingPage.jsx?t=1787453361303:119
[  140241ms] [LOG] [LandingPage] Loading section: gallery @ http://localhost:5173/src/components/landing/LandingPage.jsx?t=1787453361303:122
[  140241ms] [LOG] [LandingPage] IntersectionObserver fired for problem [Object] @ http://localhost:5173/src/components/landing/LandingPage.jsx?t=1787453361303:119
[  140241ms] [LOG] [LandingPage] Loading section: problem @ http://localhost:5173/src/components/landing/LandingPage.jsx?t=1787453361303:122
[  140242ms] [LOG] [LandingPage] IntersectionObserver fired for academy [Object] @ http://localhost:5173/src/components/landing/LandingPage.jsx?t=1787453361303:119
[  140242ms] [LOG] [LandingPage] Loading section: academy @ http://localhost:5173/src/components/landing/LandingPage.jsx?t=1787453361303:122
[  140242ms] [LOG] [LandingPage] IntersectionObserver fired for repo-narrative [Object] @ http://localhost:5173/src/components/landing/LandingPage.jsx?t=1787453361303:119
[  140242ms] [LOG] [LandingPage] Loading section: repo-narrative @ http://localhost:5173/src/components/landing/LandingPage.jsx?t=1787453361303:122
[  140242ms] [LOG] [LandingPage] IntersectionObserver fired for repo-kinetic [Object] @ http://localhost:5173/src/components/landing/LandingPage.jsx?t=1787453361303:119
[  140242ms] [LOG] [LandingPage] Loading section: repo-kinetic @ http://localhost:5173/src/components/landing/LandingPage.jsx?t=1787453361303:122
[  140242ms] [LOG] [LandingPage] IntersectionObserver fired for features [Object] @ http://localhost:5173/src/components/landing/LandingPage.jsx?t=1787453361303:119
[  140243ms] [LOG] [LandingPage] Loading section: features @ http://localhost:5173/src/components/landing/LandingPage.jsx?t=1787453361303:122
[  140243ms] [LOG] [LandingPage] IntersectionObserver fired for cta [Object] @ http://localhost:5173/src/components/landing/LandingPage.jsx?t=1787453361303:119
[  140243ms] [LOG] [LandingPage] Loading section: cta @ http://localhost:5173/src/components/landing/LandingPage.jsx?t=1787453361303:122
[  140243ms] [LOG] [LandingPage] IntersectionObserver fired for made-with [Object] @ http://localhost:5173/src/components/landing/LandingPage.jsx?t=1787453361303:119
[  140243ms] [LOG] [LandingPage] Loading section: made-with @ http://localhost:5173/src/components/landing/LandingPage.jsx?t=1787453361303:122
[  140243ms] [LOG] [LandingPage] IntersectionObserver fired for repo-ecommerce [Object] @ http://localhost:5173/src/components/landing/LandingPage.jsx?t=1787453361303:119
[  140244ms] [LOG] [LandingPage] Loading section: repo-ecommerce @ http://localhost:5173/src/components/landing/LandingPage.jsx?t=1787453361303:122
[  140244ms] [LOG] [LandingPage] IntersectionObserver fired for workflow [Object] @ http://localhost:5173/src/components/landing/LandingPage.jsx?t=1787453361303:119
[  140244ms] [LOG] [LandingPage] Loading section: workflow @ http://localhost:5173/src/components/landing/LandingPage.jsx?t=1787453361303:122
[  140244ms] [LOG] [LandingPage] IntersectionObserver fired for repo-fashion [Object] @ http://localhost:5173/src/components/landing/LandingPage.jsx?t=1787453361303:119
[  140244ms] [LOG] [LandingPage] Loading section: repo-fashion @ http://localhost:5173/src/components/landing/LandingPage.jsx?t=1787453361303:122
[  140244ms] [LOG] [LandingPage] IntersectionObserver fired for repo-vertical [Object] @ http://localhost:5173/src/components/landing/LandingPage.jsx?t=1787453361303:119
[  140245ms] [LOG] [LandingPage] Loading section: repo-vertical @ http://localhost:5173/src/components/landing/LandingPage.jsx?t=1787453361303:122
[  140245ms] [LOG] [LandingPage] IntersectionObserver fired for repo-animation [Object] @ http://localhost:5173/src/components/landing/LandingPage.jsx?t=1787453361303:119
[  140245ms] [LOG] [LandingPage] Loading section: repo-animation @ http://localhost:5173/src/components/landing/LandingPage.jsx?t=1787453361303:122
[  140245ms] [LOG] [LandingPage] IntersectionObserver fired for ai-workflow [Object] @ http://localhost:5173/src/components/landing/LandingPage.jsx?t=1787453361303:119
[  140245ms] [LOG] [LandingPage] Loading section: ai-workflow @ http://localhost:5173/src/components/landing/LandingPage.jsx?t=1787453361303:122
[  140245ms] [LOG] [LandingPage] IntersectionObserver fired for repo-animated [Object] @ http://localhost:5173/src/components/landing/LandingPage.jsx?t=1787453361303:119
[  140246ms] [LOG] [LandingPage] Loading section: repo-animated @ http://localhost:5173/src/components/landing/LandingPage.jsx?t=1787453361303:122
[  140246ms] [LOG] [LandingPage] IntersectionObserver fired for repo-reference [Object] @ http://localhost:5173/src/components/landing/LandingPage.jsx?t=1787453361303:119
[  140246ms] [LOG] [LandingPage] Loading section: repo-reference @ http://localhost:5173/src/components/landing/LandingPage.jsx?t=1787453361303:122
[  140246ms] [LOG] [LandingPage] IntersectionObserver fired for hook [Object] @ http://localhost:5173/src/components/landing/LandingPage.jsx?t=1787453361303:119
[  140246ms] [LOG] [LandingPage] Loading section: hook @ http://localhost:5173/src/components/landing/LandingPage.jsx?t=1787453361303:122
[  140246ms] [LOG] [LandingPage] IntersectionObserver fired for offer [Object] @ http://localhost:5173/src/components/landing/LandingPage.jsx?t=1787453361303:119
[  140246ms] [LOG] [LandingPage] Loading section: offer @ http://localhost:5173/src/components/landing/LandingPage.jsx?t=1787453361303:122
[  140247ms] [LOG] [LandingPage] IntersectionObserver fired for agency [Object] @ http://localhost:5173/src/components/landing/LandingPage.jsx?t=1787453361303:119
[  140247ms] [LOG] [LandingPage] Loading section: agency @ http://localhost:5173/src/components/landing/LandingPage.jsx?t=1787453361303:122
[  140247ms] [LOG] [LandingPage] IntersectionObserver fired for value [Object] @ http://localhost:5173/src/components/landing/LandingPage.jsx?t=1787453361303:119
[  140247ms] [LOG] [LandingPage] Loading section: value @ http://localhost:5173/src/components/landing/LandingPage.jsx?t=1787453361303:122
[  140247ms] [LOG] [LandingPage] IntersectionObserver fired for ugc [Object] @ http://localhost:5173/src/components/landing/LandingPage.jsx?t=1787453361303:119
[  140247ms] [LOG] [LandingPage] Loading section: ugc @ http://localhost:5173/src/components/landing/LandingPage.jsx?t=1787453361303:122
[  140248ms] [LOG] [LandingPage] IntersectionObserver fired for engines [Object] @ http://localhost:5173/src/components/landing/LandingPage.jsx?t=1787453361303:119
[  140248ms] [LOG] [LandingPage] Loading section: engines @ http://localhost:5173/src/components/landing/LandingPage.jsx?t=1787453361303:122
[  140248ms] [LOG] [LandingPage] IntersectionObserver fired for scrolling [Object] @ http://localhost:5173/src/components/landing/LandingPage.jsx?t=1787453361303:119
[  140248ms] [LOG] [LandingPage] Loading section: scrolling @ http://localhost:5173/src/components/landing/LandingPage.jsx?t=1787453361303:122
[  140248ms] [LOG] [LandingPage] IntersectionObserver fired for repo-social-ads [Object] @ http://localhost:5173/src/components/landing/LandingPage.jsx?t=1787453361303:119
[  140248ms] [LOG] [LandingPage] Loading section: repo-social-ads @ http://localhost:5173/src/components/landing/LandingPage.jsx?t=1787453361303:122
[  140461ms] [LOG] [LandingPage] Section loaded: comparison @ http://localhost:5173/src/components/landing/LandingPage.jsx?t=1787453361303:141
[  140480ms] [LOG] [LandingPage] Section loaded: problem @ http://localhost:5173/src/components/landing/LandingPage.jsx?t=1787453361303:141
[  140482ms] [LOG] [LandingPage] Section loaded: repos @ http://localhost:5173/src/components/landing/LandingPage.jsx?t=1787453361303:141
[  140518ms] [LOG] [LandingPage] Section loaded: cta @ http://localhost:5173/src/components/landing/LandingPage.jsx?t=1787453361303:141
[  140520ms] [LOG] [LandingPage] Section loaded: features @ http://localhost:5173/src/components/landing/LandingPage.jsx?t=1787453361303:141
[  140523ms] [LOG] [LandingPage] Section loaded: workflow @ http://localhost:5173/src/components/landing/LandingPage.jsx?t=1787453361303:141
[  140537ms] [LOG] [LandingPage] Section loaded: hook @ http://localhost:5173/src/components/landing/LandingPage.jsx?t=1787453361303:141
[  140539ms] [LOG] [LandingPage] Section loaded: offer @ http://localhost:5173/src/components/landing/LandingPage.jsx?t=1787453361303:141
[  140561ms] [LOG] [LandingPage] Section loaded: agency @ http://localhost:5173/src/components/landing/LandingPage.jsx?t=1787453361303:141
[  140561ms] [LOG] [LandingPage] Section loaded: value @ http://localhost:5173/src/components/landing/LandingPage.jsx?t=1787453361303:141
[  140564ms] [LOG] [LandingPage] Section loaded: engines @ http://localhost:5173/src/components/landing/LandingPage.jsx?t=1787453361303:141
[  140573ms] [LOG] [LandingPage] Section loaded: scrolling @ http://localhost:5173/src/components/landing/LandingPage.jsx?t=1787453361303:141
[  140672ms] [LOG] [LandingPage] Section loaded: gtm-boost @ http://localhost:5173/src/components/landing/LandingPage.jsx?t=1787453361303:141
[  140674ms] [LOG] [LandingPage] Section loaded: ugc @ http://localhost:5173/src/components/landing/LandingPage.jsx?t=1787453361303:141
[  140681ms] [LOG] [LandingPage] Section loaded: gallery @ http://localhost:5173/src/components/landing/LandingPage.jsx?t=1787453361303:141
[  140683ms] [LOG] [LandingPage] Section loaded: ai-workflow @ http://localhost:5173/src/components/landing/LandingPage.jsx?t=1787453361303:141
[  140690ms] [LOG] [LandingPage] Section loaded: repo-animated @ http://localhost:5173/src/components/landing/LandingPage.jsx?t=1787453361303:141
[  140697ms] [LOG] [LandingPage] Section loaded: made-with @ http://localhost:5173/src/components/landing/LandingPage.jsx?t=1787453361303:141
[  140707ms] [LOG] [LandingPage] Section loaded: repo-ecommerce @ http://localhost:5173/src/components/landing/LandingPage.jsx?t=1787453361303:141
[  140716ms] [LOG] [LandingPage] Section loaded: repo-vertical @ http://localhost:5173/src/components/landing/LandingPage.jsx?t=1787453361303:141
[  140724ms] [LOG] [LandingPage] Section loaded: repo-animation @ http://localhost:5173/src/components/landing/LandingPage.jsx?t=1787453361303:141
[  140729ms] [LOG] [LandingPage] Section loaded: repo-fashion @ http://localhost:5173/src/components/landing/LandingPage.jsx?t=1787453361303:141
[  140736ms] [LOG] [LandingPage] Section loaded: repo-reference @ http://localhost:5173/src/components/landing/LandingPage.jsx?t=1787453361303:141
[  140743ms] [LOG] [LandingPage] Section loaded: repo-social-ads @ http://localhost:5173/src/components/landing/LandingPage.jsx?t=1787453361303:141
[  140752ms] [LOG] [LandingPage] Section loaded: repo-vfx @ http://localhost:5173/src/components/landing/LandingPage.jsx?t=1787453361303:141
[  140760ms] [LOG] [LandingPage] Section loaded: repo-cinema @ http://localhost:5173/src/components/landing/LandingPage.jsx?t=1787453361303:141
[  140774ms] [LOG] [LandingPage] Section loaded: repo-commercial @ http://localhost:5173/src/components/landing/LandingPage.jsx?t=1787453361303:141
[  140920ms] [LOG] [LandingPage] Section loaded: repo-narrative @ http://localhost:5173/src/components/landing/LandingPage.jsx?t=1787453361303:141
[  140927ms] [LOG] [LandingPage] Section loaded: repo-kinetic @ http://localhost:5173/src/components/landing/LandingPage.jsx?t=1787453361303:141
[  140931ms] [LOG] [LandingPage] Section loaded: apps @ http://localhost:5173/src/components/landing/LandingPage.jsx?t=1787453361303:141
[  140945ms] [LOG] [LandingPage] Section loaded: academy @ http://localhost:5173/src/components/landing/LandingPage.jsx?t=1787453361303:141
[  141096ms] [INFO] %cDownload the React DevTools for a better development experience: https://react.dev/link/react-devtools font-weight:bold @ http://localhost:5173/node_modules/.vite/deps/chunk-EEAUBQDT.js?v=93c1ec86:20096
[  141100ms] [ERROR] [ModalSystem] mount failed TypeError: Class constructor SortableElement cannot be invoked without 'new'
    at http://localhost:5173/components/modals/RetargetOptInModal.jsx?t=1787453361303:26:22 @ http://localhost:5173/src/main.js?t=1787453361303:329
[  141104ms] [ERROR] [popcorn-init] FAILED at: plugin-image TypeError: Class constructor SortableElement cannot be invoked without 'new'
    at http://localhost:5173/components/modals/RetargetOptInModal.jsx?t=1787453361303:26:22 @ http://localhost:5173/src/lib/popcornInit.js?t=1787453361303:55
[  141177ms] [ERROR] [popcorn-init] FAILED at: plugin-jsonTransition TypeError: Class constructor SortableElement cannot be invoked without 'new'
    at http://localhost:5173/components/modals/RetargetOptInModal.jsx?t=1787453361303:26:22 @ http://localhost:5173/src/lib/popcornInit.js?t=1787453361303:55
[  141182ms] [ERROR] [popcorn-init] FAILED at: plugin-lottie-json TypeError: Class constructor SortableElement cannot be invoked without 'new'
    at http://localhost:5173/components/modals/RetargetOptInModal.jsx?t=1787453361303:26:22 @ http://localhost:5173/src/lib/popcornInit.js?t=1787453361303:55
[  141191ms] [LOG] [popcorn-init] OK: plugin-json-button @ http://localhost:5173/src/lib/popcornInit.js?t=1787453361303:48
[  141195ms] [ERROR] [popcorn-init] FAILED at: plugin-personalizedImage TypeError: Class constructor SortableElement cannot be invoked without 'new'
    at http://localhost:5173/components/modals/RetargetOptInModal.jsx?t=1787453361303:26:22 @ http://localhost:5173/src/lib/popcornInit.js?t=1787453361303:55
[  141199ms] [ERROR] [popcorn-init] FAILED at: plugin-loopPlugin TypeError: Class constructor SortableElement cannot be invoked without 'new'
    at http://localhost:5173/components/modals/RetargetOptInModal.jsx?t=1787453361303:26:22 @ http://localhost:5173/src/lib/popcornInit.js?t=1787453361303:55
[  141207ms] [ERROR] [popcorn-init] FAILED at: plugin-pausePlugin TypeError: Class constructor SortableElement cannot be invoked without 'new'
    at http://localhost:5173/components/modals/RetargetOptInModal.jsx?t=1787453361303:26:22 @ http://localhost:5173/src/lib/popcornInit.js?t=1787453361303:55
[  141213ms] [ERROR] [popcorn-init] FAILED at: plugin-form TypeError: Class constructor SortableElement cannot be invoked without 'new'
    at http://localhost:5173/components/modals/RetargetOptInModal.jsx?t=1787453361303:26:22 @ http://localhost:5173/src/lib/popcornInit.js?t=1787453361303:55
[  141222ms] [ERROR] [popcorn-init] FAILED at: plugin-retarget TypeError: Class constructor SortableElement cannot be invoked without 'new'
    at http://localhost:5173/components/modals/RetargetOptInModal.jsx?t=1787453361303:26:22 @ http://localhost:5173/src/lib/popcornInit.js?t=1787453361303:55
[  141227ms] [LOG] [popcorn-init] OK: plugin-popup @ http://localhost:5173/src/lib/popcornInit.js?t=1787453361303:48
[  141231ms] [ERROR] [popcorn-init] FAILED at: plugin-sequencer TypeError: Class constructor SortableElement cannot be invoked without 'new'
    at http://localhost:5173/components/modals/RetargetOptInModal.jsx?t=1787453361303:26:22 @ http://localhost:5173/src/lib/popcornInit.js?t=1787453361303:55
[  141240ms] [ERROR] [popcorn-init] FAILED at: plugin-skip TypeError: Class constructor SortableElement cannot be invoked without 'new'
    at http://localhost:5173/components/modals/RetargetOptInModal.jsx?t=1787453361303:26:22 @ http://localhost:5173/src/lib/popcornInit.js?t=1787453361303:55
[  141261ms] [ERROR] [popcorn-init] FAILED at: plugin-text TypeError: Class constructor SortableElement cannot be invoked without 'new'
    at http://localhost:5173/components/modals/RetargetOptInModal.jsx?t=1787453361303:26:22 @ http://localhost:5173/src/lib/popcornInit.js?t=1787453361303:55
[  141266ms] [LOG] [popcorn-init] OK: plugin-social @ http://localhost:5173/src/lib/popcornInit.js?t=1787453361303:48
[  141281ms] [ERROR] [popcorn-init] FAILED at: plugin-jsonAnimation TypeError: Class constructor SortableElement cannot be invoked without 'new'
    at http://localhost:5173/components/modals/RetargetOptInModal.jsx?t=1787453361303:26:22 @ http://localhost:5173/src/lib/popcornInit.js?t=1787453361303:55
[  141297ms] [LOG] [popcorn-init] OK: plugin-videoTransition @ http://localhost:5173/src/lib/popcornInit.js?t=1787453361303:48
[  141310ms] [ERROR] [popcorn-init] FAILED at: plugin-seethroughtext TypeError: Class constructor SortableElement cannot be invoked without 'new'
    at http://localhost:5173/components/modals/RetargetOptInModal.jsx?t=1787453361303:26:22 @ http://localhost:5173/src/lib/popcornInit.js?t=1787453361303:55
[  141316ms] [LOG] [popcorn-init] OK: plugin-wikipedia @ http://localhost:5173/src/lib/popcornInit.js?t=1787453361303:48
[  141332ms] [ERROR] [popcorn-init] FAILED at: plugin-combined TypeError: Class constructor SortableElement cannot be invoked without 'new'
    at http://localhost:5173/components/modals/RetargetOptInModal.jsx?t=1787453361303:26:22 @ http://localhost:5173/src/lib/popcornInit.js?t=1787453361303:55
[  141358ms] [ERROR] [popcorn-init] FAILED at: plugin-background TypeError: Class constructor SortableElement cannot be invoked without 'new'
    at http://localhost:5173/components/modals/RetargetOptInModal.jsx?t=1787453361303:26:22 @ http://localhost:5173/src/lib/popcornInit.js?t=1787453361303:55
[  141358ms] [LOG] [popcorn-init] SUMMARY: 5/20 plugins registered; FAILED: plugin-image, plugin-jsonTransition, plugin-lottie-json, plugin-personalizedImage, plugin-loopPlugin, plugin-pausePlugin, plugin-form, plugin-retarget, plugin-sequencer, plugin-skip, plugin-text, plugin-jsonAnimation, plugin-seethroughtext, plugin-combined, plugin-background @ http://localhost:5173/src/lib/popcornInit.js?t=1787453361303:60
[  141359ms] [LOG] [popcorn] function 5 @ http://localhost:5173/src/main.js?t=1787453361303:4
[  145314ms] [LOG] [App] Starting initialization... @ http://localhost:5173/src/main.js?t=1787453409852:19
[  145323ms] [LOG] [popcorn-init] OK: jquery @ http://localhost:5173/src/lib/popcornInit.js?t=1787453409852:41
[  145323ms] [LOG] [popcorn-init] OK: jquery-textfill @ http://localhost:5173/src/lib/popcornInit.js?t=1787453409852:48
[  145325ms] [LOG] [popcorn-init] OK: popcorn-core @ http://localhost:5173/src/lib/popcornInit.js?t=1787453409852:48
[  145325ms] [LOG] [popcorn-init] OK: popcorn-ie8 @ http://localhost:5173/src/lib/popcornInit.js?t=1787453409852:48
[  145326ms] [LOG] [popcorn-init] OK: wrapper-common @ http://localhost:5173/src/lib/popcornInit.js?t=1787453409852:48
[  145328ms] [LOG] [popcorn-init] OK: wrapper-html5 @ http://localhost:5173/src/lib/popcornInit.js?t=1787453409852:48
[  145329ms] [LOG] [popcorn-init] OK: wrapper-vrview @ http://localhost:5173/src/lib/popcornInit.js?t=1787453409852:48
[  145331ms] [LOG] [popcorn-init] OK: wrapper-adaptive @ http://localhost:5173/src/lib/popcornInit.js?t=1787453409852:48
[  145334ms] [LOG] [popcorn-init] OK: wrapper-null @ http://localhost:5173/src/lib/popcornInit.js?t=1787453409852:48
[  145338ms] [LOG] [popcorn-init] OK: wrapper-soundcloud @ http://localhost:5173/src/lib/popcornInit.js?t=1787453409852:48
[  145340ms] [LOG] [popcorn-init] OK: wrapper-vimeo @ http://localhost:5173/src/lib/popcornInit.js?t=1787453409852:48
[  145341ms] [LOG] [popcorn-init] OK: wrapper-youtube @ http://localhost:5173/src/lib/popcornInit.js?t=1787453409852:48
[  145342ms] [LOG] [popcorn-init] OK: wrapper-jwplayer @ http://localhost:5173/src/lib/popcornInit.js?t=1787453409852:48
[  145342ms] [LOG] [popcorn-init] OK: player-module @ http://localhost:5173/src/lib/popcornInit.js?t=1787453409852:48
[  145349ms] [LOG] [LandingPage] Header.jsx loaded @ http://localhost:5173/src/components/landing/LandingPage.jsx?t=1787453409852:176
[  145816ms] [LOG] [LandingPage] CinematicVideoHero.jsx loaded @ http://localhost:5173/src/components/landing/LandingPage.jsx?t=1787453409852:189
[  146401ms] [LOG] [LandingPage] HeroSection.jsx loaded @ http://localhost:5173/src/components/landing/LandingPage.jsx?t=1787453409852:202
[  146402ms] [LOG] [LandingPage] Observer created for: scrolling placeholder id: section-scrolling @ http://localhost:5173/src/components/landing/LandingPage.jsx?t=1787453409852:160
[  146403ms] [LOG] [LandingPage] Observer created for: hook placeholder id: section-hook @ http://localhost:5173/src/components/landing/LandingPage.jsx?t=1787453409852:160
[  146403ms] [LOG] [LandingPage] Observer created for: engines placeholder id: section-engines @ http://localhost:5173/src/components/landing/LandingPage.jsx?t=1787453409852:160
[  146403ms] [LOG] [LandingPage] Observer created for: apps placeholder id: section-apps @ http://localhost:5173/src/components/landing/LandingPage.jsx?t=1787453409852:160
[  146403ms] [LOG] [LandingPage] Observer created for: features placeholder id: section-features @ http://localhost:5173/src/components/landing/LandingPage.jsx?t=1787453409852:160
[  146403ms] [LOG] [LandingPage] Observer created for: problem placeholder id: section-problem @ http://localhost:5173/src/components/landing/LandingPage.jsx?t=1787453409852:160
[  146403ms] [LOG] [LandingPage] Observer created for: workflow placeholder id: section-workflow @ http://localhost:5173/src/components/landing/LandingPage.jsx?t=1787453409852:160
[  146403ms] [LOG] [LandingPage] Observer created for: comparison placeholder id: section-comparison @ http://localhost:5173/src/components/landing/LandingPage.jsx?t=1787453409852:160
[  146403ms] [LOG] [LandingPage] Observer created for: value placeholder id: section-value @ http://localhost:5173/src/components/landing/LandingPage.jsx?t=1787453409852:160
[  146403ms] [LOG] [LandingPage] Observer created for: agency placeholder id: section-agency @ http://localhost:5173/src/components/landing/LandingPage.jsx?t=1787453409852:160
[  146403ms] [LOG] [LandingPage] Observer created for: offer placeholder id: section-offer @ http://localhost:5173/src/components/landing/LandingPage.jsx?t=1787453409852:160
[  146403ms] [LOG] [LandingPage] Observer created for: cta placeholder id: section-cta @ http://localhost:5173/src/components/landing/LandingPage.jsx?t=1787453409852:160
[  146403ms] [LOG] [LandingPage] Observer created for: ai-workflow placeholder id: section-ai-workflow @ http://localhost:5173/src/components/landing/LandingPage.jsx?t=1787453409852:160
[  146404ms] [LOG] [LandingPage] Observer created for: made-with placeholder id: section-made-with @ http://localhost:5173/src/components/landing/LandingPage.jsx?t=1787453409852:160
[  146404ms] [LOG] [LandingPage] Observer created for: ugc placeholder id: section-ugc @ http://localhost:5173/src/components/landing/LandingPage.jsx?t=1787453409852:160
[  146404ms] [LOG] [LandingPage] Observer created for: gallery placeholder id: section-gallery @ http://localhost:5173/src/components/landing/LandingPage.jsx?t=1787453409852:160
[  146404ms] [LOG] [LandingPage] Observer created for: academy placeholder id: section-academy @ http://localhost:5173/src/components/landing/LandingPage.jsx?t=1787453409852:160
[  146404ms] [LOG] [LandingPage] Observer created for: repo-cinema placeholder id: section-repo-cinema @ http://localhost:5173/src/components/landing/LandingPage.jsx?t=1787453409852:160
[  146404ms] [LOG] [LandingPage] Observer created for: repo-commercial placeholder id: section-repo-commercial @ http://localhost:5173/src/components/landing/LandingPage.jsx?t=1787453409852:160
[  146404ms] [LOG] [LandingPage] Observer created for: repo-social-ads placeholder id: section-repo-social-ads @ http://localhost:5173/src/components/landing/LandingPage.jsx?t=1787453409852:160
[  146404ms] [LOG] [LandingPage] Observer created for: repo-narrative placeholder id: section-repo-narrative @ http://localhost:5173/src/components/landing/LandingPage.jsx?t=1787453409852:160
[  146404ms] [LOG] [LandingPage] Observer created for: repo-vertical placeholder id: section-repo-vertical @ http://localhost:5173/src/components/landing/LandingPage.jsx?t=1787453409852:160
[  146404ms] [LOG] [LandingPage] Observer created for: repo-ecommerce placeholder id: section-repo-ecommerce @ http://localhost:5173/src/components/landing/LandingPage.jsx?t=1787453409852:160
[  146404ms] [LOG] [LandingPage] Observer created for: repo-kinetic placeholder id: section-repo-kinetic @ http://localhost:5173/src/components/landing/LandingPage.jsx?t=1787453409852:160
[  146404ms] [LOG] [LandingPage] Observer created for: repo-animated placeholder id: section-repo-animated @ http://localhost:5173/src/components/landing/LandingPage.jsx?t=1787453409852:160
[  146404ms] [LOG] [LandingPage] Observer created for: repo-animation placeholder id: section-repo-animation @ http://localhost:5173/src/components/landing/LandingPage.jsx?t=1787453409852:160
[  146405ms] [LOG] [LandingPage] Observer created for: repo-reference placeholder id: section-repo-reference @ http://localhost:5173/src/components/landing/LandingPage.jsx?t=1787453409852:160
[  146405ms] [LOG] [LandingPage] Observer created for: repo-vfx placeholder id: section-repo-vfx @ http://localhost:5173/src/components/landing/LandingPage.jsx?t=1787453409852:160
[  146405ms] [LOG] [LandingPage] Observer created for: repo-fashion placeholder id: section-repo-fashion @ http://localhost:5173/src/components/landing/LandingPage.jsx?t=1787453409852:160
[  146405ms] [LOG] [LandingPage] Observer created for: repos placeholder id: section-repos @ http://localhost:5173/src/components/landing/LandingPage.jsx?t=1787453409852:160
[  146405ms] [LOG] [LandingPage] Observer created for: gtm-boost placeholder id: section-gtm-boost @ http://localhost:5173/src/components/landing/LandingPage.jsx?t=1787453409852:160
[  146406ms] [LOG] [App] Landing page rendered @ http://localhost:5173/src/main.js?t=1787453409852:88
[  146427ms] [LOG] [LandingPage] IntersectionObserver fired for repo-animation [Object] @ http://localhost:5173/src/components/landing/LandingPage.jsx?t=1787453409852:119
[  146427ms] [LOG] [LandingPage] Loading section: repo-animation @ http://localhost:5173/src/components/landing/LandingPage.jsx?t=1787453409852:122
[  146428ms] [LOG] [LandingPage] IntersectionObserver fired for repo-narrative [Object] @ http://localhost:5173/src/components/landing/LandingPage.jsx?t=1787453409852:119
[  146429ms] [LOG] [LandingPage] Loading section: repo-narrative @ http://localhost:5173/src/components/landing/LandingPage.jsx?t=1787453409852:122
[  146429ms] [LOG] [LandingPage] IntersectionObserver fired for scrolling [Object] @ http://localhost:5173/src/components/landing/LandingPage.jsx?t=1787453409852:119
[  146429ms] [LOG] [LandingPage] Loading section: scrolling @ http://localhost:5173/src/components/landing/LandingPage.jsx?t=1787453409852:122
[  146430ms] [LOG] [LandingPage] IntersectionObserver fired for problem [Object] @ http://localhost:5173/src/components/landing/LandingPage.jsx?t=1787453409852:119
[  146430ms] [LOG] [LandingPage] Loading section: problem @ http://localhost:5173/src/components/landing/LandingPage.jsx?t=1787453409852:122
[  146430ms] [LOG] [LandingPage] IntersectionObserver fired for cta [Object] @ http://localhost:5173/src/components/landing/LandingPage.jsx?t=1787453409852:119
[  146430ms] [LOG] [LandingPage] Loading section: cta @ http://localhost:5173/src/components/landing/LandingPage.jsx?t=1787453409852:122
[  146431ms] [LOG] [LandingPage] IntersectionObserver fired for repo-animated [Object] @ http://localhost:5173/src/components/landing/LandingPage.jsx?t=1787453409852:119
[  146431ms] [LOG] [LandingPage] Loading section: repo-animated @ http://localhost:5173/src/components/landing/LandingPage.jsx?t=1787453409852:122
[  146431ms] [LOG] [LandingPage] IntersectionObserver fired for ugc [Object] @ http://localhost:5173/src/components/landing/LandingPage.jsx?t=1787453409852:119
[  146431ms] [LOG] [LandingPage] Loading section: ugc @ http://localhost:5173/src/components/landing/LandingPage.jsx?t=1787453409852:122
[  146432ms] [LOG] [LandingPage] IntersectionObserver fired for engines [Object] @ http://localhost:5173/src/components/landing/LandingPage.jsx?t=1787453409852:119
[  146432ms] [LOG] [LandingPage] Loading section: engines @ http://localhost:5173/src/components/landing/LandingPage.jsx?t=1787453409852:122
[  146432ms] [LOG] [LandingPage] IntersectionObserver fired for ai-workflow [Object] @ http://localhost:5173/src/components/landing/LandingPage.jsx?t=1787453409852:119
[  146432ms] [LOG] [LandingPage] Loading section: ai-workflow @ http://localhost:5173/src/components/landing/LandingPage.jsx?t=1787453409852:122
[  146433ms] [LOG] [LandingPage] IntersectionObserver fired for agency [Object] @ http://localhost:5173/src/components/landing/LandingPage.jsx?t=1787453409852:119
[  146433ms] [LOG] [LandingPage] Loading section: agency @ http://localhost:5173/src/components/landing/LandingPage.jsx?t=1787453409852:122
[  146435ms] [LOG] [LandingPage] IntersectionObserver fired for gtm-boost [Object] @ http://localhost:5173/src/components/landing/LandingPage.jsx?t=1787453409852:119
[  146435ms] [LOG] [LandingPage] Loading section: gtm-boost @ http://localhost:5173/src/components/landing/LandingPage.jsx?t=1787453409852:122
[  146436ms] [LOG] [LandingPage] IntersectionObserver fired for repo-social-ads [Object] @ http://localhost:5173/src/components/landing/LandingPage.jsx?t=1787453409852:119
[  146436ms] [LOG] [LandingPage] Loading section: repo-social-ads @ http://localhost:5173/src/components/landing/LandingPage.jsx?t=1787453409852:122
[  146437ms] [LOG] [LandingPage] IntersectionObserver fired for repo-cinema [Object] @ http://localhost:5173/src/components/landing/LandingPage.jsx?t=1787453409852:119
[  146437ms] [LOG] [LandingPage] Loading section: repo-cinema @ http://localhost:5173/src/components/landing/LandingPage.jsx?t=1787453409852:122
[  146437ms] [LOG] [LandingPage] IntersectionObserver fired for repo-vfx [Object] @ http://localhost:5173/src/components/landing/LandingPage.jsx?t=1787453409852:119
[  146437ms] [LOG] [LandingPage] Loading section: repo-vfx @ http://localhost:5173/src/components/landing/LandingPage.jsx?t=1787453409852:122
[  146438ms] [LOG] [LandingPage] IntersectionObserver fired for offer [Object] @ http://localhost:5173/src/components/landing/LandingPage.jsx?t=1787453409852:119
[  146438ms] [LOG] [LandingPage] Loading section: offer @ http://localhost:5173/src/components/landing/LandingPage.jsx?t=1787453409852:122
[  146438ms] [LOG] [LandingPage] IntersectionObserver fired for repo-kinetic [Object] @ http://localhost:5173/src/components/landing/LandingPage.jsx?t=1787453409852:119
[  146438ms] [LOG] [LandingPage] Loading section: repo-kinetic @ http://localhost:5173/src/components/landing/LandingPage.jsx?t=1787453409852:122
[  146439ms] [LOG] [LandingPage] IntersectionObserver fired for workflow [Object] @ http://localhost:5173/src/components/landing/LandingPage.jsx?t=1787453409852:119
[  146439ms] [LOG] [LandingPage] Loading section: workflow @ http://localhost:5173/src/components/landing/LandingPage.jsx?t=1787453409852:122
[  146440ms] [LOG] [LandingPage] IntersectionObserver fired for made-with [Object] @ http://localhost:5173/src/components/landing/LandingPage.jsx?t=1787453409852:119
[  146440ms] [LOG] [LandingPage] Loading section: made-with @ http://localhost:5173/src/components/landing/LandingPage.jsx?t=1787453409852:122
[  146440ms] [LOG] [LandingPage] IntersectionObserver fired for value [Object] @ http://localhost:5173/src/components/landing/LandingPage.jsx?t=1787453409852:119
[  146440ms] [LOG] [LandingPage] Loading section: value @ http://localhost:5173/src/components/landing/LandingPage.jsx?t=1787453409852:122
[  146441ms] [LOG] [LandingPage] IntersectionObserver fired for hook [Object] @ http://localhost:5173/src/components/landing/LandingPage.jsx?t=1787453409852:119
[  146441ms] [LOG] [LandingPage] Loading section: hook @ http://localhost:5173/src/components/landing/LandingPage.jsx?t=1787453409852:122
[  146441ms] [LOG] [LandingPage] IntersectionObserver fired for repo-vertical [Object] @ http://localhost:5173/src/components/landing/LandingPage.jsx?t=1787453409852:119
[  146441ms] [LOG] [LandingPage] Loading section: repo-vertical @ http://localhost:5173/src/components/landing/LandingPage.jsx?t=1787453409852:122
[  146442ms] [LOG] [LandingPage] IntersectionObserver fired for repos [Object] @ http://localhost:5173/src/components/landing/LandingPage.jsx?t=1787453409852:119
[  146442ms] [LOG] [LandingPage] Loading section: repos @ http://localhost:5173/src/components/landing/LandingPage.jsx?t=1787453409852:122
[  146442ms] [LOG] [LandingPage] IntersectionObserver fired for features [Object] @ http://localhost:5173/src/components/landing/LandingPage.jsx?t=1787453409852:119
[  146443ms] [LOG] [LandingPage] Loading section: features @ http://localhost:5173/src/components/landing/LandingPage.jsx?t=1787453409852:122
[  146443ms] [LOG] [LandingPage] IntersectionObserver fired for repo-commercial [Object] @ http://localhost:5173/src/components/landing/LandingPage.jsx?t=1787453409852:119
[  146443ms] [LOG] [LandingPage] Loading section: repo-commercial @ http://localhost:5173/src/components/landing/LandingPage.jsx?t=1787453409852:122
[  146444ms] [LOG] [LandingPage] IntersectionObserver fired for repo-ecommerce [Object] @ http://localhost:5173/src/components/landing/LandingPage.jsx?t=1787453409852:119
[  146444ms] [LOG] [LandingPage] Loading section: repo-ecommerce @ http://localhost:5173/src/components/landing/LandingPage.jsx?t=1787453409852:122
[  146444ms] [LOG] [LandingPage] IntersectionObserver fired for academy [Object] @ http://localhost:5173/src/components/landing/LandingPage.jsx?t=1787453409852:119
[  146444ms] [LOG] [LandingPage] Loading section: academy @ http://localhost:5173/src/components/landing/LandingPage.jsx?t=1787453409852:122
[  146445ms] [LOG] [LandingPage] IntersectionObserver fired for comparison [Object] @ http://localhost:5173/src/components/landing/LandingPage.jsx?t=1787453409852:119
[  146445ms] [LOG] [LandingPage] Loading section: comparison @ http://localhost:5173/src/components/landing/LandingPage.jsx?t=1787453409852:122
[  146445ms] [LOG] [LandingPage] IntersectionObserver fired for repo-fashion [Object] @ http://localhost:5173/src/components/landing/LandingPage.jsx?t=1787453409852:119
[  146445ms] [LOG] [LandingPage] Loading section: repo-fashion @ http://localhost:5173/src/components/landing/LandingPage.jsx?t=1787453409852:122
[  146446ms] [LOG] [LandingPage] IntersectionObserver fired for repo-reference [Object] @ http://localhost:5173/src/components/landing/LandingPage.jsx?t=1787453409852:119
[  146446ms] [LOG] [LandingPage] Loading section: repo-reference @ http://localhost:5173/src/components/landing/LandingPage.jsx?t=1787453409852:122
[  146446ms] [LOG] [LandingPage] IntersectionObserver fired for gallery [Object] @ http://localhost:5173/src/components/landing/LandingPage.jsx?t=1787453409852:119
[  146446ms] [LOG] [LandingPage] Loading section: gallery @ http://localhost:5173/src/components/landing/LandingPage.jsx?t=1787453409852:122
[  146446ms] [LOG] [LandingPage] IntersectionObserver fired for apps [Object] @ http://localhost:5173/src/components/landing/LandingPage.jsx?t=1787453409852:119
[  146447ms] [LOG] [LandingPage] Loading section: apps @ http://localhost:5173/src/components/landing/LandingPage.jsx?t=1787453409852:122
[  147630ms] [LOG] [LandingPage] Section loaded: scrolling @ http://localhost:5173/src/components/landing/LandingPage.jsx?t=1787453409852:141
[  148304ms] [LOG] [LandingPage] Section loaded: problem @ http://localhost:5173/src/components/landing/LandingPage.jsx?t=1787453409852:141
[  148306ms] [LOG] [LandingPage] Section loaded: cta @ http://localhost:5173/src/components/landing/LandingPage.jsx?t=1787453409852:141
[  148309ms] [LOG] [LandingPage] Section loaded: engines @ http://localhost:5173/src/components/landing/LandingPage.jsx?t=1787453409852:141
[  148314ms] [LOG] [LandingPage] Section loaded: agency @ http://localhost:5173/src/components/landing/LandingPage.jsx?t=1787453409852:141
[  148325ms] [LOG] [LandingPage] Section loaded: offer @ http://localhost:5173/src/components/landing/LandingPage.jsx?t=1787453409852:141
[  148330ms] [LOG] [LandingPage] Section loaded: workflow @ http://localhost:5173/src/components/landing/LandingPage.jsx?t=1787453409852:141
[  148331ms] [LOG] [LandingPage] Section loaded: value @ http://localhost:5173/src/components/landing/LandingPage.jsx?t=1787453409852:141
[  148339ms] [LOG] [LandingPage] Section loaded: hook @ http://localhost:5173/src/components/landing/LandingPage.jsx?t=1787453409852:141
[  148340ms] [LOG] [LandingPage] Section loaded: features @ http://localhost:5173/src/components/landing/LandingPage.jsx?t=1787453409852:141
[  148345ms] [LOG] [LandingPage] Section loaded: comparison @ http://localhost:5173/src/components/landing/LandingPage.jsx?t=1787453409852:141
[  148549ms] [LOG] [LandingPage] Section loaded: apps @ http://localhost:5173/src/components/landing/LandingPage.jsx?t=1787453409852:141
[  148702ms] [LOG] [LandingPage] Section loaded: repo-ecommerce @ http://localhost:5173/src/components/landing/LandingPage.jsx?t=1787453409852:141
[  148715ms] [LOG] [LandingPage] Section loaded: repo-animation @ http://localhost:5173/src/components/landing/LandingPage.jsx?t=1787453409852:141
[  148729ms] [LOG] [LandingPage] Section loaded: repo-reference @ http://localhost:5173/src/components/landing/LandingPage.jsx?t=1787453409852:141
[  148744ms] [LOG] [LandingPage] Section loaded: repo-narrative @ http://localhost:5173/src/components/landing/LandingPage.jsx?t=1787453409852:141
[  148757ms] [LOG] [LandingPage] Section loaded: repo-social-ads @ http://localhost:5173/src/components/landing/LandingPage.jsx?t=1787453409852:141
[  148777ms] [LOG] [LandingPage] Section loaded: repo-cinema @ http://localhost:5173/src/components/landing/LandingPage.jsx?t=1787453409852:141
[  148959ms] [LOG] [LandingPage] Section loaded: repo-vertical @ http://localhost:5173/src/components/landing/LandingPage.jsx?t=1787453409852:141
[  148997ms] [LOG] [LandingPage] Section loaded: repo-kinetic @ http://localhost:5173/src/components/landing/LandingPage.jsx?t=1787453409852:141
[  149024ms] [LOG] [LandingPage] Section loaded: repo-commercial @ http://localhost:5173/src/components/landing/LandingPage.jsx?t=1787453409852:141
[  149033ms] [LOG] [LandingPage] Section loaded: repo-animated @ http://localhost:5173/src/components/landing/LandingPage.jsx?t=1787453409852:141
[  149114ms] [LOG] [LandingPage] Section loaded: repo-vfx @ http://localhost:5173/src/components/landing/LandingPage.jsx?t=1787453409852:141
[  149124ms] [LOG] [LandingPage] Section loaded: repo-fashion @ http://localhost:5173/src/components/landing/LandingPage.jsx?t=1787453409852:141
[  149131ms] [LOG] [LandingPage] Section loaded: ugc @ http://localhost:5173/src/components/landing/LandingPage.jsx?t=1787453409852:141
[  149132ms] [LOG] [LandingPage] Section loaded: ai-workflow @ http://localhost:5173/src/components/landing/LandingPage.jsx?t=1787453409852:141
[  149164ms] [LOG] [LandingPage] Section loaded: gtm-boost @ http://localhost:5173/src/components/landing/LandingPage.jsx?t=1787453409852:141
[  149183ms] [LOG] [LandingPage] Section loaded: made-with @ http://localhost:5173/src/components/landing/LandingPage.jsx?t=1787453409852:141
[  149191ms] [LOG] [LandingPage] Section loaded: repos @ http://localhost:5173/src/components/landing/LandingPage.jsx?t=1787453409852:141
[  149226ms] [LOG] [LandingPage] Section loaded: academy @ http://localhost:5173/src/components/landing/LandingPage.jsx?t=1787453409852:141
[  149417ms] [LOG] [LandingPage] Section loaded: gallery @ http://localhost:5173/src/components/landing/LandingPage.jsx?t=1787453409852:141
[  149486ms] [INFO] %cDownload the React DevTools for a better development experience: https://react.dev/link/react-devtools font-weight:bold @ http://localhost:5173/node_modules/.vite/deps/chunk-EEAUBQDT.js?v=93c1ec86:20096
[  149492ms] [ERROR] [ModalSystem] mount failed TypeError: Class constructor SortableElement cannot be invoked without 'new'
    at http://localhost:5173/components/modals/RetargetOptInModal.jsx?t=1787453409852:26:22 @ http://localhost:5173/src/main.js?t=1787453409852:329
[  149532ms] [ERROR] [popcorn-init] FAILED at: plugin-image TypeError: Class constructor SortableElement cannot be invoked without 'new'
    at http://localhost:5173/components/modals/RetargetOptInModal.jsx?t=1787453409852:26:22 @ http://localhost:5173/src/lib/popcornInit.js?t=1787453409852:55
[  149658ms] [ERROR] [popcorn-init] FAILED at: plugin-jsonTransition TypeError: Class constructor SortableElement cannot be invoked without 'new'
    at http://localhost:5173/components/modals/RetargetOptInModal.jsx?t=1787453409852:26:22 @ http://localhost:5173/src/lib/popcornInit.js?t=1787453409852:55
[  149696ms] [ERROR] [popcorn-init] FAILED at: plugin-lottie-json TypeError: Class constructor SortableElement cannot be invoked without 'new'
    at http://localhost:5173/components/modals/RetargetOptInModal.jsx?t=1787453409852:26:22 @ http://localhost:5173/src/lib/popcornInit.js?t=1787453409852:55
[  149794ms] [LOG] [popcorn-init] OK: plugin-json-button @ http://localhost:5173/src/lib/popcornInit.js?t=1787453409852:48
[  149921ms] [ERROR] [popcorn-init] FAILED at: plugin-personalizedImage TypeError: Class constructor SortableElement cannot be invoked without 'new'
    at http://localhost:5173/components/modals/RetargetOptInModal.jsx?t=1787453409852:26:22 @ http://localhost:5173/src/lib/popcornInit.js?t=1787453409852:55
[  149930ms] [ERROR] [popcorn-init] FAILED at: plugin-loopPlugin TypeError: Class constructor SortableElement cannot be invoked without 'new'
    at http://localhost:5173/components/modals/RetargetOptInModal.jsx?t=1787453409852:26:22 @ http://localhost:5173/src/lib/popcornInit.js?t=1787453409852:55
[  149944ms] [ERROR] [popcorn-init] FAILED at: plugin-pausePlugin TypeError: Class constructor SortableElement cannot be invoked without 'new'
    at http://localhost:5173/components/modals/RetargetOptInModal.jsx?t=1787453409852:26:22 @ http://localhost:5173/src/lib/popcornInit.js?t=1787453409852:55
[  149976ms] [ERROR] [popcorn-init] FAILED at: plugin-form TypeError: Class constructor SortableElement cannot be invoked without 'new'
    at http://localhost:5173/components/modals/RetargetOptInModal.jsx?t=1787453409852:26:22 @ http://localhost:5173/src/lib/popcornInit.js?t=1787453409852:55
[  150004ms] [ERROR] [popcorn-init] FAILED at: plugin-retarget TypeError: Class constructor SortableElement cannot be invoked without 'new'
    at http://localhost:5173/components/modals/RetargetOptInModal.jsx?t=1787453409852:26:22 @ http://localhost:5173/src/lib/popcornInit.js?t=1787453409852:55
[  150013ms] [LOG] [popcorn-init] OK: plugin-popup @ http://localhost:5173/src/lib/popcornInit.js?t=1787453409852:48
[  150032ms] [ERROR] [popcorn-init] FAILED at: plugin-sequencer TypeError: Class constructor SortableElement cannot be invoked without 'new'
    at http://localhost:5173/components/modals/RetargetOptInModal.jsx?t=1787453409852:26:22 @ http://localhost:5173/src/lib/popcornInit.js?t=1787453409852:55
[  150048ms] [ERROR] [popcorn-init] FAILED at: plugin-skip TypeError: Class constructor SortableElement cannot be invoked without 'new'
    at http://localhost:5173/components/modals/RetargetOptInModal.jsx?t=1787453409852:26:22 @ http://localhost:5173/src/lib/popcornInit.js?t=1787453409852:55
[  150095ms] [ERROR] [popcorn-init] FAILED at: plugin-text TypeError: Class constructor SortableElement cannot be invoked without 'new'
    at http://localhost:5173/components/modals/RetargetOptInModal.jsx?t=1787453409852:26:22 @ http://localhost:5173/src/lib/popcornInit.js?t=1787453409852:55
[  150126ms] [LOG] [popcorn-init] OK: plugin-social @ http://localhost:5173/src/lib/popcornInit.js?t=1787453409852:48
[  150147ms] [ERROR] [popcorn-init] FAILED at: plugin-jsonAnimation TypeError: Class constructor SortableElement cannot be invoked without 'new'
    at http://localhost:5173/components/modals/RetargetOptInModal.jsx?t=1787453409852:26:22 @ http://localhost:5173/src/lib/popcornInit.js?t=1787453409852:55
[  150196ms] [LOG] [popcorn-init] OK: plugin-videoTransition @ http://localhost:5173/src/lib/popcornInit.js?t=1787453409852:48
[  150227ms] [ERROR] [popcorn-init] FAILED at: plugin-seethroughtext TypeError: Class constructor SortableElement cannot be invoked without 'new'
    at http://localhost:5173/components/modals/RetargetOptInModal.jsx?t=1787453409852:26:22 @ http://localhost:5173/src/lib/popcornInit.js?t=1787453409852:55
[  150243ms] [LOG] [popcorn-init] OK: plugin-wikipedia @ http://localhost:5173/src/lib/popcornInit.js?t=1787453409852:48
[  150255ms] [ERROR] [popcorn-init] FAILED at: plugin-combined TypeError: Class constructor SortableElement cannot be invoked without 'new'
    at http://localhost:5173/components/modals/RetargetOptInModal.jsx?t=1787453409852:26:22 @ http://localhost:5173/src/lib/popcornInit.js?t=1787453409852:55
[  150279ms] [ERROR] [popcorn-init] FAILED at: plugin-background TypeError: Class constructor SortableElement cannot be invoked without 'new'
    at http://localhost:5173/components/modals/RetargetOptInModal.jsx?t=1787453409852:26:22 @ http://localhost:5173/src/lib/popcornInit.js?t=1787453409852:55
[  150280ms] [LOG] [popcorn-init] SUMMARY: 5/20 plugins registered; FAILED: plugin-image, plugin-jsonTransition, plugin-lottie-json, plugin-personalizedImage, plugin-loopPlugin, plugin-pausePlugin, plugin-form, plugin-retarget, plugin-sequencer, plugin-skip, plugin-text, plugin-jsonAnimation, plugin-seethroughtext, plugin-combined, plugin-background @ http://localhost:5173/src/lib/popcornInit.js?t=1787453409852:60
[  150280ms] [LOG] [popcorn] function 5 @ http://localhost:5173/src/main.js?t=1787453409852:4
[  152197ms] [LOG] [App] Starting initialization... @ http://localhost:5173/src/main.js?t=1787453409852:19
[  152208ms] [LOG] [popcorn-init] OK: jquery @ http://localhost:5173/src/lib/popcornInit.js?t=1787453409852:41
[  152209ms] [LOG] [popcorn-init] OK: jquery-textfill @ http://localhost:5173/src/lib/popcornInit.js?t=1787453409852:48
[  152211ms] [LOG] [popcorn-init] OK: popcorn-core @ http://localhost:5173/src/lib/popcornInit.js?t=1787453409852:48
[  152212ms] [LOG] [popcorn-init] OK: popcorn-ie8 @ http://localhost:5173/src/lib/popcornInit.js?t=1787453409852:48
[  152213ms] [LOG] [popcorn-init] OK: wrapper-common @ http://localhost:5173/src/lib/popcornInit.js?t=1787453409852:48
[  152214ms] [LOG] [popcorn-init] OK: wrapper-html5 @ http://localhost:5173/src/lib/popcornInit.js?t=1787453409852:48
[  152215ms] [LOG] [popcorn-init] OK: wrapper-vrview @ http://localhost:5173/src/lib/popcornInit.js?t=1787453409852:48
[  152215ms] [LOG] [popcorn-init] OK: wrapper-adaptive @ http://localhost:5173/src/lib/popcornInit.js?t=1787453409852:48
[  152215ms] [LOG] [popcorn-init] OK: wrapper-null @ http://localhost:5173/src/lib/popcornInit.js?t=1787453409852:48
[  152217ms] [LOG] [popcorn-init] OK: wrapper-soundcloud @ http://localhost:5173/src/lib/popcornInit.js?t=1787453409852:48
[  152218ms] [LOG] [popcorn-init] OK: wrapper-vimeo @ http://localhost:5173/src/lib/popcornInit.js?t=1787453409852:48
[  152219ms] [LOG] [popcorn-init] OK: wrapper-youtube @ http://localhost:5173/src/lib/popcornInit.js?t=1787453409852:48
[  152220ms] [LOG] [popcorn-init] OK: wrapper-jwplayer @ http://localhost:5173/src/lib/popcornInit.js?t=1787453409852:48
[  152220ms] [LOG] [popcorn-init] OK: player-module @ http://localhost:5173/src/lib/popcornInit.js?t=1787453409852:48
[  152225ms] [LOG] [LandingPage] Header.jsx loaded @ http://localhost:5173/src/components/landing/LandingPage.jsx?t=1787453409852:176
[  152398ms] [LOG] [LandingPage] CinematicVideoHero.jsx loaded @ http://localhost:5173/src/components/landing/LandingPage.jsx?t=1787453409852:189
[  153097ms] [LOG] [App] Starting initialization... @ http://localhost:5173/src/main.js?t=1787453409852:19
[  153106ms] [LOG] [popcorn-init] OK: jquery @ http://localhost:5173/src/lib/popcornInit.js?t=1787453409852:41
[  153106ms] [LOG] [popcorn-init] OK: jquery-textfill @ http://localhost:5173/src/lib/popcornInit.js?t=1787453409852:48
[  153107ms] [LOG] [popcorn-init] OK: popcorn-core @ http://localhost:5173/src/lib/popcornInit.js?t=1787453409852:48
[  153107ms] [LOG] [popcorn-init] OK: popcorn-ie8 @ http://localhost:5173/src/lib/popcornInit.js?t=1787453409852:48
[  153108ms] [LOG] [popcorn-init] OK: wrapper-common @ http://localhost:5173/src/lib/popcornInit.js?t=1787453409852:48
[  153108ms] [LOG] [popcorn-init] OK: wrapper-html5 @ http://localhost:5173/src/lib/popcornInit.js?t=1787453409852:48
[  153109ms] [LOG] [popcorn-init] OK: wrapper-vrview @ http://localhost:5173/src/lib/popcornInit.js?t=1787453409852:48
[  153109ms] [LOG] [popcorn-init] OK: wrapper-adaptive @ http://localhost:5173/src/lib/popcornInit.js?t=1787453409852:48
[  153109ms] [LOG] [popcorn-init] OK: wrapper-null @ http://localhost:5173/src/lib/popcornInit.js?t=1787453409852:48
[  153110ms] [LOG] [popcorn-init] OK: wrapper-soundcloud @ http://localhost:5173/src/lib/popcornInit.js?t=1787453409852:48
[  153110ms] [LOG] [popcorn-init] OK: wrapper-vimeo @ http://localhost:5173/src/lib/popcornInit.js?t=1787453409852:48
[  153110ms] [LOG] [popcorn-init] OK: wrapper-youtube @ http://localhost:5173/src/lib/popcornInit.js?t=1787453409852:48
[  153110ms] [LOG] [popcorn-init] OK: wrapper-jwplayer @ http://localhost:5173/src/lib/popcornInit.js?t=1787453409852:48
[  153111ms] [LOG] [popcorn-init] OK: player-module @ http://localhost:5173/src/lib/popcornInit.js?t=1787453409852:48
[  153161ms] [LOG] [LandingPage] Header.jsx loaded @ http://localhost:5173/src/components/landing/LandingPage.jsx?t=1787453409852:176
[  153388ms] [LOG] [LandingPage] CinematicVideoHero.jsx loaded @ http://localhost:5173/src/components/landing/LandingPage.jsx?t=1787453409852:189
[  153781ms] [LOG] [LandingPage] HeroSection.jsx loaded @ http://localhost:5173/src/components/landing/LandingPage.jsx?t=1787453409852:202
[  153782ms] [LOG] [LandingPage] Observer created for: scrolling placeholder id: section-scrolling @ http://localhost:5173/src/components/landing/LandingPage.jsx?t=1787453409852:160
[  153782ms] [LOG] [LandingPage] Observer created for: hook placeholder id: section-hook @ http://localhost:5173/src/components/landing/LandingPage.jsx?t=1787453409852:160
[  153782ms] [LOG] [LandingPage] Observer created for: engines placeholder id: section-engines @ http://localhost:5173/src/components/landing/LandingPage.jsx?t=1787453409852:160
[  153782ms] [LOG] [LandingPage] Observer created for: apps placeholder id: section-apps @ http://localhost:5173/src/components/landing/LandingPage.jsx?t=1787453409852:160
[  153782ms] [LOG] [LandingPage] Observer created for: features placeholder id: section-features @ http://localhost:5173/src/components/landing/LandingPage.jsx?t=1787453409852:160
[  153782ms] [LOG] [LandingPage] Observer created for: problem placeholder id: section-problem @ http://localhost:5173/src/components/landing/LandingPage.jsx?t=1787453409852:160
[  153782ms] [LOG] [LandingPage] Observer created for: workflow placeholder id: section-workflow @ http://localhost:5173/src/components/landing/LandingPage.jsx?t=1787453409852:160
[  153782ms] [LOG] [LandingPage] Observer created for: comparison placeholder id: section-comparison @ http://localhost:5173/src/components/landing/LandingPage.jsx?t=1787453409852:160
[  153783ms] [LOG] [LandingPage] Observer created for: value placeholder id: section-value @ http://localhost:5173/src/components/landing/LandingPage.jsx?t=1787453409852:160
[  153783ms] [LOG] [LandingPage] Observer created for: agency placeholder id: section-agency @ http://localhost:5173/src/components/landing/LandingPage.jsx?t=1787453409852:160
[  153783ms] [LOG] [LandingPage] Observer created for: offer placeholder id: section-offer @ http://localhost:5173/src/components/landing/LandingPage.jsx?t=1787453409852:160
[  153783ms] [LOG] [LandingPage] Observer created for: cta placeholder id: section-cta @ http://localhost:5173/src/components/landing/LandingPage.jsx?t=1787453409852:160
[  153783ms] [LOG] [LandingPage] Observer created for: ai-workflow placeholder id: section-ai-workflow @ http://localhost:5173/src/components/landing/LandingPage.jsx?t=1787453409852:160
[  153783ms] [LOG] [LandingPage] Observer created for: made-with placeholder id: section-made-with @ http://localhost:5173/src/components/landing/LandingPage.jsx?t=1787453409852:160
[  153783ms] [LOG] [LandingPage] Observer created for: ugc placeholder id: section-ugc @ http://localhost:5173/src/components/landing/LandingPage.jsx?t=1787453409852:160
[  153783ms] [LOG] [LandingPage] Observer created for: gallery placeholder id: section-gallery @ http://localhost:5173/src/components/landing/LandingPage.jsx?t=1787453409852:160
[  153784ms] [LOG] [LandingPage] Observer created for: academy placeholder id: section-academy @ http://localhost:5173/src/components/landing/LandingPage.jsx?t=1787453409852:160
[  153784ms] [LOG] [LandingPage] Observer created for: repo-cinema placeholder id: section-repo-cinema @ http://localhost:5173/src/components/landing/LandingPage.jsx?t=1787453409852:160
[  153784ms] [LOG] [LandingPage] Observer created for: repo-commercial placeholder id: section-repo-commercial @ http://localhost:5173/src/components/landing/LandingPage.jsx?t=1787453409852:160
[  153784ms] [LOG] [LandingPage] Observer created for: repo-social-ads placeholder id: section-repo-social-ads @ http://localhost:5173/src/components/landing/LandingPage.jsx?t=1787453409852:160
[  153784ms] [LOG] [LandingPage] Observer created for: repo-narrative placeholder id: section-repo-narrative @ http://localhost:5173/src/components/landing/LandingPage.jsx?t=1787453409852:160
[  153784ms] [LOG] [LandingPage] Observer created for: repo-vertical placeholder id: section-repo-vertical @ http://localhost:5173/src/components/landing/LandingPage.jsx?t=1787453409852:160
[  153784ms] [LOG] [LandingPage] Observer created for: repo-ecommerce placeholder id: section-repo-ecommerce @ http://localhost:5173/src/components/landing/LandingPage.jsx?t=1787453409852:160
[  153784ms] [LOG] [LandingPage] Observer created for: repo-kinetic placeholder id: section-repo-kinetic @ http://localhost:5173/src/components/landing/LandingPage.jsx?t=1787453409852:160
[  153784ms] [LOG] [LandingPage] Observer created for: repo-animated placeholder id: section-repo-animated @ http://localhost:5173/src/components/landing/LandingPage.jsx?t=1787453409852:160
[  153784ms] [LOG] [LandingPage] Observer created for: repo-animation placeholder id: section-repo-animation @ http://localhost:5173/src/components/landing/LandingPage.jsx?t=1787453409852:160
[  153784ms] [LOG] [LandingPage] Observer created for: repo-reference placeholder id: section-repo-reference @ http://localhost:5173/src/components/landing/LandingPage.jsx?t=1787453409852:160
[  153784ms] [LOG] [LandingPage] Observer created for: repo-vfx placeholder id: section-repo-vfx @ http://localhost:5173/src/components/landing/LandingPage.jsx?t=1787453409852:160
[  153785ms] [LOG] [LandingPage] Observer created for: repo-fashion placeholder id: section-repo-fashion @ http://localhost:5173/src/components/landing/LandingPage.jsx?t=1787453409852:160
[  153785ms] [LOG] [LandingPage] Observer created for: repos placeholder id: section-repos @ http://localhost:5173/src/components/landing/LandingPage.jsx?t=1787453409852:160
[  153785ms] [LOG] [LandingPage] Observer created for: gtm-boost placeholder id: section-gtm-boost @ http://localhost:5173/src/components/landing/LandingPage.jsx?t=1787453409852:160
[  153785ms] [LOG] [App] Landing page rendered @ http://localhost:5173/src/main.js?t=1787453409852:88
[  153835ms] [LOG] [LandingPage] IntersectionObserver fired for gallery [Object] @ http://localhost:5173/src/components/landing/LandingPage.jsx?t=1787453409852:119
[  153836ms] [LOG] [LandingPage] Loading section: gallery @ http://localhost:5173/src/components/landing/LandingPage.jsx?t=1787453409852:122
[  153839ms] [LOG] [LandingPage] IntersectionObserver fired for agency [Object] @ http://localhost:5173/src/components/landing/LandingPage.jsx?t=1787453409852:119
[  153840ms] [LOG] [LandingPage] Loading section: agency @ http://localhost:5173/src/components/landing/LandingPage.jsx?t=1787453409852:122
[  153841ms] [LOG] [LandingPage] IntersectionObserver fired for scrolling [Object] @ http://localhost:5173/src/components/landing/LandingPage.jsx?t=1787453409852:119
[  153842ms] [LOG] [LandingPage] Loading section: scrolling @ http://localhost:5173/src/components/landing/LandingPage.jsx?t=1787453409852:122
[  153845ms] [LOG] [LandingPage] IntersectionObserver fired for made-with [Object] @ http://localhost:5173/src/components/landing/LandingPage.jsx?t=1787453409852:119
[  153847ms] [LOG] [LandingPage] Loading section: made-with @ http://localhost:5173/src/components/landing/LandingPage.jsx?t=1787453409852:122
[  153848ms] [LOG] [LandingPage] IntersectionObserver fired for repo-cinema [Object] @ http://localhost:5173/src/components/landing/LandingPage.jsx?t=1787453409852:119
[  153848ms] [LOG] [LandingPage] Loading section: repo-cinema @ http://localhost:5173/src/components/landing/LandingPage.jsx?t=1787453409852:122
[  153851ms] [LOG] [LandingPage] IntersectionObserver fired for ugc [Object] @ http://localhost:5173/src/components/landing/LandingPage.jsx?t=1787453409852:119
[  153854ms] [LOG] [LandingPage] Loading section: ugc @ http://localhost:5173/src/components/landing/LandingPage.jsx?t=1787453409852:122
[  153855ms] [LOG] [LandingPage] IntersectionObserver fired for gtm-boost [Object] @ http://localhost:5173/src/components/landing/LandingPage.jsx?t=1787453409852:119
[  153855ms] [LOG] [LandingPage] Loading section: gtm-boost @ http://localhost:5173/src/components/landing/LandingPage.jsx?t=1787453409852:122
[  153856ms] [LOG] [LandingPage] IntersectionObserver fired for repo-kinetic [Object] @ http://localhost:5173/src/components/landing/LandingPage.jsx?t=1787453409852:119
[  153856ms] [LOG] [LandingPage] Loading section: repo-kinetic @ http://localhost:5173/src/components/landing/LandingPage.jsx?t=1787453409852:122
[  153857ms] [LOG] [LandingPage] IntersectionObserver fired for cta [Object] @ http://localhost:5173/src/components/landing/LandingPage.jsx?t=1787453409852:119
[  153857ms] [LOG] [LandingPage] Loading section: cta @ http://localhost:5173/src/components/landing/LandingPage.jsx?t=1787453409852:122
[  153858ms] [LOG] [LandingPage] IntersectionObserver fired for repo-reference [Object] @ http://localhost:5173/src/components/landing/LandingPage.jsx?t=1787453409852:119
[  153859ms] [LOG] [LandingPage] Loading section: repo-reference @ http://localhost:5173/src/components/landing/LandingPage.jsx?t=1787453409852:122
[  153859ms] [LOG] [LandingPage] IntersectionObserver fired for ai-workflow [Object] @ http://localhost:5173/src/components/landing/LandingPage.jsx?t=1787453409852:119
[  153860ms] [LOG] [LandingPage] Loading section: ai-workflow @ http://localhost:5173/src/components/landing/LandingPage.jsx?t=1787453409852:122
[  153862ms] [LOG] [LandingPage] IntersectionObserver fired for repo-vfx [Object] @ http://localhost:5173/src/components/landing/LandingPage.jsx?t=1787453409852:119
[  153863ms] [LOG] [LandingPage] Loading section: repo-vfx @ http://localhost:5173/src/components/landing/LandingPage.jsx?t=1787453409852:122
[  153867ms] [LOG] [LandingPage] IntersectionObserver fired for apps [Object] @ http://localhost:5173/src/components/landing/LandingPage.jsx?t=1787453409852:119
[  153868ms] [LOG] [LandingPage] Loading section: apps @ http://localhost:5173/src/components/landing/LandingPage.jsx?t=1787453409852:122
[  153874ms] [LOG] [LandingPage] IntersectionObserver fired for repos [Object] @ http://localhost:5173/src/components/landing/LandingPage.jsx?t=1787453409852:119
[  153874ms] [LOG] [LandingPage] Loading section: repos @ http://localhost:5173/src/components/landing/LandingPage.jsx?t=1787453409852:122
[  153875ms] [LOG] [LandingPage] IntersectionObserver fired for repo-social-ads [Object] @ http://localhost:5173/src/components/landing/LandingPage.jsx?t=1787453409852:119
[  153876ms] [LOG] [LandingPage] Loading section: repo-social-ads @ http://localhost:5173/src/components/landing/LandingPage.jsx?t=1787453409852:122
[  153876ms] [LOG] [LandingPage] IntersectionObserver fired for workflow [Object] @ http://localhost:5173/src/components/landing/LandingPage.jsx?t=1787453409852:119
[  153876ms] [LOG] [LandingPage] Loading section: workflow @ http://localhost:5173/src/components/landing/LandingPage.jsx?t=1787453409852:122
[  153877ms] [LOG] [LandingPage] IntersectionObserver fired for engines [Object] @ http://localhost:5173/src/components/landing/LandingPage.jsx?t=1787453409852:119
[  153878ms] [LOG] [LandingPage] Loading section: engines @ http://localhost:5173/src/components/landing/LandingPage.jsx?t=1787453409852:122
[  153879ms] [LOG] [LandingPage] IntersectionObserver fired for hook [Object] @ http://localhost:5173/src/components/landing/LandingPage.jsx?t=1787453409852:119
[  153879ms] [LOG] [LandingPage] Loading section: hook @ http://localhost:5173/src/components/landing/LandingPage.jsx?t=1787453409852:122
[  153880ms] [LOG] [LandingPage] IntersectionObserver fired for offer [Object] @ http://localhost:5173/src/components/landing/LandingPage.jsx?t=1787453409852:119
[  153880ms] [LOG] [LandingPage] Loading section: offer @ http://localhost:5173/src/components/landing/LandingPage.jsx?t=1787453409852:122
[  153881ms] [LOG] [LandingPage] IntersectionObserver fired for academy [Object] @ http://localhost:5173/src/components/landing/LandingPage.jsx?t=1787453409852:119
[  153887ms] [LOG] [LandingPage] Loading section: academy @ http://localhost:5173/src/components/landing/LandingPage.jsx?t=1787453409852:122
[  153889ms] [LOG] [LandingPage] IntersectionObserver fired for repo-narrative [Object] @ http://localhost:5173/src/components/landing/LandingPage.jsx?t=1787453409852:119
[  153889ms] [LOG] [LandingPage] Loading section: repo-narrative @ http://localhost:5173/src/components/landing/LandingPage.jsx?t=1787453409852:122
[  153890ms] [LOG] [LandingPage] IntersectionObserver fired for repo-vertical [Object] @ http://localhost:5173/src/components/landing/LandingPage.jsx?t=1787453409852:119
[  153891ms] [LOG] [LandingPage] Loading section: repo-vertical @ http://localhost:5173/src/components/landing/LandingPage.jsx?t=1787453409852:122
[  153894ms] [LOG] [LandingPage] IntersectionObserver fired for repo-ecommerce [Object] @ http://localhost:5173/src/components/landing/LandingPage.jsx?t=1787453409852:119
[  153894ms] [LOG] [LandingPage] Loading section: repo-ecommerce @ http://localhost:5173/src/components/landing/LandingPage.jsx?t=1787453409852:122
[  153895ms] [LOG] [LandingPage] IntersectionObserver fired for repo-fashion [Object] @ http://localhost:5173/src/components/landing/LandingPage.jsx?t=1787453409852:119
[  153913ms] [LOG] [LandingPage] Loading section: repo-fashion @ http://localhost:5173/src/components/landing/LandingPage.jsx?t=1787453409852:122
[  153913ms] [LOG] [LandingPage] IntersectionObserver fired for comparison [Object] @ http://localhost:5173/src/components/landing/LandingPage.jsx?t=1787453409852:119
[  153914ms] [LOG] [LandingPage] Loading section: comparison @ http://localhost:5173/src/components/landing/LandingPage.jsx?t=1787453409852:122
[  153918ms] [LOG] [LandingPage] IntersectionObserver fired for value [Object] @ http://localhost:5173/src/components/landing/LandingPage.jsx?t=1787453409852:119
[  153920ms] [LOG] [LandingPage] Loading section: value @ http://localhost:5173/src/components/landing/LandingPage.jsx?t=1787453409852:122
[  153920ms] [LOG] [LandingPage] IntersectionObserver fired for repo-animation [Object] @ http://localhost:5173/src/components/landing/LandingPage.jsx?t=1787453409852:119
[  153920ms] [LOG] [LandingPage] Loading section: repo-animation @ http://localhost:5173/src/components/landing/LandingPage.jsx?t=1787453409852:122
[  153920ms] [LOG] [LandingPage] IntersectionObserver fired for features [Object] @ http://localhost:5173/src/components/landing/LandingPage.jsx?t=1787453409852:119
[  153921ms] [LOG] [LandingPage] Loading section: features @ http://localhost:5173/src/components/landing/LandingPage.jsx?t=1787453409852:122
[  153921ms] [LOG] [LandingPage] IntersectionObserver fired for repo-animated [Object] @ http://localhost:5173/src/components/landing/LandingPage.jsx?t=1787453409852:119
[  153921ms] [LOG] [LandingPage] Loading section: repo-animated @ http://localhost:5173/src/components/landing/LandingPage.jsx?t=1787453409852:122
[  153923ms] [LOG] [LandingPage] IntersectionObserver fired for repo-commercial [Object] @ http://localhost:5173/src/components/landing/LandingPage.jsx?t=1787453409852:119
[  153924ms] [LOG] [LandingPage] Loading section: repo-commercial @ http://localhost:5173/src/components/landing/LandingPage.jsx?t=1787453409852:122
[  153924ms] [LOG] [LandingPage] IntersectionObserver fired for problem [Object] @ http://localhost:5173/src/components/landing/LandingPage.jsx?t=1787453409852:119
[  153924ms] [LOG] [LandingPage] Loading section: problem @ http://localhost:5173/src/components/landing/LandingPage.jsx?t=1787453409852:122
[  154508ms] [LOG] [LandingPage] Section loaded: agency @ http://localhost:5173/src/components/landing/LandingPage.jsx?t=1787453409852:141
[  154523ms] [LOG] [LandingPage] Section loaded: scrolling @ http://localhost:5173/src/components/landing/LandingPage.jsx?t=1787453409852:141
[  154597ms] [LOG] [LandingPage] Section loaded: cta @ http://localhost:5173/src/components/landing/LandingPage.jsx?t=1787453409852:141
[  154598ms] [LOG] [LandingPage] Section loaded: workflow @ http://localhost:5173/src/components/landing/LandingPage.jsx?t=1787453409852:141
[  154606ms] [LOG] [LandingPage] Section loaded: engines @ http://localhost:5173/src/components/landing/LandingPage.jsx?t=1787453409852:141
[  154607ms] [LOG] [LandingPage] Section loaded: hook @ http://localhost:5173/src/components/landing/LandingPage.jsx?t=1787453409852:141
[  154609ms] [LOG] [LandingPage] Section loaded: offer @ http://localhost:5173/src/components/landing/LandingPage.jsx?t=1787453409852:141
[  154611ms] [LOG] [LandingPage] Section loaded: comparison @ http://localhost:5173/src/components/landing/LandingPage.jsx?t=1787453409852:141
[  154612ms] [LOG] [LandingPage] Section loaded: value @ http://localhost:5173/src/components/landing/LandingPage.jsx?t=1787453409852:141
[  154612ms] [LOG] [LandingPage] Section loaded: features @ http://localhost:5173/src/components/landing/LandingPage.jsx?t=1787453409852:141
[  154613ms] [LOG] [LandingPage] Section loaded: problem @ http://localhost:5173/src/components/landing/LandingPage.jsx?t=1787453409852:141
[  154680ms] [LOG] [LandingPage] Section loaded: repos @ http://localhost:5173/src/components/landing/LandingPage.jsx?t=1787453409852:141
[  154688ms] [LOG] [LandingPage] Section loaded: gtm-boost @ http://localhost:5173/src/components/landing/LandingPage.jsx?t=1787453409852:141
[  154692ms] [LOG] [LandingPage] Section loaded: ugc @ http://localhost:5173/src/components/landing/LandingPage.jsx?t=1787453409852:141
[  154706ms] [LOG] [LandingPage] Section loaded: made-with @ http://localhost:5173/src/components/landing/LandingPage.jsx?t=1787453409852:141
[  154722ms] [LOG] [LandingPage] Section loaded: gallery @ http://localhost:5173/src/components/landing/LandingPage.jsx?t=1787453409852:141
[  154724ms] [LOG] [LandingPage] Section loaded: ai-workflow @ http://localhost:5173/src/components/landing/LandingPage.jsx?t=1787453409852:141
[  154729ms] [LOG] [LandingPage] Section loaded: apps @ http://localhost:5173/src/components/landing/LandingPage.jsx?t=1787453409852:141
[  154742ms] [LOG] [LandingPage] Section loaded: repo-animation @ http://localhost:5173/src/components/landing/LandingPage.jsx?t=1787453409852:141
[  154761ms] [LOG] [LandingPage] Section loaded: repo-cinema @ http://localhost:5173/src/components/landing/LandingPage.jsx?t=1787453409852:141
[  154778ms] [LOG] [LandingPage] Section loaded: repo-social-ads @ http://localhost:5173/src/components/landing/LandingPage.jsx?t=1787453409852:141
[  154848ms] [LOG] [LandingPage] Section loaded: repo-commercial @ http://localhost:5173/src/components/landing/LandingPage.jsx?t=1787453409852:141
[  154855ms] [LOG] [LandingPage] Section loaded: repo-vertical @ http://localhost:5173/src/components/landing/LandingPage.jsx?t=1787453409852:141
[  154860ms] [LOG] [LandingPage] Section loaded: repo-fashion @ http://localhost:5173/src/components/landing/LandingPage.jsx?t=1787453409852:141
[  154867ms] [LOG] [LandingPage] Section loaded: repo-ecommerce @ http://localhost:5173/src/components/landing/LandingPage.jsx?t=1787453409852:141
[  154873ms] [LOG] [LandingPage] Section loaded: repo-animated @ http://localhost:5173/src/components/landing/LandingPage.jsx?t=1787453409852:141
[  154880ms] [LOG] [LandingPage] Section loaded: repo-kinetic @ http://localhost:5173/src/components/landing/LandingPage.jsx?t=1787453409852:141
[  154888ms] [LOG] [LandingPage] Section loaded: repo-narrative @ http://localhost:5173/src/components/landing/LandingPage.jsx?t=1787453409852:141
[  154894ms] [LOG] [LandingPage] Section loaded: repo-reference @ http://localhost:5173/src/components/landing/LandingPage.jsx?t=1787453409852:141
[  154901ms] [LOG] [LandingPage] Section loaded: repo-vfx @ http://localhost:5173/src/components/landing/LandingPage.jsx?t=1787453409852:141
[  154920ms] [LOG] [LandingPage] Section loaded: academy @ http://localhost:5173/src/components/landing/LandingPage.jsx?t=1787453409852:141
[  155206ms] [INFO] %cDownload the React DevTools for a better development experience: https://react.dev/link/react-devtools font-weight:bold @ http://localhost:5173/node_modules/.vite/deps/chunk-EEAUBQDT.js?v=93c1ec86:20096
[  155212ms] [ERROR] [ModalSystem] mount failed TypeError: Class constructor SortableElement cannot be invoked without 'new'
    at http://localhost:5173/components/modals/RetargetOptInModal.jsx?t=1787453409852:26:22 @ http://localhost:5173/src/main.js?t=1787453409852:329
[  155214ms] [ERROR] [popcorn-init] FAILED at: plugin-image TypeError: Class constructor SortableElement cannot be invoked without 'new'
    at http://localhost:5173/components/modals/RetargetOptInModal.jsx?t=1787453409852:26:22 @ http://localhost:5173/src/lib/popcornInit.js?t=1787453409852:55
[  155280ms] [ERROR] [popcorn-init] FAILED at: plugin-jsonTransition TypeError: Class constructor SortableElement cannot be invoked without 'new'
    at http://localhost:5173/components/modals/RetargetOptInModal.jsx?t=1787453409852:26:22 @ http://localhost:5173/src/lib/popcornInit.js?t=1787453409852:55
[  155304ms] [ERROR] [popcorn-init] FAILED at: plugin-lottie-json TypeError: Class constructor SortableElement cannot be invoked without 'new'
    at http://localhost:5173/components/modals/RetargetOptInModal.jsx?t=1787453409852:26:22 @ http://localhost:5173/src/lib/popcornInit.js?t=1787453409852:55
[  155313ms] [LOG] [popcorn-init] OK: plugin-json-button @ http://localhost:5173/src/lib/popcornInit.js?t=1787453409852:48
[  155321ms] [ERROR] [popcorn-init] FAILED at: plugin-personalizedImage TypeError: Class constructor SortableElement cannot be invoked without 'new'
    at http://localhost:5173/components/modals/RetargetOptInModal.jsx?t=1787453409852:26:22 @ http://localhost:5173/src/lib/popcornInit.js?t=1787453409852:55
[  155327ms] [ERROR] [popcorn-init] FAILED at: plugin-loopPlugin TypeError: Class constructor SortableElement cannot be invoked without 'new'
    at http://localhost:5173/components/modals/RetargetOptInModal.jsx?t=1787453409852:26:22 @ http://localhost:5173/src/lib/popcornInit.js?t=1787453409852:55
[  155331ms] [ERROR] [popcorn-init] FAILED at: plugin-pausePlugin TypeError: Class constructor SortableElement cannot be invoked without 'new'
    at http://localhost:5173/components/modals/RetargetOptInModal.jsx?t=1787453409852:26:22 @ http://localhost:5173/src/lib/popcornInit.js?t=1787453409852:55
[  155342ms] [ERROR] [popcorn-init] FAILED at: plugin-form TypeError: Class constructor SortableElement cannot be invoked without 'new'
    at http://localhost:5173/components/modals/RetargetOptInModal.jsx?t=1787453409852:26:22 @ http://localhost:5173/src/lib/popcornInit.js?t=1787453409852:55
[  155355ms] [ERROR] [popcorn-init] FAILED at: plugin-retarget TypeError: Class constructor SortableElement cannot be invoked without 'new'
    at http://localhost:5173/components/modals/RetargetOptInModal.jsx?t=1787453409852:26:22 @ http://localhost:5173/src/lib/popcornInit.js?t=1787453409852:55
[  155359ms] [LOG] [popcorn-init] OK: plugin-popup @ http://localhost:5173/src/lib/popcornInit.js?t=1787453409852:48
[  155363ms] [ERROR] [popcorn-init] FAILED at: plugin-sequencer TypeError: Class constructor SortableElement cannot be invoked without 'new'
    at http://localhost:5173/components/modals/RetargetOptInModal.jsx?t=1787453409852:26:22 @ http://localhost:5173/src/lib/popcornInit.js?t=1787453409852:55
[  155371ms] [ERROR] [popcorn-init] FAILED at: plugin-skip TypeError: Class constructor SortableElement cannot be invoked without 'new'
    at http://localhost:5173/components/modals/RetargetOptInModal.jsx?t=1787453409852:26:22 @ http://localhost:5173/src/lib/popcornInit.js?t=1787453409852:55
[  155395ms] [ERROR] [popcorn-init] FAILED at: plugin-text TypeError: Class constructor SortableElement cannot be invoked without 'new'
    at http://localhost:5173/components/modals/RetargetOptInModal.jsx?t=1787453409852:26:22 @ http://localhost:5173/src/lib/popcornInit.js?t=1787453409852:55
[  155431ms] [LOG] [popcorn-init] OK: plugin-social @ http://localhost:5173/src/lib/popcornInit.js?t=1787453409852:48
[  155452ms] [ERROR] [popcorn-init] FAILED at: plugin-jsonAnimation TypeError: Class constructor SortableElement cannot be invoked without 'new'
    at http://localhost:5173/components/modals/RetargetOptInModal.jsx?t=1787453409852:26:22 @ http://localhost:5173/src/lib/popcornInit.js?t=1787453409852:55
[  155461ms] [LOG] [popcorn-init] OK: plugin-videoTransition @ http://localhost:5173/src/lib/popcornInit.js?t=1787453409852:48
[  155468ms] [ERROR] [popcorn-init] FAILED at: plugin-seethroughtext TypeError: Class constructor SortableElement cannot be invoked without 'new'
    at http://localhost:5173/components/modals/RetargetOptInModal.jsx?t=1787453409852:26:22 @ http://localhost:5173/src/lib/popcornInit.js?t=1787453409852:55
[  155473ms] [LOG] [popcorn-init] OK: plugin-wikipedia @ http://localhost:5173/src/lib/popcornInit.js?t=1787453409852:48
[  155477ms] [ERROR] [popcorn-init] FAILED at: plugin-combined TypeError: Class constructor SortableElement cannot be invoked without 'new'
    at http://localhost:5173/components/modals/RetargetOptInModal.jsx?t=1787453409852:26:22 @ http://localhost:5173/src/lib/popcornInit.js?t=1787453409852:55
[  155481ms] [ERROR] [popcorn-init] FAILED at: plugin-background TypeError: Class constructor SortableElement cannot be invoked without 'new'
    at http://localhost:5173/components/modals/RetargetOptInModal.jsx?t=1787453409852:26:22 @ http://localhost:5173/src/lib/popcornInit.js?t=1787453409852:55
[  155482ms] [LOG] [popcorn-init] SUMMARY: 5/20 plugins registered; FAILED: plugin-image, plugin-jsonTransition, plugin-lottie-json, plugin-personalizedImage, plugin-loopPlugin, plugin-pausePlugin, plugin-form, plugin-retarget, plugin-sequencer, plugin-skip, plugin-text, plugin-jsonAnimation, plugin-seethroughtext, plugin-combined, plugin-background @ http://localhost:5173/src/lib/popcornInit.js?t=1787453409852:60
[  155482ms] [LOG] [popcorn] function 5 @ http://localhost:5173/src/main.js?t=1787453409852:4
[  156710ms] [LOG] [App] Starting initialization... @ http://localhost:5173/src/main.js?t=1787453409852:19
[  156717ms] [LOG] [popcorn-init] OK: jquery @ http://localhost:5173/src/lib/popcornInit.js?t=1787453409852:41
[  156718ms] [LOG] [popcorn-init] OK: jquery-textfill @ http://localhost:5173/src/lib/popcornInit.js?t=1787453409852:48
[  156720ms] [LOG] [popcorn-init] OK: popcorn-core @ http://localhost:5173/src/lib/popcornInit.js?t=1787453409852:48
[  156721ms] [LOG] [popcorn-init] OK: popcorn-ie8 @ http://localhost:5173/src/lib/popcornInit.js?t=1787453409852:48
[  156721ms] [LOG] [popcorn-init] OK: wrapper-common @ http://localhost:5173/src/lib/popcornInit.js?t=1787453409852:48
[  156722ms] [LOG] [popcorn-init] OK: wrapper-html5 @ http://localhost:5173/src/lib/popcornInit.js?t=1787453409852:48
[  156722ms] [LOG] [popcorn-init] OK: wrapper-vrview @ http://localhost:5173/src/lib/popcornInit.js?t=1787453409852:48
[  156722ms] [LOG] [popcorn-init] OK: wrapper-adaptive @ http://localhost:5173/src/lib/popcornInit.js?t=1787453409852:48
[  156723ms] [LOG] [popcorn-init] OK: wrapper-null @ http://localhost:5173/src/lib/popcornInit.js?t=1787453409852:48
[  156723ms] [LOG] [popcorn-init] OK: wrapper-soundcloud @ http://localhost:5173/src/lib/popcornInit.js?t=1787453409852:48
[  156723ms] [LOG] [popcorn-init] OK: wrapper-vimeo @ http://localhost:5173/src/lib/popcornInit.js?t=1787453409852:48
[  156724ms] [LOG] [popcorn-init] OK: wrapper-youtube @ http://localhost:5173/src/lib/popcornInit.js?t=1787453409852:48
[  156724ms] [LOG] [popcorn-init] OK: wrapper-jwplayer @ http://localhost:5173/src/lib/popcornInit.js?t=1787453409852:48
[  156724ms] [LOG] [popcorn-init] OK: player-module @ http://localhost:5173/src/lib/popcornInit.js?t=1787453409852:48
[  156725ms] [LOG] [LandingPage] Header.jsx loaded @ http://localhost:5173/src/components/landing/LandingPage.jsx?t=1787453409852:176
[  156743ms] [LOG] [LandingPage] CinematicVideoHero.jsx loaded @ http://localhost:5173/src/components/landing/LandingPage.jsx?t=1787453409852:189
[  156809ms] [LOG] [LandingPage] HeroSection.jsx loaded @ http://localhost:5173/src/components/landing/LandingPage.jsx?t=1787453409852:202
[  156809ms] [LOG] [LandingPage] Observer created for: scrolling placeholder id: section-scrolling @ http://localhost:5173/src/components/landing/LandingPage.jsx?t=1787453409852:160
[  156810ms] [LOG] [LandingPage] Observer created for: hook placeholder id: section-hook @ http://localhost:5173/src/components/landing/LandingPage.jsx?t=1787453409852:160
[  156810ms] [LOG] [LandingPage] Observer created for: engines placeholder id: section-engines @ http://localhost:5173/src/components/landing/LandingPage.jsx?t=1787453409852:160
[  156810ms] [LOG] [LandingPage] Observer created for: apps placeholder id: section-apps @ http://localhost:5173/src/components/landing/LandingPage.jsx?t=1787453409852:160
[  156810ms] [LOG] [LandingPage] Observer created for: features placeholder id: section-features @ http://localhost:5173/src/components/landing/LandingPage.jsx?t=1787453409852:160
[  156810ms] [LOG] [LandingPage] Observer created for: problem placeholder id: section-problem @ http://localhost:5173/src/components/landing/LandingPage.jsx?t=1787453409852:160
[  156810ms] [LOG] [LandingPage] Observer created for: workflow placeholder id: section-workflow @ http://localhost:5173/src/components/landing/LandingPage.jsx?t=1787453409852:160
[  156810ms] [LOG] [LandingPage] Observer created for: comparison placeholder id: section-comparison @ http://localhost:5173/src/components/landing/LandingPage.jsx?t=1787453409852:160
[  156810ms] [LOG] [LandingPage] Observer created for: value placeholder id: section-value @ http://localhost:5173/src/components/landing/LandingPage.jsx?t=1787453409852:160
[  156810ms] [LOG] [LandingPage] Observer created for: agency placeholder id: section-agency @ http://localhost:5173/src/components/landing/LandingPage.jsx?t=1787453409852:160
[  156810ms] [LOG] [LandingPage] Observer created for: offer placeholder id: section-offer @ http://localhost:5173/src/components/landing/LandingPage.jsx?t=1787453409852:160
[  156810ms] [LOG] [LandingPage] Observer created for: cta placeholder id: section-cta @ http://localhost:5173/src/components/landing/LandingPage.jsx?t=1787453409852:160
[  156810ms] [LOG] [LandingPage] Observer created for: ai-workflow placeholder id: section-ai-workflow @ http://localhost:5173/src/components/landing/LandingPage.jsx?t=1787453409852:160
[  156810ms] [LOG] [LandingPage] Observer created for: made-with placeholder id: section-made-with @ http://localhost:5173/src/components/landing/LandingPage.jsx?t=1787453409852:160
[  156810ms] [LOG] [LandingPage] Observer created for: ugc placeholder id: section-ugc @ http://localhost:5173/src/components/landing/LandingPage.jsx?t=1787453409852:160
[  156810ms] [LOG] [LandingPage] Observer created for: gallery placeholder id: section-gallery @ http://localhost:5173/src/components/landing/LandingPage.jsx?t=1787453409852:160
[  156810ms] [LOG] [LandingPage] Observer created for: academy placeholder id: section-academy @ http://localhost:5173/src/components/landing/LandingPage.jsx?t=1787453409852:160
[  156810ms] [LOG] [LandingPage] Observer created for: repo-cinema placeholder id: section-repo-cinema @ http://localhost:5173/src/components/landing/LandingPage.jsx?t=1787453409852:160
[  156810ms] [LOG] [LandingPage] Observer created for: repo-commercial placeholder id: section-repo-commercial @ http://localhost:5173/src/components/landing/LandingPage.jsx?t=1787453409852:160
[  156810ms] [LOG] [LandingPage] Observer created for: repo-social-ads placeholder id: section-repo-social-ads @ http://localhost:5173/src/components/landing/LandingPage.jsx?t=1787453409852:160
[  156811ms] [LOG] [LandingPage] Observer created for: repo-narrative placeholder id: section-repo-narrative @ http://localhost:5173/src/components/landing/LandingPage.jsx?t=1787453409852:160
[  156811ms] [LOG] [LandingPage] Observer created for: repo-vertical placeholder id: section-repo-vertical @ http://localhost:5173/src/components/landing/LandingPage.jsx?t=1787453409852:160
[  156811ms] [LOG] [LandingPage] Observer created for: repo-ecommerce placeholder id: section-repo-ecommerce @ http://localhost:5173/src/components/landing/LandingPage.jsx?t=1787453409852:160
[  156811ms] [LOG] [LandingPage] Observer created for: repo-kinetic placeholder id: section-repo-kinetic @ http://localhost:5173/src/components/landing/LandingPage.jsx?t=1787453409852:160
[  156811ms] [LOG] [LandingPage] Observer created for: repo-animated placeholder id: section-repo-animated @ http://localhost:5173/src/components/landing/LandingPage.jsx?t=1787453409852:160
[  156811ms] [LOG] [LandingPage] Observer created for: repo-animation placeholder id: section-repo-animation @ http://localhost:5173/src/components/landing/LandingPage.jsx?t=1787453409852:160
[  156811ms] [LOG] [LandingPage] Observer created for: repo-reference placeholder id: section-repo-reference @ http://localhost:5173/src/components/landing/LandingPage.jsx?t=1787453409852:160
[  156811ms] [LOG] [LandingPage] Observer created for: repo-vfx placeholder id: section-repo-vfx @ http://localhost:5173/src/components/landing/LandingPage.jsx?t=1787453409852:160
[  156811ms] [LOG] [LandingPage] Observer created for: repo-fashion placeholder id: section-repo-fashion @ http://localhost:5173/src/components/landing/LandingPage.jsx?t=1787453409852:160
[  156811ms] [LOG] [LandingPage] Observer created for: repos placeholder id: section-repos @ http://localhost:5173/src/components/landing/LandingPage.jsx?t=1787453409852:160
[  156811ms] [LOG] [LandingPage] Observer created for: gtm-boost placeholder id: section-gtm-boost @ http://localhost:5173/src/components/landing/LandingPage.jsx?t=1787453409852:160
[  156812ms] [LOG] [App] Landing page rendered @ http://localhost:5173/src/main.js?t=1787453409852:88
[  156829ms] [LOG] [LandingPage] IntersectionObserver fired for repo-fashion [Object] @ http://localhost:5173/src/components/landing/LandingPage.jsx?t=1787453409852:119
[  156829ms] [LOG] [LandingPage] Loading section: repo-fashion @ http://localhost:5173/src/components/landing/LandingPage.jsx?t=1787453409852:122
[  156829ms] [LOG] [LandingPage] IntersectionObserver fired for repo-social-ads [Object] @ http://localhost:5173/src/components/landing/LandingPage.jsx?t=1787453409852:119
[  156830ms] [LOG] [LandingPage] Loading section: repo-social-ads @ http://localhost:5173/src/components/landing/LandingPage.jsx?t=1787453409852:122
[  156830ms] [LOG] [LandingPage] IntersectionObserver fired for problem [Object] @ http://localhost:5173/src/components/landing/LandingPage.jsx?t=1787453409852:119
[  156830ms] [LOG] [LandingPage] Loading section: problem @ http://localhost:5173/src/components/landing/LandingPage.jsx?t=1787453409852:122
[  156830ms] [LOG] [LandingPage] IntersectionObserver fired for repo-ecommerce [Object] @ http://localhost:5173/src/components/landing/LandingPage.jsx?t=1787453409852:119
[  156830ms] [LOG] [LandingPage] Loading section: repo-ecommerce @ http://localhost:5173/src/components/landing/LandingPage.jsx?t=1787453409852:122
[  156831ms] [LOG] [LandingPage] IntersectionObserver fired for ai-workflow [Object] @ http://localhost:5173/src/components/landing/LandingPage.jsx?t=1787453409852:119
[  156831ms] [LOG] [LandingPage] Loading section: ai-workflow @ http://localhost:5173/src/components/landing/LandingPage.jsx?t=1787453409852:122
[  156831ms] [LOG] [LandingPage] IntersectionObserver fired for scrolling [Object] @ http://localhost:5173/src/components/landing/LandingPage.jsx?t=1787453409852:119
[  156831ms] [LOG] [LandingPage] Loading section: scrolling @ http://localhost:5173/src/components/landing/LandingPage.jsx?t=1787453409852:122
[  156831ms] [LOG] [LandingPage] IntersectionObserver fired for repo-vertical [Object] @ http://localhost:5173/src/components/landing/LandingPage.jsx?t=1787453409852:119
[  156831ms] [LOG] [LandingPage] Loading section: repo-vertical @ http://localhost:5173/src/components/landing/LandingPage.jsx?t=1787453409852:122
[  156831ms] [LOG] [LandingPage] IntersectionObserver fired for workflow [Object] @ http://localhost:5173/src/components/landing/LandingPage.jsx?t=1787453409852:119
[  156832ms] [LOG] [LandingPage] Loading section: workflow @ http://localhost:5173/src/components/landing/LandingPage.jsx?t=1787453409852:122
[  156834ms] [LOG] [LandingPage] IntersectionObserver fired for value [Object] @ http://localhost:5173/src/components/landing/LandingPage.jsx?t=1787453409852:119
[  156835ms] [LOG] [LandingPage] Loading section: value @ http://localhost:5173/src/components/landing/LandingPage.jsx?t=1787453409852:122
[  156836ms] [LOG] [LandingPage] IntersectionObserver fired for repo-animation [Object] @ http://localhost:5173/src/components/landing/LandingPage.jsx?t=1787453409852:119
[  156836ms] [LOG] [LandingPage] Loading section: repo-animation @ http://localhost:5173/src/components/landing/LandingPage.jsx?t=1787453409852:122
[  156836ms] [LOG] [LandingPage] IntersectionObserver fired for academy [Object] @ http://localhost:5173/src/components/landing/LandingPage.jsx?t=1787453409852:119
[  156837ms] [LOG] [LandingPage] Loading section: academy @ http://localhost:5173/src/components/landing/LandingPage.jsx?t=1787453409852:122
[  156837ms] [LOG] [LandingPage] IntersectionObserver fired for agency [Object] @ http://localhost:5173/src/components/landing/LandingPage.jsx?t=1787453409852:119
[  156837ms] [LOG] [LandingPage] Loading section: agency @ http://localhost:5173/src/components/landing/LandingPage.jsx?t=1787453409852:122
[  156837ms] [LOG] [LandingPage] IntersectionObserver fired for offer [Object] @ http://localhost:5173/src/components/landing/LandingPage.jsx?t=1787453409852:119
[  156837ms] [LOG] [LandingPage] Loading section: offer @ http://localhost:5173/src/components/landing/LandingPage.jsx?t=1787453409852:122
[  156838ms] [LOG] [LandingPage] IntersectionObserver fired for apps [Object] @ http://localhost:5173/src/components/landing/LandingPage.jsx?t=1787453409852:119
[  156838ms] [LOG] [LandingPage] Loading section: apps @ http://localhost:5173/src/components/landing/LandingPage.jsx?t=1787453409852:122
[  156838ms] [LOG] [LandingPage] IntersectionObserver fired for repo-cinema [Object] @ http://localhost:5173/src/components/landing/LandingPage.jsx?t=1787453409852:119
[  156838ms] [LOG] [LandingPage] Loading section: repo-cinema @ http://localhost:5173/src/components/landing/LandingPage.jsx?t=1787453409852:122
[  156838ms] [LOG] [LandingPage] IntersectionObserver fired for features [Object] @ http://localhost:5173/src/components/landing/LandingPage.jsx?t=1787453409852:119
[  156839ms] [LOG] [LandingPage] Loading section: features @ http://localhost:5173/src/components/landing/LandingPage.jsx?t=1787453409852:122
[  156839ms] [LOG] [LandingPage] IntersectionObserver fired for repos [Object] @ http://localhost:5173/src/components/landing/LandingPage.jsx?t=1787453409852:119
[  156839ms] [LOG] [LandingPage] Loading section: repos @ http://localhost:5173/src/components/landing/LandingPage.jsx?t=1787453409852:122
[  156840ms] [LOG] [LandingPage] IntersectionObserver fired for repo-kinetic [Object] @ http://localhost:5173/src/components/landing/LandingPage.jsx?t=1787453409852:119
[  156840ms] [LOG] [LandingPage] Loading section: repo-kinetic @ http://localhost:5173/src/components/landing/LandingPage.jsx?t=1787453409852:122
[  156840ms] [LOG] [LandingPage] IntersectionObserver fired for repo-narrative [Object] @ http://localhost:5173/src/components/landing/LandingPage.jsx?t=1787453409852:119
[  156840ms] [LOG] [LandingPage] Loading section: repo-narrative @ http://localhost:5173/src/components/landing/LandingPage.jsx?t=1787453409852:122
[  156840ms] [LOG] [LandingPage] IntersectionObserver fired for gallery [Object] @ http://localhost:5173/src/components/landing/LandingPage.jsx?t=1787453409852:119
[  156840ms] [LOG] [LandingPage] Loading section: gallery @ http://localhost:5173/src/components/landing/LandingPage.jsx?t=1787453409852:122
[  156841ms] [LOG] [LandingPage] IntersectionObserver fired for comparison [Object] @ http://localhost:5173/src/components/landing/LandingPage.jsx?t=1787453409852:119
[  156841ms] [LOG] [LandingPage] Loading section: comparison @ http://localhost:5173/src/components/landing/LandingPage.jsx?t=1787453409852:122
[  156841ms] [LOG] [LandingPage] IntersectionObserver fired for cta [Object] @ http://localhost:5173/src/components/landing/LandingPage.jsx?t=1787453409852:119
[  156841ms] [LOG] [LandingPage] Loading section: cta @ http://localhost:5173/src/components/landing/LandingPage.jsx?t=1787453409852:122
[  156842ms] [LOG] [LandingPage] IntersectionObserver fired for gtm-boost [Object] @ http://localhost:5173/src/components/landing/LandingPage.jsx?t=1787453409852:119
[  156842ms] [LOG] [LandingPage] Loading section: gtm-boost @ http://localhost:5173/src/components/landing/LandingPage.jsx?t=1787453409852:122
[  156842ms] [LOG] [LandingPage] IntersectionObserver fired for hook [Object] @ http://localhost:5173/src/components/landing/LandingPage.jsx?t=1787453409852:119
[  156842ms] [LOG] [LandingPage] Loading section: hook @ http://localhost:5173/src/components/landing/LandingPage.jsx?t=1787453409852:122
[  156843ms] [LOG] [LandingPage] IntersectionObserver fired for ugc [Object] @ http://localhost:5173/src/components/landing/LandingPage.jsx?t=1787453409852:119
[  156843ms] [LOG] [LandingPage] Loading section: ugc @ http://localhost:5173/src/components/landing/LandingPage.jsx?t=1787453409852:122
[  156843ms] [LOG] [LandingPage] IntersectionObserver fired for repo-vfx [Object] @ http://localhost:5173/src/components/landing/LandingPage.jsx?t=1787453409852:119
[  156843ms] [LOG] [LandingPage] Loading section: repo-vfx @ http://localhost:5173/src/components/landing/LandingPage.jsx?t=1787453409852:122
[  156843ms] [LOG] [LandingPage] IntersectionObserver fired for made-with [Object] @ http://localhost:5173/src/components/landing/LandingPage.jsx?t=1787453409852:119
[  156843ms] [LOG] [LandingPage] Loading section: made-with @ http://localhost:5173/src/components/landing/LandingPage.jsx?t=1787453409852:122
[  156844ms] [LOG] [LandingPage] IntersectionObserver fired for repo-commercial [Object] @ http://localhost:5173/src/components/landing/LandingPage.jsx?t=1787453409852:119
[  156844ms] [LOG] [LandingPage] Loading section: repo-commercial @ http://localhost:5173/src/components/landing/LandingPage.jsx?t=1787453409852:122
[  156844ms] [LOG] [LandingPage] IntersectionObserver fired for repo-animated [Object] @ http://localhost:5173/src/components/landing/LandingPage.jsx?t=1787453409852:119
[  156844ms] [LOG] [LandingPage] Loading section: repo-animated @ http://localhost:5173/src/components/landing/LandingPage.jsx?t=1787453409852:122
[  156844ms] [LOG] [LandingPage] IntersectionObserver fired for repo-reference [Object] @ http://localhost:5173/src/components/landing/LandingPage.jsx?t=1787453409852:119
[  156844ms] [LOG] [LandingPage] Loading section: repo-reference @ http://localhost:5173/src/components/landing/LandingPage.jsx?t=1787453409852:122
[  156845ms] [LOG] [LandingPage] IntersectionObserver fired for engines [Object] @ http://localhost:5173/src/components/landing/LandingPage.jsx?t=1787453409852:119
[  156845ms] [LOG] [LandingPage] Loading section: engines @ http://localhost:5173/src/components/landing/LandingPage.jsx?t=1787453409852:122
[  157174ms] [LOG] [LandingPage] Section loaded: problem @ http://localhost:5173/src/components/landing/LandingPage.jsx?t=1787453409852:141
[  157187ms] [LOG] [LandingPage] Section loaded: scrolling @ http://localhost:5173/src/components/landing/LandingPage.jsx?t=1787453409852:141
[  157456ms] [LOG] [App] Starting initialization... @ http://localhost:5173/src/main.js?t=1787453409852:19
[  157463ms] [LOG] [popcorn-init] OK: jquery @ http://localhost:5173/src/lib/popcornInit.js?t=1787453409852:41
[  157464ms] [LOG] [popcorn-init] OK: jquery-textfill @ http://localhost:5173/src/lib/popcornInit.js?t=1787453409852:48
[  157465ms] [LOG] [popcorn-init] OK: popcorn-core @ http://localhost:5173/src/lib/popcornInit.js?t=1787453409852:48
[  157467ms] [LOG] [popcorn-init] OK: popcorn-ie8 @ http://localhost:5173/src/lib/popcornInit.js?t=1787453409852:48
[  157468ms] [LOG] [popcorn-init] OK: wrapper-common @ http://localhost:5173/src/lib/popcornInit.js?t=1787453409852:48
[  157468ms] [LOG] [popcorn-init] OK: wrapper-html5 @ http://localhost:5173/src/lib/popcornInit.js?t=1787453409852:48
[  157469ms] [LOG] [popcorn-init] OK: wrapper-vrview @ http://localhost:5173/src/lib/popcornInit.js?t=1787453409852:48
[  157469ms] [LOG] [popcorn-init] OK: wrapper-adaptive @ http://localhost:5173/src/lib/popcornInit.js?t=1787453409852:48
[  157469ms] [LOG] [popcorn-init] OK: wrapper-null @ http://localhost:5173/src/lib/popcornInit.js?t=1787453409852:48
[  157470ms] [LOG] [popcorn-init] OK: wrapper-soundcloud @ http://localhost:5173/src/lib/popcornInit.js?t=1787453409852:48
[  157470ms] [LOG] [popcorn-init] OK: wrapper-vimeo @ http://localhost:5173/src/lib/popcornInit.js?t=1787453409852:48
[  157470ms] [LOG] [popcorn-init] OK: wrapper-youtube @ http://localhost:5173/src/lib/popcornInit.js?t=1787453409852:48
[  157471ms] [LOG] [popcorn-init] OK: wrapper-jwplayer @ http://localhost:5173/src/lib/popcornInit.js?t=1787453409852:48
[  157472ms] [LOG] [popcorn-init] OK: player-module @ http://localhost:5173/src/lib/popcornInit.js?t=1787453409852:48
[  157474ms] [LOG] [LandingPage] Header.jsx loaded @ http://localhost:5173/src/components/landing/LandingPage.jsx?t=1787453409852:176
[  157583ms] [LOG] [LandingPage] CinematicVideoHero.jsx loaded @ http://localhost:5173/src/components/landing/LandingPage.jsx?t=1787453409852:189
[  157821ms] [LOG] [LandingPage] HeroSection.jsx loaded @ http://localhost:5173/src/components/landing/LandingPage.jsx?t=1787453409852:202
[  157822ms] [LOG] [LandingPage] Observer created for: scrolling placeholder id: section-scrolling @ http://localhost:5173/src/components/landing/LandingPage.jsx?t=1787453409852:160
[  157822ms] [LOG] [LandingPage] Observer created for: hook placeholder id: section-hook @ http://localhost:5173/src/components/landing/LandingPage.jsx?t=1787453409852:160
[  157822ms] [LOG] [LandingPage] Observer created for: engines placeholder id: section-engines @ http://localhost:5173/src/components/landing/LandingPage.jsx?t=1787453409852:160
[  157822ms] [LOG] [LandingPage] Observer created for: apps placeholder id: section-apps @ http://localhost:5173/src/components/landing/LandingPage.jsx?t=1787453409852:160
[  157822ms] [LOG] [LandingPage] Observer created for: features placeholder id: section-features @ http://localhost:5173/src/components/landing/LandingPage.jsx?t=1787453409852:160
[  157822ms] [LOG] [LandingPage] Observer created for: problem placeholder id: section-problem @ http://localhost:5173/src/components/landing/LandingPage.jsx?t=1787453409852:160
[  157822ms] [LOG] [LandingPage] Observer created for: workflow placeholder id: section-workflow @ http://localhost:5173/src/components/landing/LandingPage.jsx?t=1787453409852:160
[  157822ms] [LOG] [LandingPage] Observer created for: comparison placeholder id: section-comparison @ http://localhost:5173/src/components/landing/LandingPage.jsx?t=1787453409852:160
[  157822ms] [LOG] [LandingPage] Observer created for: value placeholder id: section-value @ http://localhost:5173/src/components/landing/LandingPage.jsx?t=1787453409852:160
[  157822ms] [LOG] [LandingPage] Observer created for: agency placeholder id: section-agency @ http://localhost:5173/src/components/landing/LandingPage.jsx?t=1787453409852:160
[  157822ms] [LOG] [LandingPage] Observer created for: offer placeholder id: section-offer @ http://localhost:5173/src/components/landing/LandingPage.jsx?t=1787453409852:160
[  157822ms] [LOG] [LandingPage] Observer created for: cta placeholder id: section-cta @ http://localhost:5173/src/components/landing/LandingPage.jsx?t=1787453409852:160
[  157822ms] [LOG] [LandingPage] Observer created for: ai-workflow placeholder id: section-ai-workflow @ http://localhost:5173/src/components/landing/LandingPage.jsx?t=1787453409852:160
[  157823ms] [LOG] [LandingPage] Observer created for: made-with placeholder id: section-made-with @ http://localhost:5173/src/components/landing/LandingPage.jsx?t=1787453409852:160
[  157823ms] [LOG] [LandingPage] Observer created for: ugc placeholder id: section-ugc @ http://localhost:5173/src/components/landing/LandingPage.jsx?t=1787453409852:160
[  157823ms] [LOG] [LandingPage] Observer created for: gallery placeholder id: section-gallery @ http://localhost:5173/src/components/landing/LandingPage.jsx?t=1787453409852:160
[  157823ms] [LOG] [LandingPage] Observer created for: academy placeholder id: section-academy @ http://localhost:5173/src/components/landing/LandingPage.jsx?t=1787453409852:160
[  157823ms] [LOG] [LandingPage] Observer created for: repo-cinema placeholder id: section-repo-cinema @ http://localhost:5173/src/components/landing/LandingPage.jsx?t=1787453409852:160
[  157823ms] [LOG] [LandingPage] Observer created for: repo-commercial placeholder id: section-repo-commercial @ http://localhost:5173/src/components/landing/LandingPage.jsx?t=1787453409852:160
[  157823ms] [LOG] [LandingPage] Observer created for: repo-social-ads placeholder id: section-repo-social-ads @ http://localhost:5173/src/components/landing/LandingPage.jsx?t=1787453409852:160
[  157823ms] [LOG] [LandingPage] Observer created for: repo-narrative placeholder id: section-repo-narrative @ http://localhost:5173/src/components/landing/LandingPage.jsx?t=1787453409852:160
[  157823ms] [LOG] [LandingPage] Observer created for: repo-vertical placeholder id: section-repo-vertical @ http://localhost:5173/src/components/landing/LandingPage.jsx?t=1787453409852:160
[  157823ms] [LOG] [LandingPage] Observer created for: repo-ecommerce placeholder id: section-repo-ecommerce @ http://localhost:5173/src/components/landing/LandingPage.jsx?t=1787453409852:160
[  157823ms] [LOG] [LandingPage] Observer created for: repo-kinetic placeholder id: section-repo-kinetic @ http://localhost:5173/src/components/landing/LandingPage.jsx?t=1787453409852:160
[  157823ms] [LOG] [LandingPage] Observer created for: repo-animated placeholder id: section-repo-animated @ http://localhost:5173/src/components/landing/LandingPage.jsx?t=1787453409852:160
[  157823ms] [LOG] [LandingPage] Observer created for: repo-animation placeholder id: section-repo-animation @ http://localhost:5173/src/components/landing/LandingPage.jsx?t=1787453409852:160
[  157823ms] [LOG] [LandingPage] Observer created for: repo-reference placeholder id: section-repo-reference @ http://localhost:5173/src/components/landing/LandingPage.jsx?t=1787453409852:160
[  157823ms] [LOG] [LandingPage] Observer created for: repo-vfx placeholder id: section-repo-vfx @ http://localhost:5173/src/components/landing/LandingPage.jsx?t=1787453409852:160
[  157823ms] [LOG] [LandingPage] Observer created for: repo-fashion placeholder id: section-repo-fashion @ http://localhost:5173/src/components/landing/LandingPage.jsx?t=1787453409852:160
[  157823ms] [LOG] [LandingPage] Observer created for: repos placeholder id: section-repos @ http://localhost:5173/src/components/landing/LandingPage.jsx?t=1787453409852:160
[  157824ms] [LOG] [LandingPage] Observer created for: gtm-boost placeholder id: section-gtm-boost @ http://localhost:5173/src/components/landing/LandingPage.jsx?t=1787453409852:160
[  157824ms] [LOG] [App] Landing page rendered @ http://localhost:5173/src/main.js?t=1787453409852:88
[  157837ms] [LOG] [LandingPage] IntersectionObserver fired for repo-narrative [Object] @ http://localhost:5173/src/components/landing/LandingPage.jsx?t=1787453409852:119
[  157837ms] [LOG] [LandingPage] Loading section: repo-narrative @ http://localhost:5173/src/components/landing/LandingPage.jsx?t=1787453409852:122
[  157838ms] [LOG] [LandingPage] IntersectionObserver fired for repo-ecommerce [Object] @ http://localhost:5173/src/components/landing/LandingPage.jsx?t=1787453409852:119
[  157838ms] [LOG] [LandingPage] Loading section: repo-ecommerce @ http://localhost:5173/src/components/landing/LandingPage.jsx?t=1787453409852:122
[  157838ms] [LOG] [LandingPage] IntersectionObserver fired for apps [Object] @ http://localhost:5173/src/components/landing/LandingPage.jsx?t=1787453409852:119
[  157838ms] [LOG] [LandingPage] Loading section: apps @ http://localhost:5173/src/components/landing/LandingPage.jsx?t=1787453409852:122
[  157838ms] [LOG] [LandingPage] IntersectionObserver fired for repos [Object] @ http://localhost:5173/src/components/landing/LandingPage.jsx?t=1787453409852:119
[  157838ms] [LOG] [LandingPage] Loading section: repos @ http://localhost:5173/src/components/landing/LandingPage.jsx?t=1787453409852:122
[  157838ms] [LOG] [LandingPage] IntersectionObserver fired for ai-workflow [Object] @ http://localhost:5173/src/components/landing/LandingPage.jsx?t=1787453409852:119
[  157839ms] [LOG] [LandingPage] Loading section: ai-workflow @ http://localhost:5173/src/components/landing/LandingPage.jsx?t=1787453409852:122
[  157839ms] [LOG] [LandingPage] IntersectionObserver fired for gtm-boost [Object] @ http://localhost:5173/src/components/landing/LandingPage.jsx?t=1787453409852:119
[  157839ms] [LOG] [LandingPage] Loading section: gtm-boost @ http://localhost:5173/src/components/landing/LandingPage.jsx?t=1787453409852:122
[  157839ms] [LOG] [LandingPage] IntersectionObserver fired for repo-vertical [Object] @ http://localhost:5173/src/components/landing/LandingPage.jsx?t=1787453409852:119
[  157839ms] [LOG] [LandingPage] Loading section: repo-vertical @ http://localhost:5173/src/components/landing/LandingPage.jsx?t=1787453409852:122
[  157839ms] [LOG] [LandingPage] IntersectionObserver fired for academy [Object] @ http://localhost:5173/src/components/landing/LandingPage.jsx?t=1787453409852:119
[  157840ms] [LOG] [LandingPage] Loading section: academy @ http://localhost:5173/src/components/landing/LandingPage.jsx?t=1787453409852:122
[  157840ms] [LOG] [LandingPage] IntersectionObserver fired for ugc [Object] @ http://localhost:5173/src/components/landing/LandingPage.jsx?t=1787453409852:119
[  157840ms] [LOG] [LandingPage] Loading section: ugc @ http://localhost:5173/src/components/landing/LandingPage.jsx?t=1787453409852:122
[  157840ms] [LOG] [LandingPage] IntersectionObserver fired for repo-kinetic [Object] @ http://localhost:5173/src/components/landing/LandingPage.jsx?t=1787453409852:119
[  157840ms] [LOG] [LandingPage] Loading section: repo-kinetic @ http://localhost:5173/src/components/landing/LandingPage.jsx?t=1787453409852:122
[  157840ms] [LOG] [LandingPage] IntersectionObserver fired for hook [Object] @ http://localhost:5173/src/components/landing/LandingPage.jsx?t=1787453409852:119
[  157840ms] [LOG] [LandingPage] Loading section: hook @ http://localhost:5173/src/components/landing/LandingPage.jsx?t=1787453409852:122
[  157841ms] [LOG] [LandingPage] IntersectionObserver fired for repo-reference [Object] @ http://localhost:5173/src/components/landing/LandingPage.jsx?t=1787453409852:119
[  157841ms] [LOG] [LandingPage] Loading section: repo-reference @ http://localhost:5173/src/components/landing/LandingPage.jsx?t=1787453409852:122
[  157841ms] [LOG] [LandingPage] IntersectionObserver fired for repo-commercial [Object] @ http://localhost:5173/src/components/landing/LandingPage.jsx?t=1787453409852:119
[  157841ms] [LOG] [LandingPage] Loading section: repo-commercial @ http://localhost:5173/src/components/landing/LandingPage.jsx?t=1787453409852:122
[  157841ms] [LOG] [LandingPage] IntersectionObserver fired for repo-cinema [Object] @ http://localhost:5173/src/components/landing/LandingPage.jsx?t=1787453409852:119
[  157841ms] [LOG] [LandingPage] Loading section: repo-cinema @ http://localhost:5173/src/components/landing/LandingPage.jsx?t=1787453409852:122
[  157841ms] [LOG] [LandingPage] IntersectionObserver fired for workflow [Object] @ http://localhost:5173/src/components/landing/LandingPage.jsx?t=1787453409852:119
[  157841ms] [LOG] [LandingPage] Loading section: workflow @ http://localhost:5173/src/components/landing/LandingPage.jsx?t=1787453409852:122
[  157841ms] [LOG] [LandingPage] IntersectionObserver fired for cta [Object] @ http://localhost:5173/src/components/landing/LandingPage.jsx?t=1787453409852:119
[  157842ms] [LOG] [LandingPage] Loading section: cta @ http://localhost:5173/src/components/landing/LandingPage.jsx?t=1787453409852:122
[  157842ms] [LOG] [LandingPage] IntersectionObserver fired for features [Object] @ http://localhost:5173/src/components/landing/LandingPage.jsx?t=1787453409852:119
[  157842ms] [LOG] [LandingPage] Loading section: features @ http://localhost:5173/src/components/landing/LandingPage.jsx?t=1787453409852:122
[  157842ms] [LOG] [LandingPage] IntersectionObserver fired for repo-animation [Object] @ http://localhost:5173/src/components/landing/LandingPage.jsx?t=1787453409852:119
[  157842ms] [LOG] [LandingPage] Loading section: repo-animation @ http://localhost:5173/src/components/landing/LandingPage.jsx?t=1787453409852:122
[  157842ms] [LOG] [LandingPage] IntersectionObserver fired for repo-social-ads [Object] @ http://localhost:5173/src/components/landing/LandingPage.jsx?t=1787453409852:119
[  157843ms] [LOG] [LandingPage] Loading section: repo-social-ads @ http://localhost:5173/src/components/landing/LandingPage.jsx?t=1787453409852:122
[  157843ms] [LOG] [LandingPage] IntersectionObserver fired for repo-fashion [Object] @ http://localhost:5173/src/components/landing/LandingPage.jsx?t=1787453409852:119
[  157843ms] [LOG] [LandingPage] Loading section: repo-fashion @ http://localhost:5173/src/components/landing/LandingPage.jsx?t=1787453409852:122
[  157843ms] [LOG] [LandingPage] IntersectionObserver fired for agency [Object] @ http://localhost:5173/src/components/landing/LandingPage.jsx?t=1787453409852:119
[  157843ms] [LOG] [LandingPage] Loading section: agency @ http://localhost:5173/src/components/landing/LandingPage.jsx?t=1787453409852:122
[  157843ms] [LOG] [LandingPage] IntersectionObserver fired for scrolling [Object] @ http://localhost:5173/src/components/landing/LandingPage.jsx?t=1787453409852:119
[  157843ms] [LOG] [LandingPage] Loading section: scrolling @ http://localhost:5173/src/components/landing/LandingPage.jsx?t=1787453409852:122
[  157844ms] [LOG] [LandingPage] IntersectionObserver fired for problem [Object] @ http://localhost:5173/src/components/landing/LandingPage.jsx?t=1787453409852:119
[  157844ms] [LOG] [LandingPage] Loading section: problem @ http://localhost:5173/src/components/landing/LandingPage.jsx?t=1787453409852:122
[  157844ms] [LOG] [LandingPage] IntersectionObserver fired for made-with [Object] @ http://localhost:5173/src/components/landing/LandingPage.jsx?t=1787453409852:119
[  157844ms] [LOG] [LandingPage] Loading section: made-with @ http://localhost:5173/src/components/landing/LandingPage.jsx?t=1787453409852:122
[  157844ms] [LOG] [LandingPage] IntersectionObserver fired for gallery [Object] @ http://localhost:5173/src/components/landing/LandingPage.jsx?t=1787453409852:119
[  157844ms] [LOG] [LandingPage] Loading section: gallery @ http://localhost:5173/src/components/landing/LandingPage.jsx?t=1787453409852:122
[  157845ms] [LOG] [LandingPage] IntersectionObserver fired for repo-vfx [Object] @ http://localhost:5173/src/components/landing/LandingPage.jsx?t=1787453409852:119
[  157845ms] [LOG] [LandingPage] Loading section: repo-vfx @ http://localhost:5173/src/components/landing/LandingPage.jsx?t=1787453409852:122
[  157845ms] [LOG] [LandingPage] IntersectionObserver fired for comparison [Object] @ http://localhost:5173/src/components/landing/LandingPage.jsx?t=1787453409852:119
[  157845ms] [LOG] [LandingPage] Loading section: comparison @ http://localhost:5173/src/components/landing/LandingPage.jsx?t=1787453409852:122
[  157845ms] [LOG] [LandingPage] IntersectionObserver fired for offer [Object] @ http://localhost:5173/src/components/landing/LandingPage.jsx?t=1787453409852:119
[  157845ms] [LOG] [LandingPage] Loading section: offer @ http://localhost:5173/src/components/landing/LandingPage.jsx?t=1787453409852:122
[  157845ms] [LOG] [LandingPage] IntersectionObserver fired for repo-animated [Object] @ http://localhost:5173/src/components/landing/LandingPage.jsx?t=1787453409852:119
[  157846ms] [LOG] [LandingPage] Loading section: repo-animated @ http://localhost:5173/src/components/landing/LandingPage.jsx?t=1787453409852:122
[  157846ms] [LOG] [LandingPage] IntersectionObserver fired for engines [Object] @ http://localhost:5173/src/components/landing/LandingPage.jsx?t=1787453409852:119
[  157846ms] [LOG] [LandingPage] Loading section: engines @ http://localhost:5173/src/components/landing/LandingPage.jsx?t=1787453409852:122
[  157846ms] [LOG] [LandingPage] IntersectionObserver fired for value [Object] @ http://localhost:5173/src/components/landing/LandingPage.jsx?t=1787453409852:119
[  157846ms] [LOG] [LandingPage] Loading section: value @ http://localhost:5173/src/components/landing/LandingPage.jsx?t=1787453409852:122
[  158162ms] [LOG] [LandingPage] Section loaded: repos @ http://localhost:5173/src/components/landing/LandingPage.jsx?t=1787453409852:141
[  158176ms] [LOG] [LandingPage] Section loaded: hook @ http://localhost:5173/src/components/landing/LandingPage.jsx?t=1787453409852:141
[  158176ms] [LOG] [LandingPage] Section loaded: workflow @ http://localhost:5173/src/components/landing/LandingPage.jsx?t=1787453409852:141
[  158177ms] [LOG] [LandingPage] Section loaded: cta @ http://localhost:5173/src/components/landing/LandingPage.jsx?t=1787453409852:141
[  158179ms] [LOG] [LandingPage] Section loaded: features @ http://localhost:5173/src/components/landing/LandingPage.jsx?t=1787453409852:141
[  158180ms] [LOG] [LandingPage] Section loaded: agency @ http://localhost:5173/src/components/landing/LandingPage.jsx?t=1787453409852:141
[  158186ms] [LOG] [LandingPage] Section loaded: scrolling @ http://localhost:5173/src/components/landing/LandingPage.jsx?t=1787453409852:141
[  158240ms] [LOG] [LandingPage] Section loaded: problem @ http://localhost:5173/src/components/landing/LandingPage.jsx?t=1787453409852:141
[  158241ms] [LOG] [LandingPage] Section loaded: comparison @ http://localhost:5173/src/components/landing/LandingPage.jsx?t=1787453409852:141
[  158242ms] [LOG] [LandingPage] Section loaded: offer @ http://localhost:5173/src/components/landing/LandingPage.jsx?t=1787453409852:141
[  158243ms] [LOG] [LandingPage] Section loaded: engines @ http://localhost:5173/src/components/landing/LandingPage.jsx?t=1787453409852:141
[  158244ms] [LOG] [LandingPage] Section loaded: value @ http://localhost:5173/src/components/landing/LandingPage.jsx?t=1787453409852:141
[  158272ms] [LOG] [LandingPage] Section loaded: ai-workflow @ http://localhost:5173/src/components/landing/LandingPage.jsx?t=1787453409852:141
[  158275ms] [LOG] [LandingPage] Section loaded: apps @ http://localhost:5173/src/components/landing/LandingPage.jsx?t=1787453409852:141
[  158296ms] [LOG] [LandingPage] Section loaded: academy @ http://localhost:5173/src/components/landing/LandingPage.jsx?t=1787453409852:141
[  158303ms] [LOG] [LandingPage] Section loaded: gtm-boost @ http://localhost:5173/src/components/landing/LandingPage.jsx?t=1787453409852:141
[  158313ms] [LOG] [LandingPage] Section loaded: made-with @ http://localhost:5173/src/components/landing/LandingPage.jsx?t=1787453409852:141
[  158329ms] [LOG] [LandingPage] Section loaded: ugc @ http://localhost:5173/src/components/landing/LandingPage.jsx?t=1787453409852:141
[  158359ms] [LOG] [LandingPage] Section loaded: gallery @ http://localhost:5173/src/components/landing/LandingPage.jsx?t=1787453409852:141
[  158380ms] [LOG] [LandingPage] Section loaded: repo-commercial @ http://localhost:5173/src/components/landing/LandingPage.jsx?t=1787453409852:141
[  158529ms] [LOG] [LandingPage] Section loaded: repo-animated @ http://localhost:5173/src/components/landing/LandingPage.jsx?t=1787453409852:141
[  158537ms] [LOG] [LandingPage] Section loaded: repo-narrative @ http://localhost:5173/src/components/landing/LandingPage.jsx?t=1787453409852:141
[  158544ms] [LOG] [LandingPage] Section loaded: repo-reference @ http://localhost:5173/src/components/landing/LandingPage.jsx?t=1787453409852:141
[  158551ms] [LOG] [LandingPage] Section loaded: repo-animation @ http://localhost:5173/src/components/landing/LandingPage.jsx?t=1787453409852:141
[  158558ms] [LOG] [LandingPage] Section loaded: repo-fashion @ http://localhost:5173/src/components/landing/LandingPage.jsx?t=1787453409852:141
[  158567ms] [LOG] [LandingPage] Section loaded: repo-vfx @ http://localhost:5173/src/components/landing/LandingPage.jsx?t=1787453409852:141
[  158575ms] [LOG] [LandingPage] Section loaded: repo-social-ads @ http://localhost:5173/src/components/landing/LandingPage.jsx?t=1787453409852:141
[  158583ms] [LOG] [LandingPage] Section loaded: repo-kinetic @ http://localhost:5173/src/components/landing/LandingPage.jsx?t=1787453409852:141
[  158591ms] [LOG] [LandingPage] Section loaded: repo-vertical @ http://localhost:5173/src/components/landing/LandingPage.jsx?t=1787453409852:141
[  158598ms] [LOG] [LandingPage] Section loaded: repo-ecommerce @ http://localhost:5173/src/components/landing/LandingPage.jsx?t=1787453409852:141
[  158607ms] [LOG] [LandingPage] Section loaded: repo-cinema @ http://localhost:5173/src/components/landing/LandingPage.jsx?t=1787453409852:141
[  158927ms] [INFO] %cDownload the React DevTools for a better development experience: https://react.dev/link/react-devtools font-weight:bold @ http://localhost:5173/node_modules/.vite/deps/chunk-EEAUBQDT.js?v=93c1ec86:20096
[  158931ms] [ERROR] [ModalSystem] mount failed TypeError: Class constructor SortableElement cannot be invoked without 'new'
    at http://localhost:5173/components/modals/RetargetOptInModal.jsx?t=1787453409852:26:22 @ http://localhost:5173/src/main.js?t=1787453409852:329
[  158932ms] [ERROR] [popcorn-init] FAILED at: plugin-image TypeError: Class constructor SortableElement cannot be invoked without 'new'
    at http://localhost:5173/components/modals/RetargetOptInModal.jsx?t=1787453409852:26:22 @ http://localhost:5173/src/lib/popcornInit.js?t=1787453409852:55
[  159110ms] [ERROR] [popcorn-init] FAILED at: plugin-jsonTransition TypeError: Class constructor SortableElement cannot be invoked without 'new'
    at http://localhost:5173/components/modals/RetargetOptInModal.jsx?t=1787453409852:26:22 @ http://localhost:5173/src/lib/popcornInit.js?t=1787453409852:55
[  159134ms] [ERROR] [popcorn-init] FAILED at: plugin-lottie-json TypeError: Class constructor SortableElement cannot be invoked without 'new'
    at http://localhost:5173/components/modals/RetargetOptInModal.jsx?t=1787453409852:26:22 @ http://localhost:5173/src/lib/popcornInit.js?t=1787453409852:55
[  159202ms] [LOG] [popcorn-init] OK: plugin-json-button @ http://localhost:5173/src/lib/popcornInit.js?t=1787453409852:48
[  159252ms] [ERROR] [popcorn-init] FAILED at: plugin-personalizedImage TypeError: Class constructor SortableElement cannot be invoked without 'new'
    at http://localhost:5173/components/modals/RetargetOptInModal.jsx?t=1787453409852:26:22 @ http://localhost:5173/src/lib/popcornInit.js?t=1787453409852:55
[  159258ms] [ERROR] [popcorn-init] FAILED at: plugin-loopPlugin TypeError: Class constructor SortableElement cannot be invoked without 'new'
    at http://localhost:5173/components/modals/RetargetOptInModal.jsx?t=1787453409852:26:22 @ http://localhost:5173/src/lib/popcornInit.js?t=1787453409852:55
[  159262ms] [ERROR] [popcorn-init] FAILED at: plugin-pausePlugin TypeError: Class constructor SortableElement cannot be invoked without 'new'
    at http://localhost:5173/components/modals/RetargetOptInModal.jsx?t=1787453409852:26:22 @ http://localhost:5173/src/lib/popcornInit.js?t=1787453409852:55
[  159272ms] [ERROR] [popcorn-init] FAILED at: plugin-form TypeError: Class constructor SortableElement cannot be invoked without 'new'
    at http://localhost:5173/components/modals/RetargetOptInModal.jsx?t=1787453409852:26:22 @ http://localhost:5173/src/lib/popcornInit.js?t=1787453409852:55
[  159281ms] [ERROR] [popcorn-init] FAILED at: plugin-retarget TypeError: Class constructor SortableElement cannot be invoked without 'new'
    at http://localhost:5173/components/modals/RetargetOptInModal.jsx?t=1787453409852:26:22 @ http://localhost:5173/src/lib/popcornInit.js?t=1787453409852:55
[  159321ms] [LOG] [popcorn-init] OK: plugin-popup @ http://localhost:5173/src/lib/popcornInit.js?t=1787453409852:48
[  159341ms] [ERROR] [popcorn-init] FAILED at: plugin-sequencer TypeError: Class constructor SortableElement cannot be invoked without 'new'
    at http://localhost:5173/components/modals/RetargetOptInModal.jsx?t=1787453409852:26:22 @ http://localhost:5173/src/lib/popcornInit.js?t=1787453409852:55
[  159356ms] [ERROR] [popcorn-init] FAILED at: plugin-skip TypeError: Class constructor SortableElement cannot be invoked without 'new'
    at http://localhost:5173/components/modals/RetargetOptInModal.jsx?t=1787453409852:26:22 @ http://localhost:5173/src/lib/popcornInit.js?t=1787453409852:55
[  159379ms] [ERROR] [popcorn-init] FAILED at: plugin-text TypeError: Class constructor SortableElement cannot be invoked without 'new'
    at http://localhost:5173/components/modals/RetargetOptInModal.jsx?t=1787453409852:26:22 @ http://localhost:5173/src/lib/popcornInit.js?t=1787453409852:55
[  159389ms] [LOG] [popcorn-init] OK: plugin-social @ http://localhost:5173/src/lib/popcornInit.js?t=1787453409852:48
[  159394ms] [ERROR] [popcorn-init] FAILED at: plugin-jsonAnimation TypeError: Class constructor SortableElement cannot be invoked without 'new'
    at http://localhost:5173/components/modals/RetargetOptInModal.jsx?t=1787453409852:26:22 @ http://localhost:5173/src/lib/popcornInit.js?t=1787453409852:55
[  159408ms] [LOG] [popcorn-init] OK: plugin-videoTransition @ http://localhost:5173/src/lib/popcornInit.js?t=1787453409852:48
[  159413ms] [ERROR] [popcorn-init] FAILED at: plugin-seethroughtext TypeError: Class constructor SortableElement cannot be invoked without 'new'
    at http://localhost:5173/components/modals/RetargetOptInModal.jsx?t=1787453409852:26:22 @ http://localhost:5173/src/lib/popcornInit.js?t=1787453409852:55
[  159415ms] [LOG] [popcorn-init] OK: plugin-wikipedia @ http://localhost:5173/src/lib/popcornInit.js?t=1787453409852:48
[  159433ms] [ERROR] [popcorn-init] FAILED at: plugin-combined TypeError: Class constructor SortableElement cannot be invoked without 'new'
    at http://localhost:5173/components/modals/RetargetOptInModal.jsx?t=1787453409852:26:22 @ http://localhost:5173/src/lib/popcornInit.js?t=1787453409852:55
[  159440ms] [ERROR] [popcorn-init] FAILED at: plugin-background TypeError: Class constructor SortableElement cannot be invoked without 'new'
    at http://localhost:5173/components/modals/RetargetOptInModal.jsx?t=1787453409852:26:22 @ http://localhost:5173/src/lib/popcornInit.js?t=1787453409852:55
[  159440ms] [LOG] [popcorn-init] SUMMARY: 5/20 plugins registered; FAILED: plugin-image, plugin-jsonTransition, plugin-lottie-json, plugin-personalizedImage, plugin-loopPlugin, plugin-pausePlugin, plugin-form, plugin-retarget, plugin-sequencer, plugin-skip, plugin-text, plugin-jsonAnimation, plugin-seethroughtext, plugin-combined, plugin-background @ http://localhost:5173/src/lib/popcornInit.js?t=1787453409852:60
[  159440ms] [LOG] [popcorn] function 5 @ http://localhost:5173/src/main.js?t=1787453409852:4
[  161372ms] [LOG] [App] Starting initialization... @ http://localhost:5173/src/main.js?t=1787453409852:19
[  161381ms] [LOG] [popcorn-init] OK: jquery @ http://localhost:5173/src/lib/popcornInit.js?t=1787453409852:41
[  161384ms] [LOG] [popcorn-init] OK: jquery-textfill @ http://localhost:5173/src/lib/popcornInit.js?t=1787453409852:48
[  161387ms] [LOG] [popcorn-init] OK: popcorn-core @ http://localhost:5173/src/lib/popcornInit.js?t=1787453409852:48
[  161388ms] [LOG] [popcorn-init] OK: popcorn-ie8 @ http://localhost:5173/src/lib/popcornInit.js?t=1787453409852:48
[  161389ms] [LOG] [popcorn-init] OK: wrapper-common @ http://localhost:5173/src/lib/popcornInit.js?t=1787453409852:48
[  161390ms] [LOG] [popcorn-init] OK: wrapper-html5 @ http://localhost:5173/src/lib/popcornInit.js?t=1787453409852:48
[  161391ms] [LOG] [popcorn-init] OK: wrapper-vrview @ http://localhost:5173/src/lib/popcornInit.js?t=1787453409852:48
[  161392ms] [LOG] [popcorn-init] OK: wrapper-adaptive @ http://localhost:5173/src/lib/popcornInit.js?t=1787453409852:48
[  161393ms] [LOG] [popcorn-init] OK: wrapper-null @ http://localhost:5173/src/lib/popcornInit.js?t=1787453409852:48
[  161394ms] [LOG] [popcorn-init] OK: wrapper-soundcloud @ http://localhost:5173/src/lib/popcornInit.js?t=1787453409852:48
[  161394ms] [LOG] [popcorn-init] OK: wrapper-vimeo @ http://localhost:5173/src/lib/popcornInit.js?t=1787453409852:48
[  161395ms] [LOG] [popcorn-init] OK: wrapper-youtube @ http://localhost:5173/src/lib/popcornInit.js?t=1787453409852:48
[  161395ms] [LOG] [LandingPage] Header.jsx loaded @ http://localhost:5173/src/components/landing/LandingPage.jsx?t=1787453409852:176
[  161396ms] [LOG] [popcorn-init] OK: wrapper-jwplayer @ http://localhost:5173/src/lib/popcornInit.js?t=1787453409852:48
[  161396ms] [LOG] [popcorn-init] OK: player-module @ http://localhost:5173/src/lib/popcornInit.js?t=1787453409852:48
[  161495ms] [LOG] [LandingPage] CinematicVideoHero.jsx loaded @ http://localhost:5173/src/components/landing/LandingPage.jsx?t=1787453409852:189
[  161653ms] [LOG] [LandingPage] HeroSection.jsx loaded @ http://localhost:5173/src/components/landing/LandingPage.jsx?t=1787453409852:202
[  161654ms] [LOG] [LandingPage] Observer created for: scrolling placeholder id: section-scrolling @ http://localhost:5173/src/components/landing/LandingPage.jsx?t=1787453409852:160
[  161654ms] [LOG] [LandingPage] Observer created for: hook placeholder id: section-hook @ http://localhost:5173/src/components/landing/LandingPage.jsx?t=1787453409852:160
[  161654ms] [LOG] [LandingPage] Observer created for: engines placeholder id: section-engines @ http://localhost:5173/src/components/landing/LandingPage.jsx?t=1787453409852:160
[  161654ms] [LOG] [LandingPage] Observer created for: apps placeholder id: section-apps @ http://localhost:5173/src/components/landing/LandingPage.jsx?t=1787453409852:160
[  161654ms] [LOG] [LandingPage] Observer created for: features placeholder id: section-features @ http://localhost:5173/src/components/landing/LandingPage.jsx?t=1787453409852:160
[  161654ms] [LOG] [LandingPage] Observer created for: problem placeholder id: section-problem @ http://localhost:5173/src/components/landing/LandingPage.jsx?t=1787453409852:160
[  161654ms] [LOG] [LandingPage] Observer created for: workflow placeholder id: section-workflow @ http://localhost:5173/src/components/landing/LandingPage.jsx?t=1787453409852:160
[  161654ms] [LOG] [LandingPage] Observer created for: comparison placeholder id: section-comparison @ http://localhost:5173/src/components/landing/LandingPage.jsx?t=1787453409852:160
[  161654ms] [LOG] [LandingPage] Observer created for: value placeholder id: section-value @ http://localhost:5173/src/components/landing/LandingPage.jsx?t=1787453409852:160
[  161654ms] [LOG] [LandingPage] Observer created for: agency placeholder id: section-agency @ http://localhost:5173/src/components/landing/LandingPage.jsx?t=1787453409852:160
[  161654ms] [LOG] [LandingPage] Observer created for: offer placeholder id: section-offer @ http://localhost:5173/src/components/landing/LandingPage.jsx?t=1787453409852:160
[  161654ms] [LOG] [LandingPage] Observer created for: cta placeholder id: section-cta @ http://localhost:5173/src/components/landing/LandingPage.jsx?t=1787453409852:160
[  161654ms] [LOG] [LandingPage] Observer created for: ai-workflow placeholder id: section-ai-workflow @ http://localhost:5173/src/components/landing/LandingPage.jsx?t=1787453409852:160
[  161654ms] [LOG] [LandingPage] Observer created for: made-with placeholder id: section-made-with @ http://localhost:5173/src/components/landing/LandingPage.jsx?t=1787453409852:160
[  161655ms] [LOG] [LandingPage] Observer created for: ugc placeholder id: section-ugc @ http://localhost:5173/src/components/landing/LandingPage.jsx?t=1787453409852:160
[  161655ms] [LOG] [LandingPage] Observer created for: gallery placeholder id: section-gallery @ http://localhost:5173/src/components/landing/LandingPage.jsx?t=1787453409852:160
[  161655ms] [LOG] [LandingPage] Observer created for: academy placeholder id: section-academy @ http://localhost:5173/src/components/landing/LandingPage.jsx?t=1787453409852:160
[  161655ms] [LOG] [LandingPage] Observer created for: repo-cinema placeholder id: section-repo-cinema @ http://localhost:5173/src/components/landing/LandingPage.jsx?t=1787453409852:160
[  161655ms] [LOG] [LandingPage] Observer created for: repo-commercial placeholder id: section-repo-commercial @ http://localhost:5173/src/components/landing/LandingPage.jsx?t=1787453409852:160
[  161655ms] [LOG] [LandingPage] Observer created for: repo-social-ads placeholder id: section-repo-social-ads @ http://localhost:5173/src/components/landing/LandingPage.jsx?t=1787453409852:160
[  161655ms] [LOG] [LandingPage] Observer created for: repo-narrative placeholder id: section-repo-narrative @ http://localhost:5173/src/components/landing/LandingPage.jsx?t=1787453409852:160
[  161655ms] [LOG] [LandingPage] Observer created for: repo-vertical placeholder id: section-repo-vertical @ http://localhost:5173/src/components/landing/LandingPage.jsx?t=1787453409852:160
[  161655ms] [LOG] [LandingPage] Observer created for: repo-ecommerce placeholder id: section-repo-ecommerce @ http://localhost:5173/src/components/landing/LandingPage.jsx?t=1787453409852:160
[  161655ms] [LOG] [LandingPage] Observer created for: repo-kinetic placeholder id: section-repo-kinetic @ http://localhost:5173/src/components/landing/LandingPage.jsx?t=1787453409852:160
[  161655ms] [LOG] [LandingPage] Observer created for: repo-animated placeholder id: section-repo-animated @ http://localhost:5173/src/components/landing/LandingPage.jsx?t=1787453409852:160
[  161655ms] [LOG] [LandingPage] Observer created for: repo-animation placeholder id: section-repo-animation @ http://localhost:5173/src/components/landing/LandingPage.jsx?t=1787453409852:160
[  161655ms] [LOG] [LandingPage] Observer created for: repo-reference placeholder id: section-repo-reference @ http://localhost:5173/src/components/landing/LandingPage.jsx?t=1787453409852:160
[  161655ms] [LOG] [LandingPage] Observer created for: repo-vfx placeholder id: section-repo-vfx @ http://localhost:5173/src/components/landing/LandingPage.jsx?t=1787453409852:160
[  161655ms] [LOG] [LandingPage] Observer created for: repo-fashion placeholder id: section-repo-fashion @ http://localhost:5173/src/components/landing/LandingPage.jsx?t=1787453409852:160
[  161655ms] [LOG] [LandingPage] Observer created for: repos placeholder id: section-repos @ http://localhost:5173/src/components/landing/LandingPage.jsx?t=1787453409852:160
[  161655ms] [LOG] [LandingPage] Observer created for: gtm-boost placeholder id: section-gtm-boost @ http://localhost:5173/src/components/landing/LandingPage.jsx?t=1787453409852:160
[  161656ms] [LOG] [App] Landing page rendered @ http://localhost:5173/src/main.js?t=1787453409852:88
[  161673ms] [LOG] [LandingPage] IntersectionObserver fired for academy [Object] @ http://localhost:5173/src/components/landing/LandingPage.jsx?t=1787453409852:119
[  161673ms] [LOG] [LandingPage] Loading section: academy @ http://localhost:5173/src/components/landing/LandingPage.jsx?t=1787453409852:122
[  161674ms] [LOG] [LandingPage] IntersectionObserver fired for repo-social-ads [Object] @ http://localhost:5173/src/components/landing/LandingPage.jsx?t=1787453409852:119
[  161674ms] [LOG] [LandingPage] Loading section: repo-social-ads @ http://localhost:5173/src/components/landing/LandingPage.jsx?t=1787453409852:122
[  161674ms] [LOG] [LandingPage] IntersectionObserver fired for engines [Object] @ http://localhost:5173/src/components/landing/LandingPage.jsx?t=1787453409852:119
[  161674ms] [LOG] [LandingPage] Loading section: engines @ http://localhost:5173/src/components/landing/LandingPage.jsx?t=1787453409852:122
[  161674ms] [LOG] [LandingPage] IntersectionObserver fired for offer [Object] @ http://localhost:5173/src/components/landing/LandingPage.jsx?t=1787453409852:119
[  161675ms] [LOG] [LandingPage] Loading section: offer @ http://localhost:5173/src/components/landing/LandingPage.jsx?t=1787453409852:122
[  161675ms] [LOG] [LandingPage] IntersectionObserver fired for repo-reference [Object] @ http://localhost:5173/src/components/landing/LandingPage.jsx?t=1787453409852:119
[  161675ms] [LOG] [LandingPage] Loading section: repo-reference @ http://localhost:5173/src/components/landing/LandingPage.jsx?t=1787453409852:122
[  161675ms] [LOG] [LandingPage] IntersectionObserver fired for repo-cinema [Object] @ http://localhost:5173/src/components/landing/LandingPage.jsx?t=1787453409852:119
[  161675ms] [LOG] [LandingPage] Loading section: repo-cinema @ http://localhost:5173/src/components/landing/LandingPage.jsx?t=1787453409852:122
[  161675ms] [LOG] [LandingPage] IntersectionObserver fired for agency [Object] @ http://localhost:5173/src/components/landing/LandingPage.jsx?t=1787453409852:119
[  161675ms] [LOG] [LandingPage] Loading section: agency @ http://localhost:5173/src/components/landing/LandingPage.jsx?t=1787453409852:122
[  161676ms] [LOG] [LandingPage] IntersectionObserver fired for gallery [Object] @ http://localhost:5173/src/components/landing/LandingPage.jsx?t=1787453409852:119
[  161676ms] [LOG] [LandingPage] Loading section: gallery @ http://localhost:5173/src/components/landing/LandingPage.jsx?t=1787453409852:122
[  161676ms] [LOG] [LandingPage] IntersectionObserver fired for repo-animation [Object] @ http://localhost:5173/src/components/landing/LandingPage.jsx?t=1787453409852:119
[  161676ms] [LOG] [LandingPage] Loading section: repo-animation @ http://localhost:5173/src/components/landing/LandingPage.jsx?t=1787453409852:122
[  161676ms] [LOG] [LandingPage] IntersectionObserver fired for value [Object] @ http://localhost:5173/src/components/landing/LandingPage.jsx?t=1787453409852:119
[  161676ms] [LOG] [LandingPage] Loading section: value @ http://localhost:5173/src/components/landing/LandingPage.jsx?t=1787453409852:122
[  161677ms] [LOG] [LandingPage] IntersectionObserver fired for problem [Object] @ http://localhost:5173/src/components/landing/LandingPage.jsx?t=1787453409852:119
[  161677ms] [LOG] [LandingPage] Loading section: problem @ http://localhost:5173/src/components/landing/LandingPage.jsx?t=1787453409852:122
[  161677ms] [LOG] [LandingPage] IntersectionObserver fired for repo-commercial [Object] @ http://localhost:5173/src/components/landing/LandingPage.jsx?t=1787453409852:119
[  161677ms] [LOG] [LandingPage] Loading section: repo-commercial @ http://localhost:5173/src/components/landing/LandingPage.jsx?t=1787453409852:122
[  161677ms] [LOG] [LandingPage] IntersectionObserver fired for features [Object] @ http://localhost:5173/src/components/landing/LandingPage.jsx?t=1787453409852:119
[  161677ms] [LOG] [LandingPage] Loading section: features @ http://localhost:5173/src/components/landing/LandingPage.jsx?t=1787453409852:122
[  161678ms] [LOG] [LandingPage] IntersectionObserver fired for made-with [Object] @ http://localhost:5173/src/components/landing/LandingPage.jsx?t=1787453409852:119
[  161678ms] [LOG] [LandingPage] Loading section: made-with @ http://localhost:5173/src/components/landing/LandingPage.jsx?t=1787453409852:122
[  161678ms] [LOG] [LandingPage] IntersectionObserver fired for workflow [Object] @ http://localhost:5173/src/components/landing/LandingPage.jsx?t=1787453409852:119
[  161678ms] [LOG] [LandingPage] Loading section: workflow @ http://localhost:5173/src/components/landing/LandingPage.jsx?t=1787453409852:122
[  161678ms] [LOG] [LandingPage] IntersectionObserver fired for repo-animated [Object] @ http://localhost:5173/src/components/landing/LandingPage.jsx?t=1787453409852:119
[  161678ms] [LOG] [LandingPage] Loading section: repo-animated @ http://localhost:5173/src/components/landing/LandingPage.jsx?t=1787453409852:122
[  161679ms] [LOG] [LandingPage] IntersectionObserver fired for repo-kinetic [Object] @ http://localhost:5173/src/components/landing/LandingPage.jsx?t=1787453409852:119
[  161679ms] [LOG] [LandingPage] Loading section: repo-kinetic @ http://localhost:5173/src/components/landing/LandingPage.jsx?t=1787453409852:122
[  161679ms] [LOG] [LandingPage] IntersectionObserver fired for repos [Object] @ http://localhost:5173/src/components/landing/LandingPage.jsx?t=1787453409852:119
[  161679ms] [LOG] [LandingPage] Loading section: repos @ http://localhost:5173/src/components/landing/LandingPage.jsx?t=1787453409852:122
[  161679ms] [LOG] [LandingPage] IntersectionObserver fired for apps [Object] @ http://localhost:5173/src/components/landing/LandingPage.jsx?t=1787453409852:119
[  161679ms] [LOG] [LandingPage] Loading section: apps @ http://localhost:5173/src/components/landing/LandingPage.jsx?t=1787453409852:122
[  161679ms] [LOG] [LandingPage] IntersectionObserver fired for repo-vfx [Object] @ http://localhost:5173/src/components/landing/LandingPage.jsx?t=1787453409852:119
[  161679ms] [LOG] [LandingPage] Loading section: repo-vfx @ http://localhost:5173/src/components/landing/LandingPage.jsx?t=1787453409852:122
[  161680ms] [LOG] [LandingPage] IntersectionObserver fired for gtm-boost [Object] @ http://localhost:5173/src/components/landing/LandingPage.jsx?t=1787453409852:119
[  161680ms] [LOG] [LandingPage] Loading section: gtm-boost @ http://localhost:5173/src/components/landing/LandingPage.jsx?t=1787453409852:122
[  161680ms] [LOG] [LandingPage] IntersectionObserver fired for repo-vertical [Object] @ http://localhost:5173/src/components/landing/LandingPage.jsx?t=1787453409852:119
[  161680ms] [LOG] [LandingPage] Loading section: repo-vertical @ http://localhost:5173/src/components/landing/LandingPage.jsx?t=1787453409852:122
[  161680ms] [LOG] [LandingPage] IntersectionObserver fired for ai-workflow [Object] @ http://localhost:5173/src/components/landing/LandingPage.jsx?t=1787453409852:119
[  161680ms] [LOG] [LandingPage] Loading section: ai-workflow @ http://localhost:5173/src/components/landing/LandingPage.jsx?t=1787453409852:122
[  161680ms] [LOG] [LandingPage] IntersectionObserver fired for scrolling [Object] @ http://localhost:5173/src/components/landing/LandingPage.jsx?t=1787453409852:119
[  161681ms] [LOG] [LandingPage] Loading section: scrolling @ http://localhost:5173/src/components/landing/LandingPage.jsx?t=1787453409852:122
[  161681ms] [LOG] [LandingPage] IntersectionObserver fired for repo-ecommerce [Object] @ http://localhost:5173/src/components/landing/LandingPage.jsx?t=1787453409852:119
[  161681ms] [LOG] [LandingPage] Loading section: repo-ecommerce @ http://localhost:5173/src/components/landing/LandingPage.jsx?t=1787453409852:122
[  161681ms] [LOG] [LandingPage] IntersectionObserver fired for cta [Object] @ http://localhost:5173/src/components/landing/LandingPage.jsx?t=1787453409852:119
[  161681ms] [LOG] [LandingPage] Loading section: cta @ http://localhost:5173/src/components/landing/LandingPage.jsx?t=1787453409852:122
[  161683ms] [LOG] [LandingPage] IntersectionObserver fired for repo-fashion [Object] @ http://localhost:5173/src/components/landing/LandingPage.jsx?t=1787453409852:119
[  161683ms] [LOG] [LandingPage] Loading section: repo-fashion @ http://localhost:5173/src/components/landing/LandingPage.jsx?t=1787453409852:122
[  161684ms] [LOG] [LandingPage] IntersectionObserver fired for hook [Object] @ http://localhost:5173/src/components/landing/LandingPage.jsx?t=1787453409852:119
[  161684ms] [LOG] [LandingPage] Loading section: hook @ http://localhost:5173/src/components/landing/LandingPage.jsx?t=1787453409852:122
[  161684ms] [LOG] [LandingPage] IntersectionObserver fired for repo-narrative [Object] @ http://localhost:5173/src/components/landing/LandingPage.jsx?t=1787453409852:119
[  161685ms] [LOG] [LandingPage] Loading section: repo-narrative @ http://localhost:5173/src/components/landing/LandingPage.jsx?t=1787453409852:122
[  161685ms] [LOG] [LandingPage] IntersectionObserver fired for comparison [Object] @ http://localhost:5173/src/components/landing/LandingPage.jsx?t=1787453409852:119
[  161685ms] [LOG] [LandingPage] Loading section: comparison @ http://localhost:5173/src/components/landing/LandingPage.jsx?t=1787453409852:122
[  161685ms] [LOG] [LandingPage] IntersectionObserver fired for ugc [Object] @ http://localhost:5173/src/components/landing/LandingPage.jsx?t=1787453409852:119
[  161686ms] [LOG] [LandingPage] Loading section: ugc @ http://localhost:5173/src/components/landing/LandingPage.jsx?t=1787453409852:122
[  162079ms] [LOG] [App] Starting initialization... @ http://localhost:5173/src/main.js?t=1787453409852:19
[  162087ms] [LOG] [popcorn-init] OK: jquery @ http://localhost:5173/src/lib/popcornInit.js?t=1787453409852:41
[  162088ms] [LOG] [popcorn-init] OK: jquery-textfill @ http://localhost:5173/src/lib/popcornInit.js?t=1787453409852:48
[  162089ms] [LOG] [popcorn-init] OK: popcorn-core @ http://localhost:5173/src/lib/popcornInit.js?t=1787453409852:48
[  162089ms] [LOG] [popcorn-init] OK: popcorn-ie8 @ http://localhost:5173/src/lib/popcornInit.js?t=1787453409852:48
[  162090ms] [LOG] [popcorn-init] OK: wrapper-common @ http://localhost:5173/src/lib/popcornInit.js?t=1787453409852:48
[  162090ms] [LOG] [popcorn-init] OK: wrapper-html5 @ http://localhost:5173/src/lib/popcornInit.js?t=1787453409852:48
[  162091ms] [LOG] [popcorn-init] OK: wrapper-vrview @ http://localhost:5173/src/lib/popcornInit.js?t=1787453409852:48
[  162091ms] [LOG] [popcorn-init] OK: wrapper-adaptive @ http://localhost:5173/src/lib/popcornInit.js?t=1787453409852:48
[  162091ms] [LOG] [popcorn-init] OK: wrapper-null @ http://localhost:5173/src/lib/popcornInit.js?t=1787453409852:48
[  162092ms] [LOG] [popcorn-init] OK: wrapper-soundcloud @ http://localhost:5173/src/lib/popcornInit.js?t=1787453409852:48
[  162092ms] [LOG] [popcorn-init] OK: wrapper-vimeo @ http://localhost:5173/src/lib/popcornInit.js?t=1787453409852:48
[  162092ms] [LOG] [popcorn-init] OK: wrapper-youtube @ http://localhost:5173/src/lib/popcornInit.js?t=1787453409852:48
[  162093ms] [LOG] [popcorn-init] OK: wrapper-jwplayer @ http://localhost:5173/src/lib/popcornInit.js?t=1787453409852:48
[  162093ms] [LOG] [popcorn-init] OK: player-module @ http://localhost:5173/src/lib/popcornInit.js?t=1787453409852:48
[  162128ms] [LOG] [LandingPage] Header.jsx loaded @ http://localhost:5173/src/components/landing/LandingPage.jsx?t=1787453409852:176
[  162294ms] [LOG] [LandingPage] CinematicVideoHero.jsx loaded @ http://localhost:5173/src/components/landing/LandingPage.jsx?t=1787453409852:189
[  162559ms] [LOG] [LandingPage] HeroSection.jsx loaded @ http://localhost:5173/src/components/landing/LandingPage.jsx?t=1787453409852:202
[  162561ms] [LOG] [LandingPage] Observer created for: scrolling placeholder id: section-scrolling @ http://localhost:5173/src/components/landing/LandingPage.jsx?t=1787453409852:160
[  162561ms] [LOG] [LandingPage] Observer created for: hook placeholder id: section-hook @ http://localhost:5173/src/components/landing/LandingPage.jsx?t=1787453409852:160
[  162562ms] [LOG] [LandingPage] Observer created for: engines placeholder id: section-engines @ http://localhost:5173/src/components/landing/LandingPage.jsx?t=1787453409852:160
[  162562ms] [LOG] [LandingPage] Observer created for: apps placeholder id: section-apps @ http://localhost:5173/src/components/landing/LandingPage.jsx?t=1787453409852:160
[  162562ms] [LOG] [LandingPage] Observer created for: features placeholder id: section-features @ http://localhost:5173/src/components/landing/LandingPage.jsx?t=1787453409852:160
[  162562ms] [LOG] [LandingPage] Observer created for: problem placeholder id: section-problem @ http://localhost:5173/src/components/landing/LandingPage.jsx?t=1787453409852:160
[  162562ms] [LOG] [LandingPage] Observer created for: workflow placeholder id: section-workflow @ http://localhost:5173/src/components/landing/LandingPage.jsx?t=1787453409852:160
[  162562ms] [LOG] [LandingPage] Observer created for: comparison placeholder id: section-comparison @ http://localhost:5173/src/components/landing/LandingPage.jsx?t=1787453409852:160
[  162562ms] [LOG] [LandingPage] Observer created for: value placeholder id: section-value @ http://localhost:5173/src/components/landing/LandingPage.jsx?t=1787453409852:160
[  162562ms] [LOG] [LandingPage] Observer created for: agency placeholder id: section-agency @ http://localhost:5173/src/components/landing/LandingPage.jsx?t=1787453409852:160
[  162562ms] [LOG] [LandingPage] Observer created for: offer placeholder id: section-offer @ http://localhost:5173/src/components/landing/LandingPage.jsx?t=1787453409852:160
[  162562ms] [LOG] [LandingPage] Observer created for: cta placeholder id: section-cta @ http://localhost:5173/src/components/landing/LandingPage.jsx?t=1787453409852:160
[  162562ms] [LOG] [LandingPage] Observer created for: ai-workflow placeholder id: section-ai-workflow @ http://localhost:5173/src/components/landing/LandingPage.jsx?t=1787453409852:160
[  162562ms] [LOG] [LandingPage] Observer created for: made-with placeholder id: section-made-with @ http://localhost:5173/src/components/landing/LandingPage.jsx?t=1787453409852:160
[  162562ms] [LOG] [LandingPage] Observer created for: ugc placeholder id: section-ugc @ http://localhost:5173/src/components/landing/LandingPage.jsx?t=1787453409852:160
[  162562ms] [LOG] [LandingPage] Observer created for: gallery placeholder id: section-gallery @ http://localhost:5173/src/components/landing/LandingPage.jsx?t=1787453409852:160
[  162562ms] [LOG] [LandingPage] Observer created for: academy placeholder id: section-academy @ http://localhost:5173/src/components/landing/LandingPage.jsx?t=1787453409852:160
[  162562ms] [LOG] [LandingPage] Observer created for: repo-cinema placeholder id: section-repo-cinema @ http://localhost:5173/src/components/landing/LandingPage.jsx?t=1787453409852:160
[  162562ms] [LOG] [LandingPage] Observer created for: repo-commercial placeholder id: section-repo-commercial @ http://localhost:5173/src/components/landing/LandingPage.jsx?t=1787453409852:160
[  162562ms] [LOG] [LandingPage] Observer created for: repo-social-ads placeholder id: section-repo-social-ads @ http://localhost:5173/src/components/landing/LandingPage.jsx?t=1787453409852:160
[  162562ms] [LOG] [LandingPage] Observer created for: repo-narrative placeholder id: section-repo-narrative @ http://localhost:5173/src/components/landing/LandingPage.jsx?t=1787453409852:160
[  162563ms] [LOG] [LandingPage] Observer created for: repo-vertical placeholder id: section-repo-vertical @ http://localhost:5173/src/components/landing/LandingPage.jsx?t=1787453409852:160
[  162563ms] [LOG] [LandingPage] Observer created for: repo-ecommerce placeholder id: section-repo-ecommerce @ http://localhost:5173/src/components/landing/LandingPage.jsx?t=1787453409852:160
[  162563ms] [LOG] [LandingPage] Observer created for: repo-kinetic placeholder id: section-repo-kinetic @ http://localhost:5173/src/components/landing/LandingPage.jsx?t=1787453409852:160
[  162563ms] [LOG] [LandingPage] Observer created for: repo-animated placeholder id: section-repo-animated @ http://localhost:5173/src/components/landing/LandingPage.jsx?t=1787453409852:160
[  162563ms] [LOG] [LandingPage] Observer created for: repo-animation placeholder id: section-repo-animation @ http://localhost:5173/src/components/landing/LandingPage.jsx?t=1787453409852:160
[  162563ms] [LOG] [LandingPage] Observer created for: repo-reference placeholder id: section-repo-reference @ http://localhost:5173/src/components/landing/LandingPage.jsx?t=1787453409852:160
[  162563ms] [LOG] [LandingPage] Observer created for: repo-vfx placeholder id: section-repo-vfx @ http://localhost:5173/src/components/landing/LandingPage.jsx?t=1787453409852:160
[  162563ms] [LOG] [LandingPage] Observer created for: repo-fashion placeholder id: section-repo-fashion @ http://localhost:5173/src/components/landing/LandingPage.jsx?t=1787453409852:160
[  162563ms] [LOG] [LandingPage] Observer created for: repos placeholder id: section-repos @ http://localhost:5173/src/components/landing/LandingPage.jsx?t=1787453409852:160
[  162563ms] [LOG] [LandingPage] Observer created for: gtm-boost placeholder id: section-gtm-boost @ http://localhost:5173/src/components/landing/LandingPage.jsx?t=1787453409852:160
[  162564ms] [LOG] [App] Landing page rendered @ http://localhost:5173/src/main.js?t=1787453409852:88
[  162587ms] [LOG] [LandingPage] IntersectionObserver fired for repo-fashion [Object] @ http://localhost:5173/src/components/landing/LandingPage.jsx?t=1787453409852:119
[  162587ms] [LOG] [LandingPage] Loading section: repo-fashion @ http://localhost:5173/src/components/landing/LandingPage.jsx?t=1787453409852:122
[  162587ms] [LOG] [LandingPage] IntersectionObserver fired for repo-vfx [Object] @ http://localhost:5173/src/components/landing/LandingPage.jsx?t=1787453409852:119
[  162588ms] [LOG] [LandingPage] Loading section: repo-vfx @ http://localhost:5173/src/components/landing/LandingPage.jsx?t=1787453409852:122
[  162588ms] [LOG] [LandingPage] IntersectionObserver fired for repo-narrative [Object] @ http://localhost:5173/src/components/landing/LandingPage.jsx?t=1787453409852:119
[  162588ms] [LOG] [LandingPage] Loading section: repo-narrative @ http://localhost:5173/src/components/landing/LandingPage.jsx?t=1787453409852:122
[  162588ms] [LOG] [LandingPage] IntersectionObserver fired for repo-commercial [Object] @ http://localhost:5173/src/components/landing/LandingPage.jsx?t=1787453409852:119
[  162588ms] [LOG] [LandingPage] Loading section: repo-commercial @ http://localhost:5173/src/components/landing/LandingPage.jsx?t=1787453409852:122
[  162588ms] [LOG] [LandingPage] IntersectionObserver fired for repo-vertical [Object] @ http://localhost:5173/src/components/landing/LandingPage.jsx?t=1787453409852:119
[  162588ms] [LOG] [LandingPage] Loading section: repo-vertical @ http://localhost:5173/src/components/landing/LandingPage.jsx?t=1787453409852:122
[  162588ms] [LOG] [LandingPage] IntersectionObserver fired for repo-reference [Object] @ http://localhost:5173/src/components/landing/LandingPage.jsx?t=1787453409852:119
[  162588ms] [LOG] [LandingPage] Loading section: repo-reference @ http://localhost:5173/src/components/landing/LandingPage.jsx?t=1787453409852:122
[  162588ms] [LOG] [LandingPage] IntersectionObserver fired for agency [Object] @ http://localhost:5173/src/components/landing/LandingPage.jsx?t=1787453409852:119
[  162589ms] [LOG] [LandingPage] Loading section: agency @ http://localhost:5173/src/components/landing/LandingPage.jsx?t=1787453409852:122
[  162589ms] [LOG] [LandingPage] IntersectionObserver fired for academy [Object] @ http://localhost:5173/src/components/landing/LandingPage.jsx?t=1787453409852:119
[  162589ms] [LOG] [LandingPage] Loading section: academy @ http://localhost:5173/src/components/landing/LandingPage.jsx?t=1787453409852:122
[  162589ms] [LOG] [LandingPage] IntersectionObserver fired for value [Object] @ http://localhost:5173/src/components/landing/LandingPage.jsx?t=1787453409852:119
[  162589ms] [LOG] [LandingPage] Loading section: value @ http://localhost:5173/src/components/landing/LandingPage.jsx?t=1787453409852:122
[  162590ms] [LOG] [LandingPage] IntersectionObserver fired for ai-workflow [Object] @ http://localhost:5173/src/components/landing/LandingPage.jsx?t=1787453409852:119
[  162590ms] [LOG] [LandingPage] Loading section: ai-workflow @ http://localhost:5173/src/components/landing/LandingPage.jsx?t=1787453409852:122
[  162590ms] [LOG] [LandingPage] IntersectionObserver fired for repo-ecommerce [Object] @ http://localhost:5173/src/components/landing/LandingPage.jsx?t=1787453409852:119
[  162590ms] [LOG] [LandingPage] Loading section: repo-ecommerce @ http://localhost:5173/src/components/landing/LandingPage.jsx?t=1787453409852:122
[  162590ms] [LOG] [LandingPage] IntersectionObserver fired for offer [Object] @ http://localhost:5173/src/components/landing/LandingPage.jsx?t=1787453409852:119
[  162590ms] [LOG] [LandingPage] Loading section: offer @ http://localhost:5173/src/components/landing/LandingPage.jsx?t=1787453409852:122
[  162591ms] [LOG] [LandingPage] IntersectionObserver fired for made-with [Object] @ http://localhost:5173/src/components/landing/LandingPage.jsx?t=1787453409852:119
[  162591ms] [LOG] [LandingPage] Loading section: made-with @ http://localhost:5173/src/components/landing/LandingPage.jsx?t=1787453409852:122
[  162591ms] [LOG] [LandingPage] IntersectionObserver fired for hook [Object] @ http://localhost:5173/src/components/landing/LandingPage.jsx?t=1787453409852:119
[  162591ms] [LOG] [LandingPage] Loading section: hook @ http://localhost:5173/src/components/landing/LandingPage.jsx?t=1787453409852:122
[  162591ms] [LOG] [LandingPage] IntersectionObserver fired for repos [Object] @ http://localhost:5173/src/components/landing/LandingPage.jsx?t=1787453409852:119
[  162592ms] [LOG] [LandingPage] Loading section: repos @ http://localhost:5173/src/components/landing/LandingPage.jsx?t=1787453409852:122
[  162592ms] [LOG] [LandingPage] IntersectionObserver fired for gtm-boost [Object] @ http://localhost:5173/src/components/landing/LandingPage.jsx?t=1787453409852:119
[  162592ms] [LOG] [LandingPage] Loading section: gtm-boost @ http://localhost:5173/src/components/landing/LandingPage.jsx?t=1787453409852:122
[  162593ms] [LOG] [LandingPage] IntersectionObserver fired for ugc [Object] @ http://localhost:5173/src/components/landing/LandingPage.jsx?t=1787453409852:119
[  162593ms] [LOG] [LandingPage] Loading section: ugc @ http://localhost:5173/src/components/landing/LandingPage.jsx?t=1787453409852:122
[  162593ms] [LOG] [LandingPage] IntersectionObserver fired for repo-social-ads [Object] @ http://localhost:5173/src/components/landing/LandingPage.jsx?t=1787453409852:119
[  162594ms] [LOG] [LandingPage] Loading section: repo-social-ads @ http://localhost:5173/src/components/landing/LandingPage.jsx?t=1787453409852:122
[  162594ms] [LOG] [LandingPage] IntersectionObserver fired for features [Object] @ http://localhost:5173/src/components/landing/LandingPage.jsx?t=1787453409852:119
[  162594ms] [LOG] [LandingPage] Loading section: features @ http://localhost:5173/src/components/landing/LandingPage.jsx?t=1787453409852:122
[  162594ms] [LOG] [LandingPage] IntersectionObserver fired for repo-kinetic [Object] @ http://localhost:5173/src/components/landing/LandingPage.jsx?t=1787453409852:119
[  162594ms] [LOG] [LandingPage] Loading section: repo-kinetic @ http://localhost:5173/src/components/landing/LandingPage.jsx?t=1787453409852:122
[  162594ms] [LOG] [LandingPage] IntersectionObserver fired for gallery [Object] @ http://localhost:5173/src/components/landing/LandingPage.jsx?t=1787453409852:119
[  162594ms] [LOG] [LandingPage] Loading section: gallery @ http://localhost:5173/src/components/landing/LandingPage.jsx?t=1787453409852:122
[  162595ms] [LOG] [LandingPage] IntersectionObserver fired for repo-animated [Object] @ http://localhost:5173/src/components/landing/LandingPage.jsx?t=1787453409852:119
[  162595ms] [LOG] [LandingPage] Loading section: repo-animated @ http://localhost:5173/src/components/landing/LandingPage.jsx?t=1787453409852:122
[  162595ms] [LOG] [LandingPage] IntersectionObserver fired for engines [Object] @ http://localhost:5173/src/components/landing/LandingPage.jsx?t=1787453409852:119
[  162595ms] [LOG] [LandingPage] Loading section: engines @ http://localhost:5173/src/components/landing/LandingPage.jsx?t=1787453409852:122
[  162595ms] [LOG] [LandingPage] IntersectionObserver fired for repo-cinema [Object] @ http://localhost:5173/src/components/landing/LandingPage.jsx?t=1787453409852:119
[  162596ms] [LOG] [LandingPage] Loading section: repo-cinema @ http://localhost:5173/src/components/landing/LandingPage.jsx?t=1787453409852:122
[  162596ms] [LOG] [LandingPage] IntersectionObserver fired for apps [Object] @ http://localhost:5173/src/components/landing/LandingPage.jsx?t=1787453409852:119
[  162596ms] [LOG] [LandingPage] Loading section: apps @ http://localhost:5173/src/components/landing/LandingPage.jsx?t=1787453409852:122
[  162596ms] [LOG] [LandingPage] IntersectionObserver fired for workflow [Object] @ http://localhost:5173/src/components/landing/LandingPage.jsx?t=1787453409852:119
[  162596ms] [LOG] [LandingPage] Loading section: workflow @ http://localhost:5173/src/components/landing/LandingPage.jsx?t=1787453409852:122
[  162596ms] [LOG] [LandingPage] IntersectionObserver fired for cta [Object] @ http://localhost:5173/src/components/landing/LandingPage.jsx?t=1787453409852:119
[  162596ms] [LOG] [LandingPage] Loading section: cta @ http://localhost:5173/src/components/landing/LandingPage.jsx?t=1787453409852:122
[  162597ms] [LOG] [LandingPage] IntersectionObserver fired for problem [Object] @ http://localhost:5173/src/components/landing/LandingPage.jsx?t=1787453409852:119
[  162597ms] [LOG] [LandingPage] Loading section: problem @ http://localhost:5173/src/components/landing/LandingPage.jsx?t=1787453409852:122
[  162601ms] [LOG] [LandingPage] IntersectionObserver fired for comparison [Object] @ http://localhost:5173/src/components/landing/LandingPage.jsx?t=1787453409852:119
[  162602ms] [LOG] [LandingPage] Loading section: comparison @ http://localhost:5173/src/components/landing/LandingPage.jsx?t=1787453409852:122
[  162602ms] [LOG] [LandingPage] IntersectionObserver fired for repo-animation [Object] @ http://localhost:5173/src/components/landing/LandingPage.jsx?t=1787453409852:119
[  162604ms] [LOG] [LandingPage] Loading section: repo-animation @ http://localhost:5173/src/components/landing/LandingPage.jsx?t=1787453409852:122
[  162604ms] [LOG] [LandingPage] IntersectionObserver fired for scrolling [Object] @ http://localhost:5173/src/components/landing/LandingPage.jsx?t=1787453409852:119
[  162605ms] [LOG] [LandingPage] Loading section: scrolling @ http://localhost:5173/src/components/landing/LandingPage.jsx?t=1787453409852:122
[  162962ms] [LOG] [LandingPage] Section loaded: value @ http://localhost:5173/src/components/landing/LandingPage.jsx?t=1787453409852:141
[  162964ms] [LOG] [LandingPage] Section loaded: offer @ http://localhost:5173/src/components/landing/LandingPage.jsx?t=1787453409852:141
[  162966ms] [LOG] [LandingPage] Section loaded: hook @ http://localhost:5173/src/components/landing/LandingPage.jsx?t=1787453409852:141
[  163060ms] [LOG] [LandingPage] Section loaded: features @ http://localhost:5173/src/components/landing/LandingPage.jsx?t=1787453409852:141
[  163061ms] [LOG] [LandingPage] Section loaded: engines @ http://localhost:5173/src/components/landing/LandingPage.jsx?t=1787453409852:141
[  163062ms] [LOG] [LandingPage] Section loaded: workflow @ http://localhost:5173/src/components/landing/LandingPage.jsx?t=1787453409852:141
[  163062ms] [LOG] [LandingPage] Section loaded: cta @ http://localhost:5173/src/components/landing/LandingPage.jsx?t=1787453409852:141
[  163062ms] [LOG] [LandingPage] Section loaded: problem @ http://localhost:5173/src/components/landing/LandingPage.jsx?t=1787453409852:141
[  163063ms] [LOG] [LandingPage] Section loaded: comparison @ http://localhost:5173/src/components/landing/LandingPage.jsx?t=1787453409852:141
[  163072ms] [LOG] [LandingPage] Section loaded: scrolling @ http://localhost:5173/src/components/landing/LandingPage.jsx?t=1787453409852:141
[  163073ms] [LOG] [LandingPage] Section loaded: agency @ http://localhost:5173/src/components/landing/LandingPage.jsx?t=1787453409852:141
[  163214ms] [LOG] [LandingPage] Section loaded: repos @ http://localhost:5173/src/components/landing/LandingPage.jsx?t=1787453409852:141
[  163224ms] [LOG] [LandingPage] Section loaded: ai-workflow @ http://localhost:5173/src/components/landing/LandingPage.jsx?t=1787453409852:141
[  163230ms] [LOG] [LandingPage] Section loaded: repo-fashion @ http://localhost:5173/src/components/landing/LandingPage.jsx?t=1787453409852:141
[  163246ms] [LOG] [LandingPage] Section loaded: repo-animation @ http://localhost:5173/src/components/landing/LandingPage.jsx?t=1787453409852:141
[  163272ms] [LOG] [LandingPage] Section loaded: repo-ecommerce @ http://localhost:5173/src/components/landing/LandingPage.jsx?t=1787453409852:141
[  163286ms] [LOG] [LandingPage] Section loaded: repo-cinema @ http://localhost:5173/src/components/landing/LandingPage.jsx?t=1787453409852:141
[  163294ms] [LOG] [LandingPage] Section loaded: gallery @ http://localhost:5173/src/components/landing/LandingPage.jsx?t=1787453409852:141
[  163302ms] [LOG] [LandingPage] Section loaded: repo-narrative @ http://localhost:5173/src/components/landing/LandingPage.jsx?t=1787453409852:141
[  163306ms] [LOG] [LandingPage] Section loaded: gtm-boost @ http://localhost:5173/src/components/landing/LandingPage.jsx?t=1787453409852:141
[  163313ms] [LOG] [LandingPage] Section loaded: repo-vfx @ http://localhost:5173/src/components/landing/LandingPage.jsx?t=1787453409852:141
[  163387ms] [LOG] [LandingPage] Section loaded: repo-vertical @ http://localhost:5173/src/components/landing/LandingPage.jsx?t=1787453409852:141
[  163394ms] [LOG] [LandingPage] Section loaded: repo-commercial @ http://localhost:5173/src/components/landing/LandingPage.jsx?t=1787453409852:141
[  163402ms] [LOG] [LandingPage] Section loaded: repo-social-ads @ http://localhost:5173/src/components/landing/LandingPage.jsx?t=1787453409852:141
[  163405ms] [LOG] [LandingPage] Section loaded: repo-reference @ http://localhost:5173/src/components/landing/LandingPage.jsx?t=1787453409852:141
[  163411ms] [LOG] [LandingPage] Section loaded: repo-animated @ http://localhost:5173/src/components/landing/LandingPage.jsx?t=1787453409852:141
[  163421ms] [LOG] [LandingPage] Section loaded: repo-kinetic @ http://localhost:5173/src/components/landing/LandingPage.jsx?t=1787453409852:141
[  163424ms] [LOG] [LandingPage] Section loaded: ugc @ http://localhost:5173/src/components/landing/LandingPage.jsx?t=1787453409852:141
[  163442ms] [LOG] [LandingPage] Section loaded: academy @ http://localhost:5173/src/components/landing/LandingPage.jsx?t=1787453409852:141
[  163453ms] [LOG] [LandingPage] Section loaded: apps @ http://localhost:5173/src/components/landing/LandingPage.jsx?t=1787453409852:141
[  163466ms] [LOG] [LandingPage] Section loaded: made-with @ http://localhost:5173/src/components/landing/LandingPage.jsx?t=1787453409852:141
[  163681ms] [ERROR] [popcorn-init] FAILED at: plugin-image TypeError: Class constructor SortableElement cannot be invoked without 'new'
    at http://localhost:5173/components/modals/RetargetOptInModal.jsx?t=1787453409852:26:22 @ http://localhost:5173/src/lib/popcornInit.js?t=1787453409852:55
[  163684ms] [INFO] %cDownload the React DevTools for a better development experience: https://react.dev/link/react-devtools font-weight:bold @ http://localhost:5173/node_modules/.vite/deps/chunk-EEAUBQDT.js?v=93c1ec86:20096
[  163684ms] [ERROR] [ModalSystem] mount failed TypeError: Class constructor SortableElement cannot be invoked without 'new'
    at http://localhost:5173/components/modals/RetargetOptInModal.jsx?t=1787453409852:26:22 @ http://localhost:5173/src/main.js?t=1787453409852:329
[  163709ms] [ERROR] [popcorn-init] FAILED at: plugin-jsonTransition TypeError: Class constructor SortableElement cannot be invoked without 'new'
    at http://localhost:5173/components/modals/RetargetOptInModal.jsx?t=1787453409852:26:22 @ http://localhost:5173/src/lib/popcornInit.js?t=1787453409852:55
[  163739ms] [ERROR] [popcorn-init] FAILED at: plugin-lottie-json TypeError: Class constructor SortableElement cannot be invoked without 'new'
    at http://localhost:5173/components/modals/RetargetOptInModal.jsx?t=1787453409852:26:22 @ http://localhost:5173/src/lib/popcornInit.js?t=1787453409852:55
[  163746ms] [LOG] [popcorn-init] OK: plugin-json-button @ http://localhost:5173/src/lib/popcornInit.js?t=1787453409852:48
[  163755ms] [ERROR] [popcorn-init] FAILED at: plugin-personalizedImage TypeError: Class constructor SortableElement cannot be invoked without 'new'
    at http://localhost:5173/components/modals/RetargetOptInModal.jsx?t=1787453409852:26:22 @ http://localhost:5173/src/lib/popcornInit.js?t=1787453409852:55
[  163760ms] [ERROR] [popcorn-init] FAILED at: plugin-loopPlugin TypeError: Class constructor SortableElement cannot be invoked without 'new'
    at http://localhost:5173/components/modals/RetargetOptInModal.jsx?t=1787453409852:26:22 @ http://localhost:5173/src/lib/popcornInit.js?t=1787453409852:55
[  163764ms] [ERROR] [popcorn-init] FAILED at: plugin-pausePlugin TypeError: Class constructor SortableElement cannot be invoked without 'new'
    at http://localhost:5173/components/modals/RetargetOptInModal.jsx?t=1787453409852:26:22 @ http://localhost:5173/src/lib/popcornInit.js?t=1787453409852:55
[  163779ms] [ERROR] [popcorn-init] FAILED at: plugin-form TypeError: Class constructor SortableElement cannot be invoked without 'new'
    at http://localhost:5173/components/modals/RetargetOptInModal.jsx?t=1787453409852:26:22 @ http://localhost:5173/src/lib/popcornInit.js?t=1787453409852:55
[  163800ms] [ERROR] [popcorn-init] FAILED at: plugin-retarget TypeError: Class constructor SortableElement cannot be invoked without 'new'
    at http://localhost:5173/components/modals/RetargetOptInModal.jsx?t=1787453409852:26:22 @ http://localhost:5173/src/lib/popcornInit.js?t=1787453409852:55
[  163814ms] [LOG] [popcorn-init] OK: plugin-popup @ http://localhost:5173/src/lib/popcornInit.js?t=1787453409852:48
[  164044ms] [LOG] [App] Starting initialization... @ http://localhost:5173/src/main.js?t=1787453409852:19
[  164055ms] [LOG] [popcorn-init] OK: jquery @ http://localhost:5173/src/lib/popcornInit.js?t=1787453409852:41
[  164056ms] [LOG] [popcorn-init] OK: jquery-textfill @ http://localhost:5173/src/lib/popcornInit.js?t=1787453409852:48
[  164059ms] [LOG] [popcorn-init] OK: popcorn-core @ http://localhost:5173/src/lib/popcornInit.js?t=1787453409852:48
[  164069ms] [LOG] [popcorn-init] OK: popcorn-ie8 @ http://localhost:5173/src/lib/popcornInit.js?t=1787453409852:48
[  164088ms] [LOG] [popcorn-init] OK: wrapper-common @ http://localhost:5173/src/lib/popcornInit.js?t=1787453409852:48
[  164094ms] [LOG] [popcorn-init] OK: wrapper-html5 @ http://localhost:5173/src/lib/popcornInit.js?t=1787453409852:48
[  164107ms] [LOG] [popcorn-init] OK: wrapper-vrview @ http://localhost:5173/src/lib/popcornInit.js?t=1787453409852:48
[  164115ms] [LOG] [popcorn-init] OK: wrapper-adaptive @ http://localhost:5173/src/lib/popcornInit.js?t=1787453409852:48
[  164158ms] [LOG] [popcorn-init] OK: wrapper-null @ http://localhost:5173/src/lib/popcornInit.js?t=1787453409852:48
[  164172ms] [LOG] [popcorn-init] OK: wrapper-soundcloud @ http://localhost:5173/src/lib/popcornInit.js?t=1787453409852:48
[  164207ms] [LOG] [popcorn-init] OK: wrapper-vimeo @ http://localhost:5173/src/lib/popcornInit.js?t=1787453409852:48
[  164248ms] [LOG] [popcorn-init] OK: wrapper-youtube @ http://localhost:5173/src/lib/popcornInit.js?t=1787453409852:48
[  164307ms] [LOG] [popcorn-init] OK: wrapper-jwplayer @ http://localhost:5173/src/lib/popcornInit.js?t=1787453409852:48
[  164322ms] [INFO] %cDownload the React DevTools for a better development experience: https://react.dev/link/react-devtools font-weight:bold @ http://localhost:5173/node_modules/.vite/deps/chunk-EEAUBQDT.js?v=93c1ec86:20096
[  164326ms] [LOG] [App] Clerk page rendered: signin @ http://localhost:5173/src/main.js?t=1787453409852:109
[  164427ms] [LOG] [popcorn-init] OK: player-module @ http://localhost:5173/src/lib/popcornInit.js?t=1787453409852:48
[  165875ms] [ERROR] [ModalSystem] mount failed TypeError: Class constructor SortableElement cannot be invoked without 'new'
    at http://localhost:5173/components/modals/RetargetOptInModal.jsx?t=1787453409852:26:22 @ http://localhost:5173/src/main.js?t=1787453409852:329
[  165877ms] [ERROR] [popcorn-init] FAILED at: plugin-image TypeError: Class constructor SortableElement cannot be invoked without 'new'
    at http://localhost:5173/components/modals/RetargetOptInModal.jsx?t=1787453409852:26:22 @ http://localhost:5173/src/lib/popcornInit.js?t=1787453409852:55
[  165915ms] [ERROR] [popcorn-init] FAILED at: plugin-jsonTransition TypeError: Class constructor SortableElement cannot be invoked without 'new'
    at http://localhost:5173/components/modals/RetargetOptInModal.jsx?t=1787453409852:26:22 @ http://localhost:5173/src/lib/popcornInit.js?t=1787453409852:55
[  165925ms] [ERROR] [popcorn-init] FAILED at: plugin-lottie-json TypeError: Class constructor SortableElement cannot be invoked without 'new'
    at http://localhost:5173/components/modals/RetargetOptInModal.jsx?t=1787453409852:26:22 @ http://localhost:5173/src/lib/popcornInit.js?t=1787453409852:55
[  165933ms] [LOG] [popcorn-init] OK: plugin-json-button @ http://localhost:5173/src/lib/popcornInit.js?t=1787453409852:48
[  165935ms] [WARNING] Clerk: Clerk has been loaded with development keys. Development instances have strict usage limits and should not be used when deploying your application to production. Learn more: https://clerk.com/docs/deployments/overview @ https://clerk.smartvid.app/npm/@clerk/clerk-js@6/dist/clerk.browser.js:11
[  165942ms] [ERROR] [popcorn-init] FAILED at: plugin-personalizedImage TypeError: Class constructor SortableElement cannot be invoked without 'new'
    at http://localhost:5173/components/modals/RetargetOptInModal.jsx?t=1787453409852:26:22 @ http://localhost:5173/src/lib/popcornInit.js?t=1787453409852:55
[  165951ms] [ERROR] [popcorn-init] FAILED at: plugin-loopPlugin TypeError: Class constructor SortableElement cannot be invoked without 'new'
    at http://localhost:5173/components/modals/RetargetOptInModal.jsx?t=1787453409852:26:22 @ http://localhost:5173/src/lib/popcornInit.js?t=1787453409852:55
[  165956ms] [ERROR] [popcorn-init] FAILED at: plugin-pausePlugin TypeError: Class constructor SortableElement cannot be invoked without 'new'
    at http://localhost:5173/components/modals/RetargetOptInModal.jsx?t=1787453409852:26:22 @ http://localhost:5173/src/lib/popcornInit.js?t=1787453409852:55
[  165968ms] [ERROR] [popcorn-init] FAILED at: plugin-form TypeError: Class constructor SortableElement cannot be invoked without 'new'
    at http://localhost:5173/components/modals/RetargetOptInModal.jsx?t=1787453409852:26:22 @ http://localhost:5173/src/lib/popcornInit.js?t=1787453409852:55
[  165980ms] [ERROR] [popcorn-init] FAILED at: plugin-retarget TypeError: Class constructor SortableElement cannot be invoked without 'new'
    at http://localhost:5173/components/modals/RetargetOptInModal.jsx?t=1787453409852:26:22 @ http://localhost:5173/src/lib/popcornInit.js?t=1787453409852:55
[  165986ms] [LOG] [popcorn-init] OK: plugin-popup @ http://localhost:5173/src/lib/popcornInit.js?t=1787453409852:48
[  165992ms] [ERROR] [popcorn-init] FAILED at: plugin-sequencer TypeError: Class constructor SortableElement cannot be invoked without 'new'
    at http://localhost:5173/components/modals/RetargetOptInModal.jsx?t=1787453409852:26:22 @ http://localhost:5173/src/lib/popcornInit.js?t=1787453409852:55
[  165998ms] [ERROR] [popcorn-init] FAILED at: plugin-skip TypeError: Class constructor SortableElement cannot be invoked without 'new'
    at http://localhost:5173/components/modals/RetargetOptInModal.jsx?t=1787453409852:26:22 @ http://localhost:5173/src/lib/popcornInit.js?t=1787453409852:55
[  166020ms] [ERROR] Failed to load resource: the server responded with a status of 400 () @ https://clerk.smartvid.app/v1/environment?__clerk_api_version=2026-05-12&_clerk_js_version=6.29.2&_method=PATCH:0
[  166033ms] [ERROR] [popcorn-init] FAILED at: plugin-text TypeError: Class constructor SortableElement cannot be invoked without 'new'
    at http://localhost:5173/components/modals/RetargetOptInModal.jsx?t=1787453409852:26:22 @ http://localhost:5173/src/lib/popcornInit.js?t=1787453409852:55
[  166074ms] [LOG] [popcorn-init] OK: plugin-social @ http://localhost:5173/src/lib/popcornInit.js?t=1787453409852:48
[  166081ms] [ERROR] [popcorn-init] FAILED at: plugin-jsonAnimation TypeError: Class constructor SortableElement cannot be invoked without 'new'
    at http://localhost:5173/components/modals/RetargetOptInModal.jsx?t=1787453409852:26:22 @ http://localhost:5173/src/lib/popcornInit.js?t=1787453409852:55
[  166103ms] [LOG] [popcorn-init] OK: plugin-videoTransition @ http://localhost:5173/src/lib/popcornInit.js?t=1787453409852:48
[  166109ms] [ERROR] [popcorn-init] FAILED at: plugin-seethroughtext TypeError: Class constructor SortableElement cannot be invoked without 'new'
    at http://localhost:5173/components/modals/RetargetOptInModal.jsx?t=1787453409852:26:22 @ http://localhost:5173/src/lib/popcornInit.js?t=1787453409852:55
[  166114ms] [LOG] [popcorn-init] OK: plugin-wikipedia @ http://localhost:5173/src/lib/popcornInit.js?t=1787453409852:48
[  166125ms] [ERROR] [popcorn-init] FAILED at: plugin-combined TypeError: Class constructor SortableElement cannot be invoked without 'new'
    at http://localhost:5173/components/modals/RetargetOptInModal.jsx?t=1787453409852:26:22 @ http://localhost:5173/src/lib/popcornInit.js?t=1787453409852:55
[  166142ms] [ERROR] [popcorn-init] FAILED at: plugin-background TypeError: Class constructor SortableElement cannot be invoked without 'new'
    at http://localhost:5173/components/modals/RetargetOptInModal.jsx?t=1787453409852:26:22 @ http://localhost:5173/src/lib/popcornInit.js?t=1787453409852:55
[  166143ms] [LOG] [popcorn-init] SUMMARY: 5/20 plugins registered; FAILED: plugin-image, plugin-jsonTransition, plugin-lottie-json, plugin-personalizedImage, plugin-loopPlugin, plugin-pausePlugin, plugin-form, plugin-retarget, plugin-sequencer, plugin-skip, plugin-text, plugin-jsonAnimation, plugin-seethroughtext, plugin-combined, plugin-background @ http://localhost:5173/src/lib/popcornInit.js?t=1787453409852:60
[  166143ms] [LOG] [popcorn] function 5 @ http://localhost:5173/src/main.js?t=1787453409852:4
[  166496ms] [LOG] [App] Starting initialization... @ http://localhost:5173/src/main.js?t=1787453409852:19
[  166507ms] [LOG] [popcorn-init] OK: jquery @ http://localhost:5173/src/lib/popcornInit.js?t=1787453409852:41
[  166508ms] [LOG] [popcorn-init] OK: jquery-textfill @ http://localhost:5173/src/lib/popcornInit.js?t=1787453409852:48
[  166509ms] [LOG] [popcorn-init] OK: popcorn-core @ http://localhost:5173/src/lib/popcornInit.js?t=1787453409852:48
[  166510ms] [LOG] [popcorn-init] OK: popcorn-ie8 @ http://localhost:5173/src/lib/popcornInit.js?t=1787453409852:48
[  166511ms] [LOG] [popcorn-init] OK: wrapper-common @ http://localhost:5173/src/lib/popcornInit.js?t=1787453409852:48
[  166512ms] [LOG] [popcorn-init] OK: wrapper-html5 @ http://localhost:5173/src/lib/popcornInit.js?t=1787453409852:48
[  166512ms] [LOG] [popcorn-init] OK: wrapper-vrview @ http://localhost:5173/src/lib/popcornInit.js?t=1787453409852:48
[  166512ms] [LOG] [popcorn-init] OK: wrapper-adaptive @ http://localhost:5173/src/lib/popcornInit.js?t=1787453409852:48
[  166513ms] [LOG] [popcorn-init] OK: wrapper-null @ http://localhost:5173/src/lib/popcornInit.js?t=1787453409852:48
[  166513ms] [LOG] [popcorn-init] OK: wrapper-soundcloud @ http://localhost:5173/src/lib/popcornInit.js?t=1787453409852:48
[  166513ms] [LOG] [popcorn-init] OK: wrapper-vimeo @ http://localhost:5173/src/lib/popcornInit.js?t=1787453409852:48
[  166514ms] [LOG] [popcorn-init] OK: wrapper-youtube @ http://localhost:5173/src/lib/popcornInit.js?t=1787453409852:48
[  166514ms] [LOG] [popcorn-init] OK: wrapper-jwplayer @ http://localhost:5173/src/lib/popcornInit.js?t=1787453409852:48
[  166514ms] [LOG] [popcorn-init] OK: player-module @ http://localhost:5173/src/lib/popcornInit.js?t=1787453409852:48
[  166524ms] [LOG] [LandingPage] Header.jsx loaded @ http://localhost:5173/src/components/landing/LandingPage.jsx?t=1787453409852:176
[  166559ms] [LOG] [LandingPage] CinematicVideoHero.jsx loaded @ http://localhost:5173/src/components/landing/LandingPage.jsx?t=1787453409852:189
[  167135ms] [LOG] [App] Starting initialization... @ http://localhost:5173/src/main.js?t=1787453409852:19
[  167142ms] [LOG] [popcorn-init] OK: jquery @ http://localhost:5173/src/lib/popcornInit.js?t=1787453409852:41
[  167144ms] [LOG] [popcorn-init] OK: jquery-textfill @ http://localhost:5173/src/lib/popcornInit.js?t=1787453409852:48
[  167145ms] [LOG] [popcorn-init] OK: popcorn-core @ http://localhost:5173/src/lib/popcornInit.js?t=1787453409852:48
[  167146ms] [LOG] [popcorn-init] OK: popcorn-ie8 @ http://localhost:5173/src/lib/popcornInit.js?t=1787453409852:48
[  167148ms] [LOG] [popcorn-init] OK: wrapper-common @ http://localhost:5173/src/lib/popcornInit.js?t=1787453409852:48
[  167149ms] [LOG] [popcorn-init] OK: wrapper-html5 @ http://localhost:5173/src/lib/popcornInit.js?t=1787453409852:48
[  167150ms] [LOG] [popcorn-init] OK: wrapper-vrview @ http://localhost:5173/src/lib/popcornInit.js?t=1787453409852:48
[  167151ms] [LOG] [popcorn-init] OK: wrapper-adaptive @ http://localhost:5173/src/lib/popcornInit.js?t=1787453409852:48
[  167151ms] [LOG] [popcorn-init] OK: wrapper-null @ http://localhost:5173/src/lib/popcornInit.js?t=1787453409852:48
[  167151ms] [LOG] [popcorn-init] OK: wrapper-soundcloud @ http://localhost:5173/src/lib/popcornInit.js?t=1787453409852:48
[  167152ms] [LOG] [popcorn-init] OK: wrapper-vimeo @ http://localhost:5173/src/lib/popcornInit.js?t=1787453409852:48
[  167152ms] [LOG] [popcorn-init] OK: wrapper-youtube @ http://localhost:5173/src/lib/popcornInit.js?t=1787453409852:48
[  167153ms] [LOG] [popcorn-init] OK: wrapper-jwplayer @ http://localhost:5173/src/lib/popcornInit.js?t=1787453409852:48
[  167153ms] [LOG] [popcorn-init] OK: player-module @ http://localhost:5173/src/lib/popcornInit.js?t=1787453409852:48
[  167159ms] [LOG] [LandingPage] Header.jsx loaded @ http://localhost:5173/src/components/landing/LandingPage.jsx?t=1787453409852:176
[  170618ms] [LOG] [App] Starting initialization... @ http://localhost:5173/src/main.js?t=1787453435645:19
[  170626ms] [LOG] [popcorn-init] OK: jquery @ http://localhost:5173/src/lib/popcornInit.js?t=1787453435645:41
[  170627ms] [LOG] [popcorn-init] OK: jquery-textfill @ http://localhost:5173/src/lib/popcornInit.js?t=1787453435645:48
[  170630ms] [LOG] [popcorn-init] OK: popcorn-core @ http://localhost:5173/src/lib/popcornInit.js?t=1787453435645:48
[  170636ms] [LOG] [popcorn-init] OK: popcorn-ie8 @ http://localhost:5173/src/lib/popcornInit.js?t=1787453435645:48
[  170636ms] [LOG] [popcorn-init] OK: wrapper-common @ http://localhost:5173/src/lib/popcornInit.js?t=1787453435645:48
[  170637ms] [LOG] [popcorn-init] OK: wrapper-html5 @ http://localhost:5173/src/lib/popcornInit.js?t=1787453435645:48
[  170638ms] [LOG] [popcorn-init] OK: wrapper-vrview @ http://localhost:5173/src/lib/popcornInit.js?t=1787453435645:48
[  170638ms] [LOG] [popcorn-init] OK: wrapper-adaptive @ http://localhost:5173/src/lib/popcornInit.js?t=1787453435645:48
[  170639ms] [LOG] [popcorn-init] OK: wrapper-null @ http://localhost:5173/src/lib/popcornInit.js?t=1787453435645:48
[  170640ms] [LOG] [popcorn-init] OK: wrapper-soundcloud @ http://localhost:5173/src/lib/popcornInit.js?t=1787453435645:48
[  170640ms] [LOG] [popcorn-init] OK: wrapper-vimeo @ http://localhost:5173/src/lib/popcornInit.js?t=1787453435645:48
[  170641ms] [LOG] [popcorn-init] OK: wrapper-youtube @ http://localhost:5173/src/lib/popcornInit.js?t=1787453435645:48
[  170642ms] [LOG] [popcorn-init] OK: wrapper-jwplayer @ http://localhost:5173/src/lib/popcornInit.js?t=1787453435645:48
[  170646ms] [LOG] [popcorn-init] OK: player-module @ http://localhost:5173/src/lib/popcornInit.js?t=1787453435645:48
[  170759ms] [LOG] [LandingPage] Header.jsx loaded @ http://localhost:5173/src/components/landing/LandingPage.jsx?t=1787453435645:176
[  171226ms] [LOG] [LandingPage] CinematicVideoHero.jsx loaded @ http://localhost:5173/src/components/landing/LandingPage.jsx?t=1787453435645:189
[  172703ms] [LOG] [LandingPage] HeroSection.jsx loaded @ http://localhost:5173/src/components/landing/LandingPage.jsx?t=1787453435645:202
[  172705ms] [LOG] [LandingPage] Observer created for: scrolling placeholder id: section-scrolling @ http://localhost:5173/src/components/landing/LandingPage.jsx?t=1787453435645:160
[  172705ms] [LOG] [LandingPage] Observer created for: hook placeholder id: section-hook @ http://localhost:5173/src/components/landing/LandingPage.jsx?t=1787453435645:160
[  172705ms] [LOG] [LandingPage] Observer created for: engines placeholder id: section-engines @ http://localhost:5173/src/components/landing/LandingPage.jsx?t=1787453435645:160
[  172705ms] [LOG] [LandingPage] Observer created for: apps placeholder id: section-apps @ http://localhost:5173/src/components/landing/LandingPage.jsx?t=1787453435645:160
[  172705ms] [LOG] [LandingPage] Observer created for: features placeholder id: section-features @ http://localhost:5173/src/components/landing/LandingPage.jsx?t=1787453435645:160
[  172705ms] [LOG] [LandingPage] Observer created for: problem placeholder id: section-problem @ http://localhost:5173/src/components/landing/LandingPage.jsx?t=1787453435645:160
[  172705ms] [LOG] [LandingPage] Observer created for: workflow placeholder id: section-workflow @ http://localhost:5173/src/components/landing/LandingPage.jsx?t=1787453435645:160
[  172705ms] [LOG] [LandingPage] Observer created for: comparison placeholder id: section-comparison @ http://localhost:5173/src/components/landing/LandingPage.jsx?t=1787453435645:160
[  172705ms] [LOG] [LandingPage] Observer created for: value placeholder id: section-value @ http://localhost:5173/src/components/landing/LandingPage.jsx?t=1787453435645:160
[  172706ms] [LOG] [LandingPage] Observer created for: agency placeholder id: section-agency @ http://localhost:5173/src/components/landing/LandingPage.jsx?t=1787453435645:160
[  172706ms] [LOG] [LandingPage] Observer created for: offer placeholder id: section-offer @ http://localhost:5173/src/components/landing/LandingPage.jsx?t=1787453435645:160
[  172706ms] [LOG] [LandingPage] Observer created for: cta placeholder id: section-cta @ http://localhost:5173/src/components/landing/LandingPage.jsx?t=1787453435645:160
[  172706ms] [LOG] [LandingPage] Observer created for: ai-workflow placeholder id: section-ai-workflow @ http://localhost:5173/src/components/landing/LandingPage.jsx?t=1787453435645:160
[  172706ms] [LOG] [LandingPage] Observer created for: made-with placeholder id: section-made-with @ http://localhost:5173/src/components/landing/LandingPage.jsx?t=1787453435645:160
[  172706ms] [LOG] [LandingPage] Observer created for: ugc placeholder id: section-ugc @ http://localhost:5173/src/components/landing/LandingPage.jsx?t=1787453435645:160
[  172706ms] [LOG] [LandingPage] Observer created for: gallery placeholder id: section-gallery @ http://localhost:5173/src/components/landing/LandingPage.jsx?t=1787453435645:160
[  172706ms] [LOG] [LandingPage] Observer created for: academy placeholder id: section-academy @ http://localhost:5173/src/components/landing/LandingPage.jsx?t=1787453435645:160
[  172706ms] [LOG] [LandingPage] Observer created for: repo-cinema placeholder id: section-repo-cinema @ http://localhost:5173/src/components/landing/LandingPage.jsx?t=1787453435645:160
[  172707ms] [LOG] [LandingPage] Observer created for: repo-commercial placeholder id: section-repo-commercial @ http://localhost:5173/src/components/landing/LandingPage.jsx?t=1787453435645:160
[  172707ms] [LOG] [LandingPage] Observer created for: repo-social-ads placeholder id: section-repo-social-ads @ http://localhost:5173/src/components/landing/LandingPage.jsx?t=1787453435645:160
[  172707ms] [LOG] [LandingPage] Observer created for: repo-narrative placeholder id: section-repo-narrative @ http://localhost:5173/src/components/landing/LandingPage.jsx?t=1787453435645:160
[  172707ms] [LOG] [LandingPage] Observer created for: repo-vertical placeholder id: section-repo-vertical @ http://localhost:5173/src/components/landing/LandingPage.jsx?t=1787453435645:160
[  172707ms] [LOG] [LandingPage] Observer created for: repo-ecommerce placeholder id: section-repo-ecommerce @ http://localhost:5173/src/components/landing/LandingPage.jsx?t=1787453435645:160
[  172707ms] [LOG] [LandingPage] Observer created for: repo-kinetic placeholder id: section-repo-kinetic @ http://localhost:5173/src/components/landing/LandingPage.jsx?t=1787453435645:160
[  172707ms] [LOG] [LandingPage] Observer created for: repo-animated placeholder id: section-repo-animated @ http://localhost:5173/src/components/landing/LandingPage.jsx?t=1787453435645:160
[  172707ms] [LOG] [LandingPage] Observer created for: repo-animation placeholder id: section-repo-animation @ http://localhost:5173/src/components/landing/LandingPage.jsx?t=1787453435645:160
[  172707ms] [LOG] [LandingPage] Observer created for: repo-reference placeholder id: section-repo-reference @ http://localhost:5173/src/components/landing/LandingPage.jsx?t=1787453435645:160
[  172707ms] [LOG] [LandingPage] Observer created for: repo-vfx placeholder id: section-repo-vfx @ http://localhost:5173/src/components/landing/LandingPage.jsx?t=1787453435645:160
[  172707ms] [LOG] [LandingPage] Observer created for: repo-fashion placeholder id: section-repo-fashion @ http://localhost:5173/src/components/landing/LandingPage.jsx?t=1787453435645:160
[  172707ms] [LOG] [LandingPage] Observer created for: repos placeholder id: section-repos @ http://localhost:5173/src/components/landing/LandingPage.jsx?t=1787453435645:160
[  172707ms] [LOG] [LandingPage] Observer created for: gtm-boost placeholder id: section-gtm-boost @ http://localhost:5173/src/components/landing/LandingPage.jsx?t=1787453435645:160
[  172708ms] [LOG] [App] Landing page rendered @ http://localhost:5173/src/main.js?t=1787453435645:88
[  172831ms] [LOG] [LandingPage] IntersectionObserver fired for repo-reference [Object] @ http://localhost:5173/src/components/landing/LandingPage.jsx?t=1787453435645:119
[  172833ms] [LOG] [LandingPage] Loading section: repo-reference @ http://localhost:5173/src/components/landing/LandingPage.jsx?t=1787453435645:122
[  172834ms] [LOG] [LandingPage] IntersectionObserver fired for apps [Object] @ http://localhost:5173/src/components/landing/LandingPage.jsx?t=1787453435645:119
[  172835ms] [LOG] [LandingPage] Loading section: apps @ http://localhost:5173/src/components/landing/LandingPage.jsx?t=1787453435645:122
[  172836ms] [LOG] [LandingPage] IntersectionObserver fired for cta [Object] @ http://localhost:5173/src/components/landing/LandingPage.jsx?t=1787453435645:119
[  172836ms] [LOG] [LandingPage] Loading section: cta @ http://localhost:5173/src/components/landing/LandingPage.jsx?t=1787453435645:122
[  172837ms] [LOG] [LandingPage] IntersectionObserver fired for scrolling [Object] @ http://localhost:5173/src/components/landing/LandingPage.jsx?t=1787453435645:119
[  172837ms] [LOG] [LandingPage] Loading section: scrolling @ http://localhost:5173/src/components/landing/LandingPage.jsx?t=1787453435645:122
[  172838ms] [LOG] [LandingPage] IntersectionObserver fired for repo-animation [Object] @ http://localhost:5173/src/components/landing/LandingPage.jsx?t=1787453435645:119
[  172839ms] [LOG] [LandingPage] Loading section: repo-animation @ http://localhost:5173/src/components/landing/LandingPage.jsx?t=1787453435645:122
[  172840ms] [LOG] [LandingPage] IntersectionObserver fired for ugc [Object] @ http://localhost:5173/src/components/landing/LandingPage.jsx?t=1787453435645:119
[  172840ms] [LOG] [LandingPage] Loading section: ugc @ http://localhost:5173/src/components/landing/LandingPage.jsx?t=1787453435645:122
[  172841ms] [LOG] [LandingPage] IntersectionObserver fired for made-with [Object] @ http://localhost:5173/src/components/landing/LandingPage.jsx?t=1787453435645:119
[  172841ms] [LOG] [LandingPage] Loading section: made-with @ http://localhost:5173/src/components/landing/LandingPage.jsx?t=1787453435645:122
[  172842ms] [LOG] [LandingPage] IntersectionObserver fired for repo-narrative [Object] @ http://localhost:5173/src/components/landing/LandingPage.jsx?t=1787453435645:119
[  172842ms] [LOG] [LandingPage] Loading section: repo-narrative @ http://localhost:5173/src/components/landing/LandingPage.jsx?t=1787453435645:122
[  172843ms] [LOG] [LandingPage] IntersectionObserver fired for value [Object] @ http://localhost:5173/src/components/landing/LandingPage.jsx?t=1787453435645:119
[  172843ms] [LOG] [LandingPage] Loading section: value @ http://localhost:5173/src/components/landing/LandingPage.jsx?t=1787453435645:122
[  172843ms] [LOG] [LandingPage] IntersectionObserver fired for repo-kinetic [Object] @ http://localhost:5173/src/components/landing/LandingPage.jsx?t=1787453435645:119
[  172844ms] [LOG] [LandingPage] Loading section: repo-kinetic @ http://localhost:5173/src/components/landing/LandingPage.jsx?t=1787453435645:122
[  172844ms] [LOG] [LandingPage] IntersectionObserver fired for ai-workflow [Object] @ http://localhost:5173/src/components/landing/LandingPage.jsx?t=1787453435645:119
[  172844ms] [LOG] [LandingPage] Loading section: ai-workflow @ http://localhost:5173/src/components/landing/LandingPage.jsx?t=1787453435645:122
[  172845ms] [LOG] [LandingPage] IntersectionObserver fired for repo-animated [Object] @ http://localhost:5173/src/components/landing/LandingPage.jsx?t=1787453435645:119
[  172846ms] [LOG] [LandingPage] Loading section: repo-animated @ http://localhost:5173/src/components/landing/LandingPage.jsx?t=1787453435645:122
[  172846ms] [LOG] [LandingPage] IntersectionObserver fired for repo-commercial [Object] @ http://localhost:5173/src/components/landing/LandingPage.jsx?t=1787453435645:119
[  172846ms] [LOG] [LandingPage] Loading section: repo-commercial @ http://localhost:5173/src/components/landing/LandingPage.jsx?t=1787453435645:122
[  172846ms] [LOG] [LandingPage] IntersectionObserver fired for repo-fashion [Object] @ http://localhost:5173/src/components/landing/LandingPage.jsx?t=1787453435645:119
[  172846ms] [LOG] [LandingPage] Loading section: repo-fashion @ http://localhost:5173/src/components/landing/LandingPage.jsx?t=1787453435645:122
[  172846ms] [LOG] [LandingPage] IntersectionObserver fired for repo-vertical [Object] @ http://localhost:5173/src/components/landing/LandingPage.jsx?t=1787453435645:119
[  172874ms] [LOG] [LandingPage] Loading section: repo-vertical @ http://localhost:5173/src/components/landing/LandingPage.jsx?t=1787453435645:122
[  172874ms] [LOG] [LandingPage] IntersectionObserver fired for repo-cinema [Object] @ http://localhost:5173/src/components/landing/LandingPage.jsx?t=1787453435645:119
[  172886ms] [LOG] [LandingPage] Loading section: repo-cinema @ http://localhost:5173/src/components/landing/LandingPage.jsx?t=1787453435645:122
[  172886ms] [LOG] [LandingPage] IntersectionObserver fired for repos [Object] @ http://localhost:5173/src/components/landing/LandingPage.jsx?t=1787453435645:119
[  172887ms] [LOG] [LandingPage] Loading section: repos @ http://localhost:5173/src/components/landing/LandingPage.jsx?t=1787453435645:122
[  172888ms] [LOG] [LandingPage] IntersectionObserver fired for gallery [Object] @ http://localhost:5173/src/components/landing/LandingPage.jsx?t=1787453435645:119
[  172888ms] [LOG] [LandingPage] Loading section: gallery @ http://localhost:5173/src/components/landing/LandingPage.jsx?t=1787453435645:122
[  172890ms] [LOG] [LandingPage] IntersectionObserver fired for comparison [Object] @ http://localhost:5173/src/components/landing/LandingPage.jsx?t=1787453435645:119
[  172890ms] [LOG] [LandingPage] Loading section: comparison @ http://localhost:5173/src/components/landing/LandingPage.jsx?t=1787453435645:122
[  172890ms] [LOG] [LandingPage] IntersectionObserver fired for features [Object] @ http://localhost:5173/src/components/landing/LandingPage.jsx?t=1787453435645:119
[  172891ms] [LOG] [LandingPage] Loading section: features @ http://localhost:5173/src/components/landing/LandingPage.jsx?t=1787453435645:122
[  172891ms] [LOG] [LandingPage] IntersectionObserver fired for gtm-boost [Object] @ http://localhost:5173/src/components/landing/LandingPage.jsx?t=1787453435645:119
[  172892ms] [LOG] [LandingPage] Loading section: gtm-boost @ http://localhost:5173/src/components/landing/LandingPage.jsx?t=1787453435645:122
[  172892ms] [LOG] [LandingPage] IntersectionObserver fired for repo-vfx [Object] @ http://localhost:5173/src/components/landing/LandingPage.jsx?t=1787453435645:119
[  172892ms] [LOG] [LandingPage] Loading section: repo-vfx @ http://localhost:5173/src/components/landing/LandingPage.jsx?t=1787453435645:122
[  172893ms] [LOG] [LandingPage] IntersectionObserver fired for engines [Object] @ http://localhost:5173/src/components/landing/LandingPage.jsx?t=1787453435645:119
[  172893ms] [LOG] [LandingPage] Loading section: engines @ http://localhost:5173/src/components/landing/LandingPage.jsx?t=1787453435645:122
[  172894ms] [LOG] [LandingPage] IntersectionObserver fired for agency [Object] @ http://localhost:5173/src/components/landing/LandingPage.jsx?t=1787453435645:119
[  172894ms] [LOG] [LandingPage] Loading section: agency @ http://localhost:5173/src/components/landing/LandingPage.jsx?t=1787453435645:122
[  172894ms] [LOG] [LandingPage] IntersectionObserver fired for workflow [Object] @ http://localhost:5173/src/components/landing/LandingPage.jsx?t=1787453435645:119
[  172895ms] [LOG] [LandingPage] Loading section: workflow @ http://localhost:5173/src/components/landing/LandingPage.jsx?t=1787453435645:122
[  172896ms] [LOG] [LandingPage] IntersectionObserver fired for repo-social-ads [Object] @ http://localhost:5173/src/components/landing/LandingPage.jsx?t=1787453435645:119
[  172896ms] [LOG] [LandingPage] Loading section: repo-social-ads @ http://localhost:5173/src/components/landing/LandingPage.jsx?t=1787453435645:122
[  172897ms] [LOG] [LandingPage] IntersectionObserver fired for problem [Object] @ http://localhost:5173/src/components/landing/LandingPage.jsx?t=1787453435645:119
[  172899ms] [LOG] [LandingPage] Loading section: problem @ http://localhost:5173/src/components/landing/LandingPage.jsx?t=1787453435645:122
[  172907ms] [LOG] [LandingPage] IntersectionObserver fired for academy [Object] @ http://localhost:5173/src/components/landing/LandingPage.jsx?t=1787453435645:119
[  172907ms] [LOG] [LandingPage] Loading section: academy @ http://localhost:5173/src/components/landing/LandingPage.jsx?t=1787453435645:122
[  172907ms] [LOG] [LandingPage] IntersectionObserver fired for hook [Object] @ http://localhost:5173/src/components/landing/LandingPage.jsx?t=1787453435645:119
[  172907ms] [LOG] [LandingPage] Loading section: hook @ http://localhost:5173/src/components/landing/LandingPage.jsx?t=1787453435645:122
[  172908ms] [LOG] [LandingPage] IntersectionObserver fired for offer [Object] @ http://localhost:5173/src/components/landing/LandingPage.jsx?t=1787453435645:119
[  172908ms] [LOG] [LandingPage] Loading section: offer @ http://localhost:5173/src/components/landing/LandingPage.jsx?t=1787453435645:122
[  172908ms] [LOG] [LandingPage] IntersectionObserver fired for repo-ecommerce [Object] @ http://localhost:5173/src/components/landing/LandingPage.jsx?t=1787453435645:119
[  172909ms] [LOG] [LandingPage] Loading section: repo-ecommerce @ http://localhost:5173/src/components/landing/LandingPage.jsx?t=1787453435645:122
[  173679ms] [LOG] [LandingPage] Section loaded: cta @ http://localhost:5173/src/components/landing/LandingPage.jsx?t=1787453435645:141
[  173689ms] [LOG] [LandingPage] Section loaded: scrolling @ http://localhost:5173/src/components/landing/LandingPage.jsx?t=1787453435645:141
[  174036ms] [LOG] [LandingPage] Section loaded: value @ http://localhost:5173/src/components/landing/LandingPage.jsx?t=1787453435645:141
[  174038ms] [LOG] [LandingPage] Section loaded: comparison @ http://localhost:5173/src/components/landing/LandingPage.jsx?t=1787453435645:141
[  174038ms] [LOG] [LandingPage] Section loaded: problem @ http://localhost:5173/src/components/landing/LandingPage.jsx?t=1787453435645:141
[  174039ms] [LOG] [LandingPage] Section loaded: features @ http://localhost:5173/src/components/landing/LandingPage.jsx?t=1787453435645:141
[  174040ms] [LOG] [LandingPage] Section loaded: engines @ http://localhost:5173/src/components/landing/LandingPage.jsx?t=1787453435645:141
[  174041ms] [LOG] [LandingPage] Section loaded: agency @ http://localhost:5173/src/components/landing/LandingPage.jsx?t=1787453435645:141
[  174042ms] [LOG] [LandingPage] Section loaded: workflow @ http://localhost:5173/src/components/landing/LandingPage.jsx?t=1787453435645:141
[  174043ms] [LOG] [LandingPage] Section loaded: hook @ http://localhost:5173/src/components/landing/LandingPage.jsx?t=1787453435645:141
[  174044ms] [LOG] [LandingPage] Section loaded: offer @ http://localhost:5173/src/components/landing/LandingPage.jsx?t=1787453435645:141
[  174272ms] [LOG] [LandingPage] Section loaded: apps @ http://localhost:5173/src/components/landing/LandingPage.jsx?t=1787453435645:141
[  174308ms] [LOG] [LandingPage] Section loaded: repo-vertical @ http://localhost:5173/src/components/landing/LandingPage.jsx?t=1787453435645:141
[  174312ms] [LOG] [LandingPage] Section loaded: repo-ecommerce @ http://localhost:5173/src/components/landing/LandingPage.jsx?t=1787453435645:141
[  174317ms] [LOG] [LandingPage] Section loaded: repo-kinetic @ http://localhost:5173/src/components/landing/LandingPage.jsx?t=1787453435645:141
[  174321ms] [LOG] [LandingPage] Section loaded: repo-social-ads @ http://localhost:5173/src/components/landing/LandingPage.jsx?t=1787453435645:141
[  174324ms] [LOG] [LandingPage] Section loaded: repo-animated @ http://localhost:5173/src/components/landing/LandingPage.jsx?t=1787453435645:141
[  174328ms] [LOG] [LandingPage] Section loaded: repo-vfx @ http://localhost:5173/src/components/landing/LandingPage.jsx?t=1787453435645:141
[  174332ms] [LOG] [LandingPage] Section loaded: repo-animation @ http://localhost:5173/src/components/landing/LandingPage.jsx?t=1787453435645:141
[  174337ms] [LOG] [LandingPage] Section loaded: repo-commercial @ http://localhost:5173/src/components/landing/LandingPage.jsx?t=1787453435645:141
[  174340ms] [LOG] [LandingPage] Section loaded: repo-reference @ http://localhost:5173/src/components/landing/LandingPage.jsx?t=1787453435645:141
[  174344ms] [LOG] [LandingPage] Section loaded: repo-cinema @ http://localhost:5173/src/components/landing/LandingPage.jsx?t=1787453435645:141
[  174346ms] [LOG] [LandingPage] Section loaded: repo-fashion @ http://localhost:5173/src/components/landing/LandingPage.jsx?t=1787453435645:141
[  174351ms] [LOG] [LandingPage] Section loaded: repo-narrative @ http://localhost:5173/src/components/landing/LandingPage.jsx?t=1787453435645:141
[  174462ms] [LOG] [LandingPage] Section loaded: ugc @ http://localhost:5173/src/components/landing/LandingPage.jsx?t=1787453435645:141
[  174472ms] [LOG] [LandingPage] Section loaded: made-with @ http://localhost:5173/src/components/landing/LandingPage.jsx?t=1787453435645:141
[  174473ms] [LOG] [LandingPage] Section loaded: ai-workflow @ http://localhost:5173/src/components/landing/LandingPage.jsx?t=1787453435645:141
[  174475ms] [LOG] [LandingPage] Section loaded: repos @ http://localhost:5173/src/components/landing/LandingPage.jsx?t=1787453435645:141
[  174483ms] [LOG] [LandingPage] Section loaded: gallery @ http://localhost:5173/src/components/landing/LandingPage.jsx?t=1787453435645:141
[  174488ms] [LOG] [LandingPage] Section loaded: gtm-boost @ http://localhost:5173/src/components/landing/LandingPage.jsx?t=1787453435645:141
[  174496ms] [LOG] [LandingPage] Section loaded: academy @ http://localhost:5173/src/components/landing/LandingPage.jsx?t=1787453435645:141
[  174653ms] [INFO] %cDownload the React DevTools for a better development experience: https://react.dev/link/react-devtools font-weight:bold @ http://localhost:5173/node_modules/.vite/deps/chunk-EEAUBQDT.js?v=93c1ec86:20096
[  174657ms] [ERROR] [ModalSystem] mount failed TypeError: Class constructor SortableElement cannot be invoked without 'new'
    at http://localhost:5173/components/modals/RetargetOptInModal.jsx?t=1787453435645:26:22 @ http://localhost:5173/src/main.js?t=1787453435645:329
[  174789ms] [LOG] [App] Starting initialization... @ http://localhost:5173/src/main.js?t=1787453435645:19
[  174838ms] [LOG] [popcorn-init] OK: jquery @ http://localhost:5173/src/lib/popcornInit.js?t=1787453435645:41
[  174868ms] [LOG] [popcorn-init] OK: jquery-textfill @ http://localhost:5173/src/lib/popcornInit.js?t=1787453435645:48
[  174874ms] [LOG] [popcorn-init] OK: popcorn-core @ http://localhost:5173/src/lib/popcornInit.js?t=1787453435645:48
[  174891ms] [LOG] [popcorn-init] OK: popcorn-ie8 @ http://localhost:5173/src/lib/popcornInit.js?t=1787453435645:48
[  174895ms] [LOG] [popcorn-init] OK: wrapper-common @ http://localhost:5173/src/lib/popcornInit.js?t=1787453435645:48
[  174918ms] [LOG] [popcorn-init] OK: wrapper-html5 @ http://localhost:5173/src/lib/popcornInit.js?t=1787453435645:48
[  174922ms] [LOG] [popcorn-init] OK: wrapper-vrview @ http://localhost:5173/src/lib/popcornInit.js?t=1787453435645:48
[  174925ms] [LOG] [popcorn-init] OK: wrapper-adaptive @ http://localhost:5173/src/lib/popcornInit.js?t=1787453435645:48
[  174927ms] [LOG] [popcorn-init] OK: wrapper-null @ http://localhost:5173/src/lib/popcornInit.js?t=1787453435645:48
[  174930ms] [INFO] %cDownload the React DevTools for a better development experience: https://react.dev/link/react-devtools font-weight:bold @ http://localhost:5173/node_modules/.vite/deps/chunk-EEAUBQDT.js?v=93c1ec86:20096
[  174935ms] [LOG] [App] Clerk page rendered: signup @ http://localhost:5173/src/main.js?t=1787453435645:109
[  174935ms] [LOG] [popcorn-init] OK: wrapper-soundcloud @ http://localhost:5173/src/lib/popcornInit.js?t=1787453435645:48
[  174953ms] [ERROR] [2026-08-23T02:50:43.209Z] [ERROR] Uncaught error | {"filename":"http://localhost:5173/src/components/landing/SignUpPage.jsx?t=1787453435645","lineno":42,"colno":31} @ http://localhost:5173/src/lib/logger.js:84
[  174953ms] [ERROR] ReferenceError: user is not defined
    at SignUpPage (http://localhost:5173/src/components/landing/SignUpPage.jsx?t=1787453435645:42:31)
    at Object.react_stack_bottom_frame (http://localhost:5173/node_modules/.vite/deps/chunk-EEAUBQDT.js?v=93c1ec86:18503:20)
    at renderWithHooks (http://localhost:5173/node_modules/.vite/deps/chunk-EEAUBQDT.js?v=93c1ec86:5648:24)
    at updateFunctionComponent (http://localhost:5173/node_modules/.vite/deps/chunk-EEAUBQDT.js?v=93c1ec86:7469:21)
    at beginWork (http://localhost:5173/node_modules/.vite/deps/chunk-EEAUBQDT.js?v=93c1ec86:8519:20)
    at runWithFiberInDEV (http://localhost:5173/node_modules/.vite/deps/chunk-EEAUBQDT.js?v=93c1ec86:991:72)
    at performUnitOfWork (http://localhost:5173/node_modules/.vite/deps/chunk-EEAUBQDT.js?v=93c1ec86:12555:98)
    at workLoopSync (http://localhost:5173/node_modules/.vite/deps/chunk-EEAUBQDT.js?v=93c1ec86:12418:43)
    at renderRootSync (http://localhost:5173/node_modules/.vite/deps/chunk-EEAUBQDT.js?v=93c1ec86:12402:13)
    at performWorkOnRoot (http://localhost:5173/node_modules/.vite/deps/chunk-EEAUBQDT.js?v=93c1ec86:11821:37) @ http://localhost:5173/src/lib/logger.js:85
[  174954ms] [ERROR] [Global Error] ReferenceError: user is not defined
    at SignUpPage (http://localhost:5173/src/components/landing/SignUpPage.jsx?t=1787453435645:42:31)
    at Object.react_stack_bottom_frame (http://localhost:5173/node_modules/.vite/deps/chunk-EEAUBQDT.js?v=93c1ec86:18503:20)
    at renderWithHooks (http://localhost:5173/node_modules/.vite/deps/chunk-EEAUBQDT.js?v=93c1ec86:5648:24)
    at updateFunctionComponent (http://localhost:5173/node_modules/.vite/deps/chunk-EEAUBQDT.js?v=93c1ec86:7469:21)
    at beginWork (http://localhost:5173/node_modules/.vite/deps/chunk-EEAUBQDT.js?v=93c1ec86:8519:20)
    at runWithFiberInDEV (http://localhost:5173/node_modules/.vite/deps/chunk-EEAUBQDT.js?v=93c1ec86:991:72)
    at performUnitOfWork (http://localhost:5173/node_modules/.vite/deps/chunk-EEAUBQDT.js?v=93c1ec86:12555:98)
    at workLoopSync (http://localhost:5173/node_modules/.vite/deps/chunk-EEAUBQDT.js?v=93c1ec86:12418:43)
    at renderRootSync (http://localhost:5173/node_modules/.vite/deps/chunk-EEAUBQDT.js?v=93c1ec86:12402:13)
    at performWorkOnRoot (http://localhost:5173/node_modules/.vite/deps/chunk-EEAUBQDT.js?v=93c1ec86:11821:37) @ http://localhost:5173/src/main.js?t=1787453435645:22
[  174955ms] [LOG] [Analytics] error {errorType: uncaught_exception, message: Uncaught ReferenceError: user is not defined, filename: http://localhost:5173/src/components/landing/SignUpPage.jsx?t=1787453435645, lineno: 42} @ http://localhost:5173/src/lib/analytics.js:36
[  174973ms] ReferenceError: user is not defined
    at SignUpPage (http://localhost:5173/src/components/landing/SignUpPage.jsx?t=1787453435645:42:31)
    at Object.react_stack_bottom_frame (http://localhost:5173/node_modules/.vite/deps/chunk-EEAUBQDT.js?v=93c1ec86:18503:20)
    at renderWithHooks (http://localhost:5173/node_modules/.vite/deps/chunk-EEAUBQDT.js?v=93c1ec86:5648:24)
    at updateFunctionComponent (http://localhost:5173/node_modules/.vite/deps/chunk-EEAUBQDT.js?v=93c1ec86:7469:21)
    at beginWork (http://localhost:5173/node_modules/.vite/deps/chunk-EEAUBQDT.js?v=93c1ec86:8519:20)
    at runWithFiberInDEV (http://localhost:5173/node_modules/.vite/deps/chunk-EEAUBQDT.js?v=93c1ec86:991:72)
    at performUnitOfWork (http://localhost:5173/node_modules/.vite/deps/chunk-EEAUBQDT.js?v=93c1ec86:12555:98)
    at workLoopSync (http://localhost:5173/node_modules/.vite/deps/chunk-EEAUBQDT.js?v=93c1ec86:12418:43)
    at renderRootSync (http://localhost:5173/node_modules/.vite/deps/chunk-EEAUBQDT.js?v=93c1ec86:12402:13)
    at performWorkOnRoot (http://localhost:5173/node_modules/.vite/deps/chunk-EEAUBQDT.js?v=93c1ec86:11821:37)
[  174956ms] [WARNING] %s

%s
 An error occurred in the <SignUpPage> component. Consider adding an error boundary to your tree to customize error handling behavior.
Visit https://react.dev/link/error-boundaries to learn more about error boundaries. @ http://localhost:5173/node_modules/.vite/deps/chunk-EEAUBQDT.js?v=93c1ec86:6959
[  174956ms] [LOG] [popcorn-init] OK: wrapper-vimeo @ http://localhost:5173/src/lib/popcornInit.js?t=1787453435645:48
[  174963ms] [LOG] [popcorn-init] OK: wrapper-youtube @ http://localhost:5173/src/lib/popcornInit.js?t=1787453435645:48
[  174967ms] [LOG] [popcorn-init] OK: wrapper-jwplayer @ http://localhost:5173/src/lib/popcornInit.js?t=1787453435645:48
[  174968ms] [LOG] [popcorn-init] OK: player-module @ http://localhost:5173/src/lib/popcornInit.js?t=1787453435645:48
[  175562ms] [ERROR] [ModalSystem] mount failed TypeError: Class constructor SortableElement cannot be invoked without 'new'
    at http://localhost:5173/components/modals/RetargetOptInModal.jsx?t=1787453435645:26:22 @ http://localhost:5173/src/main.js?t=1787453435645:329
[  175566ms] [ERROR] [popcorn-init] FAILED at: plugin-image TypeError: Class constructor SortableElement cannot be invoked without 'new'
    at http://localhost:5173/components/modals/RetargetOptInModal.jsx?t=1787453435645:26:22 @ http://localhost:5173/src/lib/popcornInit.js?t=1787453435645:55
[  175641ms] [WARNING] Clerk: Clerk has been loaded with development keys. Development instances have strict usage limits and should not be used when deploying your application to production. Learn more: https://clerk.com/docs/deployments/overview @ https://clerk.smartvid.app/npm/@clerk/clerk-js@6/dist/clerk.browser.js:11
[  175658ms] [ERROR] [popcorn-init] FAILED at: plugin-jsonTransition TypeError: Class constructor SortableElement cannot be invoked without 'new'
    at http://localhost:5173/components/modals/RetargetOptInModal.jsx?t=1787453435645:26:22 @ http://localhost:5173/src/lib/popcornInit.js?t=1787453435645:55
[  175673ms] [ERROR] [popcorn-init] FAILED at: plugin-lottie-json TypeError: Class constructor SortableElement cannot be invoked without 'new'
    at http://localhost:5173/components/modals/RetargetOptInModal.jsx?t=1787453435645:26:22 @ http://localhost:5173/src/lib/popcornInit.js?t=1787453435645:55
[  175680ms] [LOG] [popcorn-init] OK: plugin-json-button @ http://localhost:5173/src/lib/popcornInit.js?t=1787453435645:48
[  175691ms] [ERROR] [popcorn-init] FAILED at: plugin-personalizedImage TypeError: Class constructor SortableElement cannot be invoked without 'new'
    at http://localhost:5173/components/modals/RetargetOptInModal.jsx?t=1787453435645:26:22 @ http://localhost:5173/src/lib/popcornInit.js?t=1787453435645:55
[  175697ms] [ERROR] [popcorn-init] FAILED at: plugin-loopPlugin TypeError: Class constructor SortableElement cannot be invoked without 'new'
    at http://localhost:5173/components/modals/RetargetOptInModal.jsx?t=1787453435645:26:22 @ http://localhost:5173/src/lib/popcornInit.js?t=1787453435645:55
[  175712ms] [ERROR] [popcorn-init] FAILED at: plugin-pausePlugin TypeError: Class constructor SortableElement cannot be invoked without 'new'
    at http://localhost:5173/components/modals/RetargetOptInModal.jsx?t=1787453435645:26:22 @ http://localhost:5173/src/lib/popcornInit.js?t=1787453435645:55
[  175728ms] [ERROR] [popcorn-init] FAILED at: plugin-form TypeError: Class constructor SortableElement cannot be invoked without 'new'
    at http://localhost:5173/components/modals/RetargetOptInModal.jsx?t=1787453435645:26:22 @ http://localhost:5173/src/lib/popcornInit.js?t=1787453435645:55
[  175748ms] [ERROR] [popcorn-init] FAILED at: plugin-retarget TypeError: Class constructor SortableElement cannot be invoked without 'new'
    at http://localhost:5173/components/modals/RetargetOptInModal.jsx?t=1787453435645:26:22 @ http://localhost:5173/src/lib/popcornInit.js?t=1787453435645:55
[  175749ms] [ERROR] Failed to load resource: the server responded with a status of 400 () @ https://clerk.smartvid.app/v1/environment?__clerk_api_version=2026-05-12&_clerk_js_version=6.29.2&_method=PATCH:0
[  175758ms] [LOG] [popcorn-init] OK: plugin-popup @ http://localhost:5173/src/lib/popcornInit.js?t=1787453435645:48
[  175774ms] [ERROR] [popcorn-init] FAILED at: plugin-sequencer TypeError: Class constructor SortableElement cannot be invoked without 'new'
    at http://localhost:5173/components/modals/RetargetOptInModal.jsx?t=1787453435645:26:22 @ http://localhost:5173/src/lib/popcornInit.js?t=1787453435645:55
[  175780ms] [ERROR] [popcorn-init] FAILED at: plugin-skip TypeError: Class constructor SortableElement cannot be invoked without 'new'
    at http://localhost:5173/components/modals/RetargetOptInModal.jsx?t=1787453435645:26:22 @ http://localhost:5173/src/lib/popcornInit.js?t=1787453435645:55
[  175805ms] [ERROR] [popcorn-init] FAILED at: plugin-text TypeError: Class constructor SortableElement cannot be invoked without 'new'
    at http://localhost:5173/components/modals/RetargetOptInModal.jsx?t=1787453435645:26:22 @ http://localhost:5173/src/lib/popcornInit.js?t=1787453435645:55
[  175812ms] [LOG] [popcorn-init] OK: plugin-social @ http://localhost:5173/src/lib/popcornInit.js?t=1787453435645:48
[  175821ms] [ERROR] [popcorn-init] FAILED at: plugin-jsonAnimation TypeError: Class constructor SortableElement cannot be invoked without 'new'
    at http://localhost:5173/components/modals/RetargetOptInModal.jsx?t=1787453435645:26:22 @ http://localhost:5173/src/lib/popcornInit.js?t=1787453435645:55
[  175830ms] [LOG] [popcorn-init] OK: plugin-videoTransition @ http://localhost:5173/src/lib/popcornInit.js?t=1787453435645:48
[  175839ms] [ERROR] [popcorn-init] FAILED at: plugin-seethroughtext TypeError: Class constructor SortableElement cannot be invoked without 'new'
    at http://localhost:5173/components/modals/RetargetOptInModal.jsx?t=1787453435645:26:22 @ http://localhost:5173/src/lib/popcornInit.js?t=1787453435645:55
[  175842ms] [LOG] [popcorn-init] OK: plugin-wikipedia @ http://localhost:5173/src/lib/popcornInit.js?t=1787453435645:48
[  175847ms] [ERROR] [popcorn-init] FAILED at: plugin-combined TypeError: Class constructor SortableElement cannot be invoked without 'new'
    at http://localhost:5173/components/modals/RetargetOptInModal.jsx?t=1787453435645:26:22 @ http://localhost:5173/src/lib/popcornInit.js?t=1787453435645:55
[  175855ms] [ERROR] [popcorn-init] FAILED at: plugin-background TypeError: Class constructor SortableElement cannot be invoked without 'new'
    at http://localhost:5173/components/modals/RetargetOptInModal.jsx?t=1787453435645:26:22 @ http://localhost:5173/src/lib/popcornInit.js?t=1787453435645:55
[  175855ms] [LOG] [popcorn-init] SUMMARY: 5/20 plugins registered; FAILED: plugin-image, plugin-jsonTransition, plugin-lottie-json, plugin-personalizedImage, plugin-loopPlugin, plugin-pausePlugin, plugin-form, plugin-retarget, plugin-sequencer, plugin-skip, plugin-text, plugin-jsonAnimation, plugin-seethroughtext, plugin-combined, plugin-background @ http://localhost:5173/src/lib/popcornInit.js?t=1787453435645:60
[  175855ms] [LOG] [popcorn] function 5 @ http://localhost:5173/src/main.js?t=1787453435645:4
