[     221ms] [LOG] [App] Starting initialization... @ http://localhost:5173/src/main.js?t=1787455527518:19
[     245ms] [LOG] [popcorn-init] OK: jquery @ http://localhost:5173/src/lib/popcornInit.js?t=1787455527518:41
[     246ms] [LOG] [popcorn-init] OK: jquery-textfill @ http://localhost:5173/src/lib/popcornInit.js?t=1787455527518:48
[     248ms] [LOG] [popcorn-init] OK: popcorn-core @ http://localhost:5173/src/lib/popcornInit.js?t=1787455527518:48
[     249ms] [LOG] [popcorn-init] OK: popcorn-ie8 @ http://localhost:5173/src/lib/popcornInit.js?t=1787455527518:48
[     250ms] [LOG] [popcorn-init] OK: wrapper-common @ http://localhost:5173/src/lib/popcornInit.js?t=1787455527518:48
[     250ms] [LOG] [popcorn-init] OK: wrapper-html5 @ http://localhost:5173/src/lib/popcornInit.js?t=1787455527518:48
[     250ms] [LOG] [popcorn-init] OK: wrapper-vrview @ http://localhost:5173/src/lib/popcornInit.js?t=1787455527518:48
[     251ms] [LOG] [popcorn-init] OK: wrapper-adaptive @ http://localhost:5173/src/lib/popcornInit.js?t=1787455527518:48
[     251ms] [LOG] [popcorn-init] OK: wrapper-null @ http://localhost:5173/src/lib/popcornInit.js?t=1787455527518:48
[     251ms] [LOG] [popcorn-init] OK: wrapper-soundcloud @ http://localhost:5173/src/lib/popcornInit.js?t=1787455527518:48
[     252ms] [LOG] [popcorn-init] OK: wrapper-vimeo @ http://localhost:5173/src/lib/popcornInit.js?t=1787455527518:48
[     252ms] [LOG] [popcorn-init] OK: wrapper-youtube @ http://localhost:5173/src/lib/popcornInit.js?t=1787455527518:48
[     252ms] [LOG] [popcorn-init] OK: wrapper-jwplayer @ http://localhost:5173/src/lib/popcornInit.js?t=1787455527518:48
[     253ms] [LOG] [popcorn-init] OK: player-module @ http://localhost:5173/src/lib/popcornInit.js?t=1787455527518:48
[    1163ms] [LOG] [LandingPage] Header.jsx loaded @ http://localhost:5173/src/components/landing/LandingPage.jsx?t=1787455527518:170
[    1764ms] [LOG] [LandingPage] CinematicVideoHero.jsx loaded @ http://localhost:5173/src/components/landing/LandingPage.jsx?t=1787455527518:183
[    1775ms] [LOG] [LandingPage] HeroSection.jsx loaded @ http://localhost:5173/src/components/landing/LandingPage.jsx?t=1787455527518:196
[    1779ms] [LOG] [LandingPage] Observer created for: scrolling placeholder id: section-scrolling @ http://localhost:5173/src/components/landing/LandingPage.jsx?t=1787455527518:154
[    1780ms] [LOG] [LandingPage] Observer created for: hook placeholder id: section-hook @ http://localhost:5173/src/components/landing/LandingPage.jsx?t=1787455527518:154
[    1780ms] [LOG] [LandingPage] Observer created for: engines placeholder id: section-engines @ http://localhost:5173/src/components/landing/LandingPage.jsx?t=1787455527518:154
[    1780ms] [LOG] [LandingPage] Observer created for: apps placeholder id: section-apps @ http://localhost:5173/src/components/landing/LandingPage.jsx?t=1787455527518:154
[    1780ms] [LOG] [LandingPage] Observer created for: features placeholder id: section-features @ http://localhost:5173/src/components/landing/LandingPage.jsx?t=1787455527518:154
[    1780ms] [LOG] [LandingPage] Observer created for: problem placeholder id: section-problem @ http://localhost:5173/src/components/landing/LandingPage.jsx?t=1787455527518:154
[    1780ms] [LOG] [LandingPage] Observer created for: workflow placeholder id: section-workflow @ http://localhost:5173/src/components/landing/LandingPage.jsx?t=1787455527518:154
[    1780ms] [LOG] [LandingPage] Observer created for: comparison placeholder id: section-comparison @ http://localhost:5173/src/components/landing/LandingPage.jsx?t=1787455527518:154
[    1780ms] [LOG] [LandingPage] Observer created for: value placeholder id: section-value @ http://localhost:5173/src/components/landing/LandingPage.jsx?t=1787455527518:154
[    1780ms] [LOG] [LandingPage] Observer created for: agency placeholder id: section-agency @ http://localhost:5173/src/components/landing/LandingPage.jsx?t=1787455527518:154
[    1780ms] [LOG] [LandingPage] Observer created for: offer placeholder id: section-offer @ http://localhost:5173/src/components/landing/LandingPage.jsx?t=1787455527518:154
[    1780ms] [LOG] [LandingPage] Observer created for: cta placeholder id: section-cta @ http://localhost:5173/src/components/landing/LandingPage.jsx?t=1787455527518:154
[    1780ms] [LOG] [LandingPage] Observer created for: ai-workflow placeholder id: section-ai-workflow @ http://localhost:5173/src/components/landing/LandingPage.jsx?t=1787455527518:154
[    1780ms] [LOG] [LandingPage] Observer created for: made-with placeholder id: section-made-with @ http://localhost:5173/src/components/landing/LandingPage.jsx?t=1787455527518:154
[    1780ms] [LOG] [LandingPage] Observer created for: ugc placeholder id: section-ugc @ http://localhost:5173/src/components/landing/LandingPage.jsx?t=1787455527518:154
[    1781ms] [LOG] [LandingPage] Observer created for: gallery placeholder id: section-gallery @ http://localhost:5173/src/components/landing/LandingPage.jsx?t=1787455527518:154
[    1781ms] [LOG] [LandingPage] Observer created for: academy placeholder id: section-academy @ http://localhost:5173/src/components/landing/LandingPage.jsx?t=1787455527518:154
[    1781ms] [LOG] [LandingPage] Observer created for: repo-cinema placeholder id: section-repo-cinema @ http://localhost:5173/src/components/landing/LandingPage.jsx?t=1787455527518:154
[    1782ms] [LOG] [LandingPage] Observer created for: repo-commercial placeholder id: section-repo-commercial @ http://localhost:5173/src/components/landing/LandingPage.jsx?t=1787455527518:154
[    1782ms] [LOG] [LandingPage] Observer created for: repo-social-ads placeholder id: section-repo-social-ads @ http://localhost:5173/src/components/landing/LandingPage.jsx?t=1787455527518:154
[    1782ms] [LOG] [LandingPage] Observer created for: repo-narrative placeholder id: section-repo-narrative @ http://localhost:5173/src/components/landing/LandingPage.jsx?t=1787455527518:154
[    1782ms] [LOG] [LandingPage] Observer created for: repo-vertical placeholder id: section-repo-vertical @ http://localhost:5173/src/components/landing/LandingPage.jsx?t=1787455527518:154
[    1782ms] [LOG] [LandingPage] Observer created for: repo-ecommerce placeholder id: section-repo-ecommerce @ http://localhost:5173/src/components/landing/LandingPage.jsx?t=1787455527518:154
[    1782ms] [LOG] [LandingPage] Observer created for: repo-kinetic placeholder id: section-repo-kinetic @ http://localhost:5173/src/components/landing/LandingPage.jsx?t=1787455527518:154
[    1782ms] [LOG] [LandingPage] Observer created for: repo-animated placeholder id: section-repo-animated @ http://localhost:5173/src/components/landing/LandingPage.jsx?t=1787455527518:154
[    1782ms] [LOG] [LandingPage] Observer created for: repo-animation placeholder id: section-repo-animation @ http://localhost:5173/src/components/landing/LandingPage.jsx?t=1787455527518:154
[    1782ms] [LOG] [LandingPage] Observer created for: repo-reference placeholder id: section-repo-reference @ http://localhost:5173/src/components/landing/LandingPage.jsx?t=1787455527518:154
[    1782ms] [LOG] [LandingPage] Observer created for: repo-vfx placeholder id: section-repo-vfx @ http://localhost:5173/src/components/landing/LandingPage.jsx?t=1787455527518:154
[    1782ms] [LOG] [LandingPage] Observer created for: repo-fashion placeholder id: section-repo-fashion @ http://localhost:5173/src/components/landing/LandingPage.jsx?t=1787455527518:154
[    1782ms] [LOG] [LandingPage] Observer created for: repos placeholder id: section-repos @ http://localhost:5173/src/components/landing/LandingPage.jsx?t=1787455527518:154
[    1782ms] [LOG] [LandingPage] Observer created for: gtm-boost placeholder id: section-gtm-boost @ http://localhost:5173/src/components/landing/LandingPage.jsx?t=1787455527518:154
[    1782ms] [LOG] [App] Landing page rendered @ http://localhost:5173/src/main.js?t=1787455527518:88
[    1886ms] [LOG] [LandingPage] IntersectionObserver fired for ai-workflow [Object] @ http://localhost:5173/src/components/landing/LandingPage.jsx?t=1787455527518:119
[    1887ms] [LOG] [LandingPage] Loading section: ai-workflow @ http://localhost:5173/src/components/landing/LandingPage.jsx?t=1787455527518:122
[    1887ms] [LOG] [LandingPage] IntersectionObserver fired for gtm-boost [Object] @ http://localhost:5173/src/components/landing/LandingPage.jsx?t=1787455527518:119
[    1888ms] [LOG] [LandingPage] Loading section: gtm-boost @ http://localhost:5173/src/components/landing/LandingPage.jsx?t=1787455527518:122
[    1888ms] [LOG] [LandingPage] IntersectionObserver fired for repo-animation [Object] @ http://localhost:5173/src/components/landing/LandingPage.jsx?t=1787455527518:119
[    1888ms] [LOG] [LandingPage] Loading section: repo-animation @ http://localhost:5173/src/components/landing/LandingPage.jsx?t=1787455527518:122
[    1888ms] [LOG] [LandingPage] IntersectionObserver fired for apps [Object] @ http://localhost:5173/src/components/landing/LandingPage.jsx?t=1787455527518:119
[    1889ms] [LOG] [LandingPage] Loading section: apps @ http://localhost:5173/src/components/landing/LandingPage.jsx?t=1787455527518:122
[    1889ms] [LOG] [LandingPage] IntersectionObserver fired for repo-commercial [Object] @ http://localhost:5173/src/components/landing/LandingPage.jsx?t=1787455527518:119
[    1889ms] [LOG] [LandingPage] Loading section: repo-commercial @ http://localhost:5173/src/components/landing/LandingPage.jsx?t=1787455527518:122
[    1890ms] [LOG] [LandingPage] IntersectionObserver fired for repo-kinetic [Object] @ http://localhost:5173/src/components/landing/LandingPage.jsx?t=1787455527518:119
[    1890ms] [LOG] [LandingPage] Loading section: repo-kinetic @ http://localhost:5173/src/components/landing/LandingPage.jsx?t=1787455527518:122
[    1890ms] [LOG] [LandingPage] IntersectionObserver fired for workflow [Object] @ http://localhost:5173/src/components/landing/LandingPage.jsx?t=1787455527518:119
[    1890ms] [LOG] [LandingPage] Loading section: workflow @ http://localhost:5173/src/components/landing/LandingPage.jsx?t=1787455527518:122
[    1891ms] [LOG] [LandingPage] IntersectionObserver fired for repo-narrative [Object] @ http://localhost:5173/src/components/landing/LandingPage.jsx?t=1787455527518:119
[    1891ms] [LOG] [LandingPage] Loading section: repo-narrative @ http://localhost:5173/src/components/landing/LandingPage.jsx?t=1787455527518:122
[    1892ms] [LOG] [LandingPage] IntersectionObserver fired for agency [Object] @ http://localhost:5173/src/components/landing/LandingPage.jsx?t=1787455527518:119
[    1893ms] [LOG] [LandingPage] Loading section: agency @ http://localhost:5173/src/components/landing/LandingPage.jsx?t=1787455527518:122
[    1893ms] [LOG] [LandingPage] IntersectionObserver fired for repo-animated [Object] @ http://localhost:5173/src/components/landing/LandingPage.jsx?t=1787455527518:119
[    1893ms] [LOG] [LandingPage] Loading section: repo-animated @ http://localhost:5173/src/components/landing/LandingPage.jsx?t=1787455527518:122
[    1894ms] [LOG] [LandingPage] IntersectionObserver fired for repo-ecommerce [Object] @ http://localhost:5173/src/components/landing/LandingPage.jsx?t=1787455527518:119
[    1894ms] [LOG] [LandingPage] Loading section: repo-ecommerce @ http://localhost:5173/src/components/landing/LandingPage.jsx?t=1787455527518:122
[    1895ms] [LOG] [LandingPage] IntersectionObserver fired for scrolling [Object] @ http://localhost:5173/src/components/landing/LandingPage.jsx?t=1787455527518:119
[    1895ms] [LOG] [LandingPage] Loading section: scrolling @ http://localhost:5173/src/components/landing/LandingPage.jsx?t=1787455527518:122
[    1895ms] [LOG] [LandingPage] IntersectionObserver fired for repo-reference [Object] @ http://localhost:5173/src/components/landing/LandingPage.jsx?t=1787455527518:119
[    1896ms] [LOG] [LandingPage] Loading section: repo-reference @ http://localhost:5173/src/components/landing/LandingPage.jsx?t=1787455527518:122
[    1896ms] [LOG] [LandingPage] IntersectionObserver fired for repos [Object] @ http://localhost:5173/src/components/landing/LandingPage.jsx?t=1787455527518:119
[    1896ms] [LOG] [LandingPage] Loading section: repos @ http://localhost:5173/src/components/landing/LandingPage.jsx?t=1787455527518:122
[    1897ms] [LOG] [LandingPage] IntersectionObserver fired for value [Object] @ http://localhost:5173/src/components/landing/LandingPage.jsx?t=1787455527518:119
[    1898ms] [LOG] [LandingPage] Loading section: value @ http://localhost:5173/src/components/landing/LandingPage.jsx?t=1787455527518:122
[    1898ms] [LOG] [LandingPage] IntersectionObserver fired for academy [Object] @ http://localhost:5173/src/components/landing/LandingPage.jsx?t=1787455527518:119
[    1898ms] [LOG] [LandingPage] Loading section: academy @ http://localhost:5173/src/components/landing/LandingPage.jsx?t=1787455527518:122
[    1899ms] [LOG] [LandingPage] IntersectionObserver fired for repo-vertical [Object] @ http://localhost:5173/src/components/landing/LandingPage.jsx?t=1787455527518:119
[    1899ms] [LOG] [LandingPage] Loading section: repo-vertical @ http://localhost:5173/src/components/landing/LandingPage.jsx?t=1787455527518:122
[    1899ms] [LOG] [LandingPage] IntersectionObserver fired for gallery [Object] @ http://localhost:5173/src/components/landing/LandingPage.jsx?t=1787455527518:119
[    1900ms] [LOG] [LandingPage] Loading section: gallery @ http://localhost:5173/src/components/landing/LandingPage.jsx?t=1787455527518:122
[    1900ms] [LOG] [LandingPage] IntersectionObserver fired for repo-fashion [Object] @ http://localhost:5173/src/components/landing/LandingPage.jsx?t=1787455527518:119
[    1901ms] [LOG] [LandingPage] Loading section: repo-fashion @ http://localhost:5173/src/components/landing/LandingPage.jsx?t=1787455527518:122
[    1901ms] [LOG] [LandingPage] IntersectionObserver fired for repo-cinema [Object] @ http://localhost:5173/src/components/landing/LandingPage.jsx?t=1787455527518:119
[    1902ms] [LOG] [LandingPage] Loading section: repo-cinema @ http://localhost:5173/src/components/landing/LandingPage.jsx?t=1787455527518:122
[    1902ms] [LOG] [LandingPage] IntersectionObserver fired for comparison [Object] @ http://localhost:5173/src/components/landing/LandingPage.jsx?t=1787455527518:119
[    1902ms] [LOG] [LandingPage] Loading section: comparison @ http://localhost:5173/src/components/landing/LandingPage.jsx?t=1787455527518:122
[    1903ms] [LOG] [LandingPage] IntersectionObserver fired for problem [Object] @ http://localhost:5173/src/components/landing/LandingPage.jsx?t=1787455527518:119
[    1903ms] [LOG] [LandingPage] Loading section: problem @ http://localhost:5173/src/components/landing/LandingPage.jsx?t=1787455527518:122
[    1903ms] [LOG] [LandingPage] IntersectionObserver fired for ugc [Object] @ http://localhost:5173/src/components/landing/LandingPage.jsx?t=1787455527518:119
[    1903ms] [LOG] [LandingPage] Loading section: ugc @ http://localhost:5173/src/components/landing/LandingPage.jsx?t=1787455527518:122
[    1904ms] [LOG] [LandingPage] IntersectionObserver fired for repo-social-ads [Object] @ http://localhost:5173/src/components/landing/LandingPage.jsx?t=1787455527518:119
[    1904ms] [LOG] [LandingPage] Loading section: repo-social-ads @ http://localhost:5173/src/components/landing/LandingPage.jsx?t=1787455527518:122
[    1904ms] [LOG] [LandingPage] IntersectionObserver fired for features [Object] @ http://localhost:5173/src/components/landing/LandingPage.jsx?t=1787455527518:119
[    1905ms] [LOG] [LandingPage] Loading section: features @ http://localhost:5173/src/components/landing/LandingPage.jsx?t=1787455527518:122
[    1905ms] [LOG] [LandingPage] IntersectionObserver fired for cta [Object] @ http://localhost:5173/src/components/landing/LandingPage.jsx?t=1787455527518:119
[    1905ms] [LOG] [LandingPage] Loading section: cta @ http://localhost:5173/src/components/landing/LandingPage.jsx?t=1787455527518:122
[    1905ms] [LOG] [LandingPage] IntersectionObserver fired for hook [Object] @ http://localhost:5173/src/components/landing/LandingPage.jsx?t=1787455527518:119
[    1906ms] [LOG] [LandingPage] Loading section: hook @ http://localhost:5173/src/components/landing/LandingPage.jsx?t=1787455527518:122
[    1931ms] [LOG] [LandingPage] IntersectionObserver fired for repo-vfx [Object] @ http://localhost:5173/src/components/landing/LandingPage.jsx?t=1787455527518:119
[    1931ms] [LOG] [LandingPage] Loading section: repo-vfx @ http://localhost:5173/src/components/landing/LandingPage.jsx?t=1787455527518:122
[    1932ms] [LOG] [LandingPage] IntersectionObserver fired for engines [Object] @ http://localhost:5173/src/components/landing/LandingPage.jsx?t=1787455527518:119
[    1933ms] [LOG] [LandingPage] Loading section: engines @ http://localhost:5173/src/components/landing/LandingPage.jsx?t=1787455527518:122
[    1933ms] [LOG] [LandingPage] IntersectionObserver fired for offer [Object] @ http://localhost:5173/src/components/landing/LandingPage.jsx?t=1787455527518:119
[    1933ms] [LOG] [LandingPage] Loading section: offer @ http://localhost:5173/src/components/landing/LandingPage.jsx?t=1787455527518:122
[    1934ms] [LOG] [LandingPage] IntersectionObserver fired for made-with [Object] @ http://localhost:5173/src/components/landing/LandingPage.jsx?t=1787455527518:119
[    1935ms] [LOG] [LandingPage] Loading section: made-with @ http://localhost:5173/src/components/landing/LandingPage.jsx?t=1787455527518:122
[    1971ms] [ERROR] [popcorn-init] FAILED at: plugin-image TypeError: Class constructor SortableElement cannot be invoked without 'new'
    at http://localhost:5173/components/modals/RetargetOptInModal.jsx?t=1787455527518:26:22 @ http://localhost:5173/src/lib/popcornInit.js?t=1787455527518:55
[    1982ms] [INFO] %cDownload the React DevTools for a better development experience: https://react.dev/link/react-devtools font-weight:bold @ http://localhost:5173/node_modules/.vite/deps/chunk-EEAUBQDT.js?v=93c1ec86:20096
[    1982ms] [ERROR] [ModalSystem] mount failed TypeError: Class constructor SortableElement cannot be invoked without 'new'
    at http://localhost:5173/components/modals/RetargetOptInModal.jsx?t=1787455527518:26:22 @ http://localhost:5173/src/main.js?t=1787455527518:329
[    2247ms] [LOG] [LandingPage] Section loaded: apps @ http://localhost:5173/src/components/landing/LandingPage.jsx?t=1787455527518:141
[    2256ms] [LOG] [LandingPage] Section loaded: scrolling @ http://localhost:5173/src/components/landing/LandingPage.jsx?t=1787455527518:141
[    2262ms] [LOG] [LandingPage] Section loaded: ai-workflow @ http://localhost:5173/src/components/landing/LandingPage.jsx?t=1787455527518:141
[    2263ms] [LOG] [LandingPage] Section loaded: workflow @ http://localhost:5173/src/components/landing/LandingPage.jsx?t=1787455527518:141
[    2479ms] [LOG] [LandingPage] Section loaded: agency @ http://localhost:5173/src/components/landing/LandingPage.jsx?t=1787455527518:141
[    2480ms] [LOG] [LandingPage] Section loaded: value @ http://localhost:5173/src/components/landing/LandingPage.jsx?t=1787455527518:141
[    2482ms] [LOG] [LandingPage] Section loaded: problem @ http://localhost:5173/src/components/landing/LandingPage.jsx?t=1787455527518:141
[    2483ms] [LOG] [LandingPage] Section loaded: cta @ http://localhost:5173/src/components/landing/LandingPage.jsx?t=1787455527518:141
[    2485ms] [LOG] [LandingPage] Section loaded: comparison @ http://localhost:5173/src/components/landing/LandingPage.jsx?t=1787455527518:141
[    2551ms] [LOG] [LandingPage] Section loaded: features @ http://localhost:5173/src/components/landing/LandingPage.jsx?t=1787455527518:141
[    2552ms] [LOG] [LandingPage] Section loaded: hook @ http://localhost:5173/src/components/landing/LandingPage.jsx?t=1787455527518:141
[    2554ms] [LOG] [LandingPage] Section loaded: engines @ http://localhost:5173/src/components/landing/LandingPage.jsx?t=1787455527518:141
[    2556ms] [LOG] [LandingPage] Section loaded: offer @ http://localhost:5173/src/components/landing/LandingPage.jsx?t=1787455527518:141
[    2563ms] [LOG] [LandingPage] Section loaded: gtm-boost @ http://localhost:5173/src/components/landing/LandingPage.jsx?t=1787455527518:141
[    2668ms] [LOG] [LandingPage] Section loaded: repo-kinetic @ http://localhost:5173/src/components/landing/LandingPage.jsx?t=1787455527518:141
[    2673ms] [LOG] [LandingPage] Section loaded: repo-fashion @ http://localhost:5173/src/components/landing/LandingPage.jsx?t=1787455527518:141
[    2683ms] [LOG] [LandingPage] Section loaded: repo-vertical @ http://localhost:5173/src/components/landing/LandingPage.jsx?t=1787455527518:141
[    2691ms] [LOG] [LandingPage] Section loaded: repo-animated @ http://localhost:5173/src/components/landing/LandingPage.jsx?t=1787455527518:141
[    2700ms] [LOG] [LandingPage] Section loaded: repo-vfx @ http://localhost:5173/src/components/landing/LandingPage.jsx?t=1787455527518:141
[    2737ms] [LOG] [LandingPage] Section loaded: repo-cinema @ http://localhost:5173/src/components/landing/LandingPage.jsx?t=1787455527518:141
[    2752ms] [LOG] [LandingPage] Section loaded: repo-animation @ http://localhost:5173/src/components/landing/LandingPage.jsx?t=1787455527518:141
[    3073ms] [LOG] [LandingPage] Section loaded: repo-social-ads @ http://localhost:5173/src/components/landing/LandingPage.jsx?t=1787455527518:141
[    3091ms] [LOG] [LandingPage] Section loaded: repo-narrative @ http://localhost:5173/src/components/landing/LandingPage.jsx?t=1787455527518:141
[    3106ms] [LOG] [LandingPage] Section loaded: repo-ecommerce @ http://localhost:5173/src/components/landing/LandingPage.jsx?t=1787455527518:141
[    3120ms] [LOG] [LandingPage] Section loaded: repo-commercial @ http://localhost:5173/src/components/landing/LandingPage.jsx?t=1787455527518:141
[    3132ms] [LOG] [LandingPage] Section loaded: repo-reference @ http://localhost:5173/src/components/landing/LandingPage.jsx?t=1787455527518:141
[    3136ms] [LOG] [LandingPage] Section loaded: repos @ http://localhost:5173/src/components/landing/LandingPage.jsx?t=1787455527518:141
[    3152ms] [LOG] [LandingPage] Section loaded: academy @ http://localhost:5173/src/components/landing/LandingPage.jsx?t=1787455527518:141
[    3403ms] [LOG] [LandingPage] Section loaded: ugc @ http://localhost:5173/src/components/landing/LandingPage.jsx?t=1787455527518:141
[    3465ms] [LOG] [LandingPage] Section loaded: gallery @ http://localhost:5173/src/components/landing/LandingPage.jsx?t=1787455527518:141
[    3481ms] [LOG] [LandingPage] Section loaded: made-with @ http://localhost:5173/src/components/landing/LandingPage.jsx?t=1787455527518:141
[    3685ms] [ERROR] [popcorn-init] FAILED at: plugin-jsonTransition TypeError: Class constructor SortableElement cannot be invoked without 'new'
    at http://localhost:5173/components/modals/RetargetOptInModal.jsx?t=1787455527518:26:22 @ http://localhost:5173/src/lib/popcornInit.js?t=1787455527518:55
[    3704ms] [ERROR] [popcorn-init] FAILED at: plugin-lottie-json TypeError: Class constructor SortableElement cannot be invoked without 'new'
    at http://localhost:5173/components/modals/RetargetOptInModal.jsx?t=1787455527518:26:22 @ http://localhost:5173/src/lib/popcornInit.js?t=1787455527518:55
[    3720ms] [LOG] [popcorn-init] OK: plugin-json-button @ http://localhost:5173/src/lib/popcornInit.js?t=1787455527518:48
[    3738ms] [ERROR] [popcorn-init] FAILED at: plugin-personalizedImage TypeError: Class constructor SortableElement cannot be invoked without 'new'
    at http://localhost:5173/components/modals/RetargetOptInModal.jsx?t=1787455527518:26:22 @ http://localhost:5173/src/lib/popcornInit.js?t=1787455527518:55
[    3744ms] [ERROR] [popcorn-init] FAILED at: plugin-loopPlugin TypeError: Class constructor SortableElement cannot be invoked without 'new'
    at http://localhost:5173/components/modals/RetargetOptInModal.jsx?t=1787455527518:26:22 @ http://localhost:5173/src/lib/popcornInit.js?t=1787455527518:55
[    3755ms] [ERROR] [popcorn-init] FAILED at: plugin-pausePlugin TypeError: Class constructor SortableElement cannot be invoked without 'new'
    at http://localhost:5173/components/modals/RetargetOptInModal.jsx?t=1787455527518:26:22 @ http://localhost:5173/src/lib/popcornInit.js?t=1787455527518:55
[    3770ms] [ERROR] [popcorn-init] FAILED at: plugin-form TypeError: Class constructor SortableElement cannot be invoked without 'new'
    at http://localhost:5173/components/modals/RetargetOptInModal.jsx?t=1787455527518:26:22 @ http://localhost:5173/src/lib/popcornInit.js?t=1787455527518:55
[    3800ms] [ERROR] [popcorn-init] FAILED at: plugin-retarget TypeError: Class constructor SortableElement cannot be invoked without 'new'
    at http://localhost:5173/components/modals/RetargetOptInModal.jsx?t=1787455527518:26:22 @ http://localhost:5173/src/lib/popcornInit.js?t=1787455527518:55
[    3807ms] [LOG] [popcorn-init] OK: plugin-popup @ http://localhost:5173/src/lib/popcornInit.js?t=1787455527518:48
[    3816ms] [ERROR] [popcorn-init] FAILED at: plugin-sequencer TypeError: Class constructor SortableElement cannot be invoked without 'new'
    at http://localhost:5173/components/modals/RetargetOptInModal.jsx?t=1787455527518:26:22 @ http://localhost:5173/src/lib/popcornInit.js?t=1787455527518:55
[    3821ms] [ERROR] [popcorn-init] FAILED at: plugin-skip TypeError: Class constructor SortableElement cannot be invoked without 'new'
    at http://localhost:5173/components/modals/RetargetOptInModal.jsx?t=1787455527518:26:22 @ http://localhost:5173/src/lib/popcornInit.js?t=1787455527518:55
[    3848ms] [ERROR] [popcorn-init] FAILED at: plugin-text TypeError: Class constructor SortableElement cannot be invoked without 'new'
    at http://localhost:5173/components/modals/RetargetOptInModal.jsx?t=1787455527518:26:22 @ http://localhost:5173/src/lib/popcornInit.js?t=1787455527518:55
[    3858ms] [LOG] [popcorn-init] OK: plugin-social @ http://localhost:5173/src/lib/popcornInit.js?t=1787455527518:48
[    3871ms] [ERROR] [popcorn-init] FAILED at: plugin-jsonAnimation TypeError: Class constructor SortableElement cannot be invoked without 'new'
    at http://localhost:5173/components/modals/RetargetOptInModal.jsx?t=1787455527518:26:22 @ http://localhost:5173/src/lib/popcornInit.js?t=1787455527518:55
[    3887ms] [LOG] [popcorn-init] OK: plugin-videoTransition @ http://localhost:5173/src/lib/popcornInit.js?t=1787455527518:48
[    3893ms] [ERROR] [popcorn-init] FAILED at: plugin-seethroughtext TypeError: Class constructor SortableElement cannot be invoked without 'new'
    at http://localhost:5173/components/modals/RetargetOptInModal.jsx?t=1787455527518:26:22 @ http://localhost:5173/src/lib/popcornInit.js?t=1787455527518:55
[    3906ms] [LOG] [popcorn-init] OK: plugin-wikipedia @ http://localhost:5173/src/lib/popcornInit.js?t=1787455527518:48
[    3937ms] [ERROR] [popcorn-init] FAILED at: plugin-combined TypeError: Class constructor SortableElement cannot be invoked without 'new'
    at http://localhost:5173/components/modals/RetargetOptInModal.jsx?t=1787455527518:26:22 @ http://localhost:5173/src/lib/popcornInit.js?t=1787455527518:55
[    3946ms] [ERROR] [popcorn-init] FAILED at: plugin-background TypeError: Class constructor SortableElement cannot be invoked without 'new'
    at http://localhost:5173/components/modals/RetargetOptInModal.jsx?t=1787455527518:26:22 @ http://localhost:5173/src/lib/popcornInit.js?t=1787455527518:55
[    3949ms] [LOG] [popcorn-init] SUMMARY: 5/20 plugins registered; FAILED: plugin-image, plugin-jsonTransition, plugin-lottie-json, plugin-personalizedImage, plugin-loopPlugin, plugin-pausePlugin, plugin-form, plugin-retarget, plugin-sequencer, plugin-skip, plugin-text, plugin-jsonAnimation, plugin-seethroughtext, plugin-combined, plugin-background @ http://localhost:5173/src/lib/popcornInit.js?t=1787455527518:60
[    3950ms] [LOG] [popcorn] function 5 @ http://localhost:5173/src/main.js?t=1787455527518:4
[   12099ms] [LOG] [App] Starting initialization... @ http://localhost:5173/src/main.js?t=1787455527518:19
[   12126ms] [LOG] [popcorn-init] OK: jquery @ http://localhost:5173/src/lib/popcornInit.js?t=1787455527518:41
[   12130ms] [LOG] [popcorn-init] OK: jquery-textfill @ http://localhost:5173/src/lib/popcornInit.js?t=1787455527518:48
[   12131ms] [LOG] [popcorn-init] OK: popcorn-core @ http://localhost:5173/src/lib/popcornInit.js?t=1787455527518:48
[   12132ms] [LOG] [popcorn-init] OK: popcorn-ie8 @ http://localhost:5173/src/lib/popcornInit.js?t=1787455527518:48
[   12132ms] [LOG] [popcorn-init] OK: wrapper-common @ http://localhost:5173/src/lib/popcornInit.js?t=1787455527518:48
[   12133ms] [LOG] [popcorn-init] OK: wrapper-html5 @ http://localhost:5173/src/lib/popcornInit.js?t=1787455527518:48
[   12133ms] [LOG] [popcorn-init] OK: wrapper-vrview @ http://localhost:5173/src/lib/popcornInit.js?t=1787455527518:48
[   12133ms] [LOG] [popcorn-init] OK: wrapper-adaptive @ http://localhost:5173/src/lib/popcornInit.js?t=1787455527518:48
[   12134ms] [LOG] [popcorn-init] OK: wrapper-null @ http://localhost:5173/src/lib/popcornInit.js?t=1787455527518:48
[   12135ms] [LOG] [popcorn-init] OK: wrapper-soundcloud @ http://localhost:5173/src/lib/popcornInit.js?t=1787455527518:48
[   12135ms] [LOG] [popcorn-init] OK: wrapper-vimeo @ http://localhost:5173/src/lib/popcornInit.js?t=1787455527518:48
[   12136ms] [LOG] [popcorn-init] OK: wrapper-youtube @ http://localhost:5173/src/lib/popcornInit.js?t=1787455527518:48
[   12136ms] [LOG] [popcorn-init] OK: wrapper-jwplayer @ http://localhost:5173/src/lib/popcornInit.js?t=1787455527518:48
[   12136ms] [LOG] [popcorn-init] OK: player-module @ http://localhost:5173/src/lib/popcornInit.js?t=1787455527518:48
[   13288ms] [INFO] %cDownload the React DevTools for a better development experience: https://react.dev/link/react-devtools font-weight:bold @ http://localhost:5173/node_modules/.vite/deps/chunk-EEAUBQDT.js?v=93c1ec86:20096
[   13293ms] [LOG] [App] Initialized in 1194.00ms @ http://localhost:5173/src/main.js?t=1787455527518:164
[   13293ms] [LOG] [App] Navigating to initial page: cinema @ http://localhost:5173/src/main.js?t=1787455527518:165
[   13296ms] [INFO] [App] Dev auth bypass active — skipping setup popup. @ http://localhost:5173/src/main.js?t=1787455527518:176
[   13305ms] [ERROR] [2026-08-23T03:26:17.413Z] [ERROR] Unhandled promise rejection | {"reason":"Assignment to constant variable."} @ http://localhost:5173/src/lib/logger.js:84
[   13305ms] [ERROR] TypeError: Assignment to constant variable.
    at navigate (http://localhost:5173/src/lib/router.js?t=1787455527518:185:16)
    at http://localhost:5173/src/main.js?t=1787455527518:175:5 @ http://localhost:5173/src/lib/logger.js:85
[   13306ms] [ERROR] [Unhandled Promise Rejection] TypeError: Assignment to constant variable.
    at navigate (http://localhost:5173/src/lib/router.js?t=1787455527518:185:16)
    at http://localhost:5173/src/main.js?t=1787455527518:175:5 @ http://localhost:5173/src/main.js?t=1787455527518:33
[   13307ms] [LOG] [Analytics] error {errorType: unhandled_rejection, message: Assignment to constant variable.} @ http://localhost:5173/src/lib/analytics.js:36
[   13420ms] TypeError: Assignment to constant variable.
    at navigate (http://localhost:5173/src/lib/router.js?t=1787455527518:185:16)
    at http://localhost:5173/src/main.js?t=1787455527518:175:5
[   13347ms] [ERROR] [popcorn-init] FAILED at: plugin-image TypeError: Class constructor SortableElement cannot be invoked without 'new'
    at http://localhost:5173/components/modals/RetargetOptInModal.jsx?t=1787455527518:26:22 @ http://localhost:5173/src/lib/popcornInit.js?t=1787455527518:55
[   13347ms] [ERROR] [ModalSystem] mount failed TypeError: Class constructor SortableElement cannot be invoked without 'new'
    at http://localhost:5173/components/modals/RetargetOptInModal.jsx?t=1787455527518:26:22 @ http://localhost:5173/src/main.js?t=1787455527518:329
[   13355ms] [ERROR] [popcorn-init] FAILED at: plugin-jsonTransition TypeError: Class constructor SortableElement cannot be invoked without 'new'
    at http://localhost:5173/components/modals/RetargetOptInModal.jsx?t=1787455527518:26:22 @ http://localhost:5173/src/lib/popcornInit.js?t=1787455527518:55
[   13364ms] [ERROR] [popcorn-init] FAILED at: plugin-lottie-json TypeError: Class constructor SortableElement cannot be invoked without 'new'
    at http://localhost:5173/components/modals/RetargetOptInModal.jsx?t=1787455527518:26:22 @ http://localhost:5173/src/lib/popcornInit.js?t=1787455527518:55
[   13370ms] [LOG] [popcorn-init] OK: plugin-json-button @ http://localhost:5173/src/lib/popcornInit.js?t=1787455527518:48
[   13375ms] [ERROR] [popcorn-init] FAILED at: plugin-personalizedImage TypeError: Class constructor SortableElement cannot be invoked without 'new'
    at http://localhost:5173/components/modals/RetargetOptInModal.jsx?t=1787455527518:26:22 @ http://localhost:5173/src/lib/popcornInit.js?t=1787455527518:55
[   13380ms] [ERROR] [popcorn-init] FAILED at: plugin-loopPlugin TypeError: Class constructor SortableElement cannot be invoked without 'new'
    at http://localhost:5173/components/modals/RetargetOptInModal.jsx?t=1787455527518:26:22 @ http://localhost:5173/src/lib/popcornInit.js?t=1787455527518:55
[   13384ms] [ERROR] [popcorn-init] FAILED at: plugin-pausePlugin TypeError: Class constructor SortableElement cannot be invoked without 'new'
    at http://localhost:5173/components/modals/RetargetOptInModal.jsx?t=1787455527518:26:22 @ http://localhost:5173/src/lib/popcornInit.js?t=1787455527518:55
[   13395ms] [ERROR] [popcorn-init] FAILED at: plugin-form TypeError: Class constructor SortableElement cannot be invoked without 'new'
    at http://localhost:5173/components/modals/RetargetOptInModal.jsx?t=1787455527518:26:22 @ http://localhost:5173/src/lib/popcornInit.js?t=1787455527518:55
[   13406ms] [ERROR] [popcorn-init] FAILED at: plugin-retarget TypeError: Class constructor SortableElement cannot be invoked without 'new'
    at http://localhost:5173/components/modals/RetargetOptInModal.jsx?t=1787455527518:26:22 @ http://localhost:5173/src/lib/popcornInit.js?t=1787455527518:55
[   13413ms] [LOG] [popcorn-init] OK: plugin-popup @ http://localhost:5173/src/lib/popcornInit.js?t=1787455527518:48
[   13417ms] [ERROR] [popcorn-init] FAILED at: plugin-sequencer TypeError: Class constructor SortableElement cannot be invoked without 'new'
    at http://localhost:5173/components/modals/RetargetOptInModal.jsx?t=1787455527518:26:22 @ http://localhost:5173/src/lib/popcornInit.js?t=1787455527518:55
[   13423ms] [ERROR] [popcorn-init] FAILED at: plugin-skip TypeError: Class constructor SortableElement cannot be invoked without 'new'
    at http://localhost:5173/components/modals/RetargetOptInModal.jsx?t=1787455527518:26:22 @ http://localhost:5173/src/lib/popcornInit.js?t=1787455527518:55
[   13442ms] [ERROR] [popcorn-init] FAILED at: plugin-text TypeError: Class constructor SortableElement cannot be invoked without 'new'
    at http://localhost:5173/components/modals/RetargetOptInModal.jsx?t=1787455527518:26:22 @ http://localhost:5173/src/lib/popcornInit.js?t=1787455527518:55
[   13448ms] [LOG] [popcorn-init] OK: plugin-social @ http://localhost:5173/src/lib/popcornInit.js?t=1787455527518:48
[   13453ms] [ERROR] [popcorn-init] FAILED at: plugin-jsonAnimation TypeError: Class constructor SortableElement cannot be invoked without 'new'
    at http://localhost:5173/components/modals/RetargetOptInModal.jsx?t=1787455527518:26:22 @ http://localhost:5173/src/lib/popcornInit.js?t=1787455527518:55
[   13464ms] [LOG] [popcorn-init] OK: plugin-videoTransition @ http://localhost:5173/src/lib/popcornInit.js?t=1787455527518:48
[   13468ms] [ERROR] [popcorn-init] FAILED at: plugin-seethroughtext TypeError: Class constructor SortableElement cannot be invoked without 'new'
    at http://localhost:5173/components/modals/RetargetOptInModal.jsx?t=1787455527518:26:22 @ http://localhost:5173/src/lib/popcornInit.js?t=1787455527518:55
[   13473ms] [LOG] [popcorn-init] OK: plugin-wikipedia @ http://localhost:5173/src/lib/popcornInit.js?t=1787455527518:48
[   13483ms] [ERROR] [popcorn-init] FAILED at: plugin-combined TypeError: Class constructor SortableElement cannot be invoked without 'new'
    at http://localhost:5173/components/modals/RetargetOptInModal.jsx?t=1787455527518:26:22 @ http://localhost:5173/src/lib/popcornInit.js?t=1787455527518:55
[   13487ms] [ERROR] [popcorn-init] FAILED at: plugin-background TypeError: Class constructor SortableElement cannot be invoked without 'new'
    at http://localhost:5173/components/modals/RetargetOptInModal.jsx?t=1787455527518:26:22 @ http://localhost:5173/src/lib/popcornInit.js?t=1787455527518:55
[   13487ms] [LOG] [popcorn-init] SUMMARY: 5/20 plugins registered; FAILED: plugin-image, plugin-jsonTransition, plugin-lottie-json, plugin-personalizedImage, plugin-loopPlugin, plugin-pausePlugin, plugin-form, plugin-retarget, plugin-sequencer, plugin-skip, plugin-text, plugin-jsonAnimation, plugin-seethroughtext, plugin-combined, plugin-background @ http://localhost:5173/src/lib/popcornInit.js?t=1787455527518:60
[   13487ms] [LOG] [popcorn] function 5 @ http://localhost:5173/src/main.js?t=1787455527518:4
[   13703ms] [WARNING] Clerk: Clerk has been loaded with development keys. Development instances have strict usage limits and should not be used when deploying your application to production. Learn more: https://clerk.com/docs/deployments/overview @ https://clerk.smartvid.app/npm/@clerk/clerk-js@6/dist/clerk.browser.js:11
[   13859ms] [ERROR] Failed to load resource: the server responded with a status of 400 () @ https://clerk.smartvid.app/v1/environment?__clerk_api_version=2026-05-12&_clerk_js_version=6.29.2&_method=PATCH:0
[   55596ms] [LOG] [App] Starting initialization... @ http://localhost:5173/src/main.js?t=1787455608644:19
[   55643ms] [LOG] [popcorn-init] OK: jquery @ http://localhost:5173/src/lib/popcornInit.js?t=1787455608644:41
[   55645ms] [LOG] [popcorn-init] OK: jquery-textfill @ http://localhost:5173/src/lib/popcornInit.js?t=1787455608644:48
[   55648ms] [LOG] [popcorn-init] OK: popcorn-core @ http://localhost:5173/src/lib/popcornInit.js?t=1787455608644:48
[   55652ms] [LOG] [popcorn-init] OK: popcorn-ie8 @ http://localhost:5173/src/lib/popcornInit.js?t=1787455608644:48
[   55653ms] [LOG] [popcorn-init] OK: wrapper-common @ http://localhost:5173/src/lib/popcornInit.js?t=1787455608644:48
[   55655ms] [LOG] [popcorn-init] OK: wrapper-html5 @ http://localhost:5173/src/lib/popcornInit.js?t=1787455608644:48
[   55655ms] [LOG] [popcorn-init] OK: wrapper-vrview @ http://localhost:5173/src/lib/popcornInit.js?t=1787455608644:48
[   55656ms] [LOG] [popcorn-init] OK: wrapper-adaptive @ http://localhost:5173/src/lib/popcornInit.js?t=1787455608644:48
[   55658ms] [LOG] [popcorn-init] OK: wrapper-null @ http://localhost:5173/src/lib/popcornInit.js?t=1787455608644:48
[   55659ms] [LOG] [popcorn-init] OK: wrapper-soundcloud @ http://localhost:5173/src/lib/popcornInit.js?t=1787455608644:48
[   55660ms] [LOG] [popcorn-init] OK: wrapper-vimeo @ http://localhost:5173/src/lib/popcornInit.js?t=1787455608644:48
[   55660ms] [LOG] [popcorn-init] OK: wrapper-youtube @ http://localhost:5173/src/lib/popcornInit.js?t=1787455608644:48
[   55661ms] [LOG] [popcorn-init] OK: wrapper-jwplayer @ http://localhost:5173/src/lib/popcornInit.js?t=1787455608644:48
[   55662ms] [LOG] [popcorn-init] OK: player-module @ http://localhost:5173/src/lib/popcornInit.js?t=1787455608644:48
[   56305ms] [INFO] %cDownload the React DevTools for a better development experience: https://react.dev/link/react-devtools font-weight:bold @ http://localhost:5173/node_modules/.vite/deps/chunk-EEAUBQDT.js?v=93c1ec86:20096
[   56316ms] [LOG] [App] Initialized in 719.00ms @ http://localhost:5173/src/main.js?t=1787455608644:164
[   56316ms] [LOG] [App] Navigating to initial page: cinema @ http://localhost:5173/src/main.js?t=1787455608644:165
[   56316ms] [INFO] [App] Dev auth bypass active — skipping setup popup. @ http://localhost:5173/src/main.js?t=1787455608644:176
[   56337ms] [ERROR] [2026-08-23T03:27:00.445Z] [ERROR] Unhandled promise rejection | {"reason":"Assignment to constant variable."} @ http://localhost:5173/src/lib/logger.js:84
[   56337ms] [ERROR] TypeError: Assignment to constant variable.
    at navigate (http://localhost:5173/src/lib/router.js?t=1787455527518:185:16)
    at http://localhost:5173/src/main.js?t=1787455608644:175:5 @ http://localhost:5173/src/lib/logger.js:85
[   56342ms] [ERROR] [Unhandled Promise Rejection] TypeError: Assignment to constant variable.
    at navigate (http://localhost:5173/src/lib/router.js?t=1787455527518:185:16)
    at http://localhost:5173/src/main.js?t=1787455608644:175:5 @ http://localhost:5173/src/main.js?t=1787455608644:33
[   56342ms] [LOG] [Analytics] error {errorType: unhandled_rejection, message: Assignment to constant variable.} @ http://localhost:5173/src/lib/analytics.js:36
[   56435ms] TypeError: Assignment to constant variable.
    at navigate (http://localhost:5173/src/lib/router.js?t=1787455527518:185:16)
    at http://localhost:5173/src/main.js?t=1787455608644:175:5
[   57551ms] [LOG] [App] Starting initialization... @ http://localhost:5173/src/main.js?t=1787455608644:19
[   57571ms] [LOG] [popcorn-init] OK: jquery @ http://localhost:5173/src/lib/popcornInit.js?t=1787455608644:41
[   57572ms] [LOG] [popcorn-init] OK: jquery-textfill @ http://localhost:5173/src/lib/popcornInit.js?t=1787455608644:48
[   57575ms] [LOG] [popcorn-init] OK: popcorn-core @ http://localhost:5173/src/lib/popcornInit.js?t=1787455608644:48
[   57576ms] [LOG] [popcorn-init] OK: popcorn-ie8 @ http://localhost:5173/src/lib/popcornInit.js?t=1787455608644:48
[   57576ms] [LOG] [popcorn-init] OK: wrapper-common @ http://localhost:5173/src/lib/popcornInit.js?t=1787455608644:48
[   57577ms] [LOG] [popcorn-init] OK: wrapper-html5 @ http://localhost:5173/src/lib/popcornInit.js?t=1787455608644:48
[   57577ms] [LOG] [popcorn-init] OK: wrapper-vrview @ http://localhost:5173/src/lib/popcornInit.js?t=1787455608644:48
[   57578ms] [LOG] [popcorn-init] OK: wrapper-adaptive @ http://localhost:5173/src/lib/popcornInit.js?t=1787455608644:48
[   57579ms] [LOG] [popcorn-init] OK: wrapper-null @ http://localhost:5173/src/lib/popcornInit.js?t=1787455608644:48
[   57580ms] [LOG] [popcorn-init] OK: wrapper-soundcloud @ http://localhost:5173/src/lib/popcornInit.js?t=1787455608644:48
[   57581ms] [LOG] [popcorn-init] OK: wrapper-vimeo @ http://localhost:5173/src/lib/popcornInit.js?t=1787455608644:48
[   57582ms] [LOG] [popcorn-init] OK: wrapper-youtube @ http://localhost:5173/src/lib/popcornInit.js?t=1787455608644:48
[   57582ms] [LOG] [popcorn-init] OK: wrapper-jwplayer @ http://localhost:5173/src/lib/popcornInit.js?t=1787455608644:48
[   57582ms] [LOG] [popcorn-init] OK: player-module @ http://localhost:5173/src/lib/popcornInit.js?t=1787455608644:48
[   57909ms] [INFO] %cDownload the React DevTools for a better development experience: https://react.dev/link/react-devtools font-weight:bold @ http://localhost:5173/node_modules/.vite/deps/chunk-EEAUBQDT.js?v=93c1ec86:20096
[   57915ms] [LOG] [App] Initialized in 363.50ms @ http://localhost:5173/src/main.js?t=1787455608644:164
[   57915ms] [LOG] [App] Navigating to initial page: cinema @ http://localhost:5173/src/main.js?t=1787455608644:165
[   57915ms] [INFO] [App] Dev auth bypass active — skipping setup popup. @ http://localhost:5173/src/main.js?t=1787455608644:176
[   57923ms] [ERROR] [2026-08-23T03:27:02.031Z] [ERROR] Unhandled promise rejection | {"reason":"Assignment to constant variable."} @ http://localhost:5173/src/lib/logger.js:84
[   57923ms] [ERROR] TypeError: Assignment to constant variable.
    at navigate (http://localhost:5173/src/lib/router.js?t=1787455527518:185:16)
    at http://localhost:5173/src/main.js?t=1787455608644:175:5 @ http://localhost:5173/src/lib/logger.js:85
[   57924ms] [ERROR] [Unhandled Promise Rejection] TypeError: Assignment to constant variable.
    at navigate (http://localhost:5173/src/lib/router.js?t=1787455527518:185:16)
    at http://localhost:5173/src/main.js?t=1787455608644:175:5 @ http://localhost:5173/src/main.js?t=1787455608644:33
[   57924ms] [LOG] [Analytics] error {errorType: unhandled_rejection, message: Assignment to constant variable.} @ http://localhost:5173/src/lib/analytics.js:36
[   58093ms] TypeError: Assignment to constant variable.
    at navigate (http://localhost:5173/src/lib/router.js?t=1787455527518:185:16)
    at http://localhost:5173/src/main.js?t=1787455608644:175:5
[   59620ms] [ERROR] [popcorn-init] FAILED at: plugin-image TypeError: Class constructor SortableElement cannot be invoked without 'new'
    at http://localhost:5173/components/modals/RetargetOptInModal.jsx?t=1787455608644:26:22 @ http://localhost:5173/src/lib/popcornInit.js?t=1787455608644:55
[   59620ms] [ERROR] [ModalSystem] mount failed TypeError: Class constructor SortableElement cannot be invoked without 'new'
    at http://localhost:5173/components/modals/RetargetOptInModal.jsx?t=1787455608644:26:22 @ http://localhost:5173/src/main.js?t=1787455608644:329
[   59649ms] [ERROR] [popcorn-init] FAILED at: plugin-jsonTransition TypeError: Class constructor SortableElement cannot be invoked without 'new'
    at http://localhost:5173/components/modals/RetargetOptInModal.jsx?t=1787455608644:26:22 @ http://localhost:5173/src/lib/popcornInit.js?t=1787455608644:55
[   59677ms] [ERROR] [popcorn-init] FAILED at: plugin-lottie-json TypeError: Class constructor SortableElement cannot be invoked without 'new'
    at http://localhost:5173/components/modals/RetargetOptInModal.jsx?t=1787455608644:26:22 @ http://localhost:5173/src/lib/popcornInit.js?t=1787455608644:55
[   59709ms] [LOG] [popcorn-init] OK: plugin-json-button @ http://localhost:5173/src/lib/popcornInit.js?t=1787455608644:48
[   59723ms] [WARNING] Clerk: Clerk has been loaded with development keys. Development instances have strict usage limits and should not be used when deploying your application to production. Learn more: https://clerk.com/docs/deployments/overview @ https://clerk.smartvid.app/npm/@clerk/clerk-js@6/dist/clerk.browser.js:11
[   59733ms] [ERROR] [popcorn-init] FAILED at: plugin-personalizedImage TypeError: Class constructor SortableElement cannot be invoked without 'new'
    at http://localhost:5173/components/modals/RetargetOptInModal.jsx?t=1787455608644:26:22 @ http://localhost:5173/src/lib/popcornInit.js?t=1787455608644:55
[   59757ms] [ERROR] [popcorn-init] FAILED at: plugin-loopPlugin TypeError: Class constructor SortableElement cannot be invoked without 'new'
    at http://localhost:5173/components/modals/RetargetOptInModal.jsx?t=1787455608644:26:22 @ http://localhost:5173/src/lib/popcornInit.js?t=1787455608644:55
[   59768ms] [ERROR] [popcorn-init] FAILED at: plugin-pausePlugin TypeError: Class constructor SortableElement cannot be invoked without 'new'
    at http://localhost:5173/components/modals/RetargetOptInModal.jsx?t=1787455608644:26:22 @ http://localhost:5173/src/lib/popcornInit.js?t=1787455608644:55
[   59802ms] [ERROR] [popcorn-init] FAILED at: plugin-form TypeError: Class constructor SortableElement cannot be invoked without 'new'
    at http://localhost:5173/components/modals/RetargetOptInModal.jsx?t=1787455608644:26:22 @ http://localhost:5173/src/lib/popcornInit.js?t=1787455608644:55
[   59814ms] [ERROR] Failed to load resource: the server responded with a status of 400 () @ https://clerk.smartvid.app/v1/environment?__clerk_api_version=2026-05-12&_clerk_js_version=6.29.2&_method=PATCH:0
[   59881ms] [ERROR] [popcorn-init] FAILED at: plugin-retarget TypeError: Class constructor SortableElement cannot be invoked without 'new'
    at http://localhost:5173/components/modals/RetargetOptInModal.jsx?t=1787455608644:26:22 @ http://localhost:5173/src/lib/popcornInit.js?t=1787455608644:55
[   59910ms] [LOG] [popcorn-init] OK: plugin-popup @ http://localhost:5173/src/lib/popcornInit.js?t=1787455608644:48
[   59920ms] [ERROR] [popcorn-init] FAILED at: plugin-sequencer TypeError: Class constructor SortableElement cannot be invoked without 'new'
    at http://localhost:5173/components/modals/RetargetOptInModal.jsx?t=1787455608644:26:22 @ http://localhost:5173/src/lib/popcornInit.js?t=1787455608644:55
[   59931ms] [ERROR] [popcorn-init] FAILED at: plugin-skip TypeError: Class constructor SortableElement cannot be invoked without 'new'
    at http://localhost:5173/components/modals/RetargetOptInModal.jsx?t=1787455608644:26:22 @ http://localhost:5173/src/lib/popcornInit.js?t=1787455608644:55
[   59960ms] [ERROR] [popcorn-init] FAILED at: plugin-text TypeError: Class constructor SortableElement cannot be invoked without 'new'
    at http://localhost:5173/components/modals/RetargetOptInModal.jsx?t=1787455608644:26:22 @ http://localhost:5173/src/lib/popcornInit.js?t=1787455608644:55
[   59977ms] [LOG] [popcorn-init] OK: plugin-social @ http://localhost:5173/src/lib/popcornInit.js?t=1787455608644:48
[   59985ms] [ERROR] [popcorn-init] FAILED at: plugin-jsonAnimation TypeError: Class constructor SortableElement cannot be invoked without 'new'
    at http://localhost:5173/components/modals/RetargetOptInModal.jsx?t=1787455608644:26:22 @ http://localhost:5173/src/lib/popcornInit.js?t=1787455608644:55
[   60005ms] [LOG] [popcorn-init] OK: plugin-videoTransition @ http://localhost:5173/src/lib/popcornInit.js?t=1787455608644:48
[   60014ms] [ERROR] [popcorn-init] FAILED at: plugin-seethroughtext TypeError: Class constructor SortableElement cannot be invoked without 'new'
    at http://localhost:5173/components/modals/RetargetOptInModal.jsx?t=1787455608644:26:22 @ http://localhost:5173/src/lib/popcornInit.js?t=1787455608644:55
[   60024ms] [LOG] [popcorn-init] OK: plugin-wikipedia @ http://localhost:5173/src/lib/popcornInit.js?t=1787455608644:48
[   60030ms] [ERROR] [popcorn-init] FAILED at: plugin-combined TypeError: Class constructor SortableElement cannot be invoked without 'new'
    at http://localhost:5173/components/modals/RetargetOptInModal.jsx?t=1787455608644:26:22 @ http://localhost:5173/src/lib/popcornInit.js?t=1787455608644:55
[   60040ms] [ERROR] [popcorn-init] FAILED at: plugin-background TypeError: Class constructor SortableElement cannot be invoked without 'new'
    at http://localhost:5173/components/modals/RetargetOptInModal.jsx?t=1787455608644:26:22 @ http://localhost:5173/src/lib/popcornInit.js?t=1787455608644:55
[   60040ms] [LOG] [popcorn-init] SUMMARY: 5/20 plugins registered; FAILED: plugin-image, plugin-jsonTransition, plugin-lottie-json, plugin-personalizedImage, plugin-loopPlugin, plugin-pausePlugin, plugin-form, plugin-retarget, plugin-sequencer, plugin-skip, plugin-text, plugin-jsonAnimation, plugin-seethroughtext, plugin-combined, plugin-background @ http://localhost:5173/src/lib/popcornInit.js?t=1787455608644:60
[   60040ms] [LOG] [popcorn] function 5 @ http://localhost:5173/src/main.js?t=1787455608644:4
[   84841ms] [LOG] [App] Starting initialization... @ http://localhost:5173/src/main.js?t=1787455646113:19
[   84869ms] [LOG] [popcorn-init] OK: jquery @ http://localhost:5173/src/lib/popcornInit.js?t=1787455646113:41
[   84870ms] [LOG] [popcorn-init] OK: jquery-textfill @ http://localhost:5173/src/lib/popcornInit.js?t=1787455646113:48
[   84872ms] [LOG] [popcorn-init] OK: popcorn-core @ http://localhost:5173/src/lib/popcornInit.js?t=1787455646113:48
[   84872ms] [LOG] [popcorn-init] OK: popcorn-ie8 @ http://localhost:5173/src/lib/popcornInit.js?t=1787455646113:48
[   84874ms] [LOG] [popcorn-init] OK: wrapper-common @ http://localhost:5173/src/lib/popcornInit.js?t=1787455646113:48
[   84875ms] [LOG] [popcorn-init] OK: wrapper-html5 @ http://localhost:5173/src/lib/popcornInit.js?t=1787455646113:48
[   84876ms] [LOG] [popcorn-init] OK: wrapper-vrview @ http://localhost:5173/src/lib/popcornInit.js?t=1787455646113:48
[   84876ms] [LOG] [popcorn-init] OK: wrapper-adaptive @ http://localhost:5173/src/lib/popcornInit.js?t=1787455646113:48
[   84877ms] [LOG] [popcorn-init] OK: wrapper-null @ http://localhost:5173/src/lib/popcornInit.js?t=1787455646113:48
[   84877ms] [LOG] [popcorn-init] OK: wrapper-soundcloud @ http://localhost:5173/src/lib/popcornInit.js?t=1787455646113:48
[   84878ms] [LOG] [popcorn-init] OK: wrapper-vimeo @ http://localhost:5173/src/lib/popcornInit.js?t=1787455646113:48
[   84878ms] [LOG] [popcorn-init] OK: wrapper-youtube @ http://localhost:5173/src/lib/popcornInit.js?t=1787455646113:48
[   84879ms] [LOG] [popcorn-init] OK: wrapper-jwplayer @ http://localhost:5173/src/lib/popcornInit.js?t=1787455646113:48
[   84881ms] [LOG] [popcorn-init] OK: player-module @ http://localhost:5173/src/lib/popcornInit.js?t=1787455646113:48
[   85580ms] [INFO] %cDownload the React DevTools for a better development experience: https://react.dev/link/react-devtools font-weight:bold @ http://localhost:5173/node_modules/.vite/deps/chunk-EEAUBQDT.js?v=93c1ec86:20096
[   85587ms] [LOG] [App] Initialized in 745.90ms @ http://localhost:5173/src/main.js?t=1787455646113:164
[   85588ms] [LOG] [App] Navigating to initial page: cinema @ http://localhost:5173/src/main.js?t=1787455646113:165
[   85589ms] [INFO] [App] Dev auth bypass active — skipping setup popup. @ http://localhost:5173/src/main.js?t=1787455646113:176
[   85596ms] [ERROR] [2026-08-23T03:27:29.705Z] [ERROR] Unhandled promise rejection | {"reason":"Assignment to constant variable."} @ http://localhost:5173/src/lib/logger.js:84
[   85596ms] [ERROR] TypeError: Assignment to constant variable.
    at navigate (http://localhost:5173/src/lib/router.js?t=1787455646113:185:16)
    at http://localhost:5173/src/main.js?t=1787455646113:175:5 @ http://localhost:5173/src/lib/logger.js:85
[   85603ms] [ERROR] [Unhandled Promise Rejection] TypeError: Assignment to constant variable.
    at navigate (http://localhost:5173/src/lib/router.js?t=1787455646113:185:16)
    at http://localhost:5173/src/main.js?t=1787455646113:175:5 @ http://localhost:5173/src/main.js?t=1787455646113:33
[   85603ms] [LOG] [Analytics] error {errorType: unhandled_rejection, message: Assignment to constant variable.} @ http://localhost:5173/src/lib/analytics.js:36
[   86440ms] TypeError: Assignment to constant variable.
    at navigate (http://localhost:5173/src/lib/router.js?t=1787455646113:185:16)
    at http://localhost:5173/src/main.js?t=1787455646113:175:5
[   87008ms] [ERROR] [ModalSystem] mount failed TypeError: Class constructor SortableElement cannot be invoked without 'new'
    at http://localhost:5173/components/modals/RetargetOptInModal.jsx?t=1787455646113:26:22 @ http://localhost:5173/src/main.js?t=1787455646113:329
[   87011ms] [ERROR] [popcorn-init] FAILED at: plugin-image TypeError: Class constructor SortableElement cannot be invoked without 'new'
    at http://localhost:5173/components/modals/RetargetOptInModal.jsx?t=1787455646113:26:22 @ http://localhost:5173/src/lib/popcornInit.js?t=1787455646113:55
[   87060ms] [ERROR] [popcorn-init] FAILED at: plugin-jsonTransition TypeError: Class constructor SortableElement cannot be invoked without 'new'
    at http://localhost:5173/components/modals/RetargetOptInModal.jsx?t=1787455646113:26:22 @ http://localhost:5173/src/lib/popcornInit.js?t=1787455646113:55
[   87074ms] [ERROR] [popcorn-init] FAILED at: plugin-lottie-json TypeError: Class constructor SortableElement cannot be invoked without 'new'
    at http://localhost:5173/components/modals/RetargetOptInModal.jsx?t=1787455646113:26:22 @ http://localhost:5173/src/lib/popcornInit.js?t=1787455646113:55
[   87083ms] [LOG] [popcorn-init] OK: plugin-json-button @ http://localhost:5173/src/lib/popcornInit.js?t=1787455646113:48
[   87092ms] [ERROR] [popcorn-init] FAILED at: plugin-personalizedImage TypeError: Class constructor SortableElement cannot be invoked without 'new'
    at http://localhost:5173/components/modals/RetargetOptInModal.jsx?t=1787455646113:26:22 @ http://localhost:5173/src/lib/popcornInit.js?t=1787455646113:55
[   87098ms] [ERROR] [popcorn-init] FAILED at: plugin-loopPlugin TypeError: Class constructor SortableElement cannot be invoked without 'new'
    at http://localhost:5173/components/modals/RetargetOptInModal.jsx?t=1787455646113:26:22 @ http://localhost:5173/src/lib/popcornInit.js?t=1787455646113:55
[   87105ms] [ERROR] [popcorn-init] FAILED at: plugin-pausePlugin TypeError: Class constructor SortableElement cannot be invoked without 'new'
    at http://localhost:5173/components/modals/RetargetOptInModal.jsx?t=1787455646113:26:22 @ http://localhost:5173/src/lib/popcornInit.js?t=1787455646113:55
[   87120ms] [ERROR] [popcorn-init] FAILED at: plugin-form TypeError: Class constructor SortableElement cannot be invoked without 'new'
    at http://localhost:5173/components/modals/RetargetOptInModal.jsx?t=1787455646113:26:22 @ http://localhost:5173/src/lib/popcornInit.js?t=1787455646113:55
[   87150ms] [ERROR] [popcorn-init] FAILED at: plugin-retarget TypeError: Class constructor SortableElement cannot be invoked without 'new'
    at http://localhost:5173/components/modals/RetargetOptInModal.jsx?t=1787455646113:26:22 @ http://localhost:5173/src/lib/popcornInit.js?t=1787455646113:55
[   87159ms] [LOG] [popcorn-init] OK: plugin-popup @ http://localhost:5173/src/lib/popcornInit.js?t=1787455646113:48
[   87170ms] [ERROR] [popcorn-init] FAILED at: plugin-sequencer TypeError: Class constructor SortableElement cannot be invoked without 'new'
    at http://localhost:5173/components/modals/RetargetOptInModal.jsx?t=1787455646113:26:22 @ http://localhost:5173/src/lib/popcornInit.js?t=1787455646113:55
[   87176ms] [ERROR] [popcorn-init] FAILED at: plugin-skip TypeError: Class constructor SortableElement cannot be invoked without 'new'
    at http://localhost:5173/components/modals/RetargetOptInModal.jsx?t=1787455646113:26:22 @ http://localhost:5173/src/lib/popcornInit.js?t=1787455646113:55
[   87194ms] [WARNING] Clerk: Clerk has been loaded with development keys. Development instances have strict usage limits and should not be used when deploying your application to production. Learn more: https://clerk.com/docs/deployments/overview @ https://clerk.smartvid.app/npm/@clerk/clerk-js@6/dist/clerk.browser.js:11
[   87214ms] [ERROR] [popcorn-init] FAILED at: plugin-text TypeError: Class constructor SortableElement cannot be invoked without 'new'
    at http://localhost:5173/components/modals/RetargetOptInModal.jsx?t=1787455646113:26:22 @ http://localhost:5173/src/lib/popcornInit.js?t=1787455646113:55
[   87224ms] [LOG] [popcorn-init] OK: plugin-social @ http://localhost:5173/src/lib/popcornInit.js?t=1787455646113:48
[   87232ms] [ERROR] [popcorn-init] FAILED at: plugin-jsonAnimation TypeError: Class constructor SortableElement cannot be invoked without 'new'
    at http://localhost:5173/components/modals/RetargetOptInModal.jsx?t=1787455646113:26:22 @ http://localhost:5173/src/lib/popcornInit.js?t=1787455646113:55
[   87251ms] [LOG] [popcorn-init] OK: plugin-videoTransition @ http://localhost:5173/src/lib/popcornInit.js?t=1787455646113:48
[   87261ms] [ERROR] [popcorn-init] FAILED at: plugin-seethroughtext TypeError: Class constructor SortableElement cannot be invoked without 'new'
    at http://localhost:5173/components/modals/RetargetOptInModal.jsx?t=1787455646113:26:22 @ http://localhost:5173/src/lib/popcornInit.js?t=1787455646113:55
[   87269ms] [LOG] [popcorn-init] OK: plugin-wikipedia @ http://localhost:5173/src/lib/popcornInit.js?t=1787455646113:48
[   87281ms] [ERROR] [popcorn-init] FAILED at: plugin-combined TypeError: Class constructor SortableElement cannot be invoked without 'new'
    at http://localhost:5173/components/modals/RetargetOptInModal.jsx?t=1787455646113:26:22 @ http://localhost:5173/src/lib/popcornInit.js?t=1787455646113:55
[   87290ms] [ERROR] [popcorn-init] FAILED at: plugin-background TypeError: Class constructor SortableElement cannot be invoked without 'new'
    at http://localhost:5173/components/modals/RetargetOptInModal.jsx?t=1787455646113:26:22 @ http://localhost:5173/src/lib/popcornInit.js?t=1787455646113:55
[   87290ms] [LOG] [popcorn-init] SUMMARY: 5/20 plugins registered; FAILED: plugin-image, plugin-jsonTransition, plugin-lottie-json, plugin-personalizedImage, plugin-loopPlugin, plugin-pausePlugin, plugin-form, plugin-retarget, plugin-sequencer, plugin-skip, plugin-text, plugin-jsonAnimation, plugin-seethroughtext, plugin-combined, plugin-background @ http://localhost:5173/src/lib/popcornInit.js?t=1787455646113:60
[   87290ms] [LOG] [popcorn] function 5 @ http://localhost:5173/src/main.js?t=1787455646113:4
[   87294ms] [ERROR] Failed to load resource: the server responded with a status of 400 () @ https://clerk.smartvid.app/v1/environment?__clerk_api_version=2026-05-12&_clerk_js_version=6.29.2&_method=PATCH:0
[   88734ms] [LOG] [App] Starting initialization... @ http://localhost:5173/src/main.js?t=1787455646113:19
[   88794ms] [LOG] [popcorn-init] OK: jquery @ http://localhost:5173/src/lib/popcornInit.js?t=1787455646113:41
[   88797ms] [LOG] [popcorn-init] OK: jquery-textfill @ http://localhost:5173/src/lib/popcornInit.js?t=1787455646113:48
[   88800ms] [LOG] [popcorn-init] OK: popcorn-core @ http://localhost:5173/src/lib/popcornInit.js?t=1787455646113:48
[   88802ms] [LOG] [popcorn-init] OK: popcorn-ie8 @ http://localhost:5173/src/lib/popcornInit.js?t=1787455646113:48
[   88803ms] [LOG] [popcorn-init] OK: wrapper-common @ http://localhost:5173/src/lib/popcornInit.js?t=1787455646113:48
[   88804ms] [LOG] [popcorn-init] OK: wrapper-html5 @ http://localhost:5173/src/lib/popcornInit.js?t=1787455646113:48
[   88805ms] [LOG] [popcorn-init] OK: wrapper-vrview @ http://localhost:5173/src/lib/popcornInit.js?t=1787455646113:48
[   88807ms] [LOG] [popcorn-init] OK: wrapper-adaptive @ http://localhost:5173/src/lib/popcornInit.js?t=1787455646113:48
[   88809ms] [LOG] [popcorn-init] OK: wrapper-null @ http://localhost:5173/src/lib/popcornInit.js?t=1787455646113:48
[   88809ms] [LOG] [popcorn-init] OK: wrapper-soundcloud @ http://localhost:5173/src/lib/popcornInit.js?t=1787455646113:48
[   88810ms] [LOG] [popcorn-init] OK: wrapper-vimeo @ http://localhost:5173/src/lib/popcornInit.js?t=1787455646113:48
[   88811ms] [LOG] [popcorn-init] OK: wrapper-youtube @ http://localhost:5173/src/lib/popcornInit.js?t=1787455646113:48
[   88811ms] [LOG] [popcorn-init] OK: wrapper-jwplayer @ http://localhost:5173/src/lib/popcornInit.js?t=1787455646113:48
[   88811ms] [LOG] [popcorn-init] OK: player-module @ http://localhost:5173/src/lib/popcornInit.js?t=1787455646113:48
[   88988ms] [INFO] %cDownload the React DevTools for a better development experience: https://react.dev/link/react-devtools font-weight:bold @ http://localhost:5173/node_modules/.vite/deps/chunk-EEAUBQDT.js?v=93c1ec86:20096
[   88992ms] [LOG] [App] Initialized in 255.80ms @ http://localhost:5173/src/main.js?t=1787455646113:164
[   88992ms] [LOG] [App] Navigating to initial page: cinema @ http://localhost:5173/src/main.js?t=1787455646113:165
[   88992ms] [INFO] [App] Dev auth bypass active — skipping setup popup. @ http://localhost:5173/src/main.js?t=1787455646113:176
[   89007ms] [ERROR] [2026-08-23T03:27:33.115Z] [ERROR] Unhandled promise rejection | {"reason":"Assignment to constant variable."} @ http://localhost:5173/src/lib/logger.js:84
[   89007ms] [ERROR] TypeError: Assignment to constant variable.
    at navigate (http://localhost:5173/src/lib/router.js?t=1787455646113:185:16)
    at http://localhost:5173/src/main.js?t=1787455646113:175:5 @ http://localhost:5173/src/lib/logger.js:85
[   89008ms] [ERROR] [Unhandled Promise Rejection] TypeError: Assignment to constant variable.
    at navigate (http://localhost:5173/src/lib/router.js?t=1787455646113:185:16)
    at http://localhost:5173/src/main.js?t=1787455646113:175:5 @ http://localhost:5173/src/main.js?t=1787455646113:33
[   89008ms] [LOG] [Analytics] error {errorType: unhandled_rejection, message: Assignment to constant variable.} @ http://localhost:5173/src/lib/analytics.js:36
[   89225ms] TypeError: Assignment to constant variable.
    at navigate (http://localhost:5173/src/lib/router.js?t=1787455646113:185:16)
    at http://localhost:5173/src/main.js?t=1787455646113:175:5
[   90826ms] [ERROR] [ModalSystem] mount failed TypeError: Class constructor SortableElement cannot be invoked without 'new'
    at http://localhost:5173/components/modals/RetargetOptInModal.jsx?t=1787455646113:26:22 @ http://localhost:5173/src/main.js?t=1787455646113:329
[   90828ms] [ERROR] [popcorn-init] FAILED at: plugin-image TypeError: Class constructor SortableElement cannot be invoked without 'new'
    at http://localhost:5173/components/modals/RetargetOptInModal.jsx?t=1787455646113:26:22 @ http://localhost:5173/src/lib/popcornInit.js?t=1787455646113:55
[   90863ms] [ERROR] [popcorn-init] FAILED at: plugin-jsonTransition TypeError: Class constructor SortableElement cannot be invoked without 'new'
    at http://localhost:5173/components/modals/RetargetOptInModal.jsx?t=1787455646113:26:22 @ http://localhost:5173/src/lib/popcornInit.js?t=1787455646113:55
[   90894ms] [ERROR] [popcorn-init] FAILED at: plugin-lottie-json TypeError: Class constructor SortableElement cannot be invoked without 'new'
    at http://localhost:5173/components/modals/RetargetOptInModal.jsx?t=1787455646113:26:22 @ http://localhost:5173/src/lib/popcornInit.js?t=1787455646113:55
[   90905ms] [LOG] [popcorn-init] OK: plugin-json-button @ http://localhost:5173/src/lib/popcornInit.js?t=1787455646113:48
[   90907ms] [WARNING] Clerk: Clerk has been loaded with development keys. Development instances have strict usage limits and should not be used when deploying your application to production. Learn more: https://clerk.com/docs/deployments/overview @ https://clerk.smartvid.app/npm/@clerk/clerk-js@6/dist/clerk.browser.js:11
[   90925ms] [ERROR] [popcorn-init] FAILED at: plugin-personalizedImage TypeError: Class constructor SortableElement cannot be invoked without 'new'
    at http://localhost:5173/components/modals/RetargetOptInModal.jsx?t=1787455646113:26:22 @ http://localhost:5173/src/lib/popcornInit.js?t=1787455646113:55
[   90930ms] [ERROR] [popcorn-init] FAILED at: plugin-loopPlugin TypeError: Class constructor SortableElement cannot be invoked without 'new'
    at http://localhost:5173/components/modals/RetargetOptInModal.jsx?t=1787455646113:26:22 @ http://localhost:5173/src/lib/popcornInit.js?t=1787455646113:55
[   90939ms] [ERROR] [popcorn-init] FAILED at: plugin-pausePlugin TypeError: Class constructor SortableElement cannot be invoked without 'new'
    at http://localhost:5173/components/modals/RetargetOptInModal.jsx?t=1787455646113:26:22 @ http://localhost:5173/src/lib/popcornInit.js?t=1787455646113:55
[   90966ms] [ERROR] [popcorn-init] FAILED at: plugin-form TypeError: Class constructor SortableElement cannot be invoked without 'new'
    at http://localhost:5173/components/modals/RetargetOptInModal.jsx?t=1787455646113:26:22 @ http://localhost:5173/src/lib/popcornInit.js?t=1787455646113:55
[   90995ms] [ERROR] Failed to load resource: the server responded with a status of 400 () @ https://clerk.smartvid.app/v1/environment?__clerk_api_version=2026-05-12&_clerk_js_version=6.29.2&_method=PATCH:0
[   91015ms] [ERROR] [popcorn-init] FAILED at: plugin-retarget TypeError: Class constructor SortableElement cannot be invoked without 'new'
    at http://localhost:5173/components/modals/RetargetOptInModal.jsx?t=1787455646113:26:22 @ http://localhost:5173/src/lib/popcornInit.js?t=1787455646113:55
[   91059ms] [LOG] [popcorn-init] OK: plugin-popup @ http://localhost:5173/src/lib/popcornInit.js?t=1787455646113:48
[   91094ms] [ERROR] [popcorn-init] FAILED at: plugin-sequencer TypeError: Class constructor SortableElement cannot be invoked without 'new'
    at http://localhost:5173/components/modals/RetargetOptInModal.jsx?t=1787455646113:26:22 @ http://localhost:5173/src/lib/popcornInit.js?t=1787455646113:55
[   91110ms] [ERROR] [popcorn-init] FAILED at: plugin-skip TypeError: Class constructor SortableElement cannot be invoked without 'new'
    at http://localhost:5173/components/modals/RetargetOptInModal.jsx?t=1787455646113:26:22 @ http://localhost:5173/src/lib/popcornInit.js?t=1787455646113:55
[   91131ms] [ERROR] [popcorn-init] FAILED at: plugin-text TypeError: Class constructor SortableElement cannot be invoked without 'new'
    at http://localhost:5173/components/modals/RetargetOptInModal.jsx?t=1787455646113:26:22 @ http://localhost:5173/src/lib/popcornInit.js?t=1787455646113:55
[   91140ms] [LOG] [popcorn-init] OK: plugin-social @ http://localhost:5173/src/lib/popcornInit.js?t=1787455646113:48
[   91146ms] [ERROR] [popcorn-init] FAILED at: plugin-jsonAnimation TypeError: Class constructor SortableElement cannot be invoked without 'new'
    at http://localhost:5173/components/modals/RetargetOptInModal.jsx?t=1787455646113:26:22 @ http://localhost:5173/src/lib/popcornInit.js?t=1787455646113:55
[   91160ms] [LOG] [popcorn-init] OK: plugin-videoTransition @ http://localhost:5173/src/lib/popcornInit.js?t=1787455646113:48
[   91165ms] [ERROR] [popcorn-init] FAILED at: plugin-seethroughtext TypeError: Class constructor SortableElement cannot be invoked without 'new'
    at http://localhost:5173/components/modals/RetargetOptInModal.jsx?t=1787455646113:26:22 @ http://localhost:5173/src/lib/popcornInit.js?t=1787455646113:55
[   91293ms] [LOG] [popcorn-init] OK: plugin-wikipedia @ http://localhost:5173/src/lib/popcornInit.js?t=1787455646113:48
[   91299ms] [ERROR] [popcorn-init] FAILED at: plugin-combined TypeError: Class constructor SortableElement cannot be invoked without 'new'
    at http://localhost:5173/components/modals/RetargetOptInModal.jsx?t=1787455646113:26:22 @ http://localhost:5173/src/lib/popcornInit.js?t=1787455646113:55
[   91309ms] [ERROR] [popcorn-init] FAILED at: plugin-background TypeError: Class constructor SortableElement cannot be invoked without 'new'
    at http://localhost:5173/components/modals/RetargetOptInModal.jsx?t=1787455646113:26:22 @ http://localhost:5173/src/lib/popcornInit.js?t=1787455646113:55
[   91309ms] [LOG] [popcorn-init] SUMMARY: 5/20 plugins registered; FAILED: plugin-image, plugin-jsonTransition, plugin-lottie-json, plugin-personalizedImage, plugin-loopPlugin, plugin-pausePlugin, plugin-form, plugin-retarget, plugin-sequencer, plugin-skip, plugin-text, plugin-jsonAnimation, plugin-seethroughtext, plugin-combined, plugin-background @ http://localhost:5173/src/lib/popcornInit.js?t=1787455646113:60
[   91309ms] [LOG] [popcorn] function 5 @ http://localhost:5173/src/main.js?t=1787455646113:4
[  116398ms] [LOG] [App] Starting initialization... @ http://localhost:5173/src/main.js?t=1787455646113:19
[  116410ms] [LOG] [popcorn-init] OK: jquery @ http://localhost:5173/src/lib/popcornInit.js?t=1787455646113:41
[  116412ms] [LOG] [popcorn-init] OK: jquery-textfill @ http://localhost:5173/src/lib/popcornInit.js?t=1787455646113:48
[  116414ms] [LOG] [popcorn-init] OK: popcorn-core @ http://localhost:5173/src/lib/popcornInit.js?t=1787455646113:48
[  116415ms] [LOG] [popcorn-init] OK: popcorn-ie8 @ http://localhost:5173/src/lib/popcornInit.js?t=1787455646113:48
[  116416ms] [LOG] [popcorn-init] OK: wrapper-common @ http://localhost:5173/src/lib/popcornInit.js?t=1787455646113:48
[  116416ms] [LOG] [popcorn-init] OK: wrapper-html5 @ http://localhost:5173/src/lib/popcornInit.js?t=1787455646113:48
[  116417ms] [LOG] [popcorn-init] OK: wrapper-vrview @ http://localhost:5173/src/lib/popcornInit.js?t=1787455646113:48
[  116418ms] [LOG] [popcorn-init] OK: wrapper-adaptive @ http://localhost:5173/src/lib/popcornInit.js?t=1787455646113:48
[  116418ms] [LOG] [popcorn-init] OK: wrapper-null @ http://localhost:5173/src/lib/popcornInit.js?t=1787455646113:48
[  116418ms] [LOG] [popcorn-init] OK: wrapper-soundcloud @ http://localhost:5173/src/lib/popcornInit.js?t=1787455646113:48
[  116419ms] [LOG] [popcorn-init] OK: wrapper-vimeo @ http://localhost:5173/src/lib/popcornInit.js?t=1787455646113:48
[  116420ms] [LOG] [popcorn-init] OK: wrapper-youtube @ http://localhost:5173/src/lib/popcornInit.js?t=1787455646113:48
[  116420ms] [LOG] [popcorn-init] OK: wrapper-jwplayer @ http://localhost:5173/src/lib/popcornInit.js?t=1787455646113:48
[  116458ms] [LOG] [popcorn-init] OK: player-module @ http://localhost:5173/src/lib/popcornInit.js?t=1787455646113:48
[  116783ms] [INFO] %cDownload the React DevTools for a better development experience: https://react.dev/link/react-devtools font-weight:bold @ http://localhost:5173/node_modules/.vite/deps/chunk-EEAUBQDT.js?v=93c1ec86:20096
[  116788ms] [LOG] [App] Initialized in 389.60ms @ http://localhost:5173/src/main.js?t=1787455646113:164
[  116788ms] [LOG] [App] Navigating to initial page: cinema @ http://localhost:5173/src/main.js?t=1787455646113:165
[  116788ms] [INFO] [App] Dev auth bypass active — skipping setup popup. @ http://localhost:5173/src/main.js?t=1787455646113:176
[  116791ms] [ERROR] [2026-08-23T03:28:00.899Z] [ERROR] Unhandled promise rejection | {"reason":"Assignment to constant variable."} @ http://localhost:5173/src/lib/logger.js:84
[  116791ms] [ERROR] TypeError: Assignment to constant variable.
    at navigate (http://localhost:5173/src/lib/router.js?t=1787455646113:185:16)
    at http://localhost:5173/src/main.js?t=1787455646113:175:5 @ http://localhost:5173/src/lib/logger.js:85
[  116793ms] [ERROR] [Unhandled Promise Rejection] TypeError: Assignment to constant variable.
    at navigate (http://localhost:5173/src/lib/router.js?t=1787455646113:185:16)
    at http://localhost:5173/src/main.js?t=1787455646113:175:5 @ http://localhost:5173/src/main.js?t=1787455646113:33
[  116793ms] [LOG] [Analytics] error {errorType: unhandled_rejection, message: Assignment to constant variable.} @ http://localhost:5173/src/lib/analytics.js:36
[  117744ms] TypeError: Assignment to constant variable.
    at navigate (http://localhost:5173/src/lib/router.js?t=1787455646113:185:16)
    at http://localhost:5173/src/main.js?t=1787455646113:175:5
[  118195ms] [ERROR] [popcorn-init] FAILED at: plugin-image TypeError: Class constructor SortableElement cannot be invoked without 'new'
    at http://localhost:5173/components/modals/RetargetOptInModal.jsx?t=1787455646113:26:22 @ http://localhost:5173/src/lib/popcornInit.js?t=1787455646113:55
[  118196ms] [ERROR] [ModalSystem] mount failed TypeError: Class constructor SortableElement cannot be invoked without 'new'
    at http://localhost:5173/components/modals/RetargetOptInModal.jsx?t=1787455646113:26:22 @ http://localhost:5173/src/main.js?t=1787455646113:329
[  118210ms] [ERROR] [popcorn-init] FAILED at: plugin-jsonTransition TypeError: Class constructor SortableElement cannot be invoked without 'new'
    at http://localhost:5173/components/modals/RetargetOptInModal.jsx?t=1787455646113:26:22 @ http://localhost:5173/src/lib/popcornInit.js?t=1787455646113:55
[  118237ms] [ERROR] [popcorn-init] FAILED at: plugin-lottie-json TypeError: Class constructor SortableElement cannot be invoked without 'new'
    at http://localhost:5173/components/modals/RetargetOptInModal.jsx?t=1787455646113:26:22 @ http://localhost:5173/src/lib/popcornInit.js?t=1787455646113:55
[  118249ms] [LOG] [popcorn-init] OK: plugin-json-button @ http://localhost:5173/src/lib/popcornInit.js?t=1787455646113:48
[  118258ms] [ERROR] [popcorn-init] FAILED at: plugin-personalizedImage TypeError: Class constructor SortableElement cannot be invoked without 'new'
    at http://localhost:5173/components/modals/RetargetOptInModal.jsx?t=1787455646113:26:22 @ http://localhost:5173/src/lib/popcornInit.js?t=1787455646113:55
[  118289ms] [ERROR] [popcorn-init] FAILED at: plugin-loopPlugin TypeError: Class constructor SortableElement cannot be invoked without 'new'
    at http://localhost:5173/components/modals/RetargetOptInModal.jsx?t=1787455646113:26:22 @ http://localhost:5173/src/lib/popcornInit.js?t=1787455646113:55
[  118295ms] [ERROR] [popcorn-init] FAILED at: plugin-pausePlugin TypeError: Class constructor SortableElement cannot be invoked without 'new'
    at http://localhost:5173/components/modals/RetargetOptInModal.jsx?t=1787455646113:26:22 @ http://localhost:5173/src/lib/popcornInit.js?t=1787455646113:55
[  118298ms] [WARNING] Clerk: Clerk has been loaded with development keys. Development instances have strict usage limits and should not be used when deploying your application to production. Learn more: https://clerk.com/docs/deployments/overview @ https://clerk.smartvid.app/npm/@clerk/clerk-js@6/dist/clerk.browser.js:11
[  118323ms] [ERROR] [popcorn-init] FAILED at: plugin-form TypeError: Class constructor SortableElement cannot be invoked without 'new'
    at http://localhost:5173/components/modals/RetargetOptInModal.jsx?t=1787455646113:26:22 @ http://localhost:5173/src/lib/popcornInit.js?t=1787455646113:55
[  118337ms] [ERROR] [popcorn-init] FAILED at: plugin-retarget TypeError: Class constructor SortableElement cannot be invoked without 'new'
    at http://localhost:5173/components/modals/RetargetOptInModal.jsx?t=1787455646113:26:22 @ http://localhost:5173/src/lib/popcornInit.js?t=1787455646113:55
[  118345ms] [LOG] [popcorn-init] OK: plugin-popup @ http://localhost:5173/src/lib/popcornInit.js?t=1787455646113:48
[  118352ms] [ERROR] [popcorn-init] FAILED at: plugin-sequencer TypeError: Class constructor SortableElement cannot be invoked without 'new'
    at http://localhost:5173/components/modals/RetargetOptInModal.jsx?t=1787455646113:26:22 @ http://localhost:5173/src/lib/popcornInit.js?t=1787455646113:55
[  118359ms] [ERROR] [popcorn-init] FAILED at: plugin-skip TypeError: Class constructor SortableElement cannot be invoked without 'new'
    at http://localhost:5173/components/modals/RetargetOptInModal.jsx?t=1787455646113:26:22 @ http://localhost:5173/src/lib/popcornInit.js?t=1787455646113:55
[  118386ms] [ERROR] Failed to load resource: the server responded with a status of 400 () @ https://clerk.smartvid.app/v1/environment?__clerk_api_version=2026-05-12&_clerk_js_version=6.29.2&_method=PATCH:0
[  118401ms] [ERROR] [popcorn-init] FAILED at: plugin-text TypeError: Class constructor SortableElement cannot be invoked without 'new'
    at http://localhost:5173/components/modals/RetargetOptInModal.jsx?t=1787455646113:26:22 @ http://localhost:5173/src/lib/popcornInit.js?t=1787455646113:55
[  118481ms] [LOG] [popcorn-init] OK: plugin-social @ http://localhost:5173/src/lib/popcornInit.js?t=1787455646113:48
[  118505ms] [ERROR] [popcorn-init] FAILED at: plugin-jsonAnimation TypeError: Class constructor SortableElement cannot be invoked without 'new'
    at http://localhost:5173/components/modals/RetargetOptInModal.jsx?t=1787455646113:26:22 @ http://localhost:5173/src/lib/popcornInit.js?t=1787455646113:55
[  118547ms] [LOG] [popcorn-init] OK: plugin-videoTransition @ http://localhost:5173/src/lib/popcornInit.js?t=1787455646113:48
[  118567ms] [ERROR] [popcorn-init] FAILED at: plugin-seethroughtext TypeError: Class constructor SortableElement cannot be invoked without 'new'
    at http://localhost:5173/components/modals/RetargetOptInModal.jsx?t=1787455646113:26:22 @ http://localhost:5173/src/lib/popcornInit.js?t=1787455646113:55
[  118589ms] [LOG] [popcorn-init] OK: plugin-wikipedia @ http://localhost:5173/src/lib/popcornInit.js?t=1787455646113:48
[  118598ms] [ERROR] [popcorn-init] FAILED at: plugin-combined TypeError: Class constructor SortableElement cannot be invoked without 'new'
    at http://localhost:5173/components/modals/RetargetOptInModal.jsx?t=1787455646113:26:22 @ http://localhost:5173/src/lib/popcornInit.js?t=1787455646113:55
[  118611ms] [ERROR] [popcorn-init] FAILED at: plugin-background TypeError: Class constructor SortableElement cannot be invoked without 'new'
    at http://localhost:5173/components/modals/RetargetOptInModal.jsx?t=1787455646113:26:22 @ http://localhost:5173/src/lib/popcornInit.js?t=1787455646113:55
[  118611ms] [LOG] [popcorn-init] SUMMARY: 5/20 plugins registered; FAILED: plugin-image, plugin-jsonTransition, plugin-lottie-json, plugin-personalizedImage, plugin-loopPlugin, plugin-pausePlugin, plugin-form, plugin-retarget, plugin-sequencer, plugin-skip, plugin-text, plugin-jsonAnimation, plugin-seethroughtext, plugin-combined, plugin-background @ http://localhost:5173/src/lib/popcornInit.js?t=1787455646113:60
[  118611ms] [LOG] [popcorn] function 5 @ http://localhost:5173/src/main.js?t=1787455646113:4
[  137622ms] [LOG] [App] Starting initialization... @ http://localhost:5173/src/main.js?t=1787455698791:19
[  137638ms] [LOG] [popcorn-init] OK: jquery @ http://localhost:5173/src/lib/popcornInit.js?t=1787455698791:41
[  137640ms] [LOG] [popcorn-init] OK: jquery-textfill @ http://localhost:5173/src/lib/popcornInit.js?t=1787455698791:48
[  137641ms] [LOG] [popcorn-init] OK: popcorn-core @ http://localhost:5173/src/lib/popcornInit.js?t=1787455698791:48
[  137641ms] [LOG] [popcorn-init] OK: popcorn-ie8 @ http://localhost:5173/src/lib/popcornInit.js?t=1787455698791:48
[  137642ms] [LOG] [popcorn-init] OK: wrapper-common @ http://localhost:5173/src/lib/popcornInit.js?t=1787455698791:48
[  137642ms] [LOG] [popcorn-init] OK: wrapper-html5 @ http://localhost:5173/src/lib/popcornInit.js?t=1787455698791:48
[  137643ms] [LOG] [popcorn-init] OK: wrapper-vrview @ http://localhost:5173/src/lib/popcornInit.js?t=1787455698791:48
[  137643ms] [LOG] [popcorn-init] OK: wrapper-adaptive @ http://localhost:5173/src/lib/popcornInit.js?t=1787455698791:48
[  137644ms] [LOG] [popcorn-init] OK: wrapper-null @ http://localhost:5173/src/lib/popcornInit.js?t=1787455698791:48
[  137645ms] [LOG] [popcorn-init] OK: wrapper-soundcloud @ http://localhost:5173/src/lib/popcornInit.js?t=1787455698791:48
[  137645ms] [LOG] [popcorn-init] OK: wrapper-vimeo @ http://localhost:5173/src/lib/popcornInit.js?t=1787455698791:48
[  137646ms] [LOG] [popcorn-init] OK: wrapper-youtube @ http://localhost:5173/src/lib/popcornInit.js?t=1787455698791:48
[  137646ms] [LOG] [popcorn-init] OK: wrapper-jwplayer @ http://localhost:5173/src/lib/popcornInit.js?t=1787455698791:48
[  137647ms] [LOG] [popcorn-init] OK: player-module @ http://localhost:5173/src/lib/popcornInit.js?t=1787455698791:48
[  138258ms] [INFO] %cDownload the React DevTools for a better development experience: https://react.dev/link/react-devtools font-weight:bold @ http://localhost:5173/node_modules/.vite/deps/chunk-EEAUBQDT.js?v=93c1ec86:20096
[  138261ms] [LOG] [App] Initialized in 638.80ms @ http://localhost:5173/src/main.js?t=1787455698791:164
[  138261ms] [LOG] [App] Navigating to initial page: cinema @ http://localhost:5173/src/main.js?t=1787455698791:165
[  138261ms] [INFO] [App] Dev auth bypass active — skipping setup popup. @ http://localhost:5173/src/main.js?t=1787455698791:176
[  138265ms] [ERROR] [2026-08-23T03:28:22.374Z] [ERROR] Unhandled promise rejection | {"reason":"Assignment to constant variable."} @ http://localhost:5173/src/lib/logger.js:84
[  138265ms] [ERROR] TypeError: Assignment to constant variable.
    at navigate (http://localhost:5173/src/lib/router.js?t=1787455698791:185:16)
    at http://localhost:5173/src/main.js?t=1787455698791:175:5 @ http://localhost:5173/src/lib/logger.js:85
[  138266ms] [ERROR] [Unhandled Promise Rejection] TypeError: Assignment to constant variable.
    at navigate (http://localhost:5173/src/lib/router.js?t=1787455698791:185:16)
    at http://localhost:5173/src/main.js?t=1787455698791:175:5 @ http://localhost:5173/src/main.js?t=1787455698791:33
[  138267ms] [LOG] [Analytics] error {errorType: unhandled_rejection, message: Assignment to constant variable.} @ http://localhost:5173/src/lib/analytics.js:36
[  138495ms] TypeError: Assignment to constant variable.
    at navigate (http://localhost:5173/src/lib/router.js?t=1787455698791:185:16)
    at http://localhost:5173/src/main.js?t=1787455698791:175:5
[  139465ms] [WARNING] Clerk: Clerk has been loaded with development keys. Development instances have strict usage limits and should not be used when deploying your application to production. Learn more: https://clerk.com/docs/deployments/overview @ https://clerk.smartvid.app/npm/@clerk/clerk-js@6/dist/clerk.browser.js:11
[  139479ms] [ERROR] [ModalSystem] mount failed TypeError: Class constructor SortableElement cannot be invoked without 'new'
    at http://localhost:5173/components/modals/RetargetOptInModal.jsx?t=1787455698791:26:22 @ http://localhost:5173/src/main.js?t=1787455698791:329
[  139483ms] [ERROR] [popcorn-init] FAILED at: plugin-image TypeError: Class constructor SortableElement cannot be invoked without 'new'
    at http://localhost:5173/components/modals/RetargetOptInModal.jsx?t=1787455698791:26:22 @ http://localhost:5173/src/lib/popcornInit.js?t=1787455698791:55
[  139508ms] [ERROR] [popcorn-init] FAILED at: plugin-jsonTransition TypeError: Class constructor SortableElement cannot be invoked without 'new'
    at http://localhost:5173/components/modals/RetargetOptInModal.jsx?t=1787455698791:26:22 @ http://localhost:5173/src/lib/popcornInit.js?t=1787455698791:55
[  139518ms] [ERROR] [popcorn-init] FAILED at: plugin-lottie-json TypeError: Class constructor SortableElement cannot be invoked without 'new'
    at http://localhost:5173/components/modals/RetargetOptInModal.jsx?t=1787455698791:26:22 @ http://localhost:5173/src/lib/popcornInit.js?t=1787455698791:55
[  139527ms] [LOG] [popcorn-init] OK: plugin-json-button @ http://localhost:5173/src/lib/popcornInit.js?t=1787455698791:48
[  139535ms] [ERROR] [popcorn-init] FAILED at: plugin-personalizedImage TypeError: Class constructor SortableElement cannot be invoked without 'new'
    at http://localhost:5173/components/modals/RetargetOptInModal.jsx?t=1787455698791:26:22 @ http://localhost:5173/src/lib/popcornInit.js?t=1787455698791:55
[  139542ms] [ERROR] [popcorn-init] FAILED at: plugin-loopPlugin TypeError: Class constructor SortableElement cannot be invoked without 'new'
    at http://localhost:5173/components/modals/RetargetOptInModal.jsx?t=1787455698791:26:22 @ http://localhost:5173/src/lib/popcornInit.js?t=1787455698791:55
[  139545ms] [ERROR] Failed to load resource: the server responded with a status of 400 () @ https://clerk.smartvid.app/v1/environment?__clerk_api_version=2026-05-12&_clerk_js_version=6.29.2&_method=PATCH:0
[  139589ms] [ERROR] [popcorn-init] FAILED at: plugin-pausePlugin TypeError: Class constructor SortableElement cannot be invoked without 'new'
    at http://localhost:5173/components/modals/RetargetOptInModal.jsx?t=1787455698791:26:22 @ http://localhost:5173/src/lib/popcornInit.js?t=1787455698791:55
[  139609ms] [ERROR] [popcorn-init] FAILED at: plugin-form TypeError: Class constructor SortableElement cannot be invoked without 'new'
    at http://localhost:5173/components/modals/RetargetOptInModal.jsx?t=1787455698791:26:22 @ http://localhost:5173/src/lib/popcornInit.js?t=1787455698791:55
[  139624ms] [ERROR] [popcorn-init] FAILED at: plugin-retarget TypeError: Class constructor SortableElement cannot be invoked without 'new'
    at http://localhost:5173/components/modals/RetargetOptInModal.jsx?t=1787455698791:26:22 @ http://localhost:5173/src/lib/popcornInit.js?t=1787455698791:55
[  139630ms] [LOG] [popcorn-init] OK: plugin-popup @ http://localhost:5173/src/lib/popcornInit.js?t=1787455698791:48
[  139638ms] [ERROR] [popcorn-init] FAILED at: plugin-sequencer TypeError: Class constructor SortableElement cannot be invoked without 'new'
    at http://localhost:5173/components/modals/RetargetOptInModal.jsx?t=1787455698791:26:22 @ http://localhost:5173/src/lib/popcornInit.js?t=1787455698791:55
[  139643ms] [ERROR] [popcorn-init] FAILED at: plugin-skip TypeError: Class constructor SortableElement cannot be invoked without 'new'
    at http://localhost:5173/components/modals/RetargetOptInModal.jsx?t=1787455698791:26:22 @ http://localhost:5173/src/lib/popcornInit.js?t=1787455698791:55
[  139664ms] [ERROR] [popcorn-init] FAILED at: plugin-text TypeError: Class constructor SortableElement cannot be invoked without 'new'
    at http://localhost:5173/components/modals/RetargetOptInModal.jsx?t=1787455698791:26:22 @ http://localhost:5173/src/lib/popcornInit.js?t=1787455698791:55
[  139672ms] [LOG] [popcorn-init] OK: plugin-social @ http://localhost:5173/src/lib/popcornInit.js?t=1787455698791:48
[  139678ms] [ERROR] [popcorn-init] FAILED at: plugin-jsonAnimation TypeError: Class constructor SortableElement cannot be invoked without 'new'
    at http://localhost:5173/components/modals/RetargetOptInModal.jsx?t=1787455698791:26:22 @ http://localhost:5173/src/lib/popcornInit.js?t=1787455698791:55
[  139697ms] [LOG] [popcorn-init] OK: plugin-videoTransition @ http://localhost:5173/src/lib/popcornInit.js?t=1787455698791:48
[  139705ms] [ERROR] [popcorn-init] FAILED at: plugin-seethroughtext TypeError: Class constructor SortableElement cannot be invoked without 'new'
    at http://localhost:5173/components/modals/RetargetOptInModal.jsx?t=1787455698791:26:22 @ http://localhost:5173/src/lib/popcornInit.js?t=1787455698791:55
[  139709ms] [LOG] [popcorn-init] OK: plugin-wikipedia @ http://localhost:5173/src/lib/popcornInit.js?t=1787455698791:48
[  139714ms] [ERROR] [popcorn-init] FAILED at: plugin-combined TypeError: Class constructor SortableElement cannot be invoked without 'new'
    at http://localhost:5173/components/modals/RetargetOptInModal.jsx?t=1787455698791:26:22 @ http://localhost:5173/src/lib/popcornInit.js?t=1787455698791:55
[  139721ms] [ERROR] [popcorn-init] FAILED at: plugin-background TypeError: Class constructor SortableElement cannot be invoked without 'new'
    at http://localhost:5173/components/modals/RetargetOptInModal.jsx?t=1787455698791:26:22 @ http://localhost:5173/src/lib/popcornInit.js?t=1787455698791:55
[  139721ms] [LOG] [popcorn-init] SUMMARY: 5/20 plugins registered; FAILED: plugin-image, plugin-jsonTransition, plugin-lottie-json, plugin-personalizedImage, plugin-loopPlugin, plugin-pausePlugin, plugin-form, plugin-retarget, plugin-sequencer, plugin-skip, plugin-text, plugin-jsonAnimation, plugin-seethroughtext, plugin-combined, plugin-background @ http://localhost:5173/src/lib/popcornInit.js?t=1787455698791:60
[  139721ms] [LOG] [popcorn] function 5 @ http://localhost:5173/src/main.js?t=1787455698791:4
[  166658ms] [LOG] [App] Starting initialization... @ http://localhost:5173/src/main.js?t=1787455727154:19
[  166674ms] [LOG] [popcorn-init] OK: jquery @ http://localhost:5173/src/lib/popcornInit.js?t=1787455727154:41
[  166675ms] [LOG] [popcorn-init] OK: jquery-textfill @ http://localhost:5173/src/lib/popcornInit.js?t=1787455727154:48
[  166677ms] [LOG] [popcorn-init] OK: popcorn-core @ http://localhost:5173/src/lib/popcornInit.js?t=1787455727154:48
[  166679ms] [LOG] [popcorn-init] OK: popcorn-ie8 @ http://localhost:5173/src/lib/popcornInit.js?t=1787455727154:48
[  166680ms] [LOG] [popcorn-init] OK: wrapper-common @ http://localhost:5173/src/lib/popcornInit.js?t=1787455727154:48
[  166681ms] [LOG] [popcorn-init] OK: wrapper-html5 @ http://localhost:5173/src/lib/popcornInit.js?t=1787455727154:48
[  166682ms] [LOG] [popcorn-init] OK: wrapper-vrview @ http://localhost:5173/src/lib/popcornInit.js?t=1787455727154:48
[  166683ms] [LOG] [popcorn-init] OK: wrapper-adaptive @ http://localhost:5173/src/lib/popcornInit.js?t=1787455727154:48
[  166684ms] [LOG] [popcorn-init] OK: wrapper-null @ http://localhost:5173/src/lib/popcornInit.js?t=1787455727154:48
[  166684ms] [LOG] [popcorn-init] OK: wrapper-soundcloud @ http://localhost:5173/src/lib/popcornInit.js?t=1787455727154:48
[  166685ms] [LOG] [popcorn-init] OK: wrapper-vimeo @ http://localhost:5173/src/lib/popcornInit.js?t=1787455727154:48
[  166685ms] [LOG] [popcorn-init] OK: wrapper-youtube @ http://localhost:5173/src/lib/popcornInit.js?t=1787455727154:48
[  166685ms] [LOG] [popcorn-init] OK: wrapper-jwplayer @ http://localhost:5173/src/lib/popcornInit.js?t=1787455727154:48
[  166686ms] [LOG] [popcorn-init] OK: player-module @ http://localhost:5173/src/lib/popcornInit.js?t=1787455727154:48
[  167497ms] [INFO] %cDownload the React DevTools for a better development experience: https://react.dev/link/react-devtools font-weight:bold @ http://localhost:5173/node_modules/.vite/deps/chunk-EEAUBQDT.js?v=93c1ec86:20096
[  167501ms] [LOG] [App] Initialized in 842.90ms @ http://localhost:5173/src/main.js?t=1787455727154:164
[  167501ms] [LOG] [App] Navigating to initial page: cinema @ http://localhost:5173/src/main.js?t=1787455727154:165
[  167502ms] [INFO] [App] Dev auth bypass active — skipping setup popup. @ http://localhost:5173/src/main.js?t=1787455727154:176
[  167507ms] [ERROR] [2026-08-23T03:28:51.616Z] [ERROR] Unhandled promise rejection | {"reason":"Assignment to constant variable."} @ http://localhost:5173/src/lib/logger.js:84
[  167507ms] [ERROR] TypeError: Assignment to constant variable.
    at navigate (http://localhost:5173/src/lib/router.js?t=1787455727154:185:16)
    at http://localhost:5173/src/main.js?t=1787455727154:175:5 @ http://localhost:5173/src/lib/logger.js:85
[  167508ms] [ERROR] [Unhandled Promise Rejection] TypeError: Assignment to constant variable.
    at navigate (http://localhost:5173/src/lib/router.js?t=1787455727154:185:16)
    at http://localhost:5173/src/main.js?t=1787455727154:175:5 @ http://localhost:5173/src/main.js?t=1787455727154:33
[  167508ms] [LOG] [Analytics] error {errorType: unhandled_rejection, message: Assignment to constant variable.} @ http://localhost:5173/src/lib/analytics.js:36
[  168633ms] TypeError: Assignment to constant variable.
    at navigate (http://localhost:5173/src/lib/router.js?t=1787455727154:185:16)
    at http://localhost:5173/src/main.js?t=1787455727154:175:5
[  168405ms] [ERROR] [popcorn-init] FAILED at: plugin-image TypeError: Class constructor SortableElement cannot be invoked without 'new'
    at http://localhost:5173/components/modals/RetargetOptInModal.jsx?t=1787455727154:26:22 @ http://localhost:5173/src/lib/popcornInit.js?t=1787455727154:55
[  168406ms] [ERROR] [ModalSystem] mount failed TypeError: Class constructor SortableElement cannot be invoked without 'new'
    at http://localhost:5173/components/modals/RetargetOptInModal.jsx?t=1787455727154:26:22 @ http://localhost:5173/src/main.js?t=1787455727154:329
[  168409ms] [WARNING] Clerk: Clerk has been loaded with development keys. Development instances have strict usage limits and should not be used when deploying your application to production. Learn more: https://clerk.com/docs/deployments/overview @ https://clerk.smartvid.app/npm/@clerk/clerk-js@6/dist/clerk.browser.js:11
[  168437ms] [ERROR] [popcorn-init] FAILED at: plugin-jsonTransition TypeError: Class constructor SortableElement cannot be invoked without 'new'
    at http://localhost:5173/components/modals/RetargetOptInModal.jsx?t=1787455727154:26:22 @ http://localhost:5173/src/lib/popcornInit.js?t=1787455727154:55
[  168447ms] [ERROR] [popcorn-init] FAILED at: plugin-lottie-json TypeError: Class constructor SortableElement cannot be invoked without 'new'
    at http://localhost:5173/components/modals/RetargetOptInModal.jsx?t=1787455727154:26:22 @ http://localhost:5173/src/lib/popcornInit.js?t=1787455727154:55
[  168457ms] [LOG] [popcorn-init] OK: plugin-json-button @ http://localhost:5173/src/lib/popcornInit.js?t=1787455727154:48
[  168465ms] [ERROR] [popcorn-init] FAILED at: plugin-personalizedImage TypeError: Class constructor SortableElement cannot be invoked without 'new'
    at http://localhost:5173/components/modals/RetargetOptInModal.jsx?t=1787455727154:26:22 @ http://localhost:5173/src/lib/popcornInit.js?t=1787455727154:55
[  168472ms] [ERROR] [popcorn-init] FAILED at: plugin-loopPlugin TypeError: Class constructor SortableElement cannot be invoked without 'new'
    at http://localhost:5173/components/modals/RetargetOptInModal.jsx?t=1787455727154:26:22 @ http://localhost:5173/src/lib/popcornInit.js?t=1787455727154:55
[  168479ms] [ERROR] [popcorn-init] FAILED at: plugin-pausePlugin TypeError: Class constructor SortableElement cannot be invoked without 'new'
    at http://localhost:5173/components/modals/RetargetOptInModal.jsx?t=1787455727154:26:22 @ http://localhost:5173/src/lib/popcornInit.js?t=1787455727154:55
[  168498ms] [ERROR] [popcorn-init] FAILED at: plugin-form TypeError: Class constructor SortableElement cannot be invoked without 'new'
    at http://localhost:5173/components/modals/RetargetOptInModal.jsx?t=1787455727154:26:22 @ http://localhost:5173/src/lib/popcornInit.js?t=1787455727154:55
[  168501ms] [ERROR] Failed to load resource: the server responded with a status of 400 () @ https://clerk.smartvid.app/v1/environment?__clerk_api_version=2026-05-12&_clerk_js_version=6.29.2&_method=PATCH:0
[  168556ms] [ERROR] [popcorn-init] FAILED at: plugin-retarget TypeError: Class constructor SortableElement cannot be invoked without 'new'
    at http://localhost:5173/components/modals/RetargetOptInModal.jsx?t=1787455727154:26:22 @ http://localhost:5173/src/lib/popcornInit.js?t=1787455727154:55
[  168571ms] [LOG] [popcorn-init] OK: plugin-popup @ http://localhost:5173/src/lib/popcornInit.js?t=1787455727154:48
[  168584ms] [ERROR] [popcorn-init] FAILED at: plugin-sequencer TypeError: Class constructor SortableElement cannot be invoked without 'new'
    at http://localhost:5173/components/modals/RetargetOptInModal.jsx?t=1787455727154:26:22 @ http://localhost:5173/src/lib/popcornInit.js?t=1787455727154:55
[  168590ms] [ERROR] [popcorn-init] FAILED at: plugin-skip TypeError: Class constructor SortableElement cannot be invoked without 'new'
    at http://localhost:5173/components/modals/RetargetOptInModal.jsx?t=1787455727154:26:22 @ http://localhost:5173/src/lib/popcornInit.js?t=1787455727154:55
[  168622ms] [ERROR] [popcorn-init] FAILED at: plugin-text TypeError: Class constructor SortableElement cannot be invoked without 'new'
    at http://localhost:5173/components/modals/RetargetOptInModal.jsx?t=1787455727154:26:22 @ http://localhost:5173/src/lib/popcornInit.js?t=1787455727154:55
[  168635ms] [LOG] [popcorn-init] OK: plugin-social @ http://localhost:5173/src/lib/popcornInit.js?t=1787455727154:48
[  168642ms] [ERROR] [popcorn-init] FAILED at: plugin-jsonAnimation TypeError: Class constructor SortableElement cannot be invoked without 'new'
    at http://localhost:5173/components/modals/RetargetOptInModal.jsx?t=1787455727154:26:22 @ http://localhost:5173/src/lib/popcornInit.js?t=1787455727154:55
[  168660ms] [LOG] [popcorn-init] OK: plugin-videoTransition @ http://localhost:5173/src/lib/popcornInit.js?t=1787455727154:48
[  168670ms] [ERROR] [popcorn-init] FAILED at: plugin-seethroughtext TypeError: Class constructor SortableElement cannot be invoked without 'new'
    at http://localhost:5173/components/modals/RetargetOptInModal.jsx?t=1787455727154:26:22 @ http://localhost:5173/src/lib/popcornInit.js?t=1787455727154:55
[  168680ms] [LOG] [popcorn-init] OK: plugin-wikipedia @ http://localhost:5173/src/lib/popcornInit.js?t=1787455727154:48
[  168687ms] [ERROR] [popcorn-init] FAILED at: plugin-combined TypeError: Class constructor SortableElement cannot be invoked without 'new'
    at http://localhost:5173/components/modals/RetargetOptInModal.jsx?t=1787455727154:26:22 @ http://localhost:5173/src/lib/popcornInit.js?t=1787455727154:55
[  168702ms] [ERROR] [popcorn-init] FAILED at: plugin-background TypeError: Class constructor SortableElement cannot be invoked without 'new'
    at http://localhost:5173/components/modals/RetargetOptInModal.jsx?t=1787455727154:26:22 @ http://localhost:5173/src/lib/popcornInit.js?t=1787455727154:55
[  168702ms] [LOG] [popcorn-init] SUMMARY: 5/20 plugins registered; FAILED: plugin-image, plugin-jsonTransition, plugin-lottie-json, plugin-personalizedImage, plugin-loopPlugin, plugin-pausePlugin, plugin-form, plugin-retarget, plugin-sequencer, plugin-skip, plugin-text, plugin-jsonAnimation, plugin-seethroughtext, plugin-combined, plugin-background @ http://localhost:5173/src/lib/popcornInit.js?t=1787455727154:60
[  168702ms] [LOG] [popcorn] function 5 @ http://localhost:5173/src/main.js?t=1787455727154:4
[  171807ms] [LOG] [App] Starting initialization... @ http://localhost:5173/src/main.js?t=1787455733063:19
[  171827ms] [LOG] [popcorn-init] OK: jquery @ http://localhost:5173/src/lib/popcornInit.js?t=1787455733063:41
[  171830ms] [LOG] [popcorn-init] OK: jquery-textfill @ http://localhost:5173/src/lib/popcornInit.js?t=1787455733063:48
[  171831ms] [LOG] [popcorn-init] OK: popcorn-core @ http://localhost:5173/src/lib/popcornInit.js?t=1787455733063:48
[  171831ms] [LOG] [popcorn-init] OK: popcorn-ie8 @ http://localhost:5173/src/lib/popcornInit.js?t=1787455733063:48
[  171832ms] [LOG] [popcorn-init] OK: wrapper-common @ http://localhost:5173/src/lib/popcornInit.js?t=1787455733063:48
[  171832ms] [LOG] [popcorn-init] OK: wrapper-html5 @ http://localhost:5173/src/lib/popcornInit.js?t=1787455733063:48
[  171833ms] [LOG] [popcorn-init] OK: wrapper-vrview @ http://localhost:5173/src/lib/popcornInit.js?t=1787455733063:48
[  171833ms] [LOG] [popcorn-init] OK: wrapper-adaptive @ http://localhost:5173/src/lib/popcornInit.js?t=1787455733063:48
[  171834ms] [LOG] [popcorn-init] OK: wrapper-null @ http://localhost:5173/src/lib/popcornInit.js?t=1787455733063:48
[  171835ms] [LOG] [popcorn-init] OK: wrapper-soundcloud @ http://localhost:5173/src/lib/popcornInit.js?t=1787455733063:48
[  171835ms] [LOG] [popcorn-init] OK: wrapper-vimeo @ http://localhost:5173/src/lib/popcornInit.js?t=1787455733063:48
[  171836ms] [LOG] [popcorn-init] OK: wrapper-youtube @ http://localhost:5173/src/lib/popcornInit.js?t=1787455733063:48
[  171837ms] [LOG] [popcorn-init] OK: wrapper-jwplayer @ http://localhost:5173/src/lib/popcornInit.js?t=1787455733063:48
[  171838ms] [LOG] [popcorn-init] OK: player-module @ http://localhost:5173/src/lib/popcornInit.js?t=1787455733063:48
[  172186ms] [INFO] %cDownload the React DevTools for a better development experience: https://react.dev/link/react-devtools font-weight:bold @ http://localhost:5173/node_modules/.vite/deps/chunk-EEAUBQDT.js?v=93c1ec86:20096
[  172189ms] [LOG] [App] Initialized in 382.20ms @ http://localhost:5173/src/main.js?t=1787455733063:164
[  172190ms] [LOG] [App] Navigating to initial page: cinema @ http://localhost:5173/src/main.js?t=1787455733063:165
[  172190ms] [INFO] [App] Dev auth bypass active — skipping setup popup. @ http://localhost:5173/src/main.js?t=1787455733063:176
[  172198ms] [ERROR] [2026-08-23T03:28:56.306Z] [ERROR] Unhandled promise rejection | {"reason":"Assignment to constant variable."} @ http://localhost:5173/src/lib/logger.js:84
[  172198ms] [ERROR] TypeError: Assignment to constant variable.
    at navigate (http://localhost:5173/src/lib/router.js?t=1787455733063:185:16)
    at http://localhost:5173/src/main.js?t=1787455733063:175:5 @ http://localhost:5173/src/lib/logger.js:85
[  172199ms] [ERROR] [Unhandled Promise Rejection] TypeError: Assignment to constant variable.
    at navigate (http://localhost:5173/src/lib/router.js?t=1787455733063:185:16)
    at http://localhost:5173/src/main.js?t=1787455733063:175:5 @ http://localhost:5173/src/main.js?t=1787455733063:33
[  172199ms] [LOG] [Analytics] error {errorType: unhandled_rejection, message: Assignment to constant variable.} @ http://localhost:5173/src/lib/analytics.js:36
[  172451ms] TypeError: Assignment to constant variable.
    at navigate (http://localhost:5173/src/lib/router.js?t=1787455733063:185:16)
    at http://localhost:5173/src/main.js?t=1787455733063:175:5
[  173384ms] [WARNING] Clerk: Clerk has been loaded with development keys. Development instances have strict usage limits and should not be used when deploying your application to production. Learn more: https://clerk.com/docs/deployments/overview @ https://clerk.smartvid.app/npm/@clerk/clerk-js@6/dist/clerk.browser.js:11
[  174203ms] [ERROR] Failed to load resource: the server responded with a status of 400 () @ https://clerk.smartvid.app/v1/environment?__clerk_api_version=2026-05-12&_clerk_js_version=6.29.2&_method=PATCH:0
[  174248ms] [ERROR] [ModalSystem] mount failed TypeError: Class constructor SortableElement cannot be invoked without 'new'
    at http://localhost:5173/components/modals/RetargetOptInModal.jsx?t=1787455733063:26:22 @ http://localhost:5173/src/main.js?t=1787455733063:329
[  174250ms] [ERROR] [popcorn-init] FAILED at: plugin-image TypeError: Class constructor SortableElement cannot be invoked without 'new'
    at http://localhost:5173/components/modals/RetargetOptInModal.jsx?t=1787455733063:26:22 @ http://localhost:5173/src/lib/popcornInit.js?t=1787455733063:55
[  174277ms] [ERROR] [popcorn-init] FAILED at: plugin-jsonTransition TypeError: Class constructor SortableElement cannot be invoked without 'new'
    at http://localhost:5173/components/modals/RetargetOptInModal.jsx?t=1787455733063:26:22 @ http://localhost:5173/src/lib/popcornInit.js?t=1787455733063:55
[  174369ms] [ERROR] [popcorn-init] FAILED at: plugin-lottie-json TypeError: Class constructor SortableElement cannot be invoked without 'new'
    at http://localhost:5173/components/modals/RetargetOptInModal.jsx?t=1787455733063:26:22 @ http://localhost:5173/src/lib/popcornInit.js?t=1787455733063:55
[  174378ms] [LOG] [popcorn-init] OK: plugin-json-button @ http://localhost:5173/src/lib/popcornInit.js?t=1787455733063:48
[  174390ms] [ERROR] [popcorn-init] FAILED at: plugin-personalizedImage TypeError: Class constructor SortableElement cannot be invoked without 'new'
    at http://localhost:5173/components/modals/RetargetOptInModal.jsx?t=1787455733063:26:22 @ http://localhost:5173/src/lib/popcornInit.js?t=1787455733063:55
[  174398ms] [ERROR] [popcorn-init] FAILED at: plugin-loopPlugin TypeError: Class constructor SortableElement cannot be invoked without 'new'
    at http://localhost:5173/components/modals/RetargetOptInModal.jsx?t=1787455733063:26:22 @ http://localhost:5173/src/lib/popcornInit.js?t=1787455733063:55
[  174407ms] [ERROR] [popcorn-init] FAILED at: plugin-pausePlugin TypeError: Class constructor SortableElement cannot be invoked without 'new'
    at http://localhost:5173/components/modals/RetargetOptInModal.jsx?t=1787455733063:26:22 @ http://localhost:5173/src/lib/popcornInit.js?t=1787455733063:55
[  174425ms] [ERROR] [popcorn-init] FAILED at: plugin-form TypeError: Class constructor SortableElement cannot be invoked without 'new'
    at http://localhost:5173/components/modals/RetargetOptInModal.jsx?t=1787455733063:26:22 @ http://localhost:5173/src/lib/popcornInit.js?t=1787455733063:55
[  174446ms] [ERROR] [popcorn-init] FAILED at: plugin-retarget TypeError: Class constructor SortableElement cannot be invoked without 'new'
    at http://localhost:5173/components/modals/RetargetOptInModal.jsx?t=1787455733063:26:22 @ http://localhost:5173/src/lib/popcornInit.js?t=1787455733063:55
[  174452ms] [LOG] [popcorn-init] OK: plugin-popup @ http://localhost:5173/src/lib/popcornInit.js?t=1787455733063:48
[  174462ms] [ERROR] [popcorn-init] FAILED at: plugin-sequencer TypeError: Class constructor SortableElement cannot be invoked without 'new'
    at http://localhost:5173/components/modals/RetargetOptInModal.jsx?t=1787455733063:26:22 @ http://localhost:5173/src/lib/popcornInit.js?t=1787455733063:55
[  174470ms] [ERROR] [popcorn-init] FAILED at: plugin-skip TypeError: Class constructor SortableElement cannot be invoked without 'new'
    at http://localhost:5173/components/modals/RetargetOptInModal.jsx?t=1787455733063:26:22 @ http://localhost:5173/src/lib/popcornInit.js?t=1787455733063:55
[  174504ms] [ERROR] [popcorn-init] FAILED at: plugin-text TypeError: Class constructor SortableElement cannot be invoked without 'new'
    at http://localhost:5173/components/modals/RetargetOptInModal.jsx?t=1787455733063:26:22 @ http://localhost:5173/src/lib/popcornInit.js?t=1787455733063:55
[  174514ms] [LOG] [popcorn-init] OK: plugin-social @ http://localhost:5173/src/lib/popcornInit.js?t=1787455733063:48
[  174524ms] [ERROR] [popcorn-init] FAILED at: plugin-jsonAnimation TypeError: Class constructor SortableElement cannot be invoked without 'new'
    at http://localhost:5173/components/modals/RetargetOptInModal.jsx?t=1787455733063:26:22 @ http://localhost:5173/src/lib/popcornInit.js?t=1787455733063:55
[  174542ms] [LOG] [popcorn-init] OK: plugin-videoTransition @ http://localhost:5173/src/lib/popcornInit.js?t=1787455733063:48
[  174550ms] [ERROR] [popcorn-init] FAILED at: plugin-seethroughtext TypeError: Class constructor SortableElement cannot be invoked without 'new'
    at http://localhost:5173/components/modals/RetargetOptInModal.jsx?t=1787455733063:26:22 @ http://localhost:5173/src/lib/popcornInit.js?t=1787455733063:55
[  174554ms] [LOG] [popcorn-init] OK: plugin-wikipedia @ http://localhost:5173/src/lib/popcornInit.js?t=1787455733063:48
[  174559ms] [ERROR] [popcorn-init] FAILED at: plugin-combined TypeError: Class constructor SortableElement cannot be invoked without 'new'
    at http://localhost:5173/components/modals/RetargetOptInModal.jsx?t=1787455733063:26:22 @ http://localhost:5173/src/lib/popcornInit.js?t=1787455733063:55
[  174567ms] [ERROR] [popcorn-init] FAILED at: plugin-background TypeError: Class constructor SortableElement cannot be invoked without 'new'
    at http://localhost:5173/components/modals/RetargetOptInModal.jsx?t=1787455733063:26:22 @ http://localhost:5173/src/lib/popcornInit.js?t=1787455733063:55
[  174567ms] [LOG] [popcorn-init] SUMMARY: 5/20 plugins registered; FAILED: plugin-image, plugin-jsonTransition, plugin-lottie-json, plugin-personalizedImage, plugin-loopPlugin, plugin-pausePlugin, plugin-form, plugin-retarget, plugin-sequencer, plugin-skip, plugin-text, plugin-jsonAnimation, plugin-seethroughtext, plugin-combined, plugin-background @ http://localhost:5173/src/lib/popcornInit.js?t=1787455733063:60
[  174567ms] [LOG] [popcorn] function 5 @ http://localhost:5173/src/main.js?t=1787455733063:4
[  177748ms] [LOG] [App] Starting initialization... @ http://localhost:5173/src/main.js?t=1787455739824:19
[  177766ms] [LOG] [popcorn-init] OK: jquery @ http://localhost:5173/src/lib/popcornInit.js?t=1787455739824:41
[  177766ms] [LOG] [popcorn-init] OK: jquery-textfill @ http://localhost:5173/src/lib/popcornInit.js?t=1787455739824:48
[  177768ms] [LOG] [popcorn-init] OK: popcorn-core @ http://localhost:5173/src/lib/popcornInit.js?t=1787455739824:48
[  177769ms] [LOG] [popcorn-init] OK: popcorn-ie8 @ http://localhost:5173/src/lib/popcornInit.js?t=1787455739824:48
[  177769ms] [LOG] [popcorn-init] OK: wrapper-common @ http://localhost:5173/src/lib/popcornInit.js?t=1787455739824:48
[  177770ms] [LOG] [popcorn-init] OK: wrapper-html5 @ http://localhost:5173/src/lib/popcornInit.js?t=1787455739824:48
[  177770ms] [LOG] [popcorn-init] OK: wrapper-vrview @ http://localhost:5173/src/lib/popcornInit.js?t=1787455739824:48
[  177771ms] [LOG] [popcorn-init] OK: wrapper-adaptive @ http://localhost:5173/src/lib/popcornInit.js?t=1787455739824:48
[  177771ms] [LOG] [popcorn-init] OK: wrapper-null @ http://localhost:5173/src/lib/popcornInit.js?t=1787455739824:48
[  177772ms] [LOG] [popcorn-init] OK: wrapper-soundcloud @ http://localhost:5173/src/lib/popcornInit.js?t=1787455739824:48
[  177773ms] [LOG] [popcorn-init] OK: wrapper-vimeo @ http://localhost:5173/src/lib/popcornInit.js?t=1787455739824:48
[  177773ms] [LOG] [popcorn-init] OK: wrapper-youtube @ http://localhost:5173/src/lib/popcornInit.js?t=1787455739824:48
[  177773ms] [LOG] [popcorn-init] OK: wrapper-jwplayer @ http://localhost:5173/src/lib/popcornInit.js?t=1787455739824:48
[  177774ms] [LOG] [popcorn-init] OK: player-module @ http://localhost:5173/src/lib/popcornInit.js?t=1787455739824:48
[  178388ms] [INFO] %cDownload the React DevTools for a better development experience: https://react.dev/link/react-devtools font-weight:bold @ http://localhost:5173/node_modules/.vite/deps/chunk-EEAUBQDT.js?v=93c1ec86:20096
[  178390ms] [LOG] [App] Initialized in 642.30ms @ http://localhost:5173/src/main.js?t=1787455739824:164
[  178390ms] [LOG] [App] Navigating to initial page: cinema @ http://localhost:5173/src/main.js?t=1787455739824:165
[  178391ms] [INFO] [App] Dev auth bypass active — skipping setup popup. @ http://localhost:5173/src/main.js?t=1787455739824:176
[  178395ms] [ERROR] [2026-08-23T03:29:02.503Z] [ERROR] Unhandled promise rejection | {"reason":"Assignment to constant variable."} @ http://localhost:5173/src/lib/logger.js:84
[  178395ms] [ERROR] TypeError: Assignment to constant variable.
    at navigate (http://localhost:5173/src/lib/router.js?t=1787455739824:185:16)
    at http://localhost:5173/src/main.js?t=1787455739824:175:5 @ http://localhost:5173/src/lib/logger.js:85
[  178395ms] [ERROR] [Unhandled Promise Rejection] TypeError: Assignment to constant variable.
    at navigate (http://localhost:5173/src/lib/router.js?t=1787455739824:185:16)
    at http://localhost:5173/src/main.js?t=1787455739824:175:5 @ http://localhost:5173/src/main.js?t=1787455739824:33
[  178395ms] [LOG] [Analytics] error {errorType: unhandled_rejection, message: Assignment to constant variable.} @ http://localhost:5173/src/lib/analytics.js:36
[  178651ms] TypeError: Assignment to constant variable.
    at navigate (http://localhost:5173/src/lib/router.js?t=1787455739824:185:16)
    at http://localhost:5173/src/main.js?t=1787455739824:175:5
[  179053ms] [ERROR] [popcorn-init] FAILED at: plugin-image TypeError: Class constructor SortableElement cannot be invoked without 'new'
    at http://localhost:5173/components/modals/RetargetOptInModal.jsx?t=1787455741840:26:22 @ http://localhost:5173/src/lib/popcornInit.js?t=1787455739824:55
[  179054ms] [ERROR] [ModalSystem] mount failed TypeError: Class constructor SortableElement cannot be invoked without 'new'
    at http://localhost:5173/components/modals/RetargetOptInModal.jsx?t=1787455741840:26:22 @ http://localhost:5173/src/main.js?t=1787455739824:329
[  179081ms] [ERROR] [popcorn-init] FAILED at: plugin-jsonTransition TypeError: Class constructor SortableElement cannot be invoked without 'new'
    at http://localhost:5173/components/modals/RetargetOptInModal.jsx?t=1787455741840:26:22 @ http://localhost:5173/src/lib/popcornInit.js?t=1787455739824:55
[  179090ms] [ERROR] [popcorn-init] FAILED at: plugin-lottie-json TypeError: Class constructor SortableElement cannot be invoked without 'new'
    at http://localhost:5173/components/modals/RetargetOptInModal.jsx?t=1787455741840:26:22 @ http://localhost:5173/src/lib/popcornInit.js?t=1787455739824:55
[  179099ms] [LOG] [popcorn-init] OK: plugin-json-button @ http://localhost:5173/src/lib/popcornInit.js?t=1787455739824:48
[  179105ms] [ERROR] [popcorn-init] FAILED at: plugin-personalizedImage TypeError: Class constructor SortableElement cannot be invoked without 'new'
    at http://localhost:5173/components/modals/RetargetOptInModal.jsx?t=1787455741840:26:22 @ http://localhost:5173/src/lib/popcornInit.js?t=1787455739824:55
[  179111ms] [ERROR] [popcorn-init] FAILED at: plugin-loopPlugin TypeError: Class constructor SortableElement cannot be invoked without 'new'
    at http://localhost:5173/components/modals/RetargetOptInModal.jsx?t=1787455741840:26:22 @ http://localhost:5173/src/lib/popcornInit.js?t=1787455739824:55
[  179117ms] [ERROR] [popcorn-init] FAILED at: plugin-pausePlugin TypeError: Class constructor SortableElement cannot be invoked without 'new'
    at http://localhost:5173/components/modals/RetargetOptInModal.jsx?t=1787455741840:26:22 @ http://localhost:5173/src/lib/popcornInit.js?t=1787455739824:55
[  179129ms] [ERROR] [popcorn-init] FAILED at: plugin-form TypeError: Class constructor SortableElement cannot be invoked without 'new'
    at http://localhost:5173/components/modals/RetargetOptInModal.jsx?t=1787455741840:26:22 @ http://localhost:5173/src/lib/popcornInit.js?t=1787455739824:55
[  179141ms] [ERROR] [popcorn-init] FAILED at: plugin-retarget TypeError: Class constructor SortableElement cannot be invoked without 'new'
    at http://localhost:5173/components/modals/RetargetOptInModal.jsx?t=1787455741840:26:22 @ http://localhost:5173/src/lib/popcornInit.js?t=1787455739824:55
[  179145ms] [LOG] [popcorn-init] OK: plugin-popup @ http://localhost:5173/src/lib/popcornInit.js?t=1787455739824:48
[  179152ms] [ERROR] [popcorn-init] FAILED at: plugin-sequencer TypeError: Class constructor SortableElement cannot be invoked without 'new'
    at http://localhost:5173/components/modals/RetargetOptInModal.jsx?t=1787455741840:26:22 @ http://localhost:5173/src/lib/popcornInit.js?t=1787455739824:55
[  179157ms] [ERROR] [popcorn-init] FAILED at: plugin-skip TypeError: Class constructor SortableElement cannot be invoked without 'new'
    at http://localhost:5173/components/modals/RetargetOptInModal.jsx?t=1787455741840:26:22 @ http://localhost:5173/src/lib/popcornInit.js?t=1787455739824:55
[  179184ms] [ERROR] [popcorn-init] FAILED at: plugin-text TypeError: Class constructor SortableElement cannot be invoked without 'new'
    at http://localhost:5173/components/modals/RetargetOptInModal.jsx?t=1787455741840:26:22 @ http://localhost:5173/src/lib/popcornInit.js?t=1787455739824:55
[  179192ms] [LOG] [popcorn-init] OK: plugin-social @ http://localhost:5173/src/lib/popcornInit.js?t=1787455739824:48
[  179194ms] [WARNING] Clerk: Clerk has been loaded with development keys. Development instances have strict usage limits and should not be used when deploying your application to production. Learn more: https://clerk.com/docs/deployments/overview @ https://clerk.smartvid.app/npm/@clerk/clerk-js@6/dist/clerk.browser.js:11
[  179202ms] [ERROR] [popcorn-init] FAILED at: plugin-jsonAnimation TypeError: Class constructor SortableElement cannot be invoked without 'new'
    at http://localhost:5173/components/modals/RetargetOptInModal.jsx?t=1787455741840:26:22 @ http://localhost:5173/src/lib/popcornInit.js?t=1787455739824:55
[  179235ms] [LOG] [popcorn-init] OK: plugin-videoTransition @ http://localhost:5173/src/lib/popcornInit.js?t=1787455739824:48
[  179241ms] [ERROR] [popcorn-init] FAILED at: plugin-seethroughtext TypeError: Class constructor SortableElement cannot be invoked without 'new'
    at http://localhost:5173/components/modals/RetargetOptInModal.jsx?t=1787455741840:26:22 @ http://localhost:5173/src/lib/popcornInit.js?t=1787455739824:55
[  179260ms] [LOG] [popcorn-init] OK: plugin-wikipedia @ http://localhost:5173/src/lib/popcornInit.js?t=1787455739824:48
[  179268ms] [ERROR] [popcorn-init] FAILED at: plugin-combined TypeError: Class constructor SortableElement cannot be invoked without 'new'
    at http://localhost:5173/components/modals/RetargetOptInModal.jsx?t=1787455741840:26:22 @ http://localhost:5173/src/lib/popcornInit.js?t=1787455739824:55
[  179275ms] [ERROR] Failed to load resource: the server responded with a status of 400 () @ https://clerk.smartvid.app/v1/environment?__clerk_api_version=2026-05-12&_clerk_js_version=6.29.2&_method=PATCH:0
[  179276ms] [ERROR] [popcorn-init] FAILED at: plugin-background TypeError: Class constructor SortableElement cannot be invoked without 'new'
    at http://localhost:5173/components/modals/RetargetOptInModal.jsx?t=1787455741840:26:22 @ http://localhost:5173/src/lib/popcornInit.js?t=1787455739824:55
[  179276ms] [LOG] [popcorn-init] SUMMARY: 5/20 plugins registered; FAILED: plugin-image, plugin-jsonTransition, plugin-lottie-json, plugin-personalizedImage, plugin-loopPlugin, plugin-pausePlugin, plugin-form, plugin-retarget, plugin-sequencer, plugin-skip, plugin-text, plugin-jsonAnimation, plugin-seethroughtext, plugin-combined, plugin-background @ http://localhost:5173/src/lib/popcornInit.js?t=1787455739824:60
[  179276ms] [LOG] [popcorn] function 5 @ http://localhost:5173/src/main.js?t=1787455739824:4
[  184259ms] [LOG] [App] Starting initialization... @ http://localhost:5173/src/main.js?t=1787455744763:19
[  184276ms] [LOG] [popcorn-init] OK: jquery @ http://localhost:5173/src/lib/popcornInit.js?t=1787455746701:41
[  184278ms] [LOG] [popcorn-init] OK: jquery-textfill @ http://localhost:5173/src/lib/popcornInit.js?t=1787455746701:48
[  184279ms] [LOG] [popcorn-init] OK: popcorn-core @ http://localhost:5173/src/lib/popcornInit.js?t=1787455746701:48
[  184279ms] [LOG] [popcorn-init] OK: popcorn-ie8 @ http://localhost:5173/src/lib/popcornInit.js?t=1787455746701:48
[  184280ms] [LOG] [popcorn-init] OK: wrapper-common @ http://localhost:5173/src/lib/popcornInit.js?t=1787455746701:48
[  184281ms] [LOG] [popcorn-init] OK: wrapper-html5 @ http://localhost:5173/src/lib/popcornInit.js?t=1787455746701:48
[  184281ms] [LOG] [popcorn-init] OK: wrapper-vrview @ http://localhost:5173/src/lib/popcornInit.js?t=1787455746701:48
[  184282ms] [LOG] [popcorn-init] OK: wrapper-adaptive @ http://localhost:5173/src/lib/popcornInit.js?t=1787455746701:48
[  184282ms] [LOG] [popcorn-init] OK: wrapper-null @ http://localhost:5173/src/lib/popcornInit.js?t=1787455746701:48
[  184283ms] [LOG] [popcorn-init] OK: wrapper-soundcloud @ http://localhost:5173/src/lib/popcornInit.js?t=1787455746701:48
[  184283ms] [LOG] [popcorn-init] OK: wrapper-vimeo @ http://localhost:5173/src/lib/popcornInit.js?t=1787455746701:48
[  184284ms] [LOG] [popcorn-init] OK: wrapper-youtube @ http://localhost:5173/src/lib/popcornInit.js?t=1787455746701:48
[  184284ms] [LOG] [popcorn-init] OK: wrapper-jwplayer @ http://localhost:5173/src/lib/popcornInit.js?t=1787455746701:48
[  184285ms] [LOG] [popcorn-init] OK: player-module @ http://localhost:5173/src/lib/popcornInit.js?t=1787455746701:48
[  185002ms] [INFO] %cDownload the React DevTools for a better development experience: https://react.dev/link/react-devtools font-weight:bold @ http://localhost:5173/node_modules/.vite/deps/chunk-EEAUBQDT.js?v=93c1ec86:20096
[  185011ms] [LOG] [App] Initialized in 752.20ms @ http://localhost:5173/src/main.js?t=1787455744763:164
[  185011ms] [LOG] [App] Navigating to initial page: cinema @ http://localhost:5173/src/main.js?t=1787455744763:165
[  185012ms] [INFO] [App] Dev auth bypass active — skipping setup popup. @ http://localhost:5173/src/main.js?t=1787455744763:176
[  185026ms] [ERROR] [2026-08-23T03:29:09.135Z] [ERROR] Unhandled promise rejection | {"reason":"Assignment to constant variable."} @ http://localhost:5173/src/lib/logger.js:84
[  185027ms] [ERROR] TypeError: Assignment to constant variable.
    at navigate (http://localhost:5173/src/lib/router.js?t=1787455746701:185:16)
    at http://localhost:5173/src/main.js?t=1787455744763:175:5 @ http://localhost:5173/src/lib/logger.js:85
[  185028ms] [ERROR] [Unhandled Promise Rejection] TypeError: Assignment to constant variable.
    at navigate (http://localhost:5173/src/lib/router.js?t=1787455746701:185:16)
    at http://localhost:5173/src/main.js?t=1787455744763:175:5 @ http://localhost:5173/src/main.js?t=1787455744763:33
[  185029ms] [LOG] [Analytics] error {errorType: unhandled_rejection, message: Assignment to constant variable.} @ http://localhost:5173/src/lib/analytics.js:36
[  185703ms] TypeError: Assignment to constant variable.
    at navigate (http://localhost:5173/src/lib/router.js?t=1787455746701:185:16)
    at http://localhost:5173/src/main.js?t=1787455744763:175:5
[  185927ms] [WARNING] Clerk: Clerk has been loaded with development keys. Development instances have strict usage limits and should not be used when deploying your application to production. Learn more: https://clerk.com/docs/deployments/overview @ https://clerk.smartvid.app/npm/@clerk/clerk-js@6/dist/clerk.browser.js:11
[  185982ms] [ERROR] [popcorn-init] FAILED at: plugin-image TypeError: Class constructor SortableElement cannot be invoked without 'new'
    at http://localhost:5173/components/modals/RetargetOptInModal.jsx?t=1787455748329:26:22 @ http://localhost:5173/src/lib/popcornInit.js?t=1787455746701:55
[  185983ms] [ERROR] [ModalSystem] mount failed TypeError: Class constructor SortableElement cannot be invoked without 'new'
    at http://localhost:5173/components/modals/RetargetOptInModal.jsx?t=1787455748329:26:22 @ http://localhost:5173/src/main.js?t=1787455744763:329
[  186034ms] [ERROR] Failed to load resource: the server responded with a status of 400 () @ https://clerk.smartvid.app/v1/environment?__clerk_api_version=2026-05-12&_clerk_js_version=6.29.2&_method=PATCH:0
[  186123ms] [ERROR] [popcorn-init] FAILED at: plugin-jsonTransition TypeError: Class constructor SortableElement cannot be invoked without 'new'
    at http://localhost:5173/components/modals/RetargetOptInModal.jsx?t=1787455748329:26:22 @ http://localhost:5173/src/lib/popcornInit.js?t=1787455746701:55
[  186156ms] [ERROR] [popcorn-init] FAILED at: plugin-lottie-json TypeError: Class constructor SortableElement cannot be invoked without 'new'
    at http://localhost:5173/components/modals/RetargetOptInModal.jsx?t=1787455748329:26:22 @ http://localhost:5173/src/lib/popcornInit.js?t=1787455746701:55
[  186209ms] [LOG] [popcorn-init] OK: plugin-json-button @ http://localhost:5173/src/lib/popcornInit.js?t=1787455746701:48
[  186224ms] [ERROR] [popcorn-init] FAILED at: plugin-personalizedImage TypeError: Class constructor SortableElement cannot be invoked without 'new'
    at http://localhost:5173/components/modals/RetargetOptInModal.jsx?t=1787455748329:26:22 @ http://localhost:5173/src/lib/popcornInit.js?t=1787455746701:55
[  186234ms] [ERROR] [popcorn-init] FAILED at: plugin-loopPlugin TypeError: Class constructor SortableElement cannot be invoked without 'new'
    at http://localhost:5173/components/modals/RetargetOptInModal.jsx?t=1787455748329:26:22 @ http://localhost:5173/src/lib/popcornInit.js?t=1787455746701:55
[  186290ms] [ERROR] [popcorn-init] FAILED at: plugin-pausePlugin TypeError: Class constructor SortableElement cannot be invoked without 'new'
    at http://localhost:5173/components/modals/RetargetOptInModal.jsx?t=1787455748329:26:22 @ http://localhost:5173/src/lib/popcornInit.js?t=1787455746701:55
[  188638ms] [LOG] [App] Starting initialization... @ http://localhost:5173/src/main.js?t=1787455750347:19
[  188655ms] [LOG] [popcorn-init] OK: jquery @ http://localhost:5173/src/lib/popcornInit.js?t=1787455750347:41
[  188658ms] [LOG] [popcorn-init] OK: jquery-textfill @ http://localhost:5173/src/lib/popcornInit.js?t=1787455750347:48
[  188662ms] [LOG] [popcorn-init] OK: popcorn-core @ http://localhost:5173/src/lib/popcornInit.js?t=1787455750347:48
[  188663ms] [LOG] [popcorn-init] OK: popcorn-ie8 @ http://localhost:5173/src/lib/popcornInit.js?t=1787455750347:48
[  188664ms] [LOG] [popcorn-init] OK: wrapper-common @ http://localhost:5173/src/lib/popcornInit.js?t=1787455750347:48
[  188665ms] [LOG] [popcorn-init] OK: wrapper-html5 @ http://localhost:5173/src/lib/popcornInit.js?t=1787455750347:48
[  188665ms] [LOG] [popcorn-init] OK: wrapper-vrview @ http://localhost:5173/src/lib/popcornInit.js?t=1787455750347:48
[  188666ms] [LOG] [popcorn-init] OK: wrapper-adaptive @ http://localhost:5173/src/lib/popcornInit.js?t=1787455750347:48
[  188666ms] [LOG] [popcorn-init] OK: wrapper-null @ http://localhost:5173/src/lib/popcornInit.js?t=1787455750347:48
[  188667ms] [LOG] [popcorn-init] OK: wrapper-soundcloud @ http://localhost:5173/src/lib/popcornInit.js?t=1787455750347:48
[  188667ms] [LOG] [popcorn-init] OK: wrapper-vimeo @ http://localhost:5173/src/lib/popcornInit.js?t=1787455750347:48
[  188668ms] [LOG] [popcorn-init] OK: wrapper-youtube @ http://localhost:5173/src/lib/popcornInit.js?t=1787455750347:48
[  188669ms] [LOG] [popcorn-init] OK: wrapper-jwplayer @ http://localhost:5173/src/lib/popcornInit.js?t=1787455750347:48
[  188669ms] [LOG] [popcorn-init] OK: player-module @ http://localhost:5173/src/lib/popcornInit.js?t=1787455750347:48
[  188771ms] [INFO] %cDownload the React DevTools for a better development experience: https://react.dev/link/react-devtools font-weight:bold @ http://localhost:5173/node_modules/.vite/deps/chunk-EEAUBQDT.js?v=93c1ec86:20096
[  188774ms] [LOG] [App] Initialized in 136.20ms @ http://localhost:5173/src/main.js?t=1787455750347:164
[  188775ms] [LOG] [App] Navigating to initial page: cinema @ http://localhost:5173/src/main.js?t=1787455750347:165
[  188775ms] [INFO] [App] Dev auth bypass active — skipping setup popup. @ http://localhost:5173/src/main.js?t=1787455750347:176
[  188782ms] [ERROR] [2026-08-23T03:29:12.890Z] [ERROR] Unhandled promise rejection | {"reason":"Assignment to constant variable."} @ http://localhost:5173/src/lib/logger.js:84
[  188782ms] [ERROR] TypeError: Assignment to constant variable.
    at navigate (http://localhost:5173/src/lib/router.js?t=1787455750347:185:16)
    at http://localhost:5173/src/main.js?t=1787455750347:175:5 @ http://localhost:5173/src/lib/logger.js:85
[  188782ms] [ERROR] [Unhandled Promise Rejection] TypeError: Assignment to constant variable.
    at navigate (http://localhost:5173/src/lib/router.js?t=1787455750347:185:16)
    at http://localhost:5173/src/main.js?t=1787455750347:175:5 @ http://localhost:5173/src/main.js?t=1787455750347:33
[  188782ms] [LOG] [Analytics] error {errorType: unhandled_rejection, message: Assignment to constant variable.} @ http://localhost:5173/src/lib/analytics.js:36
[  188805ms] TypeError: Assignment to constant variable.
    at navigate (http://localhost:5173/src/lib/router.js?t=1787455750347:185:16)
    at http://localhost:5173/src/main.js?t=1787455750347:175:5
[  189081ms] [WARNING] Clerk: Clerk has been loaded with development keys. Development instances have strict usage limits and should not be used when deploying your application to production. Learn more: https://clerk.com/docs/deployments/overview @ https://clerk.smartvid.app/npm/@clerk/clerk-js@6/dist/clerk.browser.js:11
[  189602ms] [ERROR] [ModalSystem] mount failed TypeError: Class constructor SortableElement cannot be invoked without 'new'
    at http://localhost:5173/components/modals/RetargetOptInModal.jsx?t=1787455750347:26:22 @ http://localhost:5173/src/main.js?t=1787455750347:329
[  189605ms] [ERROR] [popcorn-init] FAILED at: plugin-image TypeError: Class constructor SortableElement cannot be invoked without 'new'
    at http://localhost:5173/components/modals/RetargetOptInModal.jsx?t=1787455750347:26:22 @ http://localhost:5173/src/lib/popcornInit.js?t=1787455750347:55
[  189608ms] [ERROR] Failed to load resource: the server responded with a status of 400 () @ https://clerk.smartvid.app/v1/environment?__clerk_api_version=2026-05-12&_clerk_js_version=6.29.2&_method=PATCH:0
[  189666ms] [ERROR] [popcorn-init] FAILED at: plugin-jsonTransition TypeError: Class constructor SortableElement cannot be invoked without 'new'
    at http://localhost:5173/components/modals/RetargetOptInModal.jsx?t=1787455750347:26:22 @ http://localhost:5173/src/lib/popcornInit.js?t=1787455750347:55
[  189695ms] [ERROR] [popcorn-init] FAILED at: plugin-lottie-json TypeError: Class constructor SortableElement cannot be invoked without 'new'
    at http://localhost:5173/components/modals/RetargetOptInModal.jsx?t=1787455750347:26:22 @ http://localhost:5173/src/lib/popcornInit.js?t=1787455750347:55
[  189704ms] [LOG] [popcorn-init] OK: plugin-json-button @ http://localhost:5173/src/lib/popcornInit.js?t=1787455750347:48
[  189714ms] [ERROR] [popcorn-init] FAILED at: plugin-personalizedImage TypeError: Class constructor SortableElement cannot be invoked without 'new'
    at http://localhost:5173/components/modals/RetargetOptInModal.jsx?t=1787455750347:26:22 @ http://localhost:5173/src/lib/popcornInit.js?t=1787455750347:55
[  189720ms] [ERROR] [popcorn-init] FAILED at: plugin-loopPlugin TypeError: Class constructor SortableElement cannot be invoked without 'new'
    at http://localhost:5173/components/modals/RetargetOptInModal.jsx?t=1787455750347:26:22 @ http://localhost:5173/src/lib/popcornInit.js?t=1787455750347:55
[  189727ms] [ERROR] [popcorn-init] FAILED at: plugin-pausePlugin TypeError: Class constructor SortableElement cannot be invoked without 'new'
    at http://localhost:5173/components/modals/RetargetOptInModal.jsx?t=1787455750347:26:22 @ http://localhost:5173/src/lib/popcornInit.js?t=1787455750347:55
[  189739ms] [ERROR] [popcorn-init] FAILED at: plugin-form TypeError: Class constructor SortableElement cannot be invoked without 'new'
    at http://localhost:5173/components/modals/RetargetOptInModal.jsx?t=1787455750347:26:22 @ http://localhost:5173/src/lib/popcornInit.js?t=1787455750347:55
[  189769ms] [ERROR] [popcorn-init] FAILED at: plugin-retarget TypeError: Class constructor SortableElement cannot be invoked without 'new'
    at http://localhost:5173/components/modals/RetargetOptInModal.jsx?t=1787455750347:26:22 @ http://localhost:5173/src/lib/popcornInit.js?t=1787455750347:55
[  189774ms] [LOG] [popcorn-init] OK: plugin-popup @ http://localhost:5173/src/lib/popcornInit.js?t=1787455750347:48
[  189784ms] [ERROR] [popcorn-init] FAILED at: plugin-sequencer TypeError: Class constructor SortableElement cannot be invoked without 'new'
    at http://localhost:5173/components/modals/RetargetOptInModal.jsx?t=1787455750347:26:22 @ http://localhost:5173/src/lib/popcornInit.js?t=1787455750347:55
[  189790ms] [ERROR] [popcorn-init] FAILED at: plugin-skip TypeError: Class constructor SortableElement cannot be invoked without 'new'
    at http://localhost:5173/components/modals/RetargetOptInModal.jsx?t=1787455750347:26:22 @ http://localhost:5173/src/lib/popcornInit.js?t=1787455750347:55
[  189816ms] [ERROR] [popcorn-init] FAILED at: plugin-text TypeError: Class constructor SortableElement cannot be invoked without 'new'
    at http://localhost:5173/components/modals/RetargetOptInModal.jsx?t=1787455750347:26:22 @ http://localhost:5173/src/lib/popcornInit.js?t=1787455750347:55
[  189829ms] [LOG] [popcorn-init] OK: plugin-social @ http://localhost:5173/src/lib/popcornInit.js?t=1787455750347:48
[  189848ms] [ERROR] [popcorn-init] FAILED at: plugin-jsonAnimation TypeError: Class constructor SortableElement cannot be invoked without 'new'
    at http://localhost:5173/components/modals/RetargetOptInModal.jsx?t=1787455750347:26:22 @ http://localhost:5173/src/lib/popcornInit.js?t=1787455750347:55
[  189869ms] [LOG] [popcorn-init] OK: plugin-videoTransition @ http://localhost:5173/src/lib/popcornInit.js?t=1787455750347:48
[  189879ms] [ERROR] [popcorn-init] FAILED at: plugin-seethroughtext TypeError: Class constructor SortableElement cannot be invoked without 'new'
    at http://localhost:5173/components/modals/RetargetOptInModal.jsx?t=1787455750347:26:22 @ http://localhost:5173/src/lib/popcornInit.js?t=1787455750347:55
[  189884ms] [LOG] [popcorn-init] OK: plugin-wikipedia @ http://localhost:5173/src/lib/popcornInit.js?t=1787455750347:48
[  189891ms] [ERROR] [popcorn-init] FAILED at: plugin-combined TypeError: Class constructor SortableElement cannot be invoked without 'new'
    at http://localhost:5173/components/modals/RetargetOptInModal.jsx?t=1787455750347:26:22 @ http://localhost:5173/src/lib/popcornInit.js?t=1787455750347:55
[  189898ms] [ERROR] [popcorn-init] FAILED at: plugin-background TypeError: Class constructor SortableElement cannot be invoked without 'new'
    at http://localhost:5173/components/modals/RetargetOptInModal.jsx?t=1787455750347:26:22 @ http://localhost:5173/src/lib/popcornInit.js?t=1787455750347:55
[  189898ms] [LOG] [popcorn-init] SUMMARY: 5/20 plugins registered; FAILED: plugin-image, plugin-jsonTransition, plugin-lottie-json, plugin-personalizedImage, plugin-loopPlugin, plugin-pausePlugin, plugin-form, plugin-retarget, plugin-sequencer, plugin-skip, plugin-text, plugin-jsonAnimation, plugin-seethroughtext, plugin-combined, plugin-background @ http://localhost:5173/src/lib/popcornInit.js?t=1787455750347:60
[  189899ms] [LOG] [popcorn] function 5 @ http://localhost:5173/src/main.js?t=1787455750347:4
[  192930ms] [LOG] [App] Starting initialization... @ http://localhost:5173/src/main.js?t=1787455754052:19
[  192947ms] [LOG] [popcorn-init] OK: jquery @ http://localhost:5173/src/lib/popcornInit.js?t=1787455754052:41
[  192948ms] [LOG] [popcorn-init] OK: jquery-textfill @ http://localhost:5173/src/lib/popcornInit.js?t=1787455754052:48
[  192951ms] [LOG] [popcorn-init] OK: popcorn-core @ http://localhost:5173/src/lib/popcornInit.js?t=1787455754052:48
[  192952ms] [LOG] [popcorn-init] OK: popcorn-ie8 @ http://localhost:5173/src/lib/popcornInit.js?t=1787455754052:48
[  192952ms] [LOG] [popcorn-init] OK: wrapper-common @ http://localhost:5173/src/lib/popcornInit.js?t=1787455754052:48
[  192953ms] [LOG] [popcorn-init] OK: wrapper-html5 @ http://localhost:5173/src/lib/popcornInit.js?t=1787455754052:48
[  192954ms] [LOG] [popcorn-init] OK: wrapper-vrview @ http://localhost:5173/src/lib/popcornInit.js?t=1787455754052:48
[  192954ms] [LOG] [popcorn-init] OK: wrapper-adaptive @ http://localhost:5173/src/lib/popcornInit.js?t=1787455754052:48
[  192955ms] [LOG] [popcorn-init] OK: wrapper-null @ http://localhost:5173/src/lib/popcornInit.js?t=1787455754052:48
[  192955ms] [LOG] [popcorn-init] OK: wrapper-soundcloud @ http://localhost:5173/src/lib/popcornInit.js?t=1787455754052:48
[  192955ms] [LOG] [popcorn-init] OK: wrapper-vimeo @ http://localhost:5173/src/lib/popcornInit.js?t=1787455754052:48
[  192956ms] [LOG] [popcorn-init] OK: wrapper-youtube @ http://localhost:5173/src/lib/popcornInit.js?t=1787455754052:48
[  192957ms] [LOG] [popcorn-init] OK: wrapper-jwplayer @ http://localhost:5173/src/lib/popcornInit.js?t=1787455754052:48
[  192957ms] [LOG] [popcorn-init] OK: player-module @ http://localhost:5173/src/lib/popcornInit.js?t=1787455754052:48
[  193175ms] [INFO] %cDownload the React DevTools for a better development experience: https://react.dev/link/react-devtools font-weight:bold @ http://localhost:5173/node_modules/.vite/deps/chunk-EEAUBQDT.js?v=93c1ec86:20096
[  193181ms] [LOG] [App] Initialized in 250.50ms @ http://localhost:5173/src/main.js?t=1787455754052:164
[  193181ms] [LOG] [App] Navigating to initial page: cinema @ http://localhost:5173/src/main.js?t=1787455754052:165
[  193182ms] [INFO] [App] Dev auth bypass active — skipping setup popup. @ http://localhost:5173/src/main.js?t=1787455754052:176
[  193186ms] [ERROR] [2026-08-23T03:29:17.294Z] [ERROR] Unhandled promise rejection | {"reason":"Assignment to constant variable."} @ http://localhost:5173/src/lib/logger.js:84
[  193186ms] [ERROR] TypeError: Assignment to constant variable.
    at navigate (http://localhost:5173/src/lib/router.js?t=1787455754052:185:16)
    at http://localhost:5173/src/main.js?t=1787455754052:175:5 @ http://localhost:5173/src/lib/logger.js:85
[  193187ms] [ERROR] [Unhandled Promise Rejection] TypeError: Assignment to constant variable.
    at navigate (http://localhost:5173/src/lib/router.js?t=1787455754052:185:16)
    at http://localhost:5173/src/main.js?t=1787455754052:175:5 @ http://localhost:5173/src/main.js?t=1787455754052:33
[  193187ms] [LOG] [Analytics] error {errorType: unhandled_rejection, message: Assignment to constant variable.} @ http://localhost:5173/src/lib/analytics.js:36
[  193238ms] TypeError: Assignment to constant variable.
    at navigate (http://localhost:5173/src/lib/router.js?t=1787455754052:185:16)
    at http://localhost:5173/src/main.js?t=1787455754052:175:5
[  193837ms] [ERROR] [popcorn-init] FAILED at: plugin-image TypeError: Class constructor SortableElement cannot be invoked without 'new'
    at http://localhost:5173/components/modals/RetargetOptInModal.jsx?t=1787455754052:26:22 @ http://localhost:5173/src/lib/popcornInit.js?t=1787455754052:55
[  193838ms] [ERROR] [ModalSystem] mount failed TypeError: Class constructor SortableElement cannot be invoked without 'new'
    at http://localhost:5173/components/modals/RetargetOptInModal.jsx?t=1787455754052:26:22 @ http://localhost:5173/src/main.js?t=1787455754052:329
[  193864ms] [ERROR] [popcorn-init] FAILED at: plugin-jsonTransition TypeError: Class constructor SortableElement cannot be invoked without 'new'
    at http://localhost:5173/components/modals/RetargetOptInModal.jsx?t=1787455754052:26:22 @ http://localhost:5173/src/lib/popcornInit.js?t=1787455754052:55
[  193873ms] [ERROR] [popcorn-init] FAILED at: plugin-lottie-json TypeError: Class constructor SortableElement cannot be invoked without 'new'
    at http://localhost:5173/components/modals/RetargetOptInModal.jsx?t=1787455754052:26:22 @ http://localhost:5173/src/lib/popcornInit.js?t=1787455754052:55
[  193882ms] [LOG] [popcorn-init] OK: plugin-json-button @ http://localhost:5173/src/lib/popcornInit.js?t=1787455754052:48
[  193885ms] [WARNING] Clerk: Clerk has been loaded with development keys. Development instances have strict usage limits and should not be used when deploying your application to production. Learn more: https://clerk.com/docs/deployments/overview @ https://clerk.smartvid.app/npm/@clerk/clerk-js@6/dist/clerk.browser.js:11
[  193892ms] [ERROR] [popcorn-init] FAILED at: plugin-personalizedImage TypeError: Class constructor SortableElement cannot be invoked without 'new'
    at http://localhost:5173/components/modals/RetargetOptInModal.jsx?t=1787455754052:26:22 @ http://localhost:5173/src/lib/popcornInit.js?t=1787455754052:55
[  193901ms] [ERROR] [popcorn-init] FAILED at: plugin-loopPlugin TypeError: Class constructor SortableElement cannot be invoked without 'new'
    at http://localhost:5173/components/modals/RetargetOptInModal.jsx?t=1787455754052:26:22 @ http://localhost:5173/src/lib/popcornInit.js?t=1787455754052:55
[  193907ms] [ERROR] [popcorn-init] FAILED at: plugin-pausePlugin TypeError: Class constructor SortableElement cannot be invoked without 'new'
    at http://localhost:5173/components/modals/RetargetOptInModal.jsx?t=1787455754052:26:22 @ http://localhost:5173/src/lib/popcornInit.js?t=1787455754052:55
[  193922ms] [ERROR] [popcorn-init] FAILED at: plugin-form TypeError: Class constructor SortableElement cannot be invoked without 'new'
    at http://localhost:5173/components/modals/RetargetOptInModal.jsx?t=1787455754052:26:22 @ http://localhost:5173/src/lib/popcornInit.js?t=1787455754052:55
[  193937ms] [ERROR] [popcorn-init] FAILED at: plugin-retarget TypeError: Class constructor SortableElement cannot be invoked without 'new'
    at http://localhost:5173/components/modals/RetargetOptInModal.jsx?t=1787455754052:26:22 @ http://localhost:5173/src/lib/popcornInit.js?t=1787455754052:55
[  193946ms] [LOG] [popcorn-init] OK: plugin-popup @ http://localhost:5173/src/lib/popcornInit.js?t=1787455754052:48
[  193953ms] [ERROR] [popcorn-init] FAILED at: plugin-sequencer TypeError: Class constructor SortableElement cannot be invoked without 'new'
    at http://localhost:5173/components/modals/RetargetOptInModal.jsx?t=1787455754052:26:22 @ http://localhost:5173/src/lib/popcornInit.js?t=1787455754052:55
[  193958ms] [ERROR] [popcorn-init] FAILED at: plugin-skip TypeError: Class constructor SortableElement cannot be invoked without 'new'
    at http://localhost:5173/components/modals/RetargetOptInModal.jsx?t=1787455754052:26:22 @ http://localhost:5173/src/lib/popcornInit.js?t=1787455754052:55
[  193963ms] [ERROR] Failed to load resource: the server responded with a status of 400 () @ https://clerk.smartvid.app/v1/environment?__clerk_api_version=2026-05-12&_clerk_js_version=6.29.2&_method=PATCH:0
[  193991ms] [ERROR] [popcorn-init] FAILED at: plugin-text TypeError: Class constructor SortableElement cannot be invoked without 'new'
    at http://localhost:5173/components/modals/RetargetOptInModal.jsx?t=1787455754052:26:22 @ http://localhost:5173/src/lib/popcornInit.js?t=1787455754052:55
[  194034ms] [LOG] [popcorn-init] OK: plugin-social @ http://localhost:5173/src/lib/popcornInit.js?t=1787455754052:48
[  194042ms] [ERROR] [popcorn-init] FAILED at: plugin-jsonAnimation TypeError: Class constructor SortableElement cannot be invoked without 'new'
    at http://localhost:5173/components/modals/RetargetOptInModal.jsx?t=1787455754052:26:22 @ http://localhost:5173/src/lib/popcornInit.js?t=1787455754052:55
[  194053ms] [LOG] [popcorn-init] OK: plugin-videoTransition @ http://localhost:5173/src/lib/popcornInit.js?t=1787455754052:48
[  194058ms] [ERROR] [popcorn-init] FAILED at: plugin-seethroughtext TypeError: Class constructor SortableElement cannot be invoked without 'new'
    at http://localhost:5173/components/modals/RetargetOptInModal.jsx?t=1787455754052:26:22 @ http://localhost:5173/src/lib/popcornInit.js?t=1787455754052:55
[  194064ms] [LOG] [popcorn-init] OK: plugin-wikipedia @ http://localhost:5173/src/lib/popcornInit.js?t=1787455754052:48
[  194069ms] [ERROR] [popcorn-init] FAILED at: plugin-combined TypeError: Class constructor SortableElement cannot be invoked without 'new'
    at http://localhost:5173/components/modals/RetargetOptInModal.jsx?t=1787455754052:26:22 @ http://localhost:5173/src/lib/popcornInit.js?t=1787455754052:55
[  194074ms] [ERROR] [popcorn-init] FAILED at: plugin-background TypeError: Class constructor SortableElement cannot be invoked without 'new'
    at http://localhost:5173/components/modals/RetargetOptInModal.jsx?t=1787455754052:26:22 @ http://localhost:5173/src/lib/popcornInit.js?t=1787455754052:55
[  194074ms] [LOG] [popcorn-init] SUMMARY: 5/20 plugins registered; FAILED: plugin-image, plugin-jsonTransition, plugin-lottie-json, plugin-personalizedImage, plugin-loopPlugin, plugin-pausePlugin, plugin-form, plugin-retarget, plugin-sequencer, plugin-skip, plugin-text, plugin-jsonAnimation, plugin-seethroughtext, plugin-combined, plugin-background @ http://localhost:5173/src/lib/popcornInit.js?t=1787455754052:60
[  194074ms] [LOG] [popcorn] function 5 @ http://localhost:5173/src/main.js?t=1787455754052:4
[  198750ms] [LOG] [App] Starting initialization... @ http://localhost:5173/src/main.js?t=1787455759771:19
[  198767ms] [LOG] [popcorn-init] OK: jquery @ http://localhost:5173/src/lib/popcornInit.js?t=1787455759771:41
[  198768ms] [LOG] [popcorn-init] OK: jquery-textfill @ http://localhost:5173/src/lib/popcornInit.js?t=1787455759771:48
[  198769ms] [LOG] [popcorn-init] OK: popcorn-core @ http://localhost:5173/src/lib/popcornInit.js?t=1787455759771:48
[  198770ms] [LOG] [popcorn-init] OK: popcorn-ie8 @ http://localhost:5173/src/lib/popcornInit.js?t=1787455759771:48
[  198771ms] [LOG] [popcorn-init] OK: wrapper-common @ http://localhost:5173/src/lib/popcornInit.js?t=1787455759771:48
[  198771ms] [LOG] [popcorn-init] OK: wrapper-html5 @ http://localhost:5173/src/lib/popcornInit.js?t=1787455759771:48
[  198772ms] [LOG] [popcorn-init] OK: wrapper-vrview @ http://localhost:5173/src/lib/popcornInit.js?t=1787455759771:48
[  198773ms] [LOG] [popcorn-init] OK: wrapper-adaptive @ http://localhost:5173/src/lib/popcornInit.js?t=1787455759771:48
[  198774ms] [LOG] [popcorn-init] OK: wrapper-null @ http://localhost:5173/src/lib/popcornInit.js?t=1787455759771:48
[  198774ms] [LOG] [popcorn-init] OK: wrapper-soundcloud @ http://localhost:5173/src/lib/popcornInit.js?t=1787455759771:48
[  198777ms] [LOG] [popcorn-init] OK: wrapper-vimeo @ http://localhost:5173/src/lib/popcornInit.js?t=1787455759771:48
[  198778ms] [LOG] [popcorn-init] OK: wrapper-youtube @ http://localhost:5173/src/lib/popcornInit.js?t=1787455759771:48
[  198779ms] [LOG] [popcorn-init] OK: wrapper-jwplayer @ http://localhost:5173/src/lib/popcornInit.js?t=1787455759771:48
[  198779ms] [LOG] [popcorn-init] OK: player-module @ http://localhost:5173/src/lib/popcornInit.js?t=1787455759771:48
[  199473ms] [INFO] %cDownload the React DevTools for a better development experience: https://react.dev/link/react-devtools font-weight:bold @ http://localhost:5173/node_modules/.vite/deps/chunk-EEAUBQDT.js?v=93c1ec86:20096
[  199478ms] [LOG] [App] Initialized in 728.50ms @ http://localhost:5173/src/main.js?t=1787455759771:164
[  199478ms] [LOG] [App] Navigating to initial page: cinema @ http://localhost:5173/src/main.js?t=1787455759771:165
[  199479ms] [INFO] [App] Dev auth bypass active — skipping setup popup. @ http://localhost:5173/src/main.js?t=1787455759771:176
[  199484ms] [ERROR] [2026-08-23T03:29:23.592Z] [ERROR] Unhandled promise rejection | {"reason":"Assignment to constant variable."} @ http://localhost:5173/src/lib/logger.js:84
[  199484ms] [ERROR] TypeError: Assignment to constant variable.
    at navigate (http://localhost:5173/src/lib/router.js?t=1787455759771:185:16)
    at http://localhost:5173/src/main.js?t=1787455759771:175:5 @ http://localhost:5173/src/lib/logger.js:85
[  199484ms] [ERROR] [Unhandled Promise Rejection] TypeError: Assignment to constant variable.
    at navigate (http://localhost:5173/src/lib/router.js?t=1787455759771:185:16)
    at http://localhost:5173/src/main.js?t=1787455759771:175:5 @ http://localhost:5173/src/main.js?t=1787455759771:33
[  199485ms] [LOG] [Analytics] error {errorType: unhandled_rejection, message: Assignment to constant variable.} @ http://localhost:5173/src/lib/analytics.js:36
[  199667ms] TypeError: Assignment to constant variable.
    at navigate (http://localhost:5173/src/lib/router.js?t=1787455759771:185:16)
    at http://localhost:5173/src/main.js?t=1787455759771:175:5
[  200491ms] [ERROR] [popcorn-init] FAILED at: plugin-image TypeError: Class constructor SortableElement cannot be invoked without 'new'
    at http://localhost:5173/components/modals/RetargetOptInModal.jsx?t=1787455759771:26:22 @ http://localhost:5173/src/lib/popcornInit.js?t=1787455759771:55
[  200492ms] [ERROR] [ModalSystem] mount failed TypeError: Class constructor SortableElement cannot be invoked without 'new'
    at http://localhost:5173/components/modals/RetargetOptInModal.jsx?t=1787455759771:26:22 @ http://localhost:5173/src/main.js?t=1787455759771:329
[  200540ms] [ERROR] [popcorn-init] FAILED at: plugin-jsonTransition TypeError: Class constructor SortableElement cannot be invoked without 'new'
    at http://localhost:5173/components/modals/RetargetOptInModal.jsx?t=1787455759771:26:22 @ http://localhost:5173/src/lib/popcornInit.js?t=1787455759771:55
[  200560ms] [ERROR] [popcorn-init] FAILED at: plugin-lottie-json TypeError: Class constructor SortableElement cannot be invoked without 'new'
    at http://localhost:5173/components/modals/RetargetOptInModal.jsx?t=1787455759771:26:22 @ http://localhost:5173/src/lib/popcornInit.js?t=1787455759771:55
[  200572ms] [LOG] [popcorn-init] OK: plugin-json-button @ http://localhost:5173/src/lib/popcornInit.js?t=1787455759771:48
[  200581ms] [ERROR] [popcorn-init] FAILED at: plugin-personalizedImage TypeError: Class constructor SortableElement cannot be invoked without 'new'
    at http://localhost:5173/components/modals/RetargetOptInModal.jsx?t=1787455759771:26:22 @ http://localhost:5173/src/lib/popcornInit.js?t=1787455759771:55
[  200583ms] [WARNING] Clerk: Clerk has been loaded with development keys. Development instances have strict usage limits and should not be used when deploying your application to production. Learn more: https://clerk.com/docs/deployments/overview @ https://clerk.smartvid.app/npm/@clerk/clerk-js@6/dist/clerk.browser.js:11
[  200594ms] [ERROR] [popcorn-init] FAILED at: plugin-loopPlugin TypeError: Class constructor SortableElement cannot be invoked without 'new'
    at http://localhost:5173/components/modals/RetargetOptInModal.jsx?t=1787455759771:26:22 @ http://localhost:5173/src/lib/popcornInit.js?t=1787455759771:55
[  200605ms] [ERROR] [popcorn-init] FAILED at: plugin-pausePlugin TypeError: Class constructor SortableElement cannot be invoked without 'new'
    at http://localhost:5173/components/modals/RetargetOptInModal.jsx?t=1787455759771:26:22 @ http://localhost:5173/src/lib/popcornInit.js?t=1787455759771:55
[  200640ms] [ERROR] [popcorn-init] FAILED at: plugin-form TypeError: Class constructor SortableElement cannot be invoked without 'new'
    at http://localhost:5173/components/modals/RetargetOptInModal.jsx?t=1787455759771:26:22 @ http://localhost:5173/src/lib/popcornInit.js?t=1787455759771:55
[  200657ms] [ERROR] [popcorn-init] FAILED at: plugin-retarget TypeError: Class constructor SortableElement cannot be invoked without 'new'
    at http://localhost:5173/components/modals/RetargetOptInModal.jsx?t=1787455759771:26:22 @ http://localhost:5173/src/lib/popcornInit.js?t=1787455759771:55
[  200665ms] [LOG] [popcorn-init] OK: plugin-popup @ http://localhost:5173/src/lib/popcornInit.js?t=1787455759771:48
[  200681ms] [ERROR] [popcorn-init] FAILED at: plugin-sequencer TypeError: Class constructor SortableElement cannot be invoked without 'new'
    at http://localhost:5173/components/modals/RetargetOptInModal.jsx?t=1787455759771:26:22 @ http://localhost:5173/src/lib/popcornInit.js?t=1787455759771:55
[  200684ms] [ERROR] Failed to load resource: the server responded with a status of 400 () @ https://clerk.smartvid.app/v1/environment?__clerk_api_version=2026-05-12&_clerk_js_version=6.29.2&_method=PATCH:0
[  200739ms] [ERROR] [popcorn-init] FAILED at: plugin-skip TypeError: Class constructor SortableElement cannot be invoked without 'new'
    at http://localhost:5173/components/modals/RetargetOptInModal.jsx?t=1787455759771:26:22 @ http://localhost:5173/src/lib/popcornInit.js?t=1787455759771:55
[  200824ms] [ERROR] [popcorn-init] FAILED at: plugin-text TypeError: Class constructor SortableElement cannot be invoked without 'new'
    at http://localhost:5173/components/modals/RetargetOptInModal.jsx?t=1787455759771:26:22 @ http://localhost:5173/src/lib/popcornInit.js?t=1787455759771:55
[  200838ms] [LOG] [popcorn-init] OK: plugin-social @ http://localhost:5173/src/lib/popcornInit.js?t=1787455759771:48
[  200849ms] [ERROR] [popcorn-init] FAILED at: plugin-jsonAnimation TypeError: Class constructor SortableElement cannot be invoked without 'new'
    at http://localhost:5173/components/modals/RetargetOptInModal.jsx?t=1787455759771:26:22 @ http://localhost:5173/src/lib/popcornInit.js?t=1787455759771:55
[  200883ms] [LOG] [popcorn-init] OK: plugin-videoTransition @ http://localhost:5173/src/lib/popcornInit.js?t=1787455759771:48
[  200898ms] [ERROR] [popcorn-init] FAILED at: plugin-seethroughtext TypeError: Class constructor SortableElement cannot be invoked without 'new'
    at http://localhost:5173/components/modals/RetargetOptInModal.jsx?t=1787455759771:26:22 @ http://localhost:5173/src/lib/popcornInit.js?t=1787455759771:55
[  200906ms] [LOG] [popcorn-init] OK: plugin-wikipedia @ http://localhost:5173/src/lib/popcornInit.js?t=1787455759771:48
[  200964ms] [ERROR] [popcorn-init] FAILED at: plugin-combined TypeError: Class constructor SortableElement cannot be invoked without 'new'
    at http://localhost:5173/components/modals/RetargetOptInModal.jsx?t=1787455759771:26:22 @ http://localhost:5173/src/lib/popcornInit.js?t=1787455759771:55
[  200975ms] [ERROR] [popcorn-init] FAILED at: plugin-background TypeError: Class constructor SortableElement cannot be invoked without 'new'
    at http://localhost:5173/components/modals/RetargetOptInModal.jsx?t=1787455759771:26:22 @ http://localhost:5173/src/lib/popcornInit.js?t=1787455759771:55
[  200975ms] [LOG] [popcorn-init] SUMMARY: 5/20 plugins registered; FAILED: plugin-image, plugin-jsonTransition, plugin-lottie-json, plugin-personalizedImage, plugin-loopPlugin, plugin-pausePlugin, plugin-form, plugin-retarget, plugin-sequencer, plugin-skip, plugin-text, plugin-jsonAnimation, plugin-seethroughtext, plugin-combined, plugin-background @ http://localhost:5173/src/lib/popcornInit.js?t=1787455759771:60
[  200975ms] [LOG] [popcorn] function 5 @ http://localhost:5173/src/main.js?t=1787455759771:4
[  206066ms] [LOG] [App] Starting initialization... @ http://localhost:5173/src/main.js?t=1787455767755:19
[  206084ms] [LOG] [popcorn-init] OK: jquery @ http://localhost:5173/src/lib/popcornInit.js?t=1787455767755:41
[  206084ms] [LOG] [popcorn-init] OK: jquery-textfill @ http://localhost:5173/src/lib/popcornInit.js?t=1787455767755:48
[  206085ms] [LOG] [popcorn-init] OK: popcorn-core @ http://localhost:5173/src/lib/popcornInit.js?t=1787455767755:48
[  206086ms] [LOG] [popcorn-init] OK: popcorn-ie8 @ http://localhost:5173/src/lib/popcornInit.js?t=1787455767755:48
[  206087ms] [LOG] [popcorn-init] OK: wrapper-common @ http://localhost:5173/src/lib/popcornInit.js?t=1787455767755:48
[  206087ms] [LOG] [popcorn-init] OK: wrapper-html5 @ http://localhost:5173/src/lib/popcornInit.js?t=1787455767755:48
[  206088ms] [LOG] [popcorn-init] OK: wrapper-vrview @ http://localhost:5173/src/lib/popcornInit.js?t=1787455767755:48
[  206088ms] [LOG] [popcorn-init] OK: wrapper-adaptive @ http://localhost:5173/src/lib/popcornInit.js?t=1787455767755:48
[  206089ms] [LOG] [popcorn-init] OK: wrapper-null @ http://localhost:5173/src/lib/popcornInit.js?t=1787455767755:48
[  206089ms] [LOG] [popcorn-init] OK: wrapper-soundcloud @ http://localhost:5173/src/lib/popcornInit.js?t=1787455767755:48
[  206090ms] [LOG] [popcorn-init] OK: wrapper-vimeo @ http://localhost:5173/src/lib/popcornInit.js?t=1787455767755:48
[  206090ms] [LOG] [popcorn-init] OK: wrapper-youtube @ http://localhost:5173/src/lib/popcornInit.js?t=1787455767755:48
[  206091ms] [LOG] [popcorn-init] OK: wrapper-jwplayer @ http://localhost:5173/src/lib/popcornInit.js?t=1787455767755:48
[  206092ms] [LOG] [popcorn-init] OK: player-module @ http://localhost:5173/src/lib/popcornInit.js?t=1787455767755:48
[  208845ms] [LOG] [App] Starting initialization... @ http://localhost:5173/src/main.js?t=1787455770301:19
[  208861ms] [LOG] [popcorn-init] OK: jquery @ http://localhost:5173/src/lib/popcornInit.js?t=1787455770301:41
[  208862ms] [LOG] [popcorn-init] OK: jquery-textfill @ http://localhost:5173/src/lib/popcornInit.js?t=1787455770301:48
[  208864ms] [LOG] [popcorn-init] OK: popcorn-core @ http://localhost:5173/src/lib/popcornInit.js?t=1787455770301:48
[  208865ms] [LOG] [popcorn-init] OK: popcorn-ie8 @ http://localhost:5173/src/lib/popcornInit.js?t=1787455770301:48
[  208866ms] [LOG] [popcorn-init] OK: wrapper-common @ http://localhost:5173/src/lib/popcornInit.js?t=1787455770301:48
[  208867ms] [LOG] [popcorn-init] OK: wrapper-html5 @ http://localhost:5173/src/lib/popcornInit.js?t=1787455770301:48
[  208868ms] [LOG] [popcorn-init] OK: wrapper-vrview @ http://localhost:5173/src/lib/popcornInit.js?t=1787455770301:48
[  208868ms] [LOG] [popcorn-init] OK: wrapper-adaptive @ http://localhost:5173/src/lib/popcornInit.js?t=1787455770301:48
[  208869ms] [LOG] [popcorn-init] OK: wrapper-null @ http://localhost:5173/src/lib/popcornInit.js?t=1787455770301:48
[  208870ms] [LOG] [popcorn-init] OK: wrapper-soundcloud @ http://localhost:5173/src/lib/popcornInit.js?t=1787455770301:48
[  208870ms] [LOG] [popcorn-init] OK: wrapper-vimeo @ http://localhost:5173/src/lib/popcornInit.js?t=1787455770301:48
[  208870ms] [LOG] [popcorn-init] OK: wrapper-youtube @ http://localhost:5173/src/lib/popcornInit.js?t=1787455770301:48
[  208871ms] [LOG] [popcorn-init] OK: wrapper-jwplayer @ http://localhost:5173/src/lib/popcornInit.js?t=1787455770301:48
[  208871ms] [LOG] [popcorn-init] OK: player-module @ http://localhost:5173/src/lib/popcornInit.js?t=1787455770301:48
[  209332ms] [INFO] %cDownload the React DevTools for a better development experience: https://react.dev/link/react-devtools font-weight:bold @ http://localhost:5173/node_modules/.vite/deps/chunk-EEAUBQDT.js?v=93c1ec86:20096
[  209335ms] [LOG] [App] Initialized in 489.50ms @ http://localhost:5173/src/main.js?t=1787455770301:164
[  209335ms] [LOG] [App] Navigating to initial page: cinema @ http://localhost:5173/src/main.js?t=1787455770301:165
[  209335ms] [INFO] [App] Dev auth bypass active — skipping setup popup. @ http://localhost:5173/src/main.js?t=1787455770301:176
[  209341ms] [ERROR] [2026-08-23T03:29:33.449Z] [ERROR] Unhandled promise rejection | {"reason":"Assignment to constant variable."} @ http://localhost:5173/src/lib/logger.js:84
[  209343ms] [ERROR] TypeError: Assignment to constant variable.
    at navigate (http://localhost:5173/src/lib/router.js?t=1787455770301:185:16)
    at http://localhost:5173/src/main.js?t=1787455770301:175:5 @ http://localhost:5173/src/lib/logger.js:85
[  209345ms] [ERROR] [Unhandled Promise Rejection] TypeError: Assignment to constant variable.
    at navigate (http://localhost:5173/src/lib/router.js?t=1787455770301:185:16)
    at http://localhost:5173/src/main.js?t=1787455770301:175:5 @ http://localhost:5173/src/main.js?t=1787455770301:33
[  209345ms] [LOG] [Analytics] error {errorType: unhandled_rejection, message: Assignment to constant variable.} @ http://localhost:5173/src/lib/analytics.js:36
[  209350ms] TypeError: Assignment to constant variable.
    at navigate (http://localhost:5173/src/lib/router.js?t=1787455770301:185:16)
    at http://localhost:5173/src/main.js?t=1787455770301:175:5
[  210620ms] [ERROR] [popcorn-init] FAILED at: plugin-image TypeError: Class constructor SortableElement cannot be invoked without 'new'
    at http://localhost:5173/components/modals/RetargetOptInModal.jsx?t=1787455770301:26:22 @ http://localhost:5173/src/lib/popcornInit.js?t=1787455770301:55
[  210621ms] [ERROR] [ModalSystem] mount failed TypeError: Class constructor SortableElement cannot be invoked without 'new'
    at http://localhost:5173/components/modals/RetargetOptInModal.jsx?t=1787455770301:26:22 @ http://localhost:5173/src/main.js?t=1787455770301:329
[  210640ms] [WARNING] Clerk: Clerk has been loaded with development keys. Development instances have strict usage limits and should not be used when deploying your application to production. Learn more: https://clerk.com/docs/deployments/overview @ https://clerk.smartvid.app/npm/@clerk/clerk-js@6/dist/clerk.browser.js:11
[  210673ms] [ERROR] [popcorn-init] FAILED at: plugin-jsonTransition TypeError: Class constructor SortableElement cannot be invoked without 'new'
    at http://localhost:5173/components/modals/RetargetOptInModal.jsx?t=1787455770301:26:22 @ http://localhost:5173/src/lib/popcornInit.js?t=1787455770301:55
[  210684ms] [ERROR] [popcorn-init] FAILED at: plugin-lottie-json TypeError: Class constructor SortableElement cannot be invoked without 'new'
    at http://localhost:5173/components/modals/RetargetOptInModal.jsx?t=1787455770301:26:22 @ http://localhost:5173/src/lib/popcornInit.js?t=1787455770301:55
[  210694ms] [LOG] [popcorn-init] OK: plugin-json-button @ http://localhost:5173/src/lib/popcornInit.js?t=1787455770301:48
[  210701ms] [ERROR] [popcorn-init] FAILED at: plugin-personalizedImage TypeError: Class constructor SortableElement cannot be invoked without 'new'
    at http://localhost:5173/components/modals/RetargetOptInModal.jsx?t=1787455770301:26:22 @ http://localhost:5173/src/lib/popcornInit.js?t=1787455770301:55
[  210707ms] [ERROR] [popcorn-init] FAILED at: plugin-loopPlugin TypeError: Class constructor SortableElement cannot be invoked without 'new'
    at http://localhost:5173/components/modals/RetargetOptInModal.jsx?t=1787455770301:26:22 @ http://localhost:5173/src/lib/popcornInit.js?t=1787455770301:55
[  210714ms] [ERROR] [popcorn-init] FAILED at: plugin-pausePlugin TypeError: Class constructor SortableElement cannot be invoked without 'new'
    at http://localhost:5173/components/modals/RetargetOptInModal.jsx?t=1787455770301:26:22 @ http://localhost:5173/src/lib/popcornInit.js?t=1787455770301:55
[  210726ms] [ERROR] [popcorn-init] FAILED at: plugin-form TypeError: Class constructor SortableElement cannot be invoked without 'new'
    at http://localhost:5173/components/modals/RetargetOptInModal.jsx?t=1787455770301:26:22 @ http://localhost:5173/src/lib/popcornInit.js?t=1787455770301:55
[  210740ms] [ERROR] [popcorn-init] FAILED at: plugin-retarget TypeError: Class constructor SortableElement cannot be invoked without 'new'
    at http://localhost:5173/components/modals/RetargetOptInModal.jsx?t=1787455770301:26:22 @ http://localhost:5173/src/lib/popcornInit.js?t=1787455770301:55
[  210746ms] [LOG] [popcorn-init] OK: plugin-popup @ http://localhost:5173/src/lib/popcornInit.js?t=1787455770301:48
[  210750ms] [ERROR] Failed to load resource: the server responded with a status of 400 () @ https://clerk.smartvid.app/v1/environment?__clerk_api_version=2026-05-12&_clerk_js_version=6.29.2&_method=PATCH:0
[  210754ms] [ERROR] [popcorn-init] FAILED at: plugin-sequencer TypeError: Class constructor SortableElement cannot be invoked without 'new'
    at http://localhost:5173/components/modals/RetargetOptInModal.jsx?t=1787455770301:26:22 @ http://localhost:5173/src/lib/popcornInit.js?t=1787455770301:55
[  210783ms] [ERROR] [popcorn-init] FAILED at: plugin-skip TypeError: Class constructor SortableElement cannot be invoked without 'new'
    at http://localhost:5173/components/modals/RetargetOptInModal.jsx?t=1787455770301:26:22 @ http://localhost:5173/src/lib/popcornInit.js?t=1787455770301:55
[  210810ms] [ERROR] [popcorn-init] FAILED at: plugin-text TypeError: Class constructor SortableElement cannot be invoked without 'new'
    at http://localhost:5173/components/modals/RetargetOptInModal.jsx?t=1787455770301:26:22 @ http://localhost:5173/src/lib/popcornInit.js?t=1787455770301:55
[  210818ms] [LOG] [popcorn-init] OK: plugin-social @ http://localhost:5173/src/lib/popcornInit.js?t=1787455770301:48
[  210823ms] [ERROR] [popcorn-init] FAILED at: plugin-jsonAnimation TypeError: Class constructor SortableElement cannot be invoked without 'new'
    at http://localhost:5173/components/modals/RetargetOptInModal.jsx?t=1787455770301:26:22 @ http://localhost:5173/src/lib/popcornInit.js?t=1787455770301:55
[  210833ms] [LOG] [popcorn-init] OK: plugin-videoTransition @ http://localhost:5173/src/lib/popcornInit.js?t=1787455770301:48
[  210839ms] [ERROR] [popcorn-init] FAILED at: plugin-seethroughtext TypeError: Class constructor SortableElement cannot be invoked without 'new'
    at http://localhost:5173/components/modals/RetargetOptInModal.jsx?t=1787455770301:26:22 @ http://localhost:5173/src/lib/popcornInit.js?t=1787455770301:55
[  210843ms] [LOG] [popcorn-init] OK: plugin-wikipedia @ http://localhost:5173/src/lib/popcornInit.js?t=1787455770301:48
[  210848ms] [ERROR] [popcorn-init] FAILED at: plugin-combined TypeError: Class constructor SortableElement cannot be invoked without 'new'
    at http://localhost:5173/components/modals/RetargetOptInModal.jsx?t=1787455770301:26:22 @ http://localhost:5173/src/lib/popcornInit.js?t=1787455770301:55
[  210854ms] [ERROR] [popcorn-init] FAILED at: plugin-background TypeError: Class constructor SortableElement cannot be invoked without 'new'
    at http://localhost:5173/components/modals/RetargetOptInModal.jsx?t=1787455770301:26:22 @ http://localhost:5173/src/lib/popcornInit.js?t=1787455770301:55
[  210854ms] [LOG] [popcorn-init] SUMMARY: 5/20 plugins registered; FAILED: plugin-image, plugin-jsonTransition, plugin-lottie-json, plugin-personalizedImage, plugin-loopPlugin, plugin-pausePlugin, plugin-form, plugin-retarget, plugin-sequencer, plugin-skip, plugin-text, plugin-jsonAnimation, plugin-seethroughtext, plugin-combined, plugin-background @ http://localhost:5173/src/lib/popcornInit.js?t=1787455770301:60
[  210854ms] [LOG] [popcorn] function 5 @ http://localhost:5173/src/main.js?t=1787455770301:4
[  223640ms] [LOG] [App] Starting initialization... @ http://localhost:5173/src/main.js?t=1787455785862:19
[  223659ms] [LOG] [popcorn-init] OK: jquery @ http://localhost:5173/src/lib/popcornInit.js?t=1787455785862:41
[  223660ms] [LOG] [popcorn-init] OK: jquery-textfill @ http://localhost:5173/src/lib/popcornInit.js?t=1787455785862:48
[  223661ms] [LOG] [popcorn-init] OK: popcorn-core @ http://localhost:5173/src/lib/popcornInit.js?t=1787455785862:48
[  223662ms] [LOG] [popcorn-init] OK: popcorn-ie8 @ http://localhost:5173/src/lib/popcornInit.js?t=1787455785862:48
[  223662ms] [LOG] [popcorn-init] OK: wrapper-common @ http://localhost:5173/src/lib/popcornInit.js?t=1787455785862:48
[  223663ms] [LOG] [popcorn-init] OK: wrapper-html5 @ http://localhost:5173/src/lib/popcornInit.js?t=1787455785862:48
[  223663ms] [LOG] [popcorn-init] OK: wrapper-vrview @ http://localhost:5173/src/lib/popcornInit.js?t=1787455785862:48
[  223664ms] [LOG] [popcorn-init] OK: wrapper-adaptive @ http://localhost:5173/src/lib/popcornInit.js?t=1787455785862:48
[  223665ms] [LOG] [popcorn-init] OK: wrapper-null @ http://localhost:5173/src/lib/popcornInit.js?t=1787455785862:48
[  223665ms] [LOG] [popcorn-init] OK: wrapper-soundcloud @ http://localhost:5173/src/lib/popcornInit.js?t=1787455785862:48
[  223666ms] [LOG] [popcorn-init] OK: wrapper-vimeo @ http://localhost:5173/src/lib/popcornInit.js?t=1787455785862:48
[  223666ms] [LOG] [popcorn-init] OK: wrapper-youtube @ http://localhost:5173/src/lib/popcornInit.js?t=1787455785862:48
[  223667ms] [LOG] [popcorn-init] OK: wrapper-jwplayer @ http://localhost:5173/src/lib/popcornInit.js?t=1787455785862:48
[  223667ms] [LOG] [popcorn-init] OK: player-module @ http://localhost:5173/src/lib/popcornInit.js?t=1787455785862:48
[  224213ms] [INFO] %cDownload the React DevTools for a better development experience: https://react.dev/link/react-devtools font-weight:bold @ http://localhost:5173/node_modules/.vite/deps/chunk-EEAUBQDT.js?v=93c1ec86:20096
[  224216ms] [LOG] [App] Initialized in 575.70ms @ http://localhost:5173/src/main.js?t=1787455785862:164
[  224216ms] [LOG] [App] Navigating to initial page: cinema @ http://localhost:5173/src/main.js?t=1787455785862:165
[  224217ms] [INFO] [App] Dev auth bypass active — skipping setup popup. @ http://localhost:5173/src/main.js?t=1787455785862:176
[  224226ms] [ERROR] [2026-08-23T03:29:48.335Z] [ERROR] Unhandled promise rejection | {"reason":"Assignment to constant variable."} @ http://localhost:5173/src/lib/logger.js:84
[  224227ms] [ERROR] TypeError: Assignment to constant variable.
    at navigate (http://localhost:5173/src/lib/router.js?t=1787455785862:185:16)
    at http://localhost:5173/src/main.js?t=1787455785862:175:5 @ http://localhost:5173/src/lib/logger.js:85
[  224227ms] [ERROR] [Unhandled Promise Rejection] TypeError: Assignment to constant variable.
    at navigate (http://localhost:5173/src/lib/router.js?t=1787455785862:185:16)
    at http://localhost:5173/src/main.js?t=1787455785862:175:5 @ http://localhost:5173/src/main.js?t=1787455785862:33
[  224227ms] [LOG] [Analytics] error {errorType: unhandled_rejection, message: Assignment to constant variable.} @ http://localhost:5173/src/lib/analytics.js:36
[  224971ms] TypeError: Assignment to constant variable.
    at navigate (http://localhost:5173/src/lib/router.js?t=1787455785862:185:16)
    at http://localhost:5173/src/main.js?t=1787455785862:175:5
[  225693ms] [ERROR] [popcorn-init] FAILED at: plugin-image TypeError: Class constructor SortableElement cannot be invoked without 'new'
    at http://localhost:5173/components/modals/RetargetOptInModal.jsx?t=1787455785862:26:22 @ http://localhost:5173/src/lib/popcornInit.js?t=1787455785862:55
[  225693ms] [ERROR] [ModalSystem] mount failed TypeError: Class constructor SortableElement cannot be invoked without 'new'
    at http://localhost:5173/components/modals/RetargetOptInModal.jsx?t=1787455785862:26:22 @ http://localhost:5173/src/main.js?t=1787455785862:329
[  225724ms] [ERROR] [popcorn-init] FAILED at: plugin-jsonTransition TypeError: Class constructor SortableElement cannot be invoked without 'new'
    at http://localhost:5173/components/modals/RetargetOptInModal.jsx?t=1787455785862:26:22 @ http://localhost:5173/src/lib/popcornInit.js?t=1787455785862:55
[  225726ms] [WARNING] Clerk: Clerk has been loaded with development keys. Development instances have strict usage limits and should not be used when deploying your application to production. Learn more: https://clerk.com/docs/deployments/overview @ https://clerk.smartvid.app/npm/@clerk/clerk-js@6/dist/clerk.browser.js:11
[  225738ms] [ERROR] [popcorn-init] FAILED at: plugin-lottie-json TypeError: Class constructor SortableElement cannot be invoked without 'new'
    at http://localhost:5173/components/modals/RetargetOptInModal.jsx?t=1787455785862:26:22 @ http://localhost:5173/src/lib/popcornInit.js?t=1787455785862:55
[  225744ms] [LOG] [popcorn-init] OK: plugin-json-button @ http://localhost:5173/src/lib/popcornInit.js?t=1787455785862:48
[  225750ms] [ERROR] [popcorn-init] FAILED at: plugin-personalizedImage TypeError: Class constructor SortableElement cannot be invoked without 'new'
    at http://localhost:5173/components/modals/RetargetOptInModal.jsx?t=1787455785862:26:22 @ http://localhost:5173/src/lib/popcornInit.js?t=1787455785862:55
[  225755ms] [ERROR] [popcorn-init] FAILED at: plugin-loopPlugin TypeError: Class constructor SortableElement cannot be invoked without 'new'
    at http://localhost:5173/components/modals/RetargetOptInModal.jsx?t=1787455785862:26:22 @ http://localhost:5173/src/lib/popcornInit.js?t=1787455785862:55
[  225762ms] [ERROR] [popcorn-init] FAILED at: plugin-pausePlugin TypeError: Class constructor SortableElement cannot be invoked without 'new'
    at http://localhost:5173/components/modals/RetargetOptInModal.jsx?t=1787455785862:26:22 @ http://localhost:5173/src/lib/popcornInit.js?t=1787455785862:55
[  225773ms] [ERROR] [popcorn-init] FAILED at: plugin-form TypeError: Class constructor SortableElement cannot be invoked without 'new'
    at http://localhost:5173/components/modals/RetargetOptInModal.jsx?t=1787455785862:26:22 @ http://localhost:5173/src/lib/popcornInit.js?t=1787455785862:55
[  225786ms] [ERROR] [popcorn-init] FAILED at: plugin-retarget TypeError: Class constructor SortableElement cannot be invoked without 'new'
    at http://localhost:5173/components/modals/RetargetOptInModal.jsx?t=1787455785862:26:22 @ http://localhost:5173/src/lib/popcornInit.js?t=1787455785862:55
[  225789ms] [LOG] [popcorn-init] OK: plugin-popup @ http://localhost:5173/src/lib/popcornInit.js?t=1787455785862:48
[  225796ms] [ERROR] [popcorn-init] FAILED at: plugin-sequencer TypeError: Class constructor SortableElement cannot be invoked without 'new'
    at http://localhost:5173/components/modals/RetargetOptInModal.jsx?t=1787455785862:26:22 @ http://localhost:5173/src/lib/popcornInit.js?t=1787455785862:55
[  225801ms] [ERROR] [popcorn-init] FAILED at: plugin-skip TypeError: Class constructor SortableElement cannot be invoked without 'new'
    at http://localhost:5173/components/modals/RetargetOptInModal.jsx?t=1787455785862:26:22 @ http://localhost:5173/src/lib/popcornInit.js?t=1787455785862:55
[  225811ms] [ERROR] Failed to load resource: the server responded with a status of 400 () @ https://clerk.smartvid.app/v1/environment?__clerk_api_version=2026-05-12&_clerk_js_version=6.29.2&_method=PATCH:0
[  225824ms] [ERROR] [popcorn-init] FAILED at: plugin-text TypeError: Class constructor SortableElement cannot be invoked without 'new'
    at http://localhost:5173/components/modals/RetargetOptInModal.jsx?t=1787455785862:26:22 @ http://localhost:5173/src/lib/popcornInit.js?t=1787455785862:55
[  225841ms] [LOG] [popcorn-init] OK: plugin-social @ http://localhost:5173/src/lib/popcornInit.js?t=1787455785862:48
[  225867ms] [ERROR] [popcorn-init] FAILED at: plugin-jsonAnimation TypeError: Class constructor SortableElement cannot be invoked without 'new'
    at http://localhost:5173/components/modals/RetargetOptInModal.jsx?t=1787455785862:26:22 @ http://localhost:5173/src/lib/popcornInit.js?t=1787455785862:55
[  225909ms] [LOG] [popcorn-init] OK: plugin-videoTransition @ http://localhost:5173/src/lib/popcornInit.js?t=1787455785862:48
[  225987ms] [ERROR] [popcorn-init] FAILED at: plugin-seethroughtext TypeError: Class constructor SortableElement cannot be invoked without 'new'
    at http://localhost:5173/components/modals/RetargetOptInModal.jsx?t=1787455785862:26:22 @ http://localhost:5173/src/lib/popcornInit.js?t=1787455785862:55
[  226033ms] [LOG] [popcorn-init] OK: plugin-wikipedia @ http://localhost:5173/src/lib/popcornInit.js?t=1787455785862:48
[  226092ms] [ERROR] [popcorn-init] FAILED at: plugin-combined TypeError: Class constructor SortableElement cannot be invoked without 'new'
    at http://localhost:5173/components/modals/RetargetOptInModal.jsx?t=1787455785862:26:22 @ http://localhost:5173/src/lib/popcornInit.js?t=1787455785862:55
[  226149ms] [ERROR] [popcorn-init] FAILED at: plugin-background TypeError: Class constructor SortableElement cannot be invoked without 'new'
    at http://localhost:5173/components/modals/RetargetOptInModal.jsx?t=1787455785862:26:22 @ http://localhost:5173/src/lib/popcornInit.js?t=1787455785862:55
[  226149ms] [LOG] [popcorn-init] SUMMARY: 5/20 plugins registered; FAILED: plugin-image, plugin-jsonTransition, plugin-lottie-json, plugin-personalizedImage, plugin-loopPlugin, plugin-pausePlugin, plugin-form, plugin-retarget, plugin-sequencer, plugin-skip, plugin-text, plugin-jsonAnimation, plugin-seethroughtext, plugin-combined, plugin-background @ http://localhost:5173/src/lib/popcornInit.js?t=1787455785862:60
[  226149ms] [LOG] [popcorn] function 5 @ http://localhost:5173/src/main.js?t=1787455785862:4
[  243253ms] [LOG] [App] Starting initialization... @ http://localhost:5173/src/main.js?t=1787455805524:19
[  243275ms] [LOG] [popcorn-init] OK: jquery @ http://localhost:5173/src/lib/popcornInit.js?t=1787455805524:41
[  243276ms] [LOG] [popcorn-init] OK: jquery-textfill @ http://localhost:5173/src/lib/popcornInit.js?t=1787455805524:48
[  243277ms] [LOG] [popcorn-init] OK: popcorn-core @ http://localhost:5173/src/lib/popcornInit.js?t=1787455805524:48
[  243277ms] [LOG] [popcorn-init] OK: popcorn-ie8 @ http://localhost:5173/src/lib/popcornInit.js?t=1787455805524:48
[  243278ms] [LOG] [popcorn-init] OK: wrapper-common @ http://localhost:5173/src/lib/popcornInit.js?t=1787455805524:48
[  243278ms] [LOG] [popcorn-init] OK: wrapper-html5 @ http://localhost:5173/src/lib/popcornInit.js?t=1787455805524:48
[  243279ms] [LOG] [popcorn-init] OK: wrapper-vrview @ http://localhost:5173/src/lib/popcornInit.js?t=1787455805524:48
[  243279ms] [LOG] [popcorn-init] OK: wrapper-adaptive @ http://localhost:5173/src/lib/popcornInit.js?t=1787455805524:48
[  243282ms] [LOG] [popcorn-init] OK: wrapper-null @ http://localhost:5173/src/lib/popcornInit.js?t=1787455805524:48
[  243283ms] [LOG] [popcorn-init] OK: wrapper-soundcloud @ http://localhost:5173/src/lib/popcornInit.js?t=1787455805524:48
[  243283ms] [LOG] [popcorn-init] OK: wrapper-vimeo @ http://localhost:5173/src/lib/popcornInit.js?t=1787455805524:48
[  243284ms] [LOG] [popcorn-init] OK: wrapper-youtube @ http://localhost:5173/src/lib/popcornInit.js?t=1787455805524:48
[  243284ms] [LOG] [popcorn-init] OK: wrapper-jwplayer @ http://localhost:5173/src/lib/popcornInit.js?t=1787455805524:48
[  243285ms] [LOG] [popcorn-init] OK: player-module @ http://localhost:5173/src/lib/popcornInit.js?t=1787455805524:48
[  243796ms] [INFO] %cDownload the React DevTools for a better development experience: https://react.dev/link/react-devtools font-weight:bold @ http://localhost:5173/node_modules/.vite/deps/chunk-EEAUBQDT.js?v=93c1ec86:20096
[  243798ms] [LOG] [App] Initialized in 544.40ms @ http://localhost:5173/src/main.js?t=1787455805524:164
[  243798ms] [LOG] [App] Navigating to initial page: cinema @ http://localhost:5173/src/main.js?t=1787455805524:165
[  243799ms] [INFO] [App] Dev auth bypass active — skipping setup popup. @ http://localhost:5173/src/main.js?t=1787455805524:176
[  243802ms] [ERROR] [2026-08-23T03:30:07.911Z] [ERROR] Unhandled promise rejection | {"reason":"Assignment to constant variable."} @ http://localhost:5173/src/lib/logger.js:84
[  243802ms] [ERROR] TypeError: Assignment to constant variable.
    at navigate (http://localhost:5173/src/lib/router.js?t=1787455805524:185:16)
    at http://localhost:5173/src/main.js?t=1787455805524:175:5 @ http://localhost:5173/src/lib/logger.js:85
[  243803ms] [ERROR] [Unhandled Promise Rejection] TypeError: Assignment to constant variable.
    at navigate (http://localhost:5173/src/lib/router.js?t=1787455805524:185:16)
    at http://localhost:5173/src/main.js?t=1787455805524:175:5 @ http://localhost:5173/src/main.js?t=1787455805524:33
[  243803ms] [LOG] [Analytics] error {errorType: unhandled_rejection, message: Assignment to constant variable.} @ http://localhost:5173/src/lib/analytics.js:36
[  243893ms] TypeError: Assignment to constant variable.
    at navigate (http://localhost:5173/src/lib/router.js?t=1787455805524:185:16)
    at http://localhost:5173/src/main.js?t=1787455805524:175:5
[  244302ms] [WARNING] Clerk: Clerk has been loaded with development keys. Development instances have strict usage limits and should not be used when deploying your application to production. Learn more: https://clerk.com/docs/deployments/overview @ https://clerk.smartvid.app/npm/@clerk/clerk-js@6/dist/clerk.browser.js:11
[  244660ms] [ERROR] Failed to load resource: the server responded with a status of 400 () @ https://clerk.smartvid.app/v1/environment?__clerk_api_version=2026-05-12&_clerk_js_version=6.29.2&_method=PATCH:0
[  244729ms] [ERROR] [ModalSystem] mount failed TypeError: Class constructor SortableElement cannot be invoked without 'new'
    at http://localhost:5173/components/modals/RetargetOptInModal.jsx?t=1787455805524:26:22 @ http://localhost:5173/src/main.js?t=1787455805524:329
[  244733ms] [ERROR] [popcorn-init] FAILED at: plugin-image TypeError: Class constructor SortableElement cannot be invoked without 'new'
    at http://localhost:5173/components/modals/RetargetOptInModal.jsx?t=1787455805524:26:22 @ http://localhost:5173/src/lib/popcornInit.js?t=1787455805524:55
[  244751ms] [ERROR] [popcorn-init] FAILED at: plugin-jsonTransition TypeError: Class constructor SortableElement cannot be invoked without 'new'
    at http://localhost:5173/components/modals/RetargetOptInModal.jsx?t=1787455805524:26:22 @ http://localhost:5173/src/lib/popcornInit.js?t=1787455805524:55
[  244781ms] [ERROR] [popcorn-init] FAILED at: plugin-lottie-json TypeError: Class constructor SortableElement cannot be invoked without 'new'
    at http://localhost:5173/components/modals/RetargetOptInModal.jsx?t=1787455805524:26:22 @ http://localhost:5173/src/lib/popcornInit.js?t=1787455805524:55
[  244796ms] [LOG] [popcorn-init] OK: plugin-json-button @ http://localhost:5173/src/lib/popcornInit.js?t=1787455805524:48
[  244810ms] [ERROR] [popcorn-init] FAILED at: plugin-personalizedImage TypeError: Class constructor SortableElement cannot be invoked without 'new'
    at http://localhost:5173/components/modals/RetargetOptInModal.jsx?t=1787455805524:26:22 @ http://localhost:5173/src/lib/popcornInit.js?t=1787455805524:55
[  244815ms] [ERROR] [popcorn-init] FAILED at: plugin-loopPlugin TypeError: Class constructor SortableElement cannot be invoked without 'new'
    at http://localhost:5173/components/modals/RetargetOptInModal.jsx?t=1787455805524:26:22 @ http://localhost:5173/src/lib/popcornInit.js?t=1787455805524:55
[  244822ms] [ERROR] [popcorn-init] FAILED at: plugin-pausePlugin TypeError: Class constructor SortableElement cannot be invoked without 'new'
    at http://localhost:5173/components/modals/RetargetOptInModal.jsx?t=1787455805524:26:22 @ http://localhost:5173/src/lib/popcornInit.js?t=1787455805524:55
[  244835ms] [ERROR] [popcorn-init] FAILED at: plugin-form TypeError: Class constructor SortableElement cannot be invoked without 'new'
    at http://localhost:5173/components/modals/RetargetOptInModal.jsx?t=1787455805524:26:22 @ http://localhost:5173/src/lib/popcornInit.js?t=1787455805524:55
[  244849ms] [ERROR] [popcorn-init] FAILED at: plugin-retarget TypeError: Class constructor SortableElement cannot be invoked without 'new'
    at http://localhost:5173/components/modals/RetargetOptInModal.jsx?t=1787455805524:26:22 @ http://localhost:5173/src/lib/popcornInit.js?t=1787455805524:55
[  244855ms] [LOG] [popcorn-init] OK: plugin-popup @ http://localhost:5173/src/lib/popcornInit.js?t=1787455805524:48
[  244866ms] [ERROR] [popcorn-init] FAILED at: plugin-sequencer TypeError: Class constructor SortableElement cannot be invoked without 'new'
    at http://localhost:5173/components/modals/RetargetOptInModal.jsx?t=1787455805524:26:22 @ http://localhost:5173/src/lib/popcornInit.js?t=1787455805524:55
[  244872ms] [ERROR] [popcorn-init] FAILED at: plugin-skip TypeError: Class constructor SortableElement cannot be invoked without 'new'
    at http://localhost:5173/components/modals/RetargetOptInModal.jsx?t=1787455805524:26:22 @ http://localhost:5173/src/lib/popcornInit.js?t=1787455805524:55
[  244911ms] [ERROR] [popcorn-init] FAILED at: plugin-text TypeError: Class constructor SortableElement cannot be invoked without 'new'
    at http://localhost:5173/components/modals/RetargetOptInModal.jsx?t=1787455805524:26:22 @ http://localhost:5173/src/lib/popcornInit.js?t=1787455805524:55
[  244923ms] [LOG] [popcorn-init] OK: plugin-social @ http://localhost:5173/src/lib/popcornInit.js?t=1787455805524:48
[  244938ms] [ERROR] [popcorn-init] FAILED at: plugin-jsonAnimation TypeError: Class constructor SortableElement cannot be invoked without 'new'
    at http://localhost:5173/components/modals/RetargetOptInModal.jsx?t=1787455805524:26:22 @ http://localhost:5173/src/lib/popcornInit.js?t=1787455805524:55
[  244973ms] [LOG] [popcorn-init] OK: plugin-videoTransition @ http://localhost:5173/src/lib/popcornInit.js?t=1787455805524:48
[  244984ms] [ERROR] [popcorn-init] FAILED at: plugin-seethroughtext TypeError: Class constructor SortableElement cannot be invoked without 'new'
    at http://localhost:5173/components/modals/RetargetOptInModal.jsx?t=1787455805524:26:22 @ http://localhost:5173/src/lib/popcornInit.js?t=1787455805524:55
[  244989ms] [LOG] [popcorn-init] OK: plugin-wikipedia @ http://localhost:5173/src/lib/popcornInit.js?t=1787455805524:48
[  244997ms] [ERROR] [popcorn-init] FAILED at: plugin-combined TypeError: Class constructor SortableElement cannot be invoked without 'new'
    at http://localhost:5173/components/modals/RetargetOptInModal.jsx?t=1787455805524:26:22 @ http://localhost:5173/src/lib/popcornInit.js?t=1787455805524:55
[  245003ms] [ERROR] [popcorn-init] FAILED at: plugin-background TypeError: Class constructor SortableElement cannot be invoked without 'new'
    at http://localhost:5173/components/modals/RetargetOptInModal.jsx?t=1787455805524:26:22 @ http://localhost:5173/src/lib/popcornInit.js?t=1787455805524:55
[  245003ms] [LOG] [popcorn-init] SUMMARY: 5/20 plugins registered; FAILED: plugin-image, plugin-jsonTransition, plugin-lottie-json, plugin-personalizedImage, plugin-loopPlugin, plugin-pausePlugin, plugin-form, plugin-retarget, plugin-sequencer, plugin-skip, plugin-text, plugin-jsonAnimation, plugin-seethroughtext, plugin-combined, plugin-background @ http://localhost:5173/src/lib/popcornInit.js?t=1787455805524:60
[  245003ms] [LOG] [popcorn] function 5 @ http://localhost:5173/src/main.js?t=1787455805524:4
[  253936ms] [LOG] [App] Starting initialization... @ http://localhost:5173/src/main.js?t=1787455815999:19
[  253965ms] [LOG] [popcorn-init] OK: jquery @ http://localhost:5173/src/lib/popcornInit.js?t=1787455815999:41
[  253966ms] [LOG] [popcorn-init] OK: jquery-textfill @ http://localhost:5173/src/lib/popcornInit.js?t=1787455815999:48
[  253968ms] [LOG] [popcorn-init] OK: popcorn-core @ http://localhost:5173/src/lib/popcornInit.js?t=1787455815999:48
[  253968ms] [LOG] [popcorn-init] OK: popcorn-ie8 @ http://localhost:5173/src/lib/popcornInit.js?t=1787455815999:48
[  253969ms] [LOG] [popcorn-init] OK: wrapper-common @ http://localhost:5173/src/lib/popcornInit.js?t=1787455815999:48
[  253970ms] [LOG] [popcorn-init] OK: wrapper-html5 @ http://localhost:5173/src/lib/popcornInit.js?t=1787455815999:48
[  253972ms] [LOG] [popcorn-init] OK: wrapper-vrview @ http://localhost:5173/src/lib/popcornInit.js?t=1787455815999:48
[  253973ms] [LOG] [popcorn-init] OK: wrapper-adaptive @ http://localhost:5173/src/lib/popcornInit.js?t=1787455815999:48
[  253974ms] [LOG] [popcorn-init] OK: wrapper-null @ http://localhost:5173/src/lib/popcornInit.js?t=1787455815999:48
[  253974ms] [LOG] [popcorn-init] OK: wrapper-soundcloud @ http://localhost:5173/src/lib/popcornInit.js?t=1787455815999:48
[  253975ms] [LOG] [popcorn-init] OK: wrapper-vimeo @ http://localhost:5173/src/lib/popcornInit.js?t=1787455815999:48
[  253975ms] [LOG] [popcorn-init] OK: wrapper-youtube @ http://localhost:5173/src/lib/popcornInit.js?t=1787455815999:48
[  253975ms] [LOG] [popcorn-init] OK: wrapper-jwplayer @ http://localhost:5173/src/lib/popcornInit.js?t=1787455815999:48
[  253976ms] [LOG] [popcorn-init] OK: player-module @ http://localhost:5173/src/lib/popcornInit.js?t=1787455815999:48
[  254760ms] [INFO] %cDownload the React DevTools for a better development experience: https://react.dev/link/react-devtools font-weight:bold @ http://localhost:5173/node_modules/.vite/deps/chunk-EEAUBQDT.js?v=93c1ec86:20096
[  254771ms] [LOG] [App] Initialized in 834.20ms @ http://localhost:5173/src/main.js?t=1787455815999:164
[  254771ms] [LOG] [App] Navigating to initial page: cinema @ http://localhost:5173/src/main.js?t=1787455815999:165
[  254772ms] [INFO] [App] Dev auth bypass active — skipping setup popup. @ http://localhost:5173/src/main.js?t=1787455815999:176
[  254776ms] [ERROR] [2026-08-23T03:30:18.884Z] [ERROR] Unhandled promise rejection | {"reason":"Assignment to constant variable."} @ http://localhost:5173/src/lib/logger.js:84
[  254776ms] [ERROR] TypeError: Assignment to constant variable.
    at navigate (http://localhost:5173/src/lib/router.js?t=1787455815999:185:16)
    at http://localhost:5173/src/main.js?t=1787455815999:175:5 @ http://localhost:5173/src/lib/logger.js:85
[  254776ms] [ERROR] [Unhandled Promise Rejection] TypeError: Assignment to constant variable.
    at navigate (http://localhost:5173/src/lib/router.js?t=1787455815999:185:16)
    at http://localhost:5173/src/main.js?t=1787455815999:175:5 @ http://localhost:5173/src/main.js?t=1787455815999:33
[  254776ms] [LOG] [Analytics] error {errorType: unhandled_rejection, message: Assignment to constant variable.} @ http://localhost:5173/src/lib/analytics.js:36
[  256295ms] TypeError: Assignment to constant variable.
    at navigate (http://localhost:5173/src/lib/router.js?t=1787455815999:185:16)
    at http://localhost:5173/src/main.js?t=1787455815999:175:5
[  255690ms] [ERROR] [ModalSystem] mount failed TypeError: Class constructor SortableElement cannot be invoked without 'new'
    at http://localhost:5173/components/modals/RetargetOptInModal.jsx?t=1787455815999:26:22 @ http://localhost:5173/src/main.js?t=1787455815999:329
[  255693ms] [ERROR] [popcorn-init] FAILED at: plugin-image TypeError: Class constructor SortableElement cannot be invoked without 'new'
    at http://localhost:5173/components/modals/RetargetOptInModal.jsx?t=1787455815999:26:22 @ http://localhost:5173/src/lib/popcornInit.js?t=1787455815999:55
[  255728ms] [ERROR] [popcorn-init] FAILED at: plugin-jsonTransition TypeError: Class constructor SortableElement cannot be invoked without 'new'
    at http://localhost:5173/components/modals/RetargetOptInModal.jsx?t=1787455815999:26:22 @ http://localhost:5173/src/lib/popcornInit.js?t=1787455815999:55
[  255757ms] [ERROR] [popcorn-init] FAILED at: plugin-lottie-json TypeError: Class constructor SortableElement cannot be invoked without 'new'
    at http://localhost:5173/components/modals/RetargetOptInModal.jsx?t=1787455815999:26:22 @ http://localhost:5173/src/lib/popcornInit.js?t=1787455815999:55
[  255768ms] [LOG] [popcorn-init] OK: plugin-json-button @ http://localhost:5173/src/lib/popcornInit.js?t=1787455815999:48
[  255777ms] [WARNING] Clerk: Clerk has been loaded with development keys. Development instances have strict usage limits and should not be used when deploying your application to production. Learn more: https://clerk.com/docs/deployments/overview @ https://clerk.smartvid.app/npm/@clerk/clerk-js@6/dist/clerk.browser.js:11
[  255783ms] [ERROR] [popcorn-init] FAILED at: plugin-personalizedImage TypeError: Class constructor SortableElement cannot be invoked without 'new'
    at http://localhost:5173/components/modals/RetargetOptInModal.jsx?t=1787455815999:26:22 @ http://localhost:5173/src/lib/popcornInit.js?t=1787455815999:55
[  255789ms] [ERROR] [popcorn-init] FAILED at: plugin-loopPlugin TypeError: Class constructor SortableElement cannot be invoked without 'new'
    at http://localhost:5173/components/modals/RetargetOptInModal.jsx?t=1787455815999:26:22 @ http://localhost:5173/src/lib/popcornInit.js?t=1787455815999:55
[  255804ms] [ERROR] [popcorn-init] FAILED at: plugin-pausePlugin TypeError: Class constructor SortableElement cannot be invoked without 'new'
    at http://localhost:5173/components/modals/RetargetOptInModal.jsx?t=1787455815999:26:22 @ http://localhost:5173/src/lib/popcornInit.js?t=1787455815999:55
[  255946ms] [ERROR] Failed to load resource: the server responded with a status of 400 () @ https://clerk.smartvid.app/v1/environment?__clerk_api_version=2026-05-12&_clerk_js_version=6.29.2&_method=PATCH:0
[  256003ms] [ERROR] [popcorn-init] FAILED at: plugin-form TypeError: Class constructor SortableElement cannot be invoked without 'new'
    at http://localhost:5173/components/modals/RetargetOptInModal.jsx?t=1787455815999:26:22 @ http://localhost:5173/src/lib/popcornInit.js?t=1787455815999:55
[  256049ms] [ERROR] [popcorn-init] FAILED at: plugin-retarget TypeError: Class constructor SortableElement cannot be invoked without 'new'
    at http://localhost:5173/components/modals/RetargetOptInModal.jsx?t=1787455815999:26:22 @ http://localhost:5173/src/lib/popcornInit.js?t=1787455815999:55
[  256063ms] [LOG] [popcorn-init] OK: plugin-popup @ http://localhost:5173/src/lib/popcornInit.js?t=1787455815999:48
[  256120ms] [ERROR] [popcorn-init] FAILED at: plugin-sequencer TypeError: Class constructor SortableElement cannot be invoked without 'new'
    at http://localhost:5173/components/modals/RetargetOptInModal.jsx?t=1787455815999:26:22 @ http://localhost:5173/src/lib/popcornInit.js?t=1787455815999:55
[  256168ms] [ERROR] [popcorn-init] FAILED at: plugin-skip TypeError: Class constructor SortableElement cannot be invoked without 'new'
    at http://localhost:5173/components/modals/RetargetOptInModal.jsx?t=1787455815999:26:22 @ http://localhost:5173/src/lib/popcornInit.js?t=1787455815999:55
[  256215ms] [ERROR] [popcorn-init] FAILED at: plugin-text TypeError: Class constructor SortableElement cannot be invoked without 'new'
    at http://localhost:5173/components/modals/RetargetOptInModal.jsx?t=1787455815999:26:22 @ http://localhost:5173/src/lib/popcornInit.js?t=1787455815999:55
[  256232ms] [LOG] [popcorn-init] OK: plugin-social @ http://localhost:5173/src/lib/popcornInit.js?t=1787455815999:48
[  256245ms] [ERROR] [popcorn-init] FAILED at: plugin-jsonAnimation TypeError: Class constructor SortableElement cannot be invoked without 'new'
    at http://localhost:5173/components/modals/RetargetOptInModal.jsx?t=1787455815999:26:22 @ http://localhost:5173/src/lib/popcornInit.js?t=1787455815999:55
[  256267ms] [LOG] [popcorn-init] OK: plugin-videoTransition @ http://localhost:5173/src/lib/popcornInit.js?t=1787455815999:48
[  256274ms] [ERROR] [popcorn-init] FAILED at: plugin-seethroughtext TypeError: Class constructor SortableElement cannot be invoked without 'new'
    at http://localhost:5173/components/modals/RetargetOptInModal.jsx?t=1787455815999:26:22 @ http://localhost:5173/src/lib/popcornInit.js?t=1787455815999:55
[  256278ms] [LOG] [popcorn-init] OK: plugin-wikipedia @ http://localhost:5173/src/lib/popcornInit.js?t=1787455815999:48
[  256284ms] [ERROR] [popcorn-init] FAILED at: plugin-combined TypeError: Class constructor SortableElement cannot be invoked without 'new'
    at http://localhost:5173/components/modals/RetargetOptInModal.jsx?t=1787455815999:26:22 @ http://localhost:5173/src/lib/popcornInit.js?t=1787455815999:55
[  256292ms] [ERROR] [popcorn-init] FAILED at: plugin-background TypeError: Class constructor SortableElement cannot be invoked without 'new'
    at http://localhost:5173/components/modals/RetargetOptInModal.jsx?t=1787455815999:26:22 @ http://localhost:5173/src/lib/popcornInit.js?t=1787455815999:55
[  256293ms] [LOG] [popcorn-init] SUMMARY: 5/20 plugins registered; FAILED: plugin-image, plugin-jsonTransition, plugin-lottie-json, plugin-personalizedImage, plugin-loopPlugin, plugin-pausePlugin, plugin-form, plugin-retarget, plugin-sequencer, plugin-skip, plugin-text, plugin-jsonAnimation, plugin-seethroughtext, plugin-combined, plugin-background @ http://localhost:5173/src/lib/popcornInit.js?t=1787455815999:60
[  256293ms] [LOG] [popcorn] function 5 @ http://localhost:5173/src/main.js?t=1787455815999:4
[  265130ms] [LOG] [App] Starting initialization... @ http://localhost:5173/src/main.js?t=1787455826493:19
[  265147ms] [LOG] [popcorn-init] OK: jquery @ http://localhost:5173/src/lib/popcornInit.js?t=1787455826493:41
[  265148ms] [LOG] [popcorn-init] OK: jquery-textfill @ http://localhost:5173/src/lib/popcornInit.js?t=1787455826493:48
[  265149ms] [LOG] [popcorn-init] OK: popcorn-core @ http://localhost:5173/src/lib/popcornInit.js?t=1787455826493:48
[  265149ms] [LOG] [popcorn-init] OK: popcorn-ie8 @ http://localhost:5173/src/lib/popcornInit.js?t=1787455826493:48
[  265150ms] [LOG] [popcorn-init] OK: wrapper-common @ http://localhost:5173/src/lib/popcornInit.js?t=1787455826493:48
[  265150ms] [LOG] [popcorn-init] OK: wrapper-html5 @ http://localhost:5173/src/lib/popcornInit.js?t=1787455826493:48
[  265151ms] [LOG] [popcorn-init] OK: wrapper-vrview @ http://localhost:5173/src/lib/popcornInit.js?t=1787455826493:48
[  265151ms] [LOG] [popcorn-init] OK: wrapper-adaptive @ http://localhost:5173/src/lib/popcornInit.js?t=1787455826493:48
[  265152ms] [LOG] [popcorn-init] OK: wrapper-null @ http://localhost:5173/src/lib/popcornInit.js?t=1787455826493:48
[  265152ms] [LOG] [popcorn-init] OK: wrapper-soundcloud @ http://localhost:5173/src/lib/popcornInit.js?t=1787455826493:48
[  265153ms] [LOG] [popcorn-init] OK: wrapper-vimeo @ http://localhost:5173/src/lib/popcornInit.js?t=1787455826493:48
[  265153ms] [LOG] [popcorn-init] OK: wrapper-youtube @ http://localhost:5173/src/lib/popcornInit.js?t=1787455826493:48
[  265154ms] [LOG] [popcorn-init] OK: wrapper-jwplayer @ http://localhost:5173/src/lib/popcornInit.js?t=1787455826493:48
[  265154ms] [LOG] [popcorn-init] OK: player-module @ http://localhost:5173/src/lib/popcornInit.js?t=1787455826493:48
[  265625ms] [INFO] %cDownload the React DevTools for a better development experience: https://react.dev/link/react-devtools font-weight:bold @ http://localhost:5173/node_modules/.vite/deps/chunk-EEAUBQDT.js?v=93c1ec86:20096
[  265630ms] [LOG] [App] Initialized in 500.40ms @ http://localhost:5173/src/main.js?t=1787455826493:164
[  265630ms] [LOG] [App] Navigating to initial page: cinema @ http://localhost:5173/src/main.js?t=1787455826493:165
[  265631ms] [INFO] [App] Dev auth bypass active — skipping setup popup. @ http://localhost:5173/src/main.js?t=1787455826493:176
[  265635ms] [ERROR] [2026-08-23T03:30:29.743Z] [ERROR] Unhandled promise rejection | {"reason":"Assignment to constant variable."} @ http://localhost:5173/src/lib/logger.js:84
[  265635ms] [ERROR] TypeError: Assignment to constant variable.
    at navigate (http://localhost:5173/src/lib/router.js?t=1787455826493:185:16)
    at http://localhost:5173/src/main.js?t=1787455826493:175:5 @ http://localhost:5173/src/lib/logger.js:85
[  265636ms] [ERROR] [Unhandled Promise Rejection] TypeError: Assignment to constant variable.
    at navigate (http://localhost:5173/src/lib/router.js?t=1787455826493:185:16)
    at http://localhost:5173/src/main.js?t=1787455826493:175:5 @ http://localhost:5173/src/main.js?t=1787455826493:33
[  265636ms] [LOG] [Analytics] error {errorType: unhandled_rejection, message: Assignment to constant variable.} @ http://localhost:5173/src/lib/analytics.js:36
[  265829ms] TypeError: Assignment to constant variable.
    at navigate (http://localhost:5173/src/lib/router.js?t=1787455826493:185:16)
    at http://localhost:5173/src/main.js?t=1787455826493:175:5
[  266732ms] [ERROR] [popcorn-init] FAILED at: plugin-image TypeError: Class constructor SortableElement cannot be invoked without 'new'
    at http://localhost:5173/components/modals/RetargetOptInModal.jsx?t=1787455826493:26:22 @ http://localhost:5173/src/lib/popcornInit.js?t=1787455826493:55
[  266732ms] [ERROR] [ModalSystem] mount failed TypeError: Class constructor SortableElement cannot be invoked without 'new'
    at http://localhost:5173/components/modals/RetargetOptInModal.jsx?t=1787455826493:26:22 @ http://localhost:5173/src/main.js?t=1787455826493:329
[  266772ms] [ERROR] [popcorn-init] FAILED at: plugin-jsonTransition TypeError: Class constructor SortableElement cannot be invoked without 'new'
    at http://localhost:5173/components/modals/RetargetOptInModal.jsx?t=1787455826493:26:22 @ http://localhost:5173/src/lib/popcornInit.js?t=1787455826493:55
[  266799ms] [ERROR] [popcorn-init] FAILED at: plugin-lottie-json TypeError: Class constructor SortableElement cannot be invoked without 'new'
    at http://localhost:5173/components/modals/RetargetOptInModal.jsx?t=1787455826493:26:22 @ http://localhost:5173/src/lib/popcornInit.js?t=1787455826493:55
[  266818ms] [LOG] [popcorn-init] OK: plugin-json-button @ http://localhost:5173/src/lib/popcornInit.js?t=1787455826493:48
[  266829ms] [ERROR] [popcorn-init] FAILED at: plugin-personalizedImage TypeError: Class constructor SortableElement cannot be invoked without 'new'
    at http://localhost:5173/components/modals/RetargetOptInModal.jsx?t=1787455826493:26:22 @ http://localhost:5173/src/lib/popcornInit.js?t=1787455826493:55
[  266834ms] [WARNING] Clerk: Clerk has been loaded with development keys. Development instances have strict usage limits and should not be used when deploying your application to production. Learn more: https://clerk.com/docs/deployments/overview @ https://clerk.smartvid.app/npm/@clerk/clerk-js@6/dist/clerk.browser.js:11
[  266840ms] [ERROR] [popcorn-init] FAILED at: plugin-loopPlugin TypeError: Class constructor SortableElement cannot be invoked without 'new'
    at http://localhost:5173/components/modals/RetargetOptInModal.jsx?t=1787455826493:26:22 @ http://localhost:5173/src/lib/popcornInit.js?t=1787455826493:55
[  266846ms] [ERROR] [popcorn-init] FAILED at: plugin-pausePlugin TypeError: Class constructor SortableElement cannot be invoked without 'new'
    at http://localhost:5173/components/modals/RetargetOptInModal.jsx?t=1787455826493:26:22 @ http://localhost:5173/src/lib/popcornInit.js?t=1787455826493:55
[  266857ms] [ERROR] [popcorn-init] FAILED at: plugin-form TypeError: Class constructor SortableElement cannot be invoked without 'new'
    at http://localhost:5173/components/modals/RetargetOptInModal.jsx?t=1787455826493:26:22 @ http://localhost:5173/src/lib/popcornInit.js?t=1787455826493:55
[  266875ms] [ERROR] [popcorn-init] FAILED at: plugin-retarget TypeError: Class constructor SortableElement cannot be invoked without 'new'
    at http://localhost:5173/components/modals/RetargetOptInModal.jsx?t=1787455826493:26:22 @ http://localhost:5173/src/lib/popcornInit.js?t=1787455826493:55
[  266881ms] [LOG] [popcorn-init] OK: plugin-popup @ http://localhost:5173/src/lib/popcornInit.js?t=1787455826493:48
[  266889ms] [ERROR] [popcorn-init] FAILED at: plugin-sequencer TypeError: Class constructor SortableElement cannot be invoked without 'new'
    at http://localhost:5173/components/modals/RetargetOptInModal.jsx?t=1787455826493:26:22 @ http://localhost:5173/src/lib/popcornInit.js?t=1787455826493:55
[  266894ms] [ERROR] [popcorn-init] FAILED at: plugin-skip TypeError: Class constructor SortableElement cannot be invoked without 'new'
    at http://localhost:5173/components/modals/RetargetOptInModal.jsx?t=1787455826493:26:22 @ http://localhost:5173/src/lib/popcornInit.js?t=1787455826493:55
[  266916ms] [ERROR] Failed to load resource: the server responded with a status of 400 () @ https://clerk.smartvid.app/v1/environment?__clerk_api_version=2026-05-12&_clerk_js_version=6.29.2&_method=PATCH:0
[  266917ms] [ERROR] [popcorn-init] FAILED at: plugin-text TypeError: Class constructor SortableElement cannot be invoked without 'new'
    at http://localhost:5173/components/modals/RetargetOptInModal.jsx?t=1787455826493:26:22 @ http://localhost:5173/src/lib/popcornInit.js?t=1787455826493:55
[  266926ms] [LOG] [popcorn-init] OK: plugin-social @ http://localhost:5173/src/lib/popcornInit.js?t=1787455826493:48
[  266958ms] [ERROR] [popcorn-init] FAILED at: plugin-jsonAnimation TypeError: Class constructor SortableElement cannot be invoked without 'new'
    at http://localhost:5173/components/modals/RetargetOptInModal.jsx?t=1787455826493:26:22 @ http://localhost:5173/src/lib/popcornInit.js?t=1787455826493:55
[  266985ms] [LOG] [popcorn-init] OK: plugin-videoTransition @ http://localhost:5173/src/lib/popcornInit.js?t=1787455826493:48
[  266992ms] [ERROR] [popcorn-init] FAILED at: plugin-seethroughtext TypeError: Class constructor SortableElement cannot be invoked without 'new'
    at http://localhost:5173/components/modals/RetargetOptInModal.jsx?t=1787455826493:26:22 @ http://localhost:5173/src/lib/popcornInit.js?t=1787455826493:55
[  266996ms] [LOG] [popcorn-init] OK: plugin-wikipedia @ http://localhost:5173/src/lib/popcornInit.js?t=1787455826493:48
[  267001ms] [ERROR] [popcorn-init] FAILED at: plugin-combined TypeError: Class constructor SortableElement cannot be invoked without 'new'
    at http://localhost:5173/components/modals/RetargetOptInModal.jsx?t=1787455826493:26:22 @ http://localhost:5173/src/lib/popcornInit.js?t=1787455826493:55
[  267007ms] [ERROR] [popcorn-init] FAILED at: plugin-background TypeError: Class constructor SortableElement cannot be invoked without 'new'
    at http://localhost:5173/components/modals/RetargetOptInModal.jsx?t=1787455826493:26:22 @ http://localhost:5173/src/lib/popcornInit.js?t=1787455826493:55
[  267007ms] [LOG] [popcorn-init] SUMMARY: 5/20 plugins registered; FAILED: plugin-image, plugin-jsonTransition, plugin-lottie-json, plugin-personalizedImage, plugin-loopPlugin, plugin-pausePlugin, plugin-form, plugin-retarget, plugin-sequencer, plugin-skip, plugin-text, plugin-jsonAnimation, plugin-seethroughtext, plugin-combined, plugin-background @ http://localhost:5173/src/lib/popcornInit.js?t=1787455826493:60
[  267007ms] [LOG] [popcorn] function 5 @ http://localhost:5173/src/main.js?t=1787455826493:4
[  270514ms] [LOG] [App] Starting initialization... @ http://localhost:5173/src/main.js?t=1787455832584:19
[  270529ms] [LOG] [popcorn-init] OK: jquery @ http://localhost:5173/src/lib/popcornInit.js?t=1787455832584:41
[  270530ms] [LOG] [popcorn-init] OK: jquery-textfill @ http://localhost:5173/src/lib/popcornInit.js?t=1787455832584:48
[  270531ms] [LOG] [popcorn-init] OK: popcorn-core @ http://localhost:5173/src/lib/popcornInit.js?t=1787455832584:48
[  270532ms] [LOG] [popcorn-init] OK: popcorn-ie8 @ http://localhost:5173/src/lib/popcornInit.js?t=1787455832584:48
[  270532ms] [LOG] [popcorn-init] OK: wrapper-common @ http://localhost:5173/src/lib/popcornInit.js?t=1787455832584:48
[  270533ms] [LOG] [popcorn-init] OK: wrapper-html5 @ http://localhost:5173/src/lib/popcornInit.js?t=1787455832584:48
[  270534ms] [LOG] [popcorn-init] OK: wrapper-vrview @ http://localhost:5173/src/lib/popcornInit.js?t=1787455832584:48
[  270534ms] [LOG] [popcorn-init] OK: wrapper-adaptive @ http://localhost:5173/src/lib/popcornInit.js?t=1787455832584:48
[  270537ms] [LOG] [popcorn-init] OK: wrapper-null @ http://localhost:5173/src/lib/popcornInit.js?t=1787455832584:48
[  270538ms] [LOG] [popcorn-init] OK: wrapper-soundcloud @ http://localhost:5173/src/lib/popcornInit.js?t=1787455832584:48
[  270540ms] [LOG] [popcorn-init] OK: wrapper-vimeo @ http://localhost:5173/src/lib/popcornInit.js?t=1787455832584:48
[  270540ms] [LOG] [popcorn-init] OK: wrapper-youtube @ http://localhost:5173/src/lib/popcornInit.js?t=1787455832584:48
[  270541ms] [LOG] [popcorn-init] OK: wrapper-jwplayer @ http://localhost:5173/src/lib/popcornInit.js?t=1787455832584:48
[  270542ms] [LOG] [popcorn-init] OK: player-module @ http://localhost:5173/src/lib/popcornInit.js?t=1787455832584:48
[  271198ms] [INFO] %cDownload the React DevTools for a better development experience: https://react.dev/link/react-devtools font-weight:bold @ http://localhost:5173/node_modules/.vite/deps/chunk-EEAUBQDT.js?v=93c1ec86:20096
[  271201ms] [LOG] [App] Initialized in 686.40ms @ http://localhost:5173/src/main.js?t=1787455832584:164
[  271201ms] [LOG] [App] Navigating to initial page: cinema @ http://localhost:5173/src/main.js?t=1787455832584:165
[  271201ms] [INFO] [App] Dev auth bypass active — skipping setup popup. @ http://localhost:5173/src/main.js?t=1787455832584:176
[  271205ms] [ERROR] [2026-08-23T03:30:35.313Z] [ERROR] Unhandled promise rejection | {"reason":"Assignment to constant variable."} @ http://localhost:5173/src/lib/logger.js:84
[  271205ms] [ERROR] TypeError: Assignment to constant variable.
    at navigate (http://localhost:5173/src/lib/router.js?t=1787455832584:185:16)
    at http://localhost:5173/src/main.js?t=1787455832584:175:5 @ http://localhost:5173/src/lib/logger.js:85
[  271206ms] [ERROR] [Unhandled Promise Rejection] TypeError: Assignment to constant variable.
    at navigate (http://localhost:5173/src/lib/router.js?t=1787455832584:185:16)
    at http://localhost:5173/src/main.js?t=1787455832584:175:5 @ http://localhost:5173/src/main.js?t=1787455832584:33
[  271206ms] [LOG] [Analytics] error {errorType: unhandled_rejection, message: Assignment to constant variable.} @ http://localhost:5173/src/lib/analytics.js:36
[  271272ms] TypeError: Assignment to constant variable.
    at navigate (http://localhost:5173/src/lib/router.js?t=1787455832584:185:16)
    at http://localhost:5173/src/main.js?t=1787455832584:175:5
[  272104ms] [WARNING] Clerk: Clerk has been loaded with development keys. Development instances have strict usage limits and should not be used when deploying your application to production. Learn more: https://clerk.com/docs/deployments/overview @ https://clerk.smartvid.app/npm/@clerk/clerk-js@6/dist/clerk.browser.js:11
[  272287ms] [ERROR] Failed to load resource: the server responded with a status of 400 () @ https://clerk.smartvid.app/v1/environment?__clerk_api_version=2026-05-12&_clerk_js_version=6.29.2&_method=PATCH:0
[  272337ms] [ERROR] [ModalSystem] mount failed TypeError: Class constructor SortableElement cannot be invoked without 'new'
    at http://localhost:5173/components/modals/RetargetOptInModal.jsx?t=1787455832584:26:22 @ http://localhost:5173/src/main.js?t=1787455832584:329
[  272341ms] [ERROR] [popcorn-init] FAILED at: plugin-image TypeError: Class constructor SortableElement cannot be invoked without 'new'
    at http://localhost:5173/components/modals/RetargetOptInModal.jsx?t=1787455832584:26:22 @ http://localhost:5173/src/lib/popcornInit.js?t=1787455832584:55
[  272390ms] [ERROR] [popcorn-init] FAILED at: plugin-jsonTransition TypeError: Class constructor SortableElement cannot be invoked without 'new'
    at http://localhost:5173/components/modals/RetargetOptInModal.jsx?t=1787455832584:26:22 @ http://localhost:5173/src/lib/popcornInit.js?t=1787455832584:55
[  272515ms] [ERROR] [popcorn-init] FAILED at: plugin-lottie-json TypeError: Class constructor SortableElement cannot be invoked without 'new'
    at http://localhost:5173/components/modals/RetargetOptInModal.jsx?t=1787455832584:26:22 @ http://localhost:5173/src/lib/popcornInit.js?t=1787455832584:55
[  272544ms] [LOG] [popcorn-init] OK: plugin-json-button @ http://localhost:5173/src/lib/popcornInit.js?t=1787455832584:48
[  272552ms] [ERROR] [popcorn-init] FAILED at: plugin-personalizedImage TypeError: Class constructor SortableElement cannot be invoked without 'new'
    at http://localhost:5173/components/modals/RetargetOptInModal.jsx?t=1787455832584:26:22 @ http://localhost:5173/src/lib/popcornInit.js?t=1787455832584:55
[  272559ms] [ERROR] [popcorn-init] FAILED at: plugin-loopPlugin TypeError: Class constructor SortableElement cannot be invoked without 'new'
    at http://localhost:5173/components/modals/RetargetOptInModal.jsx?t=1787455832584:26:22 @ http://localhost:5173/src/lib/popcornInit.js?t=1787455832584:55
[  272565ms] [ERROR] [popcorn-init] FAILED at: plugin-pausePlugin TypeError: Class constructor SortableElement cannot be invoked without 'new'
    at http://localhost:5173/components/modals/RetargetOptInModal.jsx?t=1787455832584:26:22 @ http://localhost:5173/src/lib/popcornInit.js?t=1787455832584:55
[  272582ms] [ERROR] [popcorn-init] FAILED at: plugin-form TypeError: Class constructor SortableElement cannot be invoked without 'new'
    at http://localhost:5173/components/modals/RetargetOptInModal.jsx?t=1787455832584:26:22 @ http://localhost:5173/src/lib/popcornInit.js?t=1787455832584:55
[  272597ms] [ERROR] [popcorn-init] FAILED at: plugin-retarget TypeError: Class constructor SortableElement cannot be invoked without 'new'
    at http://localhost:5173/components/modals/RetargetOptInModal.jsx?t=1787455832584:26:22 @ http://localhost:5173/src/lib/popcornInit.js?t=1787455832584:55
[  272601ms] [LOG] [popcorn-init] OK: plugin-popup @ http://localhost:5173/src/lib/popcornInit.js?t=1787455832584:48
[  272609ms] [ERROR] [popcorn-init] FAILED at: plugin-sequencer TypeError: Class constructor SortableElement cannot be invoked without 'new'
    at http://localhost:5173/components/modals/RetargetOptInModal.jsx?t=1787455832584:26:22 @ http://localhost:5173/src/lib/popcornInit.js?t=1787455832584:55
[  272615ms] [ERROR] [popcorn-init] FAILED at: plugin-skip TypeError: Class constructor SortableElement cannot be invoked without 'new'
    at http://localhost:5173/components/modals/RetargetOptInModal.jsx?t=1787455832584:26:22 @ http://localhost:5173/src/lib/popcornInit.js?t=1787455832584:55
[  272641ms] [ERROR] [popcorn-init] FAILED at: plugin-text TypeError: Class constructor SortableElement cannot be invoked without 'new'
    at http://localhost:5173/components/modals/RetargetOptInModal.jsx?t=1787455832584:26:22 @ http://localhost:5173/src/lib/popcornInit.js?t=1787455832584:55
[  272647ms] [LOG] [popcorn-init] OK: plugin-social @ http://localhost:5173/src/lib/popcornInit.js?t=1787455832584:48
[  272654ms] [ERROR] [popcorn-init] FAILED at: plugin-jsonAnimation TypeError: Class constructor SortableElement cannot be invoked without 'new'
    at http://localhost:5173/components/modals/RetargetOptInModal.jsx?t=1787455832584:26:22 @ http://localhost:5173/src/lib/popcornInit.js?t=1787455832584:55
[  272664ms] [LOG] [popcorn-init] OK: plugin-videoTransition @ http://localhost:5173/src/lib/popcornInit.js?t=1787455832584:48
[  272670ms] [ERROR] [popcorn-init] FAILED at: plugin-seethroughtext TypeError: Class constructor SortableElement cannot be invoked without 'new'
    at http://localhost:5173/components/modals/RetargetOptInModal.jsx?t=1787455832584:26:22 @ http://localhost:5173/src/lib/popcornInit.js?t=1787455832584:55
[  272675ms] [LOG] [popcorn-init] OK: plugin-wikipedia @ http://localhost:5173/src/lib/popcornInit.js?t=1787455832584:48
[  272682ms] [ERROR] [popcorn-init] FAILED at: plugin-combined TypeError: Class constructor SortableElement cannot be invoked without 'new'
    at http://localhost:5173/components/modals/RetargetOptInModal.jsx?t=1787455832584:26:22 @ http://localhost:5173/src/lib/popcornInit.js?t=1787455832584:55
[  272688ms] [ERROR] [popcorn-init] FAILED at: plugin-background TypeError: Class constructor SortableElement cannot be invoked without 'new'
    at http://localhost:5173/components/modals/RetargetOptInModal.jsx?t=1787455832584:26:22 @ http://localhost:5173/src/lib/popcornInit.js?t=1787455832584:55
[  272688ms] [LOG] [popcorn-init] SUMMARY: 5/20 plugins registered; FAILED: plugin-image, plugin-jsonTransition, plugin-lottie-json, plugin-personalizedImage, plugin-loopPlugin, plugin-pausePlugin, plugin-form, plugin-retarget, plugin-sequencer, plugin-skip, plugin-text, plugin-jsonAnimation, plugin-seethroughtext, plugin-combined, plugin-background @ http://localhost:5173/src/lib/popcornInit.js?t=1787455832584:60
[  272688ms] [LOG] [popcorn] function 5 @ http://localhost:5173/src/main.js?t=1787455832584:4
[  286308ms] [LOG] [App] Starting initialization... @ http://localhost:5173/src/main.js?t=1787455848515:19
[  286322ms] [LOG] [popcorn-init] OK: jquery @ http://localhost:5173/src/lib/popcornInit.js?t=1787455848515:41
[  286323ms] [LOG] [popcorn-init] OK: jquery-textfill @ http://localhost:5173/src/lib/popcornInit.js?t=1787455848515:48
[  286326ms] [LOG] [popcorn-init] OK: popcorn-core @ http://localhost:5173/src/lib/popcornInit.js?t=1787455848515:48
[  286328ms] [LOG] [popcorn-init] OK: popcorn-ie8 @ http://localhost:5173/src/lib/popcornInit.js?t=1787455848515:48
[  286329ms] [LOG] [popcorn-init] OK: wrapper-common @ http://localhost:5173/src/lib/popcornInit.js?t=1787455848515:48
[  286329ms] [LOG] [popcorn-init] OK: wrapper-html5 @ http://localhost:5173/src/lib/popcornInit.js?t=1787455848515:48
[  286330ms] [LOG] [popcorn-init] OK: wrapper-vrview @ http://localhost:5173/src/lib/popcornInit.js?t=1787455848515:48
[  286331ms] [LOG] [popcorn-init] OK: wrapper-adaptive @ http://localhost:5173/src/lib/popcornInit.js?t=1787455848515:48
[  286331ms] [LOG] [popcorn-init] OK: wrapper-null @ http://localhost:5173/src/lib/popcornInit.js?t=1787455848515:48
[  286332ms] [LOG] [popcorn-init] OK: wrapper-soundcloud @ http://localhost:5173/src/lib/popcornInit.js?t=1787455848515:48
[  286333ms] [LOG] [popcorn-init] OK: wrapper-vimeo @ http://localhost:5173/src/lib/popcornInit.js?t=1787455848515:48
[  286334ms] [LOG] [popcorn-init] OK: wrapper-youtube @ http://localhost:5173/src/lib/popcornInit.js?t=1787455848515:48
[  286335ms] [LOG] [popcorn-init] OK: wrapper-jwplayer @ http://localhost:5173/src/lib/popcornInit.js?t=1787455848515:48
[  286336ms] [LOG] [popcorn-init] OK: player-module @ http://localhost:5173/src/lib/popcornInit.js?t=1787455848515:48
[  286981ms] [INFO] %cDownload the React DevTools for a better development experience: https://react.dev/link/react-devtools font-weight:bold @ http://localhost:5173/node_modules/.vite/deps/chunk-EEAUBQDT.js?v=93c1ec86:20096
[  286983ms] [LOG] [App] Initialized in 675.50ms @ http://localhost:5173/src/main.js?t=1787455848515:164
[  286983ms] [LOG] [App] Navigating to initial page: cinema @ http://localhost:5173/src/main.js?t=1787455848515:165
[  286984ms] [INFO] [App] Dev auth bypass active — skipping setup popup. @ http://localhost:5173/src/main.js?t=1787455848515:176
[  286987ms] [ERROR] [2026-08-23T03:30:51.096Z] [ERROR] Unhandled promise rejection | {"reason":"Assignment to constant variable."} @ http://localhost:5173/src/lib/logger.js:84
[  286987ms] [ERROR] TypeError: Assignment to constant variable.
    at navigate (http://localhost:5173/src/lib/router.js?t=1787455848515:185:16)
    at http://localhost:5173/src/main.js?t=1787455848515:175:5 @ http://localhost:5173/src/lib/logger.js:85
[  286988ms] [ERROR] [Unhandled Promise Rejection] TypeError: Assignment to constant variable.
    at navigate (http://localhost:5173/src/lib/router.js?t=1787455848515:185:16)
    at http://localhost:5173/src/main.js?t=1787455848515:175:5 @ http://localhost:5173/src/main.js?t=1787455848515:33
[  286988ms] [LOG] [Analytics] error {errorType: unhandled_rejection, message: Assignment to constant variable.} @ http://localhost:5173/src/lib/analytics.js:36
[  287083ms] TypeError: Assignment to constant variable.
    at navigate (http://localhost:5173/src/lib/router.js?t=1787455848515:185:16)
    at http://localhost:5173/src/main.js?t=1787455848515:175:5
[  287762ms] [ERROR] [popcorn-init] FAILED at: plugin-image TypeError: Class constructor SortableElement cannot be invoked without 'new'
    at http://localhost:5173/components/modals/RetargetOptInModal.jsx?t=1787455848515:26:22 @ http://localhost:5173/src/lib/popcornInit.js?t=1787455848515:55
[  287763ms] [ERROR] [ModalSystem] mount failed TypeError: Class constructor SortableElement cannot be invoked without 'new'
    at http://localhost:5173/components/modals/RetargetOptInModal.jsx?t=1787455848515:26:22 @ http://localhost:5173/src/main.js?t=1787455848515:329
[  287787ms] [WARNING] Clerk: Clerk has been loaded with development keys. Development instances have strict usage limits and should not be used when deploying your application to production. Learn more: https://clerk.com/docs/deployments/overview @ https://clerk.smartvid.app/npm/@clerk/clerk-js@6/dist/clerk.browser.js:11
[  287795ms] [ERROR] [popcorn-init] FAILED at: plugin-jsonTransition TypeError: Class constructor SortableElement cannot be invoked without 'new'
    at http://localhost:5173/components/modals/RetargetOptInModal.jsx?t=1787455848515:26:22 @ http://localhost:5173/src/lib/popcornInit.js?t=1787455848515:55
[  287814ms] [ERROR] [popcorn-init] FAILED at: plugin-lottie-json TypeError: Class constructor SortableElement cannot be invoked without 'new'
    at http://localhost:5173/components/modals/RetargetOptInModal.jsx?t=1787455848515:26:22 @ http://localhost:5173/src/lib/popcornInit.js?t=1787455848515:55
[  287836ms] [LOG] [popcorn-init] OK: plugin-json-button @ http://localhost:5173/src/lib/popcornInit.js?t=1787455848515:48
[  287843ms] [ERROR] [popcorn-init] FAILED at: plugin-personalizedImage TypeError: Class constructor SortableElement cannot be invoked without 'new'
    at http://localhost:5173/components/modals/RetargetOptInModal.jsx?t=1787455848515:26:22 @ http://localhost:5173/src/lib/popcornInit.js?t=1787455848515:55
[  287849ms] [ERROR] [popcorn-init] FAILED at: plugin-loopPlugin TypeError: Class constructor SortableElement cannot be invoked without 'new'
    at http://localhost:5173/components/modals/RetargetOptInModal.jsx?t=1787455848515:26:22 @ http://localhost:5173/src/lib/popcornInit.js?t=1787455848515:55
[  287856ms] [ERROR] [popcorn-init] FAILED at: plugin-pausePlugin TypeError: Class constructor SortableElement cannot be invoked without 'new'
    at http://localhost:5173/components/modals/RetargetOptInModal.jsx?t=1787455848515:26:22 @ http://localhost:5173/src/lib/popcornInit.js?t=1787455848515:55
[  287868ms] [ERROR] [popcorn-init] FAILED at: plugin-form TypeError: Class constructor SortableElement cannot be invoked without 'new'
    at http://localhost:5173/components/modals/RetargetOptInModal.jsx?t=1787455848515:26:22 @ http://localhost:5173/src/lib/popcornInit.js?t=1787455848515:55
[  287870ms] [ERROR] Failed to load resource: the server responded with a status of 400 () @ https://clerk.smartvid.app/v1/environment?__clerk_api_version=2026-05-12&_clerk_js_version=6.29.2&_method=PATCH:0
[  287883ms] [ERROR] [popcorn-init] FAILED at: plugin-retarget TypeError: Class constructor SortableElement cannot be invoked without 'new'
    at http://localhost:5173/components/modals/RetargetOptInModal.jsx?t=1787455848515:26:22 @ http://localhost:5173/src/lib/popcornInit.js?t=1787455848515:55
[  287893ms] [LOG] [popcorn-init] OK: plugin-popup @ http://localhost:5173/src/lib/popcornInit.js?t=1787455848515:48
[  287922ms] [ERROR] [popcorn-init] FAILED at: plugin-sequencer TypeError: Class constructor SortableElement cannot be invoked without 'new'
    at http://localhost:5173/components/modals/RetargetOptInModal.jsx?t=1787455848515:26:22 @ http://localhost:5173/src/lib/popcornInit.js?t=1787455848515:55
[  287935ms] [ERROR] [popcorn-init] FAILED at: plugin-skip TypeError: Class constructor SortableElement cannot be invoked without 'new'
    at http://localhost:5173/components/modals/RetargetOptInModal.jsx?t=1787455848515:26:22 @ http://localhost:5173/src/lib/popcornInit.js?t=1787455848515:55
[  287959ms] [ERROR] [popcorn-init] FAILED at: plugin-text TypeError: Class constructor SortableElement cannot be invoked without 'new'
    at http://localhost:5173/components/modals/RetargetOptInModal.jsx?t=1787455848515:26:22 @ http://localhost:5173/src/lib/popcornInit.js?t=1787455848515:55
[  287970ms] [LOG] [popcorn-init] OK: plugin-social @ http://localhost:5173/src/lib/popcornInit.js?t=1787455848515:48
[  287976ms] [ERROR] [popcorn-init] FAILED at: plugin-jsonAnimation TypeError: Class constructor SortableElement cannot be invoked without 'new'
    at http://localhost:5173/components/modals/RetargetOptInModal.jsx?t=1787455848515:26:22 @ http://localhost:5173/src/lib/popcornInit.js?t=1787455848515:55
[  287988ms] [LOG] [popcorn-init] OK: plugin-videoTransition @ http://localhost:5173/src/lib/popcornInit.js?t=1787455848515:48
[  287994ms] [ERROR] [popcorn-init] FAILED at: plugin-seethroughtext TypeError: Class constructor SortableElement cannot be invoked without 'new'
    at http://localhost:5173/components/modals/RetargetOptInModal.jsx?t=1787455848515:26:22 @ http://localhost:5173/src/lib/popcornInit.js?t=1787455848515:55
[  288000ms] [LOG] [popcorn-init] OK: plugin-wikipedia @ http://localhost:5173/src/lib/popcornInit.js?t=1787455848515:48
[  288061ms] [ERROR] [popcorn-init] FAILED at: plugin-combined TypeError: Class constructor SortableElement cannot be invoked without 'new'
    at http://localhost:5173/components/modals/RetargetOptInModal.jsx?t=1787455848515:26:22 @ http://localhost:5173/src/lib/popcornInit.js?t=1787455848515:55
[  288082ms] [ERROR] [popcorn-init] FAILED at: plugin-background TypeError: Class constructor SortableElement cannot be invoked without 'new'
    at http://localhost:5173/components/modals/RetargetOptInModal.jsx?t=1787455848515:26:22 @ http://localhost:5173/src/lib/popcornInit.js?t=1787455848515:55
[  288086ms] [LOG] [popcorn-init] SUMMARY: 5/20 plugins registered; FAILED: plugin-image, plugin-jsonTransition, plugin-lottie-json, plugin-personalizedImage, plugin-loopPlugin, plugin-pausePlugin, plugin-form, plugin-retarget, plugin-sequencer, plugin-skip, plugin-text, plugin-jsonAnimation, plugin-seethroughtext, plugin-combined, plugin-background @ http://localhost:5173/src/lib/popcornInit.js?t=1787455848515:60
[  288086ms] [LOG] [popcorn] function 5 @ http://localhost:5173/src/main.js?t=1787455848515:4
[  742330ms] [LOG] [App] Starting initialization... @ http://localhost:5173/src/main.js?t=1787456301766:19
[  742382ms] [LOG] [popcorn-init] OK: jquery @ http://localhost:5173/src/lib/popcornInit.js?t=1787456301766:41
[  742388ms] [LOG] [popcorn-init] OK: jquery-textfill @ http://localhost:5173/src/lib/popcornInit.js?t=1787456301766:48
[  742393ms] [LOG] [popcorn-init] OK: popcorn-core @ http://localhost:5173/src/lib/popcornInit.js?t=1787456301766:48
[  742395ms] [LOG] [popcorn-init] OK: popcorn-ie8 @ http://localhost:5173/src/lib/popcornInit.js?t=1787456301766:48
[  742396ms] [LOG] [popcorn-init] OK: wrapper-common @ http://localhost:5173/src/lib/popcornInit.js?t=1787456301766:48
[  742398ms] [LOG] [popcorn-init] OK: wrapper-html5 @ http://localhost:5173/src/lib/popcornInit.js?t=1787456301766:48
[  742399ms] [LOG] [popcorn-init] OK: wrapper-vrview @ http://localhost:5173/src/lib/popcornInit.js?t=1787456301766:48
[  742399ms] [LOG] [popcorn-init] OK: wrapper-adaptive @ http://localhost:5173/src/lib/popcornInit.js?t=1787456301766:48
[  742402ms] [LOG] [popcorn-init] OK: wrapper-null @ http://localhost:5173/src/lib/popcornInit.js?t=1787456301766:48
[  742408ms] [LOG] [popcorn-init] OK: wrapper-soundcloud @ http://localhost:5173/src/lib/popcornInit.js?t=1787456301766:48
[  742412ms] [LOG] [popcorn-init] OK: wrapper-vimeo @ http://localhost:5173/src/lib/popcornInit.js?t=1787456301766:48
[  742415ms] [LOG] [popcorn-init] OK: wrapper-youtube @ http://localhost:5173/src/lib/popcornInit.js?t=1787456301766:48
[  742417ms] [LOG] [popcorn-init] OK: wrapper-jwplayer @ http://localhost:5173/src/lib/popcornInit.js?t=1787456301766:48
[  742506ms] [LOG] [popcorn-init] OK: player-module @ http://localhost:5173/src/lib/popcornInit.js?t=1787456301766:48
[  745487ms] [ERROR] [popcorn-init] FAILED at: plugin-image TypeError: Class constructor SortableElement cannot be invoked without 'new'
    at http://localhost:5173/components/modals/RetargetOptInModal.jsx?t=1787456301766:26:22 @ http://localhost:5173/src/lib/popcornInit.js?t=1787456301766:55
[  745494ms] [INFO] %cDownload the React DevTools for a better development experience: https://react.dev/link/react-devtools font-weight:bold @ http://localhost:5173/node_modules/.vite/deps/chunk-EEAUBQDT.js?v=93c1ec86:20096
[  745499ms] [LOG] [App] Initialized in 3168.30ms @ http://localhost:5173/src/main.js?t=1787456301766:164
[  745499ms] [LOG] [App] Navigating to initial page: cinema @ http://localhost:5173/src/main.js?t=1787456301766:165
[  745500ms] [INFO] [App] Dev auth bypass active — skipping setup popup. @ http://localhost:5173/src/main.js?t=1787456301766:176
[  745500ms] [ERROR] [ModalSystem] mount failed TypeError: Class constructor SortableElement cannot be invoked without 'new'
    at http://localhost:5173/components/modals/RetargetOptInModal.jsx?t=1787456301766:26:22 @ http://localhost:5173/src/main.js?t=1787456301766:329
[  745526ms] [ERROR] [2026-08-23T03:38:29.634Z] [ERROR] Unhandled promise rejection | {"reason":"Assignment to constant variable."} @ http://localhost:5173/src/lib/logger.js:84
[  745526ms] [ERROR] TypeError: Assignment to constant variable.
    at navigate (http://localhost:5173/src/lib/router.js?t=1787456301766:185:16)
    at http://localhost:5173/src/main.js?t=1787456301766:175:5 @ http://localhost:5173/src/lib/logger.js:85
[  745528ms] [ERROR] [Unhandled Promise Rejection] TypeError: Assignment to constant variable.
    at navigate (http://localhost:5173/src/lib/router.js?t=1787456301766:185:16)
    at http://localhost:5173/src/main.js?t=1787456301766:175:5 @ http://localhost:5173/src/main.js?t=1787456301766:33
[  745529ms] [LOG] [Analytics] error {errorType: unhandled_rejection, message: Assignment to constant variable.} @ http://localhost:5173/src/lib/analytics.js:36
[  746109ms] TypeError: Assignment to constant variable.
    at navigate (http://localhost:5173/src/lib/router.js?t=1787456301766:185:16)
    at http://localhost:5173/src/main.js?t=1787456301766:175:5
[  745599ms] [ERROR] [popcorn-init] FAILED at: plugin-jsonTransition TypeError: Class constructor SortableElement cannot be invoked without 'new'
    at http://localhost:5173/components/modals/RetargetOptInModal.jsx?t=1787456301766:26:22 @ http://localhost:5173/src/lib/popcornInit.js?t=1787456301766:55
[  745614ms] [ERROR] [popcorn-init] FAILED at: plugin-lottie-json TypeError: Class constructor SortableElement cannot be invoked without 'new'
    at http://localhost:5173/components/modals/RetargetOptInModal.jsx?t=1787456301766:26:22 @ http://localhost:5173/src/lib/popcornInit.js?t=1787456301766:55
[  745635ms] [LOG] [popcorn-init] OK: plugin-json-button @ http://localhost:5173/src/lib/popcornInit.js?t=1787456301766:48
[  745647ms] [ERROR] [popcorn-init] FAILED at: plugin-personalizedImage TypeError: Class constructor SortableElement cannot be invoked without 'new'
    at http://localhost:5173/components/modals/RetargetOptInModal.jsx?t=1787456301766:26:22 @ http://localhost:5173/src/lib/popcornInit.js?t=1787456301766:55
[  745661ms] [ERROR] [popcorn-init] FAILED at: plugin-loopPlugin TypeError: Class constructor SortableElement cannot be invoked without 'new'
    at http://localhost:5173/components/modals/RetargetOptInModal.jsx?t=1787456301766:26:22 @ http://localhost:5173/src/lib/popcornInit.js?t=1787456301766:55
[  745667ms] [ERROR] [popcorn-init] FAILED at: plugin-pausePlugin TypeError: Class constructor SortableElement cannot be invoked without 'new'
    at http://localhost:5173/components/modals/RetargetOptInModal.jsx?t=1787456301766:26:22 @ http://localhost:5173/src/lib/popcornInit.js?t=1787456301766:55
[  745763ms] [ERROR] [popcorn-init] FAILED at: plugin-form TypeError: Class constructor SortableElement cannot be invoked without 'new'
    at http://localhost:5173/components/modals/RetargetOptInModal.jsx?t=1787456301766:26:22 @ http://localhost:5173/src/lib/popcornInit.js?t=1787456301766:55
[  745802ms] [ERROR] [popcorn-init] FAILED at: plugin-retarget TypeError: Class constructor SortableElement cannot be invoked without 'new'
    at http://localhost:5173/components/modals/RetargetOptInModal.jsx?t=1787456301766:26:22 @ http://localhost:5173/src/lib/popcornInit.js?t=1787456301766:55
[  745818ms] [LOG] [popcorn-init] OK: plugin-popup @ http://localhost:5173/src/lib/popcornInit.js?t=1787456301766:48
[  745835ms] [ERROR] [popcorn-init] FAILED at: plugin-sequencer TypeError: Class constructor SortableElement cannot be invoked without 'new'
    at http://localhost:5173/components/modals/RetargetOptInModal.jsx?t=1787456301766:26:22 @ http://localhost:5173/src/lib/popcornInit.js?t=1787456301766:55
[  745842ms] [ERROR] [popcorn-init] FAILED at: plugin-skip TypeError: Class constructor SortableElement cannot be invoked without 'new'
    at http://localhost:5173/components/modals/RetargetOptInModal.jsx?t=1787456301766:26:22 @ http://localhost:5173/src/lib/popcornInit.js?t=1787456301766:55
[  745855ms] [WARNING] Clerk: Clerk has been loaded with development keys. Development instances have strict usage limits and should not be used when deploying your application to production. Learn more: https://clerk.com/docs/deployments/overview @ https://clerk.smartvid.app/npm/@clerk/clerk-js@6/dist/clerk.browser.js:11
[  745880ms] [ERROR] [popcorn-init] FAILED at: plugin-text TypeError: Class constructor SortableElement cannot be invoked without 'new'
    at http://localhost:5173/components/modals/RetargetOptInModal.jsx?t=1787456301766:26:22 @ http://localhost:5173/src/lib/popcornInit.js?t=1787456301766:55
[  745889ms] [LOG] [popcorn-init] OK: plugin-social @ http://localhost:5173/src/lib/popcornInit.js?t=1787456301766:48
[  745897ms] [ERROR] [popcorn-init] FAILED at: plugin-jsonAnimation TypeError: Class constructor SortableElement cannot be invoked without 'new'
    at http://localhost:5173/components/modals/RetargetOptInModal.jsx?t=1787456301766:26:22 @ http://localhost:5173/src/lib/popcornInit.js?t=1787456301766:55
[  745914ms] [LOG] [popcorn-init] OK: plugin-videoTransition @ http://localhost:5173/src/lib/popcornInit.js?t=1787456301766:48
[  745923ms] [ERROR] [popcorn-init] FAILED at: plugin-seethroughtext TypeError: Class constructor SortableElement cannot be invoked without 'new'
    at http://localhost:5173/components/modals/RetargetOptInModal.jsx?t=1787456301766:26:22 @ http://localhost:5173/src/lib/popcornInit.js?t=1787456301766:55
[  745929ms] [LOG] [popcorn-init] OK: plugin-wikipedia @ http://localhost:5173/src/lib/popcornInit.js?t=1787456301766:48
[  745936ms] [ERROR] [popcorn-init] FAILED at: plugin-combined TypeError: Class constructor SortableElement cannot be invoked without 'new'
    at http://localhost:5173/components/modals/RetargetOptInModal.jsx?t=1787456301766:26:22 @ http://localhost:5173/src/lib/popcornInit.js?t=1787456301766:55
[  745943ms] [ERROR] [popcorn-init] FAILED at: plugin-background TypeError: Class constructor SortableElement cannot be invoked without 'new'
    at http://localhost:5173/components/modals/RetargetOptInModal.jsx?t=1787456301766:26:22 @ http://localhost:5173/src/lib/popcornInit.js?t=1787456301766:55
[  745944ms] [LOG] [popcorn-init] SUMMARY: 5/20 plugins registered; FAILED: plugin-image, plugin-jsonTransition, plugin-lottie-json, plugin-personalizedImage, plugin-loopPlugin, plugin-pausePlugin, plugin-form, plugin-retarget, plugin-sequencer, plugin-skip, plugin-text, plugin-jsonAnimation, plugin-seethroughtext, plugin-combined, plugin-background @ http://localhost:5173/src/lib/popcornInit.js?t=1787456301766:60
[  745944ms] [LOG] [popcorn] function 5 @ http://localhost:5173/src/main.js?t=1787456301766:4
[  745973ms] [ERROR] Failed to load resource: the server responded with a status of 400 () @ https://clerk.smartvid.app/v1/environment?__clerk_api_version=2026-05-12&_clerk_js_version=6.29.2&_method=PATCH:0
[  818780ms] [LOG] [App] Starting initialization... @ http://localhost:5173/src/main.js?t=1787456380069:19
[  818798ms] [LOG] [popcorn-init] OK: jquery @ http://localhost:5173/src/lib/popcornInit.js?t=1787456380069:41
[  818798ms] [LOG] [popcorn-init] OK: jquery-textfill @ http://localhost:5173/src/lib/popcornInit.js?t=1787456380069:48
[  818800ms] [LOG] [popcorn-init] OK: popcorn-core @ http://localhost:5173/src/lib/popcornInit.js?t=1787456380069:48
[  818800ms] [LOG] [popcorn-init] OK: popcorn-ie8 @ http://localhost:5173/src/lib/popcornInit.js?t=1787456380069:48
[  818801ms] [LOG] [popcorn-init] OK: wrapper-common @ http://localhost:5173/src/lib/popcornInit.js?t=1787456380069:48
[  818801ms] [LOG] [popcorn-init] OK: wrapper-html5 @ http://localhost:5173/src/lib/popcornInit.js?t=1787456380069:48
[  818802ms] [LOG] [popcorn-init] OK: wrapper-vrview @ http://localhost:5173/src/lib/popcornInit.js?t=1787456380069:48
[  818802ms] [LOG] [popcorn-init] OK: wrapper-adaptive @ http://localhost:5173/src/lib/popcornInit.js?t=1787456380069:48
[  818803ms] [LOG] [popcorn-init] OK: wrapper-null @ http://localhost:5173/src/lib/popcornInit.js?t=1787456380069:48
[  818803ms] [LOG] [popcorn-init] OK: wrapper-soundcloud @ http://localhost:5173/src/lib/popcornInit.js?t=1787456380069:48
[  818805ms] [LOG] [popcorn-init] OK: wrapper-vimeo @ http://localhost:5173/src/lib/popcornInit.js?t=1787456380069:48
[  818806ms] [LOG] [popcorn-init] OK: wrapper-youtube @ http://localhost:5173/src/lib/popcornInit.js?t=1787456380069:48
[  818806ms] [LOG] [popcorn-init] OK: wrapper-jwplayer @ http://localhost:5173/src/lib/popcornInit.js?t=1787456380069:48
[  818807ms] [LOG] [popcorn-init] OK: player-module @ http://localhost:5173/src/lib/popcornInit.js?t=1787456380069:48
[  819595ms] [INFO] %cDownload the React DevTools for a better development experience: https://react.dev/link/react-devtools font-weight:bold @ http://localhost:5173/node_modules/.vite/deps/chunk-EEAUBQDT.js?v=93c1ec86:20096
[  819601ms] [LOG] [App] Initialized in 820.60ms @ http://localhost:5173/src/main.js?t=1787456380069:164
[  819601ms] [LOG] [App] Navigating to initial page: cinema @ http://localhost:5173/src/main.js?t=1787456380069:165
[  819605ms] [INFO] [App] Dev auth bypass active — skipping setup popup. @ http://localhost:5173/src/main.js?t=1787456380069:176
[  819623ms] [ERROR] [2026-08-23T03:39:43.731Z] [ERROR] Unhandled promise rejection | {"reason":"Assignment to constant variable."} @ http://localhost:5173/src/lib/logger.js:84
[  819623ms] [ERROR] TypeError: Assignment to constant variable.
    at navigate (http://localhost:5173/src/lib/router.js?t=1787456380069:185:16)
    at http://localhost:5173/src/main.js?t=1787456380069:175:5 @ http://localhost:5173/src/lib/logger.js:85
[  819624ms] [ERROR] [Unhandled Promise Rejection] TypeError: Assignment to constant variable.
    at navigate (http://localhost:5173/src/lib/router.js?t=1787456380069:185:16)
    at http://localhost:5173/src/main.js?t=1787456380069:175:5 @ http://localhost:5173/src/main.js?t=1787456380069:33
[  819625ms] [LOG] [Analytics] error {errorType: unhandled_rejection, message: Assignment to constant variable.} @ http://localhost:5173/src/lib/analytics.js:36
[  821009ms] TypeError: Assignment to constant variable.
    at navigate (http://localhost:5173/src/lib/router.js?t=1787456380069:185:16)
    at http://localhost:5173/src/main.js?t=1787456380069:175:5
[  820420ms] [WARNING] Clerk: Clerk has been loaded with development keys. Development instances have strict usage limits and should not be used when deploying your application to production. Learn more: https://clerk.com/docs/deployments/overview @ https://clerk.smartvid.app/npm/@clerk/clerk-js@6/dist/clerk.browser.js:11
[  820834ms] [ERROR] [ModalSystem] mount failed TypeError: Class constructor SortableElement cannot be invoked without 'new'
    at http://localhost:5173/components/modals/RetargetOptInModal.jsx?t=1787456380069:26:22 @ http://localhost:5173/src/main.js?t=1787456380069:329
[  820836ms] [ERROR] [popcorn-init] FAILED at: plugin-image TypeError: Class constructor SortableElement cannot be invoked without 'new'
    at http://localhost:5173/components/modals/RetargetOptInModal.jsx?t=1787456380069:26:22 @ http://localhost:5173/src/lib/popcornInit.js?t=1787456380069:55
[  820919ms] [ERROR] Failed to load resource: the server responded with a status of 400 () @ https://clerk.smartvid.app/v1/environment?__clerk_api_version=2026-05-12&_clerk_js_version=6.29.2&_method=PATCH:0
[  820923ms] [ERROR] [popcorn-init] FAILED at: plugin-jsonTransition TypeError: Class constructor SortableElement cannot be invoked without 'new'
    at http://localhost:5173/components/modals/RetargetOptInModal.jsx?t=1787456380069:26:22 @ http://localhost:5173/src/lib/popcornInit.js?t=1787456380069:55
[  820993ms] [ERROR] [popcorn-init] FAILED at: plugin-lottie-json TypeError: Class constructor SortableElement cannot be invoked without 'new'
    at http://localhost:5173/components/modals/RetargetOptInModal.jsx?t=1787456380069:26:22 @ http://localhost:5173/src/lib/popcornInit.js?t=1787456380069:55
[  821011ms] [LOG] [popcorn-init] OK: plugin-json-button @ http://localhost:5173/src/lib/popcornInit.js?t=1787456380069:48
[  821018ms] [ERROR] [popcorn-init] FAILED at: plugin-personalizedImage TypeError: Class constructor SortableElement cannot be invoked without 'new'
    at http://localhost:5173/components/modals/RetargetOptInModal.jsx?t=1787456380069:26:22 @ http://localhost:5173/src/lib/popcornInit.js?t=1787456380069:55
[  821026ms] [ERROR] [popcorn-init] FAILED at: plugin-loopPlugin TypeError: Class constructor SortableElement cannot be invoked without 'new'
    at http://localhost:5173/components/modals/RetargetOptInModal.jsx?t=1787456380069:26:22 @ http://localhost:5173/src/lib/popcornInit.js?t=1787456380069:55
[  821031ms] [ERROR] [popcorn-init] FAILED at: plugin-pausePlugin TypeError: Class constructor SortableElement cannot be invoked without 'new'
    at http://localhost:5173/components/modals/RetargetOptInModal.jsx?t=1787456380069:26:22 @ http://localhost:5173/src/lib/popcornInit.js?t=1787456380069:55
[  821045ms] [ERROR] [popcorn-init] FAILED at: plugin-form TypeError: Class constructor SortableElement cannot be invoked without 'new'
    at http://localhost:5173/components/modals/RetargetOptInModal.jsx?t=1787456380069:26:22 @ http://localhost:5173/src/lib/popcornInit.js?t=1787456380069:55
[  821059ms] [ERROR] [popcorn-init] FAILED at: plugin-retarget TypeError: Class constructor SortableElement cannot be invoked without 'new'
    at http://localhost:5173/components/modals/RetargetOptInModal.jsx?t=1787456380069:26:22 @ http://localhost:5173/src/lib/popcornInit.js?t=1787456380069:55
[  821066ms] [LOG] [popcorn-init] OK: plugin-popup @ http://localhost:5173/src/lib/popcornInit.js?t=1787456380069:48
[  821084ms] [ERROR] [popcorn-init] FAILED at: plugin-sequencer TypeError: Class constructor SortableElement cannot be invoked without 'new'
    at http://localhost:5173/components/modals/RetargetOptInModal.jsx?t=1787456380069:26:22 @ http://localhost:5173/src/lib/popcornInit.js?t=1787456380069:55
[  821090ms] [ERROR] [popcorn-init] FAILED at: plugin-skip TypeError: Class constructor SortableElement cannot be invoked without 'new'
    at http://localhost:5173/components/modals/RetargetOptInModal.jsx?t=1787456380069:26:22 @ http://localhost:5173/src/lib/popcornInit.js?t=1787456380069:55
[  821111ms] [ERROR] [popcorn-init] FAILED at: plugin-text TypeError: Class constructor SortableElement cannot be invoked without 'new'
    at http://localhost:5173/components/modals/RetargetOptInModal.jsx?t=1787456380069:26:22 @ http://localhost:5173/src/lib/popcornInit.js?t=1787456380069:55
[  821120ms] [LOG] [popcorn-init] OK: plugin-social @ http://localhost:5173/src/lib/popcornInit.js?t=1787456380069:48
[  821126ms] [ERROR] [popcorn-init] FAILED at: plugin-jsonAnimation TypeError: Class constructor SortableElement cannot be invoked without 'new'
    at http://localhost:5173/components/modals/RetargetOptInModal.jsx?t=1787456380069:26:22 @ http://localhost:5173/src/lib/popcornInit.js?t=1787456380069:55
[  821139ms] [LOG] [popcorn-init] OK: plugin-videoTransition @ http://localhost:5173/src/lib/popcornInit.js?t=1787456380069:48
[  821145ms] [ERROR] [popcorn-init] FAILED at: plugin-seethroughtext TypeError: Class constructor SortableElement cannot be invoked without 'new'
    at http://localhost:5173/components/modals/RetargetOptInModal.jsx?t=1787456380069:26:22 @ http://localhost:5173/src/lib/popcornInit.js?t=1787456380069:55
[  821150ms] [LOG] [popcorn-init] OK: plugin-wikipedia @ http://localhost:5173/src/lib/popcornInit.js?t=1787456380069:48
[  821156ms] [ERROR] [popcorn-init] FAILED at: plugin-combined TypeError: Class constructor SortableElement cannot be invoked without 'new'
    at http://localhost:5173/components/modals/RetargetOptInModal.jsx?t=1787456380069:26:22 @ http://localhost:5173/src/lib/popcornInit.js?t=1787456380069:55
[  821162ms] [ERROR] [popcorn-init] FAILED at: plugin-background TypeError: Class constructor SortableElement cannot be invoked without 'new'
    at http://localhost:5173/components/modals/RetargetOptInModal.jsx?t=1787456380069:26:22 @ http://localhost:5173/src/lib/popcornInit.js?t=1787456380069:55
[  821163ms] [LOG] [popcorn-init] SUMMARY: 5/20 plugins registered; FAILED: plugin-image, plugin-jsonTransition, plugin-lottie-json, plugin-personalizedImage, plugin-loopPlugin, plugin-pausePlugin, plugin-form, plugin-retarget, plugin-sequencer, plugin-skip, plugin-text, plugin-jsonAnimation, plugin-seethroughtext, plugin-combined, plugin-background @ http://localhost:5173/src/lib/popcornInit.js?t=1787456380069:60
[  821163ms] [LOG] [popcorn] function 5 @ http://localhost:5173/src/main.js?t=1787456380069:4
[  848230ms] [LOG] [App] Starting initialization... @ http://localhost:5173/src/main.js?t=1787456410551:19
[  848251ms] [LOG] [popcorn-init] OK: jquery @ http://localhost:5173/src/lib/popcornInit.js?t=1787456410551:41
[  848252ms] [LOG] [popcorn-init] OK: jquery-textfill @ http://localhost:5173/src/lib/popcornInit.js?t=1787456410551:48
[  848253ms] [LOG] [popcorn-init] OK: popcorn-core @ http://localhost:5173/src/lib/popcornInit.js?t=1787456410551:48
[  848253ms] [LOG] [popcorn-init] OK: popcorn-ie8 @ http://localhost:5173/src/lib/popcornInit.js?t=1787456410551:48
[  848254ms] [LOG] [popcorn-init] OK: wrapper-common @ http://localhost:5173/src/lib/popcornInit.js?t=1787456410551:48
[  848254ms] [LOG] [popcorn-init] OK: wrapper-html5 @ http://localhost:5173/src/lib/popcornInit.js?t=1787456410551:48
[  848255ms] [LOG] [popcorn-init] OK: wrapper-vrview @ http://localhost:5173/src/lib/popcornInit.js?t=1787456410551:48
[  848255ms] [LOG] [popcorn-init] OK: wrapper-adaptive @ http://localhost:5173/src/lib/popcornInit.js?t=1787456410551:48
[  848255ms] [LOG] [popcorn-init] OK: wrapper-null @ http://localhost:5173/src/lib/popcornInit.js?t=1787456410551:48
[  848256ms] [LOG] [popcorn-init] OK: wrapper-soundcloud @ http://localhost:5173/src/lib/popcornInit.js?t=1787456410551:48
[  848256ms] [LOG] [popcorn-init] OK: wrapper-vimeo @ http://localhost:5173/src/lib/popcornInit.js?t=1787456410551:48
[  848257ms] [LOG] [popcorn-init] OK: wrapper-youtube @ http://localhost:5173/src/lib/popcornInit.js?t=1787456410551:48
[  848257ms] [LOG] [popcorn-init] OK: wrapper-jwplayer @ http://localhost:5173/src/lib/popcornInit.js?t=1787456410551:48
[  848257ms] [LOG] [popcorn-init] OK: player-module @ http://localhost:5173/src/lib/popcornInit.js?t=1787456410551:48
[  849285ms] [INFO] %cDownload the React DevTools for a better development experience: https://react.dev/link/react-devtools font-weight:bold @ http://localhost:5173/node_modules/.vite/deps/chunk-EEAUBQDT.js?v=93c1ec86:20096
[  849289ms] [LOG] [App] Initialized in 1059.10ms @ http://localhost:5173/src/main.js?t=1787456410551:164
[  849290ms] [LOG] [App] Navigating to initial page: cinema @ http://localhost:5173/src/main.js?t=1787456410551:165
[  849290ms] [INFO] [App] Dev auth bypass active — skipping setup popup. @ http://localhost:5173/src/main.js?t=1787456410551:176
[  849293ms] [ERROR] [2026-08-23T03:40:13.402Z] [ERROR] Unhandled promise rejection | {"reason":"Assignment to constant variable."} @ http://localhost:5173/src/lib/logger.js:84
[  849293ms] [ERROR] TypeError: Assignment to constant variable.
    at navigate (http://localhost:5173/src/lib/router.js?t=1787456410551:185:16)
    at http://localhost:5173/src/main.js?t=1787456410551:175:5 @ http://localhost:5173/src/lib/logger.js:85
[  849295ms] [ERROR] [Unhandled Promise Rejection] TypeError: Assignment to constant variable.
    at navigate (http://localhost:5173/src/lib/router.js?t=1787456410551:185:16)
    at http://localhost:5173/src/main.js?t=1787456410551:175:5 @ http://localhost:5173/src/main.js?t=1787456410551:33
[  849295ms] [LOG] [Analytics] error {errorType: unhandled_rejection, message: Assignment to constant variable.} @ http://localhost:5173/src/lib/analytics.js:36
[  849402ms] TypeError: Assignment to constant variable.
    at navigate (http://localhost:5173/src/lib/router.js?t=1787456410551:185:16)
    at http://localhost:5173/src/main.js?t=1787456410551:175:5
[  850041ms] [ERROR] [ModalSystem] mount failed TypeError: Class constructor SortableElement cannot be invoked without 'new'
    at http://localhost:5173/components/modals/RetargetOptInModal.jsx?t=1787456410551:26:22 @ http://localhost:5173/src/main.js?t=1787456410551:329
[  850043ms] [ERROR] [popcorn-init] FAILED at: plugin-image TypeError: Class constructor SortableElement cannot be invoked without 'new'
    at http://localhost:5173/components/modals/RetargetOptInModal.jsx?t=1787456410551:26:22 @ http://localhost:5173/src/lib/popcornInit.js?t=1787456410551:55
[  850070ms] [ERROR] [popcorn-init] FAILED at: plugin-jsonTransition TypeError: Class constructor SortableElement cannot be invoked without 'new'
    at http://localhost:5173/components/modals/RetargetOptInModal.jsx?t=1787456410551:26:22 @ http://localhost:5173/src/lib/popcornInit.js?t=1787456410551:55
[  850092ms] [ERROR] [popcorn-init] FAILED at: plugin-lottie-json TypeError: Class constructor SortableElement cannot be invoked without 'new'
    at http://localhost:5173/components/modals/RetargetOptInModal.jsx?t=1787456410551:26:22 @ http://localhost:5173/src/lib/popcornInit.js?t=1787456410551:55
[  850111ms] [LOG] [popcorn-init] OK: plugin-json-button @ http://localhost:5173/src/lib/popcornInit.js?t=1787456410551:48
[  850129ms] [ERROR] [popcorn-init] FAILED at: plugin-personalizedImage TypeError: Class constructor SortableElement cannot be invoked without 'new'
    at http://localhost:5173/components/modals/RetargetOptInModal.jsx?t=1787456410551:26:22 @ http://localhost:5173/src/lib/popcornInit.js?t=1787456410551:55
[  850143ms] [ERROR] [popcorn-init] FAILED at: plugin-loopPlugin TypeError: Class constructor SortableElement cannot be invoked without 'new'
    at http://localhost:5173/components/modals/RetargetOptInModal.jsx?t=1787456410551:26:22 @ http://localhost:5173/src/lib/popcornInit.js?t=1787456410551:55
[  850153ms] [ERROR] [popcorn-init] FAILED at: plugin-pausePlugin TypeError: Class constructor SortableElement cannot be invoked without 'new'
    at http://localhost:5173/components/modals/RetargetOptInModal.jsx?t=1787456410551:26:22 @ http://localhost:5173/src/lib/popcornInit.js?t=1787456410551:55
[  850175ms] [ERROR] [popcorn-init] FAILED at: plugin-form TypeError: Class constructor SortableElement cannot be invoked without 'new'
    at http://localhost:5173/components/modals/RetargetOptInModal.jsx?t=1787456410551:26:22 @ http://localhost:5173/src/lib/popcornInit.js?t=1787456410551:55
[  850192ms] [ERROR] [popcorn-init] FAILED at: plugin-retarget TypeError: Class constructor SortableElement cannot be invoked without 'new'
    at http://localhost:5173/components/modals/RetargetOptInModal.jsx?t=1787456410551:26:22 @ http://localhost:5173/src/lib/popcornInit.js?t=1787456410551:55
[  850194ms] [WARNING] Clerk: Clerk has been loaded with development keys. Development instances have strict usage limits and should not be used when deploying your application to production. Learn more: https://clerk.com/docs/deployments/overview @ https://clerk.smartvid.app/npm/@clerk/clerk-js@6/dist/clerk.browser.js:11
[  850203ms] [LOG] [popcorn-init] OK: plugin-popup @ http://localhost:5173/src/lib/popcornInit.js?t=1787456410551:48
[  850240ms] [ERROR] [popcorn-init] FAILED at: plugin-sequencer TypeError: Class constructor SortableElement cannot be invoked without 'new'
    at http://localhost:5173/components/modals/RetargetOptInModal.jsx?t=1787456410551:26:22 @ http://localhost:5173/src/lib/popcornInit.js?t=1787456410551:55
[  850249ms] [ERROR] [popcorn-init] FAILED at: plugin-skip TypeError: Class constructor SortableElement cannot be invoked without 'new'
    at http://localhost:5173/components/modals/RetargetOptInModal.jsx?t=1787456410551:26:22 @ http://localhost:5173/src/lib/popcornInit.js?t=1787456410551:55
[  850282ms] [ERROR] Failed to load resource: the server responded with a status of 400 () @ https://clerk.smartvid.app/v1/environment?__clerk_api_version=2026-05-12&_clerk_js_version=6.29.2&_method=PATCH:0
[  850312ms] [ERROR] [popcorn-init] FAILED at: plugin-text TypeError: Class constructor SortableElement cannot be invoked without 'new'
    at http://localhost:5173/components/modals/RetargetOptInModal.jsx?t=1787456410551:26:22 @ http://localhost:5173/src/lib/popcornInit.js?t=1787456410551:55
[  850346ms] [LOG] [popcorn-init] OK: plugin-social @ http://localhost:5173/src/lib/popcornInit.js?t=1787456410551:48
[  850354ms] [ERROR] [popcorn-init] FAILED at: plugin-jsonAnimation TypeError: Class constructor SortableElement cannot be invoked without 'new'
    at http://localhost:5173/components/modals/RetargetOptInModal.jsx?t=1787456410551:26:22 @ http://localhost:5173/src/lib/popcornInit.js?t=1787456410551:55
[  850369ms] [LOG] [popcorn-init] OK: plugin-videoTransition @ http://localhost:5173/src/lib/popcornInit.js?t=1787456410551:48
[  850378ms] [ERROR] [popcorn-init] FAILED at: plugin-seethroughtext TypeError: Class constructor SortableElement cannot be invoked without 'new'
    at http://localhost:5173/components/modals/RetargetOptInModal.jsx?t=1787456410551:26:22 @ http://localhost:5173/src/lib/popcornInit.js?t=1787456410551:55
[  850382ms] [LOG] [popcorn-init] OK: plugin-wikipedia @ http://localhost:5173/src/lib/popcornInit.js?t=1787456410551:48
[  850388ms] [ERROR] [popcorn-init] FAILED at: plugin-combined TypeError: Class constructor SortableElement cannot be invoked without 'new'
    at http://localhost:5173/components/modals/RetargetOptInModal.jsx?t=1787456410551:26:22 @ http://localhost:5173/src/lib/popcornInit.js?t=1787456410551:55
[  850394ms] [ERROR] [popcorn-init] FAILED at: plugin-background TypeError: Class constructor SortableElement cannot be invoked without 'new'
    at http://localhost:5173/components/modals/RetargetOptInModal.jsx?t=1787456410551:26:22 @ http://localhost:5173/src/lib/popcornInit.js?t=1787456410551:55
[  850394ms] [LOG] [popcorn-init] SUMMARY: 5/20 plugins registered; FAILED: plugin-image, plugin-jsonTransition, plugin-lottie-json, plugin-personalizedImage, plugin-loopPlugin, plugin-pausePlugin, plugin-form, plugin-retarget, plugin-sequencer, plugin-skip, plugin-text, plugin-jsonAnimation, plugin-seethroughtext, plugin-combined, plugin-background @ http://localhost:5173/src/lib/popcornInit.js?t=1787456410551:60
[  850394ms] [LOG] [popcorn] function 5 @ http://localhost:5173/src/main.js?t=1787456410551:4
