[     142ms] [LOG] [App] Starting initialization... @ http://localhost:5173/src/main.js?t=1787453030925:19
[     152ms] [LOG] [popcorn-init] OK: jquery @ http://localhost:5173/src/lib/popcornInit.js?t=1787452645033:41
[     152ms] [LOG] [popcorn-init] OK: jquery-textfill @ http://localhost:5173/src/lib/popcornInit.js?t=1787452645033:48
[     153ms] [LOG] [popcorn-init] OK: popcorn-core @ http://localhost:5173/src/lib/popcornInit.js?t=1787452645033:48
[     153ms] [LOG] [popcorn-init] OK: popcorn-ie8 @ http://localhost:5173/src/lib/popcornInit.js?t=1787452645033:48
[     154ms] [LOG] [popcorn-init] OK: wrapper-common @ http://localhost:5173/src/lib/popcornInit.js?t=1787452645033:48
[     154ms] [LOG] [popcorn-init] OK: wrapper-html5 @ http://localhost:5173/src/lib/popcornInit.js?t=1787452645033:48
[     155ms] [LOG] [popcorn-init] OK: wrapper-vrview @ http://localhost:5173/src/lib/popcornInit.js?t=1787452645033:48
[     155ms] [LOG] [popcorn-init] OK: wrapper-adaptive @ http://localhost:5173/src/lib/popcornInit.js?t=1787452645033:48
[     155ms] [LOG] [popcorn-init] OK: wrapper-null @ http://localhost:5173/src/lib/popcornInit.js?t=1787452645033:48
[     156ms] [LOG] [popcorn-init] OK: wrapper-soundcloud @ http://localhost:5173/src/lib/popcornInit.js?t=1787452645033:48
[     156ms] [LOG] [popcorn-init] OK: wrapper-vimeo @ http://localhost:5173/src/lib/popcornInit.js?t=1787452645033:48
[     156ms] [LOG] [popcorn-init] OK: wrapper-youtube @ http://localhost:5173/src/lib/popcornInit.js?t=1787452645033:48
[     157ms] [LOG] [popcorn-init] OK: wrapper-jwplayer @ http://localhost:5173/src/lib/popcornInit.js?t=1787452645033:48
[     157ms] [LOG] [popcorn-init] OK: player-module @ http://localhost:5173/src/lib/popcornInit.js?t=1787452645033:48
[    1063ms] [LOG] [LandingPage] Header.jsx loaded @ http://localhost:5173/src/components/landing/LandingPage.jsx?t=1787452389334:176
[    1725ms] [INFO] %cDownload the React DevTools for a better development experience: https://react.dev/link/react-devtools font-weight:bold @ http://localhost:5173/node_modules/.vite/deps/chunk-EEAUBQDT.js?v=93c1ec86:20096
[    1728ms] [ERROR] [ModalSystem] mount failed TypeError: Class constructor SortableElement cannot be invoked without 'new'
    at http://localhost:5173/components/modals/RetargetOptInModal.jsx?t=1787452645033:26:22 @ http://localhost:5173/src/main.js?t=1787453030925:329
[    1730ms] [ERROR] [popcorn-init] FAILED at: plugin-image TypeError: Class constructor SortableElement cannot be invoked without 'new'
    at http://localhost:5173/components/modals/RetargetOptInModal.jsx?t=1787452645033:26:22 @ http://localhost:5173/src/lib/popcornInit.js?t=1787452645033:55
[    1742ms] [ERROR] [popcorn-init] FAILED at: plugin-jsonTransition TypeError: Class constructor SortableElement cannot be invoked without 'new'
    at http://localhost:5173/components/modals/RetargetOptInModal.jsx?t=1787452645033:26:22 @ http://localhost:5173/src/lib/popcornInit.js?t=1787452645033:55
[    1774ms] [LOG] [LandingPage] CinematicVideoHero.jsx loaded @ http://localhost:5173/src/components/landing/LandingPage.jsx?t=1787452389334:189
[    1801ms] [ERROR] [popcorn-init] FAILED at: plugin-lottie-json TypeError: Class constructor SortableElement cannot be invoked without 'new'
    at http://localhost:5173/components/modals/RetargetOptInModal.jsx?t=1787452645033:26:22 @ http://localhost:5173/src/lib/popcornInit.js?t=1787452645033:55
[    1851ms] [LOG] [popcorn-init] OK: plugin-json-button @ http://localhost:5173/src/lib/popcornInit.js?t=1787452645033:48
[    1874ms] [ERROR] [popcorn-init] FAILED at: plugin-personalizedImage TypeError: Class constructor SortableElement cannot be invoked without 'new'
    at http://localhost:5173/components/modals/RetargetOptInModal.jsx?t=1787452645033:26:22 @ http://localhost:5173/src/lib/popcornInit.js?t=1787452645033:55
[    1887ms] [LOG] [LandingPage] HeroSection.jsx loaded @ http://localhost:5173/src/components/landing/LandingPage.jsx?t=1787452389334:202
[    1888ms] [LOG] [LandingPage] Observer created for: scrolling placeholder id: section-scrolling @ http://localhost:5173/src/components/landing/LandingPage.jsx?t=1787452389334:160
[    1888ms] [LOG] [LandingPage] Observer created for: hook placeholder id: section-hook @ http://localhost:5173/src/components/landing/LandingPage.jsx?t=1787452389334:160
[    1888ms] [LOG] [LandingPage] Observer created for: engines placeholder id: section-engines @ http://localhost:5173/src/components/landing/LandingPage.jsx?t=1787452389334:160
[    1888ms] [LOG] [LandingPage] Observer created for: apps placeholder id: section-apps @ http://localhost:5173/src/components/landing/LandingPage.jsx?t=1787452389334:160
[    1888ms] [LOG] [LandingPage] Observer created for: features placeholder id: section-features @ http://localhost:5173/src/components/landing/LandingPage.jsx?t=1787452389334:160
[    1888ms] [LOG] [LandingPage] Observer created for: problem placeholder id: section-problem @ http://localhost:5173/src/components/landing/LandingPage.jsx?t=1787452389334:160
[    1889ms] [LOG] [LandingPage] Observer created for: workflow placeholder id: section-workflow @ http://localhost:5173/src/components/landing/LandingPage.jsx?t=1787452389334:160
[    1889ms] [LOG] [LandingPage] Observer created for: comparison placeholder id: section-comparison @ http://localhost:5173/src/components/landing/LandingPage.jsx?t=1787452389334:160
[    1889ms] [LOG] [LandingPage] Observer created for: value placeholder id: section-value @ http://localhost:5173/src/components/landing/LandingPage.jsx?t=1787452389334:160
[    1889ms] [LOG] [LandingPage] Observer created for: agency placeholder id: section-agency @ http://localhost:5173/src/components/landing/LandingPage.jsx?t=1787452389334:160
[    1889ms] [LOG] [LandingPage] Observer created for: offer placeholder id: section-offer @ http://localhost:5173/src/components/landing/LandingPage.jsx?t=1787452389334:160
[    1889ms] [LOG] [LandingPage] Observer created for: cta placeholder id: section-cta @ http://localhost:5173/src/components/landing/LandingPage.jsx?t=1787452389334:160
[    1889ms] [LOG] [LandingPage] Observer created for: ai-workflow placeholder id: section-ai-workflow @ http://localhost:5173/src/components/landing/LandingPage.jsx?t=1787452389334:160
[    1889ms] [LOG] [LandingPage] Observer created for: made-with placeholder id: section-made-with @ http://localhost:5173/src/components/landing/LandingPage.jsx?t=1787452389334:160
[    1889ms] [LOG] [LandingPage] Observer created for: ugc placeholder id: section-ugc @ http://localhost:5173/src/components/landing/LandingPage.jsx?t=1787452389334:160
[    1889ms] [LOG] [LandingPage] Observer created for: gallery placeholder id: section-gallery @ http://localhost:5173/src/components/landing/LandingPage.jsx?t=1787452389334:160
[    1889ms] [LOG] [LandingPage] Observer created for: academy placeholder id: section-academy @ http://localhost:5173/src/components/landing/LandingPage.jsx?t=1787452389334:160
[    1889ms] [LOG] [LandingPage] Observer created for: repo-cinema placeholder id: section-repo-cinema @ http://localhost:5173/src/components/landing/LandingPage.jsx?t=1787452389334:160
[    1889ms] [LOG] [LandingPage] Observer created for: repo-commercial placeholder id: section-repo-commercial @ http://localhost:5173/src/components/landing/LandingPage.jsx?t=1787452389334:160
[    1889ms] [LOG] [LandingPage] Observer created for: repo-social-ads placeholder id: section-repo-social-ads @ http://localhost:5173/src/components/landing/LandingPage.jsx?t=1787452389334:160
[    1889ms] [LOG] [LandingPage] Observer created for: repo-narrative placeholder id: section-repo-narrative @ http://localhost:5173/src/components/landing/LandingPage.jsx?t=1787452389334:160
[    1889ms] [LOG] [LandingPage] Observer created for: repo-vertical placeholder id: section-repo-vertical @ http://localhost:5173/src/components/landing/LandingPage.jsx?t=1787452389334:160
[    1889ms] [LOG] [LandingPage] Observer created for: repo-ecommerce placeholder id: section-repo-ecommerce @ http://localhost:5173/src/components/landing/LandingPage.jsx?t=1787452389334:160
[    1889ms] [LOG] [LandingPage] Observer created for: repo-kinetic placeholder id: section-repo-kinetic @ http://localhost:5173/src/components/landing/LandingPage.jsx?t=1787452389334:160
[    1890ms] [LOG] [LandingPage] Observer created for: repo-animated placeholder id: section-repo-animated @ http://localhost:5173/src/components/landing/LandingPage.jsx?t=1787452389334:160
[    1890ms] [LOG] [LandingPage] Observer created for: repo-animation placeholder id: section-repo-animation @ http://localhost:5173/src/components/landing/LandingPage.jsx?t=1787452389334:160
[    1890ms] [LOG] [LandingPage] Observer created for: repo-reference placeholder id: section-repo-reference @ http://localhost:5173/src/components/landing/LandingPage.jsx?t=1787452389334:160
[    1890ms] [LOG] [LandingPage] Observer created for: repo-vfx placeholder id: section-repo-vfx @ http://localhost:5173/src/components/landing/LandingPage.jsx?t=1787452389334:160
[    1890ms] [LOG] [LandingPage] Observer created for: repo-fashion placeholder id: section-repo-fashion @ http://localhost:5173/src/components/landing/LandingPage.jsx?t=1787452389334:160
[    1890ms] [LOG] [LandingPage] Observer created for: repos placeholder id: section-repos @ http://localhost:5173/src/components/landing/LandingPage.jsx?t=1787452389334:160
[    1890ms] [LOG] [LandingPage] Observer created for: gtm-boost placeholder id: section-gtm-boost @ http://localhost:5173/src/components/landing/LandingPage.jsx?t=1787452389334:160
[    1910ms] [LOG] [App] Landing page rendered @ http://localhost:5173/src/main.js?t=1787453030925:88
[    2038ms] [LOG] [LandingPage] IntersectionObserver fired for repo-narrative [Object] @ http://localhost:5173/src/components/landing/LandingPage.jsx?t=1787452389334:119
[    2039ms] [LOG] [LandingPage] Loading section: repo-narrative @ http://localhost:5173/src/components/landing/LandingPage.jsx?t=1787452389334:122
[    2039ms] [LOG] [LandingPage] IntersectionObserver fired for apps [Object] @ http://localhost:5173/src/components/landing/LandingPage.jsx?t=1787452389334:119
[    2040ms] [LOG] [LandingPage] Loading section: apps @ http://localhost:5173/src/components/landing/LandingPage.jsx?t=1787452389334:122
[    2040ms] [LOG] [LandingPage] IntersectionObserver fired for repo-social-ads [Object] @ http://localhost:5173/src/components/landing/LandingPage.jsx?t=1787452389334:119
[    2040ms] [LOG] [LandingPage] Loading section: repo-social-ads @ http://localhost:5173/src/components/landing/LandingPage.jsx?t=1787452389334:122
[    2040ms] [LOG] [LandingPage] IntersectionObserver fired for repo-vertical [Object] @ http://localhost:5173/src/components/landing/LandingPage.jsx?t=1787452389334:119
[    2040ms] [LOG] [LandingPage] Loading section: repo-vertical @ http://localhost:5173/src/components/landing/LandingPage.jsx?t=1787452389334:122
[    2040ms] [LOG] [LandingPage] IntersectionObserver fired for repos [Object] @ http://localhost:5173/src/components/landing/LandingPage.jsx?t=1787452389334:119
[    2040ms] [LOG] [LandingPage] Loading section: repos @ http://localhost:5173/src/components/landing/LandingPage.jsx?t=1787452389334:122
[    2041ms] [LOG] [LandingPage] IntersectionObserver fired for engines [Object] @ http://localhost:5173/src/components/landing/LandingPage.jsx?t=1787452389334:119
[    2041ms] [LOG] [LandingPage] Loading section: engines @ http://localhost:5173/src/components/landing/LandingPage.jsx?t=1787452389334:122
[    2041ms] [LOG] [LandingPage] IntersectionObserver fired for value [Object] @ http://localhost:5173/src/components/landing/LandingPage.jsx?t=1787452389334:119
[    2041ms] [LOG] [LandingPage] Loading section: value @ http://localhost:5173/src/components/landing/LandingPage.jsx?t=1787452389334:122
[    2041ms] [LOG] [LandingPage] IntersectionObserver fired for ugc [Object] @ http://localhost:5173/src/components/landing/LandingPage.jsx?t=1787452389334:119
[    2041ms] [LOG] [LandingPage] Loading section: ugc @ http://localhost:5173/src/components/landing/LandingPage.jsx?t=1787452389334:122
[    2042ms] [LOG] [LandingPage] IntersectionObserver fired for repo-reference [Object] @ http://localhost:5173/src/components/landing/LandingPage.jsx?t=1787452389334:119
[    2042ms] [LOG] [LandingPage] Loading section: repo-reference @ http://localhost:5173/src/components/landing/LandingPage.jsx?t=1787452389334:122
[    2042ms] [LOG] [LandingPage] IntersectionObserver fired for gtm-boost [Object] @ http://localhost:5173/src/components/landing/LandingPage.jsx?t=1787452389334:119
[    2042ms] [LOG] [LandingPage] Loading section: gtm-boost @ http://localhost:5173/src/components/landing/LandingPage.jsx?t=1787452389334:122
[    2043ms] [LOG] [LandingPage] IntersectionObserver fired for academy [Object] @ http://localhost:5173/src/components/landing/LandingPage.jsx?t=1787452389334:119
[    2044ms] [LOG] [LandingPage] Loading section: academy @ http://localhost:5173/src/components/landing/LandingPage.jsx?t=1787452389334:122
[    2044ms] [LOG] [LandingPage] IntersectionObserver fired for repo-animation [Object] @ http://localhost:5173/src/components/landing/LandingPage.jsx?t=1787452389334:119
[    2044ms] [LOG] [LandingPage] Loading section: repo-animation @ http://localhost:5173/src/components/landing/LandingPage.jsx?t=1787452389334:122
[    2044ms] [LOG] [LandingPage] IntersectionObserver fired for repo-commercial [Object] @ http://localhost:5173/src/components/landing/LandingPage.jsx?t=1787452389334:119
[    2044ms] [LOG] [LandingPage] Loading section: repo-commercial @ http://localhost:5173/src/components/landing/LandingPage.jsx?t=1787452389334:122
[    2044ms] [LOG] [LandingPage] IntersectionObserver fired for repo-ecommerce [Object] @ http://localhost:5173/src/components/landing/LandingPage.jsx?t=1787452389334:119
[    2045ms] [LOG] [LandingPage] Loading section: repo-ecommerce @ http://localhost:5173/src/components/landing/LandingPage.jsx?t=1787452389334:122
[    2045ms] [LOG] [LandingPage] IntersectionObserver fired for repo-animated [Object] @ http://localhost:5173/src/components/landing/LandingPage.jsx?t=1787452389334:119
[    2045ms] [LOG] [LandingPage] Loading section: repo-animated @ http://localhost:5173/src/components/landing/LandingPage.jsx?t=1787452389334:122
[    2045ms] [LOG] [LandingPage] IntersectionObserver fired for repo-kinetic [Object] @ http://localhost:5173/src/components/landing/LandingPage.jsx?t=1787452389334:119
[    2045ms] [LOG] [LandingPage] Loading section: repo-kinetic @ http://localhost:5173/src/components/landing/LandingPage.jsx?t=1787452389334:122
[    2045ms] [LOG] [LandingPage] IntersectionObserver fired for problem [Object] @ http://localhost:5173/src/components/landing/LandingPage.jsx?t=1787452389334:119
[    2045ms] [LOG] [LandingPage] Loading section: problem @ http://localhost:5173/src/components/landing/LandingPage.jsx?t=1787452389334:122
[    2046ms] [LOG] [LandingPage] IntersectionObserver fired for comparison [Object] @ http://localhost:5173/src/components/landing/LandingPage.jsx?t=1787452389334:119
[    2046ms] [LOG] [LandingPage] Loading section: comparison @ http://localhost:5173/src/components/landing/LandingPage.jsx?t=1787452389334:122
[    2046ms] [LOG] [LandingPage] IntersectionObserver fired for scrolling [Object] @ http://localhost:5173/src/components/landing/LandingPage.jsx?t=1787452389334:119
[    2046ms] [LOG] [LandingPage] Loading section: scrolling @ http://localhost:5173/src/components/landing/LandingPage.jsx?t=1787452389334:122
[    2046ms] [LOG] [LandingPage] IntersectionObserver fired for offer [Object] @ http://localhost:5173/src/components/landing/LandingPage.jsx?t=1787452389334:119
[    2046ms] [LOG] [LandingPage] Loading section: offer @ http://localhost:5173/src/components/landing/LandingPage.jsx?t=1787452389334:122
[    2047ms] [LOG] [LandingPage] IntersectionObserver fired for cta [Object] @ http://localhost:5173/src/components/landing/LandingPage.jsx?t=1787452389334:119
[    2047ms] [LOG] [LandingPage] Loading section: cta @ http://localhost:5173/src/components/landing/LandingPage.jsx?t=1787452389334:122
[    2047ms] [LOG] [LandingPage] IntersectionObserver fired for workflow [Object] @ http://localhost:5173/src/components/landing/LandingPage.jsx?t=1787452389334:119
[    2047ms] [LOG] [LandingPage] Loading section: workflow @ http://localhost:5173/src/components/landing/LandingPage.jsx?t=1787452389334:122
[    2047ms] [LOG] [LandingPage] IntersectionObserver fired for made-with [Object] @ http://localhost:5173/src/components/landing/LandingPage.jsx?t=1787452389334:119
[    2047ms] [LOG] [LandingPage] Loading section: made-with @ http://localhost:5173/src/components/landing/LandingPage.jsx?t=1787452389334:122
[    2047ms] [LOG] [LandingPage] IntersectionObserver fired for hook [Object] @ http://localhost:5173/src/components/landing/LandingPage.jsx?t=1787452389334:119
[    2048ms] [LOG] [LandingPage] Loading section: hook @ http://localhost:5173/src/components/landing/LandingPage.jsx?t=1787452389334:122
[    2048ms] [LOG] [LandingPage] IntersectionObserver fired for gallery [Object] @ http://localhost:5173/src/components/landing/LandingPage.jsx?t=1787452389334:119
[    2048ms] [LOG] [LandingPage] Loading section: gallery @ http://localhost:5173/src/components/landing/LandingPage.jsx?t=1787452389334:122
[    2048ms] [LOG] [LandingPage] IntersectionObserver fired for repo-vfx [Object] @ http://localhost:5173/src/components/landing/LandingPage.jsx?t=1787452389334:119
[    2048ms] [LOG] [LandingPage] Loading section: repo-vfx @ http://localhost:5173/src/components/landing/LandingPage.jsx?t=1787452389334:122
[    2048ms] [LOG] [LandingPage] IntersectionObserver fired for agency [Object] @ http://localhost:5173/src/components/landing/LandingPage.jsx?t=1787452389334:119
[    2048ms] [LOG] [LandingPage] Loading section: agency @ http://localhost:5173/src/components/landing/LandingPage.jsx?t=1787452389334:122
[    2048ms] [LOG] [LandingPage] IntersectionObserver fired for repo-fashion [Object] @ http://localhost:5173/src/components/landing/LandingPage.jsx?t=1787452389334:119
[    2049ms] [LOG] [LandingPage] Loading section: repo-fashion @ http://localhost:5173/src/components/landing/LandingPage.jsx?t=1787452389334:122
[    2049ms] [LOG] [LandingPage] IntersectionObserver fired for repo-cinema [Object] @ http://localhost:5173/src/components/landing/LandingPage.jsx?t=1787452389334:119
[    2049ms] [LOG] [LandingPage] Loading section: repo-cinema @ http://localhost:5173/src/components/landing/LandingPage.jsx?t=1787452389334:122
[    2049ms] [LOG] [LandingPage] IntersectionObserver fired for features [Object] @ http://localhost:5173/src/components/landing/LandingPage.jsx?t=1787452389334:119
[    2049ms] [LOG] [LandingPage] Loading section: features @ http://localhost:5173/src/components/landing/LandingPage.jsx?t=1787452389334:122
[    2049ms] [LOG] [LandingPage] IntersectionObserver fired for ai-workflow [Object] @ http://localhost:5173/src/components/landing/LandingPage.jsx?t=1787452389334:119
[    2049ms] [LOG] [LandingPage] Loading section: ai-workflow @ http://localhost:5173/src/components/landing/LandingPage.jsx?t=1787452389334:122
[    2080ms] [ERROR] [popcorn-init] FAILED at: plugin-loopPlugin TypeError: Class constructor SortableElement cannot be invoked without 'new'
    at http://localhost:5173/components/modals/RetargetOptInModal.jsx?t=1787452645033:26:22 @ http://localhost:5173/src/lib/popcornInit.js?t=1787452645033:55
[    2217ms] [LOG] [LandingPage] Section loaded: apps @ http://localhost:5173/src/components/landing/LandingPage.jsx?t=1787452389334:141
[    2304ms] [LOG] [LandingPage] Section loaded: repos @ http://localhost:5173/src/components/landing/LandingPage.jsx?t=1787452389334:141
[    2357ms] [LOG] [LandingPage] Section loaded: engines @ http://localhost:5173/src/components/landing/LandingPage.jsx?t=1787452389334:141
[    2465ms] [LOG] [LandingPage] Section loaded: value @ http://localhost:5173/src/components/landing/LandingPage.jsx?t=1787452389334:141
[    2870ms] [LOG] [LandingPage] Section loaded: problem @ http://localhost:5173/src/components/landing/LandingPage.jsx?t=1787452389334:141
[    2942ms] [LOG] [LandingPage] Section loaded: comparison @ http://localhost:5173/src/components/landing/LandingPage.jsx?t=1787452389334:141
[    3082ms] [LOG] [LandingPage] Section loaded: scrolling @ http://localhost:5173/src/components/landing/LandingPage.jsx?t=1787452389334:141
[    3137ms] [LOG] [LandingPage] Section loaded: workflow @ http://localhost:5173/src/components/landing/LandingPage.jsx?t=1787452389334:141
[    3138ms] [LOG] [LandingPage] Section loaded: cta @ http://localhost:5173/src/components/landing/LandingPage.jsx?t=1787452389334:141
[    3140ms] [LOG] [LandingPage] Section loaded: offer @ http://localhost:5173/src/components/landing/LandingPage.jsx?t=1787452389334:141
[    3141ms] [LOG] [LandingPage] Section loaded: hook @ http://localhost:5173/src/components/landing/LandingPage.jsx?t=1787452389334:141
[    3241ms] [LOG] [LandingPage] Section loaded: gtm-boost @ http://localhost:5173/src/components/landing/LandingPage.jsx?t=1787452389334:141
[    3248ms] [LOG] [LandingPage] Section loaded: ugc @ http://localhost:5173/src/components/landing/LandingPage.jsx?t=1787452389334:141
[    3290ms] [LOG] [LandingPage] Section loaded: academy @ http://localhost:5173/src/components/landing/LandingPage.jsx?t=1787452389334:141
[    3309ms] [LOG] [LandingPage] Section loaded: repo-cinema @ http://localhost:5173/src/components/landing/LandingPage.jsx?t=1787452389334:141
[    3317ms] [LOG] [LandingPage] Section loaded: repo-ecommerce @ http://localhost:5173/src/components/landing/LandingPage.jsx?t=1787452389334:141
[    3325ms] [LOG] [LandingPage] Section loaded: repo-narrative @ http://localhost:5173/src/components/landing/LandingPage.jsx?t=1787452389334:141
[    3330ms] [LOG] [LandingPage] Section loaded: repo-social-ads @ http://localhost:5173/src/components/landing/LandingPage.jsx?t=1787452389334:141
[    3334ms] [LOG] [LandingPage] Section loaded: repo-animation @ http://localhost:5173/src/components/landing/LandingPage.jsx?t=1787452389334:141
[    3339ms] [LOG] [LandingPage] Section loaded: repo-vertical @ http://localhost:5173/src/components/landing/LandingPage.jsx?t=1787452389334:141
[    3342ms] [LOG] [LandingPage] Section loaded: repo-fashion @ http://localhost:5173/src/components/landing/LandingPage.jsx?t=1787452389334:141
[    3347ms] [LOG] [LandingPage] Section loaded: repo-commercial @ http://localhost:5173/src/components/landing/LandingPage.jsx?t=1787452389334:141
[    3354ms] [LOG] [LandingPage] Section loaded: repo-vfx @ http://localhost:5173/src/components/landing/LandingPage.jsx?t=1787452389334:141
[    3359ms] [LOG] [LandingPage] Section loaded: repo-animated @ http://localhost:5173/src/components/landing/LandingPage.jsx?t=1787452389334:141
[    3363ms] [LOG] [LandingPage] Section loaded: repo-kinetic @ http://localhost:5173/src/components/landing/LandingPage.jsx?t=1787452389334:141
[    3366ms] [LOG] [LandingPage] Section loaded: repo-reference @ http://localhost:5173/src/components/landing/LandingPage.jsx?t=1787452389334:141
[    3557ms] [LOG] [LandingPage] Section loaded: agency @ http://localhost:5173/src/components/landing/LandingPage.jsx?t=1787452389334:141
[    3557ms] [LOG] [LandingPage] Section loaded: features @ http://localhost:5173/src/components/landing/LandingPage.jsx?t=1787452389334:141
[    3611ms] [LOG] [LandingPage] Section loaded: made-with @ http://localhost:5173/src/components/landing/LandingPage.jsx?t=1787452389334:141
[    3688ms] [LOG] [LandingPage] Section loaded: gallery @ http://localhost:5173/src/components/landing/LandingPage.jsx?t=1787452389334:141
[    3696ms] [LOG] [LandingPage] Section loaded: ai-workflow @ http://localhost:5173/src/components/landing/LandingPage.jsx?t=1787452389334:141
[    3741ms] [ERROR] [popcorn-init] FAILED at: plugin-pausePlugin TypeError: Class constructor SortableElement cannot be invoked without 'new'
    at http://localhost:5173/components/modals/RetargetOptInModal.jsx?t=1787452645033:26:22 @ http://localhost:5173/src/lib/popcornInit.js?t=1787452645033:55
[    3755ms] [ERROR] [popcorn-init] FAILED at: plugin-form TypeError: Class constructor SortableElement cannot be invoked without 'new'
    at http://localhost:5173/components/modals/RetargetOptInModal.jsx?t=1787452645033:26:22 @ http://localhost:5173/src/lib/popcornInit.js?t=1787452645033:55
[    3776ms] [ERROR] [popcorn-init] FAILED at: plugin-retarget TypeError: Class constructor SortableElement cannot be invoked without 'new'
    at http://localhost:5173/components/modals/RetargetOptInModal.jsx?t=1787452645033:26:22 @ http://localhost:5173/src/lib/popcornInit.js?t=1787452645033:55
[    3786ms] [LOG] [popcorn-init] OK: plugin-popup @ http://localhost:5173/src/lib/popcornInit.js?t=1787452645033:48
[    3797ms] [ERROR] [popcorn-init] FAILED at: plugin-sequencer TypeError: Class constructor SortableElement cannot be invoked without 'new'
    at http://localhost:5173/components/modals/RetargetOptInModal.jsx?t=1787452645033:26:22 @ http://localhost:5173/src/lib/popcornInit.js?t=1787452645033:55
[    3807ms] [ERROR] [popcorn-init] FAILED at: plugin-skip TypeError: Class constructor SortableElement cannot be invoked without 'new'
    at http://localhost:5173/components/modals/RetargetOptInModal.jsx?t=1787452645033:26:22 @ http://localhost:5173/src/lib/popcornInit.js?t=1787452645033:55
[    3839ms] [ERROR] [popcorn-init] FAILED at: plugin-text TypeError: Class constructor SortableElement cannot be invoked without 'new'
    at http://localhost:5173/components/modals/RetargetOptInModal.jsx?t=1787452645033:26:22 @ http://localhost:5173/src/lib/popcornInit.js?t=1787452645033:55
[    3850ms] [LOG] [popcorn-init] OK: plugin-social @ http://localhost:5173/src/lib/popcornInit.js?t=1787452645033:48
[    3855ms] [ERROR] [popcorn-init] FAILED at: plugin-jsonAnimation TypeError: Class constructor SortableElement cannot be invoked without 'new'
    at http://localhost:5173/components/modals/RetargetOptInModal.jsx?t=1787452645033:26:22 @ http://localhost:5173/src/lib/popcornInit.js?t=1787452645033:55
[    3868ms] [LOG] [popcorn-init] OK: plugin-videoTransition @ http://localhost:5173/src/lib/popcornInit.js?t=1787452645033:48
[    3873ms] [ERROR] [popcorn-init] FAILED at: plugin-seethroughtext TypeError: Class constructor SortableElement cannot be invoked without 'new'
    at http://localhost:5173/components/modals/RetargetOptInModal.jsx?t=1787452645033:26:22 @ http://localhost:5173/src/lib/popcornInit.js?t=1787452645033:55
[    3879ms] [LOG] [popcorn-init] OK: plugin-wikipedia @ http://localhost:5173/src/lib/popcornInit.js?t=1787452645033:48
[    3888ms] [ERROR] [popcorn-init] FAILED at: plugin-combined TypeError: Class constructor SortableElement cannot be invoked without 'new'
    at http://localhost:5173/components/modals/RetargetOptInModal.jsx?t=1787452645033:26:22 @ http://localhost:5173/src/lib/popcornInit.js?t=1787452645033:55
[    3898ms] [ERROR] [popcorn-init] FAILED at: plugin-background TypeError: Class constructor SortableElement cannot be invoked without 'new'
    at http://localhost:5173/components/modals/RetargetOptInModal.jsx?t=1787452645033:26:22 @ http://localhost:5173/src/lib/popcornInit.js?t=1787452645033:55
[    3899ms] [LOG] [popcorn-init] SUMMARY: 5/20 plugins registered; FAILED: plugin-image, plugin-jsonTransition, plugin-lottie-json, plugin-personalizedImage, plugin-loopPlugin, plugin-pausePlugin, plugin-form, plugin-retarget, plugin-sequencer, plugin-skip, plugin-text, plugin-jsonAnimation, plugin-seethroughtext, plugin-combined, plugin-background @ http://localhost:5173/src/lib/popcornInit.js?t=1787452645033:60
[    3899ms] [LOG] [popcorn] function 5 @ http://localhost:5173/src/main.js?t=1787453030925:4
[   14047ms] [LOG] [App] Starting initialization... @ http://localhost:5173/src/main.js?t=1787453030925:19
[   14054ms] [LOG] [popcorn-init] OK: jquery @ http://localhost:5173/src/lib/popcornInit.js?t=1787452645033:41
[   14055ms] [LOG] [popcorn-init] OK: jquery-textfill @ http://localhost:5173/src/lib/popcornInit.js?t=1787452645033:48
[   14055ms] [LOG] [popcorn-init] OK: popcorn-core @ http://localhost:5173/src/lib/popcornInit.js?t=1787452645033:48
[   14056ms] [LOG] [popcorn-init] OK: popcorn-ie8 @ http://localhost:5173/src/lib/popcornInit.js?t=1787452645033:48
[   14057ms] [LOG] [popcorn-init] OK: wrapper-common @ http://localhost:5173/src/lib/popcornInit.js?t=1787452645033:48
[   14057ms] [LOG] [popcorn-init] OK: wrapper-html5 @ http://localhost:5173/src/lib/popcornInit.js?t=1787452645033:48
[   14057ms] [LOG] [popcorn-init] OK: wrapper-vrview @ http://localhost:5173/src/lib/popcornInit.js?t=1787452645033:48
[   14059ms] [LOG] [popcorn-init] OK: wrapper-adaptive @ http://localhost:5173/src/lib/popcornInit.js?t=1787452645033:48
[   14059ms] [LOG] [popcorn-init] OK: wrapper-null @ http://localhost:5173/src/lib/popcornInit.js?t=1787452645033:48
[   14060ms] [LOG] [popcorn-init] OK: wrapper-soundcloud @ http://localhost:5173/src/lib/popcornInit.js?t=1787452645033:48
[   14061ms] [LOG] [popcorn-init] OK: wrapper-vimeo @ http://localhost:5173/src/lib/popcornInit.js?t=1787452645033:48
[   14062ms] [LOG] [popcorn-init] OK: wrapper-youtube @ http://localhost:5173/src/lib/popcornInit.js?t=1787452645033:48
[   14062ms] [LOG] [popcorn-init] OK: wrapper-jwplayer @ http://localhost:5173/src/lib/popcornInit.js?t=1787452645033:48
[   14063ms] [LOG] [popcorn-init] OK: player-module @ http://localhost:5173/src/lib/popcornInit.js?t=1787452645033:48
[   14072ms] [LOG] [LandingPage] Header.jsx loaded @ http://localhost:5173/src/components/landing/LandingPage.jsx?t=1787452389334:176
[   14112ms] [LOG] [LandingPage] CinematicVideoHero.jsx loaded @ http://localhost:5173/src/components/landing/LandingPage.jsx?t=1787452389334:189
[   14244ms] [LOG] [LandingPage] HeroSection.jsx loaded @ http://localhost:5173/src/components/landing/LandingPage.jsx?t=1787452389334:202
[   14245ms] [LOG] [LandingPage] Observer created for: scrolling placeholder id: section-scrolling @ http://localhost:5173/src/components/landing/LandingPage.jsx?t=1787452389334:160
[   14246ms] [LOG] [LandingPage] Observer created for: hook placeholder id: section-hook @ http://localhost:5173/src/components/landing/LandingPage.jsx?t=1787452389334:160
[   14246ms] [LOG] [LandingPage] Observer created for: engines placeholder id: section-engines @ http://localhost:5173/src/components/landing/LandingPage.jsx?t=1787452389334:160
[   14246ms] [LOG] [LandingPage] Observer created for: apps placeholder id: section-apps @ http://localhost:5173/src/components/landing/LandingPage.jsx?t=1787452389334:160
[   14246ms] [LOG] [LandingPage] Observer created for: features placeholder id: section-features @ http://localhost:5173/src/components/landing/LandingPage.jsx?t=1787452389334:160
[   14246ms] [LOG] [LandingPage] Observer created for: problem placeholder id: section-problem @ http://localhost:5173/src/components/landing/LandingPage.jsx?t=1787452389334:160
[   14246ms] [LOG] [LandingPage] Observer created for: workflow placeholder id: section-workflow @ http://localhost:5173/src/components/landing/LandingPage.jsx?t=1787452389334:160
[   14246ms] [LOG] [LandingPage] Observer created for: comparison placeholder id: section-comparison @ http://localhost:5173/src/components/landing/LandingPage.jsx?t=1787452389334:160
[   14246ms] [LOG] [LandingPage] Observer created for: value placeholder id: section-value @ http://localhost:5173/src/components/landing/LandingPage.jsx?t=1787452389334:160
[   14246ms] [LOG] [LandingPage] Observer created for: agency placeholder id: section-agency @ http://localhost:5173/src/components/landing/LandingPage.jsx?t=1787452389334:160
[   14246ms] [LOG] [LandingPage] Observer created for: offer placeholder id: section-offer @ http://localhost:5173/src/components/landing/LandingPage.jsx?t=1787452389334:160
[   14246ms] [LOG] [LandingPage] Observer created for: cta placeholder id: section-cta @ http://localhost:5173/src/components/landing/LandingPage.jsx?t=1787452389334:160
[   14246ms] [LOG] [LandingPage] Observer created for: ai-workflow placeholder id: section-ai-workflow @ http://localhost:5173/src/components/landing/LandingPage.jsx?t=1787452389334:160
[   14246ms] [LOG] [LandingPage] Observer created for: made-with placeholder id: section-made-with @ http://localhost:5173/src/components/landing/LandingPage.jsx?t=1787452389334:160
[   14246ms] [LOG] [LandingPage] Observer created for: ugc placeholder id: section-ugc @ http://localhost:5173/src/components/landing/LandingPage.jsx?t=1787452389334:160
[   14246ms] [LOG] [LandingPage] Observer created for: gallery placeholder id: section-gallery @ http://localhost:5173/src/components/landing/LandingPage.jsx?t=1787452389334:160
[   14246ms] [LOG] [LandingPage] Observer created for: academy placeholder id: section-academy @ http://localhost:5173/src/components/landing/LandingPage.jsx?t=1787452389334:160
[   14247ms] [LOG] [LandingPage] Observer created for: repo-cinema placeholder id: section-repo-cinema @ http://localhost:5173/src/components/landing/LandingPage.jsx?t=1787452389334:160
[   14247ms] [LOG] [LandingPage] Observer created for: repo-commercial placeholder id: section-repo-commercial @ http://localhost:5173/src/components/landing/LandingPage.jsx?t=1787452389334:160
[   14247ms] [LOG] [LandingPage] Observer created for: repo-social-ads placeholder id: section-repo-social-ads @ http://localhost:5173/src/components/landing/LandingPage.jsx?t=1787452389334:160
[   14247ms] [LOG] [LandingPage] Observer created for: repo-narrative placeholder id: section-repo-narrative @ http://localhost:5173/src/components/landing/LandingPage.jsx?t=1787452389334:160
[   14247ms] [LOG] [LandingPage] Observer created for: repo-vertical placeholder id: section-repo-vertical @ http://localhost:5173/src/components/landing/LandingPage.jsx?t=1787452389334:160
[   14247ms] [LOG] [LandingPage] Observer created for: repo-ecommerce placeholder id: section-repo-ecommerce @ http://localhost:5173/src/components/landing/LandingPage.jsx?t=1787452389334:160
[   14247ms] [LOG] [LandingPage] Observer created for: repo-kinetic placeholder id: section-repo-kinetic @ http://localhost:5173/src/components/landing/LandingPage.jsx?t=1787452389334:160
[   14247ms] [LOG] [LandingPage] Observer created for: repo-animated placeholder id: section-repo-animated @ http://localhost:5173/src/components/landing/LandingPage.jsx?t=1787452389334:160
[   14247ms] [LOG] [LandingPage] Observer created for: repo-animation placeholder id: section-repo-animation @ http://localhost:5173/src/components/landing/LandingPage.jsx?t=1787452389334:160
[   14247ms] [LOG] [LandingPage] Observer created for: repo-reference placeholder id: section-repo-reference @ http://localhost:5173/src/components/landing/LandingPage.jsx?t=1787452389334:160
[   14247ms] [LOG] [LandingPage] Observer created for: repo-vfx placeholder id: section-repo-vfx @ http://localhost:5173/src/components/landing/LandingPage.jsx?t=1787452389334:160
[   14247ms] [LOG] [LandingPage] Observer created for: repo-fashion placeholder id: section-repo-fashion @ http://localhost:5173/src/components/landing/LandingPage.jsx?t=1787452389334:160
[   14247ms] [LOG] [LandingPage] Observer created for: repos placeholder id: section-repos @ http://localhost:5173/src/components/landing/LandingPage.jsx?t=1787452389334:160
[   14247ms] [LOG] [LandingPage] Observer created for: gtm-boost placeholder id: section-gtm-boost @ http://localhost:5173/src/components/landing/LandingPage.jsx?t=1787452389334:160
[   14248ms] [LOG] [App] Landing page rendered @ http://localhost:5173/src/main.js?t=1787453030925:88
[   14270ms] [LOG] [LandingPage] IntersectionObserver fired for repo-reference [Object] @ http://localhost:5173/src/components/landing/LandingPage.jsx?t=1787452389334:119
[   14271ms] [LOG] [LandingPage] Loading section: repo-reference @ http://localhost:5173/src/components/landing/LandingPage.jsx?t=1787452389334:122
[   14271ms] [LOG] [LandingPage] IntersectionObserver fired for gtm-boost [Object] @ http://localhost:5173/src/components/landing/LandingPage.jsx?t=1787452389334:119
[   14272ms] [LOG] [LandingPage] Loading section: gtm-boost @ http://localhost:5173/src/components/landing/LandingPage.jsx?t=1787452389334:122
[   14272ms] [LOG] [LandingPage] IntersectionObserver fired for repo-vertical [Object] @ http://localhost:5173/src/components/landing/LandingPage.jsx?t=1787452389334:119
[   14272ms] [LOG] [LandingPage] Loading section: repo-vertical @ http://localhost:5173/src/components/landing/LandingPage.jsx?t=1787452389334:122
[   14272ms] [LOG] [LandingPage] IntersectionObserver fired for repo-animation [Object] @ http://localhost:5173/src/components/landing/LandingPage.jsx?t=1787452389334:119
[   14273ms] [LOG] [LandingPage] Loading section: repo-animation @ http://localhost:5173/src/components/landing/LandingPage.jsx?t=1787452389334:122
[   14273ms] [LOG] [LandingPage] IntersectionObserver fired for repo-vfx [Object] @ http://localhost:5173/src/components/landing/LandingPage.jsx?t=1787452389334:119
[   14273ms] [LOG] [LandingPage] Loading section: repo-vfx @ http://localhost:5173/src/components/landing/LandingPage.jsx?t=1787452389334:122
[   14273ms] [LOG] [LandingPage] IntersectionObserver fired for ugc [Object] @ http://localhost:5173/src/components/landing/LandingPage.jsx?t=1787452389334:119
[   14273ms] [LOG] [LandingPage] Loading section: ugc @ http://localhost:5173/src/components/landing/LandingPage.jsx?t=1787452389334:122
[   14273ms] [LOG] [LandingPage] IntersectionObserver fired for made-with [Object] @ http://localhost:5173/src/components/landing/LandingPage.jsx?t=1787452389334:119
[   14273ms] [LOG] [LandingPage] Loading section: made-with @ http://localhost:5173/src/components/landing/LandingPage.jsx?t=1787452389334:122
[   14274ms] [LOG] [LandingPage] IntersectionObserver fired for features [Object] @ http://localhost:5173/src/components/landing/LandingPage.jsx?t=1787452389334:119
[   14274ms] [LOG] [LandingPage] Loading section: features @ http://localhost:5173/src/components/landing/LandingPage.jsx?t=1787452389334:122
[   14274ms] [LOG] [LandingPage] IntersectionObserver fired for gallery [Object] @ http://localhost:5173/src/components/landing/LandingPage.jsx?t=1787452389334:119
[   14277ms] [LOG] [LandingPage] Loading section: gallery @ http://localhost:5173/src/components/landing/LandingPage.jsx?t=1787452389334:122
[   14279ms] [LOG] [LandingPage] IntersectionObserver fired for offer [Object] @ http://localhost:5173/src/components/landing/LandingPage.jsx?t=1787452389334:119
[   14279ms] [LOG] [LandingPage] Loading section: offer @ http://localhost:5173/src/components/landing/LandingPage.jsx?t=1787452389334:122
[   14280ms] [LOG] [LandingPage] IntersectionObserver fired for academy [Object] @ http://localhost:5173/src/components/landing/LandingPage.jsx?t=1787452389334:119
[   14280ms] [LOG] [LandingPage] Loading section: academy @ http://localhost:5173/src/components/landing/LandingPage.jsx?t=1787452389334:122
[   14280ms] [LOG] [LandingPage] IntersectionObserver fired for scrolling [Object] @ http://localhost:5173/src/components/landing/LandingPage.jsx?t=1787452389334:119
[   14280ms] [LOG] [LandingPage] Loading section: scrolling @ http://localhost:5173/src/components/landing/LandingPage.jsx?t=1787452389334:122
[   14281ms] [LOG] [LandingPage] IntersectionObserver fired for ai-workflow [Object] @ http://localhost:5173/src/components/landing/LandingPage.jsx?t=1787452389334:119
[   14281ms] [LOG] [LandingPage] Loading section: ai-workflow @ http://localhost:5173/src/components/landing/LandingPage.jsx?t=1787452389334:122
[   14281ms] [LOG] [LandingPage] IntersectionObserver fired for comparison [Object] @ http://localhost:5173/src/components/landing/LandingPage.jsx?t=1787452389334:119
[   14281ms] [LOG] [LandingPage] Loading section: comparison @ http://localhost:5173/src/components/landing/LandingPage.jsx?t=1787452389334:122
[   14281ms] [LOG] [LandingPage] IntersectionObserver fired for repo-ecommerce [Object] @ http://localhost:5173/src/components/landing/LandingPage.jsx?t=1787452389334:119
[   14281ms] [LOG] [LandingPage] Loading section: repo-ecommerce @ http://localhost:5173/src/components/landing/LandingPage.jsx?t=1787452389334:122
[   14282ms] [LOG] [LandingPage] IntersectionObserver fired for hook [Object] @ http://localhost:5173/src/components/landing/LandingPage.jsx?t=1787452389334:119
[   14290ms] [LOG] [LandingPage] Loading section: hook @ http://localhost:5173/src/components/landing/LandingPage.jsx?t=1787452389334:122
[   14291ms] [LOG] [LandingPage] IntersectionObserver fired for repo-cinema [Object] @ http://localhost:5173/src/components/landing/LandingPage.jsx?t=1787452389334:119
[   14296ms] [LOG] [LandingPage] Loading section: repo-cinema @ http://localhost:5173/src/components/landing/LandingPage.jsx?t=1787452389334:122
[   14296ms] [LOG] [LandingPage] IntersectionObserver fired for apps [Object] @ http://localhost:5173/src/components/landing/LandingPage.jsx?t=1787452389334:119
[   14297ms] [LOG] [LandingPage] Loading section: apps @ http://localhost:5173/src/components/landing/LandingPage.jsx?t=1787452389334:122
[   14297ms] [LOG] [LandingPage] IntersectionObserver fired for repo-animated [Object] @ http://localhost:5173/src/components/landing/LandingPage.jsx?t=1787452389334:119
[   14298ms] [LOG] [LandingPage] Loading section: repo-animated @ http://localhost:5173/src/components/landing/LandingPage.jsx?t=1787452389334:122
[   14299ms] [LOG] [LandingPage] IntersectionObserver fired for workflow [Object] @ http://localhost:5173/src/components/landing/LandingPage.jsx?t=1787452389334:119
[   14299ms] [LOG] [LandingPage] Loading section: workflow @ http://localhost:5173/src/components/landing/LandingPage.jsx?t=1787452389334:122
[   14301ms] [LOG] [LandingPage] IntersectionObserver fired for problem [Object] @ http://localhost:5173/src/components/landing/LandingPage.jsx?t=1787452389334:119
[   14302ms] [LOG] [LandingPage] Loading section: problem @ http://localhost:5173/src/components/landing/LandingPage.jsx?t=1787452389334:122
[   14303ms] [LOG] [LandingPage] IntersectionObserver fired for value [Object] @ http://localhost:5173/src/components/landing/LandingPage.jsx?t=1787452389334:119
[   14304ms] [LOG] [LandingPage] Loading section: value @ http://localhost:5173/src/components/landing/LandingPage.jsx?t=1787452389334:122
[   14304ms] [LOG] [LandingPage] IntersectionObserver fired for engines [Object] @ http://localhost:5173/src/components/landing/LandingPage.jsx?t=1787452389334:119
[   14305ms] [LOG] [LandingPage] Loading section: engines @ http://localhost:5173/src/components/landing/LandingPage.jsx?t=1787452389334:122
[   14306ms] [LOG] [LandingPage] IntersectionObserver fired for repo-narrative [Object] @ http://localhost:5173/src/components/landing/LandingPage.jsx?t=1787452389334:119
[   14307ms] [LOG] [LandingPage] Loading section: repo-narrative @ http://localhost:5173/src/components/landing/LandingPage.jsx?t=1787452389334:122
[   14307ms] [LOG] [LandingPage] IntersectionObserver fired for repos [Object] @ http://localhost:5173/src/components/landing/LandingPage.jsx?t=1787452389334:119
[   14311ms] [LOG] [LandingPage] Loading section: repos @ http://localhost:5173/src/components/landing/LandingPage.jsx?t=1787452389334:122
[   14313ms] [LOG] [LandingPage] IntersectionObserver fired for repo-social-ads [Object] @ http://localhost:5173/src/components/landing/LandingPage.jsx?t=1787452389334:119
[   14313ms] [LOG] [LandingPage] Loading section: repo-social-ads @ http://localhost:5173/src/components/landing/LandingPage.jsx?t=1787452389334:122
[   14313ms] [LOG] [LandingPage] IntersectionObserver fired for repo-commercial [Object] @ http://localhost:5173/src/components/landing/LandingPage.jsx?t=1787452389334:119
[   14314ms] [LOG] [LandingPage] Loading section: repo-commercial @ http://localhost:5173/src/components/landing/LandingPage.jsx?t=1787452389334:122
[   14314ms] [LOG] [LandingPage] IntersectionObserver fired for agency [Object] @ http://localhost:5173/src/components/landing/LandingPage.jsx?t=1787452389334:119
[   14315ms] [LOG] [LandingPage] Loading section: agency @ http://localhost:5173/src/components/landing/LandingPage.jsx?t=1787452389334:122
[   14315ms] [LOG] [LandingPage] IntersectionObserver fired for repo-kinetic [Object] @ http://localhost:5173/src/components/landing/LandingPage.jsx?t=1787452389334:119
[   14316ms] [LOG] [LandingPage] Loading section: repo-kinetic @ http://localhost:5173/src/components/landing/LandingPage.jsx?t=1787452389334:122
[   14316ms] [LOG] [LandingPage] IntersectionObserver fired for cta [Object] @ http://localhost:5173/src/components/landing/LandingPage.jsx?t=1787452389334:119
[   14316ms] [LOG] [LandingPage] Loading section: cta @ http://localhost:5173/src/components/landing/LandingPage.jsx?t=1787452389334:122
[   14317ms] [LOG] [LandingPage] IntersectionObserver fired for repo-fashion [Object] @ http://localhost:5173/src/components/landing/LandingPage.jsx?t=1787452389334:119
[   14317ms] [LOG] [LandingPage] Loading section: repo-fashion @ http://localhost:5173/src/components/landing/LandingPage.jsx?t=1787452389334:122
[   14675ms] [LOG] [LandingPage] Section loaded: features @ http://localhost:5173/src/components/landing/LandingPage.jsx?t=1787452389334:141
[   14683ms] [LOG] [LandingPage] Section loaded: offer @ http://localhost:5173/src/components/landing/LandingPage.jsx?t=1787452389334:141
[   14725ms] [LOG] [LandingPage] Section loaded: scrolling @ http://localhost:5173/src/components/landing/LandingPage.jsx?t=1787452389334:141
[   14726ms] [LOG] [LandingPage] Section loaded: comparison @ http://localhost:5173/src/components/landing/LandingPage.jsx?t=1787452389334:141
[   14727ms] [LOG] [LandingPage] Section loaded: hook @ http://localhost:5173/src/components/landing/LandingPage.jsx?t=1787452389334:141
[   14729ms] [LOG] [LandingPage] Section loaded: workflow @ http://localhost:5173/src/components/landing/LandingPage.jsx?t=1787452389334:141
[   14731ms] [LOG] [LandingPage] Section loaded: problem @ http://localhost:5173/src/components/landing/LandingPage.jsx?t=1787452389334:141
[   14733ms] [LOG] [LandingPage] Section loaded: value @ http://localhost:5173/src/components/landing/LandingPage.jsx?t=1787452389334:141
[   14857ms] [LOG] [LandingPage] Section loaded: engines @ http://localhost:5173/src/components/landing/LandingPage.jsx?t=1787452389334:141
[   14860ms] [LOG] [LandingPage] Section loaded: agency @ http://localhost:5173/src/components/landing/LandingPage.jsx?t=1787452389334:141
[   14861ms] [LOG] [LandingPage] Section loaded: cta @ http://localhost:5173/src/components/landing/LandingPage.jsx?t=1787452389334:141
[   14949ms] [LOG] [LandingPage] Section loaded: repos @ http://localhost:5173/src/components/landing/LandingPage.jsx?t=1787452389334:141
[   15063ms] [LOG] [LandingPage] Section loaded: gallery @ http://localhost:5173/src/components/landing/LandingPage.jsx?t=1787452389334:141
[   15212ms] [LOG] [LandingPage] Section loaded: ugc @ http://localhost:5173/src/components/landing/LandingPage.jsx?t=1787452389334:141
[   15215ms] [LOG] [LandingPage] Section loaded: gtm-boost @ http://localhost:5173/src/components/landing/LandingPage.jsx?t=1787452389334:141
[   15224ms] [LOG] [LandingPage] Section loaded: made-with @ http://localhost:5173/src/components/landing/LandingPage.jsx?t=1787452389334:141
[   15225ms] [LOG] [LandingPage] Section loaded: ai-workflow @ http://localhost:5173/src/components/landing/LandingPage.jsx?t=1787452389334:141
[   15234ms] [LOG] [LandingPage] Section loaded: repo-cinema @ http://localhost:5173/src/components/landing/LandingPage.jsx?t=1787452389334:141
[   15244ms] [LOG] [LandingPage] Section loaded: repo-reference @ http://localhost:5173/src/components/landing/LandingPage.jsx?t=1787452389334:141
[   15249ms] [LOG] [LandingPage] Section loaded: repo-fashion @ http://localhost:5173/src/components/landing/LandingPage.jsx?t=1787452389334:141
[   15256ms] [LOG] [LandingPage] Section loaded: repo-commercial @ http://localhost:5173/src/components/landing/LandingPage.jsx?t=1787452389334:141
[   15267ms] [LOG] [LandingPage] Section loaded: repo-ecommerce @ http://localhost:5173/src/components/landing/LandingPage.jsx?t=1787452389334:141
[   15279ms] [LOG] [LandingPage] Section loaded: repo-vfx @ http://localhost:5173/src/components/landing/LandingPage.jsx?t=1787452389334:141
[   15311ms] [LOG] [LandingPage] Section loaded: repo-animated @ http://localhost:5173/src/components/landing/LandingPage.jsx?t=1787452389334:141
[   15503ms] [LOG] [LandingPage] Section loaded: repo-narrative @ http://localhost:5173/src/components/landing/LandingPage.jsx?t=1787452389334:141
[   15512ms] [LOG] [LandingPage] Section loaded: repo-social-ads @ http://localhost:5173/src/components/landing/LandingPage.jsx?t=1787452389334:141
[   15521ms] [LOG] [LandingPage] Section loaded: repo-vertical @ http://localhost:5173/src/components/landing/LandingPage.jsx?t=1787452389334:141
[   15531ms] [LOG] [LandingPage] Section loaded: repo-animation @ http://localhost:5173/src/components/landing/LandingPage.jsx?t=1787452389334:141
[   15540ms] [LOG] [LandingPage] Section loaded: repo-kinetic @ http://localhost:5173/src/components/landing/LandingPage.jsx?t=1787452389334:141
[   15551ms] [LOG] [LandingPage] Section loaded: apps @ http://localhost:5173/src/components/landing/LandingPage.jsx?t=1787452389334:141
[   15579ms] [LOG] [LandingPage] Section loaded: academy @ http://localhost:5173/src/components/landing/LandingPage.jsx?t=1787452389334:141
[   16729ms] [INFO] %cDownload the React DevTools for a better development experience: https://react.dev/link/react-devtools font-weight:bold @ http://localhost:5173/node_modules/.vite/deps/chunk-EEAUBQDT.js?v=93c1ec86:20096
[   16733ms] [ERROR] [ModalSystem] mount failed TypeError: Class constructor SortableElement cannot be invoked without 'new'
    at http://localhost:5173/components/modals/RetargetOptInModal.jsx?t=1787452645033:26:22 @ http://localhost:5173/src/main.js?t=1787453030925:329
[   16737ms] [ERROR] [popcorn-init] FAILED at: plugin-image TypeError: Class constructor SortableElement cannot be invoked without 'new'
    at http://localhost:5173/components/modals/RetargetOptInModal.jsx?t=1787452645033:26:22 @ http://localhost:5173/src/lib/popcornInit.js?t=1787452645033:55
[   16950ms] [ERROR] [popcorn-init] FAILED at: plugin-jsonTransition TypeError: Class constructor SortableElement cannot be invoked without 'new'
    at http://localhost:5173/components/modals/RetargetOptInModal.jsx?t=1787452645033:26:22 @ http://localhost:5173/src/lib/popcornInit.js?t=1787452645033:55
[   17873ms] [ERROR] [popcorn-init] FAILED at: plugin-lottie-json TypeError: Class constructor SortableElement cannot be invoked without 'new'
    at http://localhost:5173/components/modals/RetargetOptInModal.jsx?t=1787452645033:26:22 @ http://localhost:5173/src/lib/popcornInit.js?t=1787452645033:55
[   18097ms] [LOG] [popcorn-init] OK: plugin-json-button @ http://localhost:5173/src/lib/popcornInit.js?t=1787452645033:48
[   18747ms] [LOG] [App] Starting initialization... @ http://localhost:5173/src/main.js?t=1787453030925:19
[   18754ms] [LOG] [popcorn-init] OK: jquery @ http://localhost:5173/src/lib/popcornInit.js?t=1787452645033:41
[   18755ms] [LOG] [popcorn-init] OK: jquery-textfill @ http://localhost:5173/src/lib/popcornInit.js?t=1787452645033:48
[   18755ms] [LOG] [popcorn-init] OK: popcorn-core @ http://localhost:5173/src/lib/popcornInit.js?t=1787452645033:48
[   18756ms] [LOG] [popcorn-init] OK: popcorn-ie8 @ http://localhost:5173/src/lib/popcornInit.js?t=1787452645033:48
[   18756ms] [LOG] [popcorn-init] OK: wrapper-common @ http://localhost:5173/src/lib/popcornInit.js?t=1787452645033:48
[   18799ms] [LOG] [popcorn-init] OK: wrapper-html5 @ http://localhost:5173/src/lib/popcornInit.js?t=1787452645033:48
[   18822ms] [LOG] [popcorn-init] OK: wrapper-vrview @ http://localhost:5173/src/lib/popcornInit.js?t=1787452645033:48
[   18830ms] [LOG] [popcorn-init] OK: wrapper-adaptive @ http://localhost:5173/src/lib/popcornInit.js?t=1787452645033:48
[   18850ms] [LOG] [popcorn-init] OK: wrapper-null @ http://localhost:5173/src/lib/popcornInit.js?t=1787452645033:48
[   18862ms] [LOG] [popcorn-init] OK: wrapper-soundcloud @ http://localhost:5173/src/lib/popcornInit.js?t=1787452645033:48
[   18904ms] [LOG] [popcorn-init] OK: wrapper-vimeo @ http://localhost:5173/src/lib/popcornInit.js?t=1787452645033:48
[   18914ms] [LOG] [popcorn-init] OK: wrapper-youtube @ http://localhost:5173/src/lib/popcornInit.js?t=1787452645033:48
[   18919ms] [LOG] [popcorn-init] OK: wrapper-jwplayer @ http://localhost:5173/src/lib/popcornInit.js?t=1787452645033:48
[   18921ms] [LOG] [popcorn-init] OK: player-module @ http://localhost:5173/src/lib/popcornInit.js?t=1787452645033:48
[   18922ms] [LOG] [LandingPage] Header.jsx loaded @ http://localhost:5173/src/components/landing/LandingPage.jsx?t=1787452389334:176
[   19782ms] [LOG] [App] Starting initialization... @ http://localhost:5173/src/main.js?t=1787453030925:19
[   19789ms] [LOG] [popcorn-init] OK: jquery @ http://localhost:5173/src/lib/popcornInit.js?t=1787452645033:41
[   19789ms] [LOG] [popcorn-init] OK: jquery-textfill @ http://localhost:5173/src/lib/popcornInit.js?t=1787452645033:48
[   19790ms] [LOG] [popcorn-init] OK: popcorn-core @ http://localhost:5173/src/lib/popcornInit.js?t=1787452645033:48
[   19790ms] [LOG] [popcorn-init] OK: popcorn-ie8 @ http://localhost:5173/src/lib/popcornInit.js?t=1787452645033:48
[   19791ms] [LOG] [popcorn-init] OK: wrapper-common @ http://localhost:5173/src/lib/popcornInit.js?t=1787452645033:48
[   19792ms] [LOG] [popcorn-init] OK: wrapper-html5 @ http://localhost:5173/src/lib/popcornInit.js?t=1787452645033:48
[   19793ms] [LOG] [popcorn-init] OK: wrapper-vrview @ http://localhost:5173/src/lib/popcornInit.js?t=1787452645033:48
[   19793ms] [LOG] [popcorn-init] OK: wrapper-adaptive @ http://localhost:5173/src/lib/popcornInit.js?t=1787452645033:48
[   19793ms] [LOG] [popcorn-init] OK: wrapper-null @ http://localhost:5173/src/lib/popcornInit.js?t=1787452645033:48
[   19794ms] [LOG] [popcorn-init] OK: wrapper-soundcloud @ http://localhost:5173/src/lib/popcornInit.js?t=1787452645033:48
[   19794ms] [LOG] [popcorn-init] OK: wrapper-vimeo @ http://localhost:5173/src/lib/popcornInit.js?t=1787452645033:48
[   19794ms] [LOG] [popcorn-init] OK: wrapper-youtube @ http://localhost:5173/src/lib/popcornInit.js?t=1787452645033:48
[   19795ms] [LOG] [popcorn-init] OK: wrapper-jwplayer @ http://localhost:5173/src/lib/popcornInit.js?t=1787452645033:48
[   19795ms] [LOG] [popcorn-init] OK: player-module @ http://localhost:5173/src/lib/popcornInit.js?t=1787452645033:48
[   19830ms] [LOG] [LandingPage] Header.jsx loaded @ http://localhost:5173/src/components/landing/LandingPage.jsx?t=1787452389334:176
[   19991ms] [LOG] [LandingPage] CinematicVideoHero.jsx loaded @ http://localhost:5173/src/components/landing/LandingPage.jsx?t=1787452389334:189
[   20284ms] [LOG] [LandingPage] HeroSection.jsx loaded @ http://localhost:5173/src/components/landing/LandingPage.jsx?t=1787452389334:202
[   20285ms] [LOG] [LandingPage] Observer created for: scrolling placeholder id: section-scrolling @ http://localhost:5173/src/components/landing/LandingPage.jsx?t=1787452389334:160
[   20285ms] [LOG] [LandingPage] Observer created for: hook placeholder id: section-hook @ http://localhost:5173/src/components/landing/LandingPage.jsx?t=1787452389334:160
[   20285ms] [LOG] [LandingPage] Observer created for: engines placeholder id: section-engines @ http://localhost:5173/src/components/landing/LandingPage.jsx?t=1787452389334:160
[   20286ms] [LOG] [LandingPage] Observer created for: apps placeholder id: section-apps @ http://localhost:5173/src/components/landing/LandingPage.jsx?t=1787452389334:160
[   20286ms] [LOG] [LandingPage] Observer created for: features placeholder id: section-features @ http://localhost:5173/src/components/landing/LandingPage.jsx?t=1787452389334:160
[   20286ms] [LOG] [LandingPage] Observer created for: problem placeholder id: section-problem @ http://localhost:5173/src/components/landing/LandingPage.jsx?t=1787452389334:160
[   20286ms] [LOG] [LandingPage] Observer created for: workflow placeholder id: section-workflow @ http://localhost:5173/src/components/landing/LandingPage.jsx?t=1787452389334:160
[   20286ms] [LOG] [LandingPage] Observer created for: comparison placeholder id: section-comparison @ http://localhost:5173/src/components/landing/LandingPage.jsx?t=1787452389334:160
[   20286ms] [LOG] [LandingPage] Observer created for: value placeholder id: section-value @ http://localhost:5173/src/components/landing/LandingPage.jsx?t=1787452389334:160
[   20286ms] [LOG] [LandingPage] Observer created for: agency placeholder id: section-agency @ http://localhost:5173/src/components/landing/LandingPage.jsx?t=1787452389334:160
[   20286ms] [LOG] [LandingPage] Observer created for: offer placeholder id: section-offer @ http://localhost:5173/src/components/landing/LandingPage.jsx?t=1787452389334:160
[   20286ms] [LOG] [LandingPage] Observer created for: cta placeholder id: section-cta @ http://localhost:5173/src/components/landing/LandingPage.jsx?t=1787452389334:160
[   20286ms] [LOG] [LandingPage] Observer created for: ai-workflow placeholder id: section-ai-workflow @ http://localhost:5173/src/components/landing/LandingPage.jsx?t=1787452389334:160
[   20286ms] [LOG] [LandingPage] Observer created for: made-with placeholder id: section-made-with @ http://localhost:5173/src/components/landing/LandingPage.jsx?t=1787452389334:160
[   20286ms] [LOG] [LandingPage] Observer created for: ugc placeholder id: section-ugc @ http://localhost:5173/src/components/landing/LandingPage.jsx?t=1787452389334:160
[   20286ms] [LOG] [LandingPage] Observer created for: gallery placeholder id: section-gallery @ http://localhost:5173/src/components/landing/LandingPage.jsx?t=1787452389334:160
[   20286ms] [LOG] [LandingPage] Observer created for: academy placeholder id: section-academy @ http://localhost:5173/src/components/landing/LandingPage.jsx?t=1787452389334:160
[   20286ms] [LOG] [LandingPage] Observer created for: repo-cinema placeholder id: section-repo-cinema @ http://localhost:5173/src/components/landing/LandingPage.jsx?t=1787452389334:160
[   20286ms] [LOG] [LandingPage] Observer created for: repo-commercial placeholder id: section-repo-commercial @ http://localhost:5173/src/components/landing/LandingPage.jsx?t=1787452389334:160
[   20287ms] [LOG] [LandingPage] Observer created for: repo-social-ads placeholder id: section-repo-social-ads @ http://localhost:5173/src/components/landing/LandingPage.jsx?t=1787452389334:160
[   20287ms] [LOG] [LandingPage] Observer created for: repo-narrative placeholder id: section-repo-narrative @ http://localhost:5173/src/components/landing/LandingPage.jsx?t=1787452389334:160
[   20287ms] [LOG] [LandingPage] Observer created for: repo-vertical placeholder id: section-repo-vertical @ http://localhost:5173/src/components/landing/LandingPage.jsx?t=1787452389334:160
[   20287ms] [LOG] [LandingPage] Observer created for: repo-ecommerce placeholder id: section-repo-ecommerce @ http://localhost:5173/src/components/landing/LandingPage.jsx?t=1787452389334:160
[   20287ms] [LOG] [LandingPage] Observer created for: repo-kinetic placeholder id: section-repo-kinetic @ http://localhost:5173/src/components/landing/LandingPage.jsx?t=1787452389334:160
[   20287ms] [LOG] [LandingPage] Observer created for: repo-animated placeholder id: section-repo-animated @ http://localhost:5173/src/components/landing/LandingPage.jsx?t=1787452389334:160
[   20287ms] [LOG] [LandingPage] Observer created for: repo-animation placeholder id: section-repo-animation @ http://localhost:5173/src/components/landing/LandingPage.jsx?t=1787452389334:160
[   20287ms] [LOG] [LandingPage] Observer created for: repo-reference placeholder id: section-repo-reference @ http://localhost:5173/src/components/landing/LandingPage.jsx?t=1787452389334:160
[   20287ms] [LOG] [LandingPage] Observer created for: repo-vfx placeholder id: section-repo-vfx @ http://localhost:5173/src/components/landing/LandingPage.jsx?t=1787452389334:160
[   20287ms] [LOG] [LandingPage] Observer created for: repo-fashion placeholder id: section-repo-fashion @ http://localhost:5173/src/components/landing/LandingPage.jsx?t=1787452389334:160
[   20287ms] [LOG] [LandingPage] Observer created for: repos placeholder id: section-repos @ http://localhost:5173/src/components/landing/LandingPage.jsx?t=1787452389334:160
[   20287ms] [LOG] [LandingPage] Observer created for: gtm-boost placeholder id: section-gtm-boost @ http://localhost:5173/src/components/landing/LandingPage.jsx?t=1787452389334:160
[   20288ms] [LOG] [App] Landing page rendered @ http://localhost:5173/src/main.js?t=1787453030925:88
[   20301ms] [LOG] [LandingPage] IntersectionObserver fired for repo-vfx [Object] @ http://localhost:5173/src/components/landing/LandingPage.jsx?t=1787452389334:119
[   20302ms] [LOG] [LandingPage] Loading section: repo-vfx @ http://localhost:5173/src/components/landing/LandingPage.jsx?t=1787452389334:122
[   20302ms] [LOG] [LandingPage] IntersectionObserver fired for workflow [Object] @ http://localhost:5173/src/components/landing/LandingPage.jsx?t=1787452389334:119
[   20302ms] [LOG] [LandingPage] Loading section: workflow @ http://localhost:5173/src/components/landing/LandingPage.jsx?t=1787452389334:122
[   20302ms] [LOG] [LandingPage] IntersectionObserver fired for gtm-boost [Object] @ http://localhost:5173/src/components/landing/LandingPage.jsx?t=1787452389334:119
[   20302ms] [LOG] [LandingPage] Loading section: gtm-boost @ http://localhost:5173/src/components/landing/LandingPage.jsx?t=1787452389334:122
[   20303ms] [LOG] [LandingPage] IntersectionObserver fired for problem [Object] @ http://localhost:5173/src/components/landing/LandingPage.jsx?t=1787452389334:119
[   20303ms] [LOG] [LandingPage] Loading section: problem @ http://localhost:5173/src/components/landing/LandingPage.jsx?t=1787452389334:122
[   20303ms] [LOG] [LandingPage] IntersectionObserver fired for value [Object] @ http://localhost:5173/src/components/landing/LandingPage.jsx?t=1787452389334:119
[   20303ms] [LOG] [LandingPage] Loading section: value @ http://localhost:5173/src/components/landing/LandingPage.jsx?t=1787452389334:122
[   20303ms] [LOG] [LandingPage] IntersectionObserver fired for offer [Object] @ http://localhost:5173/src/components/landing/LandingPage.jsx?t=1787452389334:119
[   20303ms] [LOG] [LandingPage] Loading section: offer @ http://localhost:5173/src/components/landing/LandingPage.jsx?t=1787452389334:122
[   20303ms] [LOG] [LandingPage] IntersectionObserver fired for repo-reference [Object] @ http://localhost:5173/src/components/landing/LandingPage.jsx?t=1787452389334:119
[   20304ms] [LOG] [LandingPage] Loading section: repo-reference @ http://localhost:5173/src/components/landing/LandingPage.jsx?t=1787452389334:122
[   20304ms] [LOG] [LandingPage] IntersectionObserver fired for made-with [Object] @ http://localhost:5173/src/components/landing/LandingPage.jsx?t=1787452389334:119
[   20304ms] [LOG] [LandingPage] Loading section: made-with @ http://localhost:5173/src/components/landing/LandingPage.jsx?t=1787452389334:122
[   20304ms] [LOG] [LandingPage] IntersectionObserver fired for repo-fashion [Object] @ http://localhost:5173/src/components/landing/LandingPage.jsx?t=1787452389334:119
[   20304ms] [LOG] [LandingPage] Loading section: repo-fashion @ http://localhost:5173/src/components/landing/LandingPage.jsx?t=1787452389334:122
[   20304ms] [LOG] [LandingPage] IntersectionObserver fired for repo-ecommerce [Object] @ http://localhost:5173/src/components/landing/LandingPage.jsx?t=1787452389334:119
[   20304ms] [LOG] [LandingPage] Loading section: repo-ecommerce @ http://localhost:5173/src/components/landing/LandingPage.jsx?t=1787452389334:122
[   20304ms] [LOG] [LandingPage] IntersectionObserver fired for cta [Object] @ http://localhost:5173/src/components/landing/LandingPage.jsx?t=1787452389334:119
[   20304ms] [LOG] [LandingPage] Loading section: cta @ http://localhost:5173/src/components/landing/LandingPage.jsx?t=1787452389334:122
[   20305ms] [LOG] [LandingPage] IntersectionObserver fired for repo-vertical [Object] @ http://localhost:5173/src/components/landing/LandingPage.jsx?t=1787452389334:119
[   20305ms] [LOG] [LandingPage] Loading section: repo-vertical @ http://localhost:5173/src/components/landing/LandingPage.jsx?t=1787452389334:122
[   20305ms] [LOG] [LandingPage] IntersectionObserver fired for agency [Object] @ http://localhost:5173/src/components/landing/LandingPage.jsx?t=1787452389334:119
[   20305ms] [LOG] [LandingPage] Loading section: agency @ http://localhost:5173/src/components/landing/LandingPage.jsx?t=1787452389334:122
[   20305ms] [LOG] [LandingPage] IntersectionObserver fired for features [Object] @ http://localhost:5173/src/components/landing/LandingPage.jsx?t=1787452389334:119
[   20305ms] [LOG] [LandingPage] Loading section: features @ http://localhost:5173/src/components/landing/LandingPage.jsx?t=1787452389334:122
[   20305ms] [LOG] [LandingPage] IntersectionObserver fired for gallery [Object] @ http://localhost:5173/src/components/landing/LandingPage.jsx?t=1787452389334:119
[   20306ms] [LOG] [LandingPage] Loading section: gallery @ http://localhost:5173/src/components/landing/LandingPage.jsx?t=1787452389334:122
[   20306ms] [LOG] [LandingPage] IntersectionObserver fired for apps [Object] @ http://localhost:5173/src/components/landing/LandingPage.jsx?t=1787452389334:119
[   20306ms] [LOG] [LandingPage] Loading section: apps @ http://localhost:5173/src/components/landing/LandingPage.jsx?t=1787452389334:122
[   20306ms] [LOG] [LandingPage] IntersectionObserver fired for repo-social-ads [Object] @ http://localhost:5173/src/components/landing/LandingPage.jsx?t=1787452389334:119
[   20306ms] [LOG] [LandingPage] Loading section: repo-social-ads @ http://localhost:5173/src/components/landing/LandingPage.jsx?t=1787452389334:122
[   20306ms] [LOG] [LandingPage] IntersectionObserver fired for comparison [Object] @ http://localhost:5173/src/components/landing/LandingPage.jsx?t=1787452389334:119
[   20306ms] [LOG] [LandingPage] Loading section: comparison @ http://localhost:5173/src/components/landing/LandingPage.jsx?t=1787452389334:122
[   20307ms] [LOG] [LandingPage] IntersectionObserver fired for engines [Object] @ http://localhost:5173/src/components/landing/LandingPage.jsx?t=1787452389334:119
[   20307ms] [LOG] [LandingPage] Loading section: engines @ http://localhost:5173/src/components/landing/LandingPage.jsx?t=1787452389334:122
[   20307ms] [LOG] [LandingPage] IntersectionObserver fired for ai-workflow [Object] @ http://localhost:5173/src/components/landing/LandingPage.jsx?t=1787452389334:119
[   20307ms] [LOG] [LandingPage] Loading section: ai-workflow @ http://localhost:5173/src/components/landing/LandingPage.jsx?t=1787452389334:122
[   20307ms] [LOG] [LandingPage] IntersectionObserver fired for repo-animated [Object] @ http://localhost:5173/src/components/landing/LandingPage.jsx?t=1787452389334:119
[   20307ms] [LOG] [LandingPage] Loading section: repo-animated @ http://localhost:5173/src/components/landing/LandingPage.jsx?t=1787452389334:122
[   20307ms] [LOG] [LandingPage] IntersectionObserver fired for repo-cinema [Object] @ http://localhost:5173/src/components/landing/LandingPage.jsx?t=1787452389334:119
[   20307ms] [LOG] [LandingPage] Loading section: repo-cinema @ http://localhost:5173/src/components/landing/LandingPage.jsx?t=1787452389334:122
[   20308ms] [LOG] [LandingPage] IntersectionObserver fired for repo-animation [Object] @ http://localhost:5173/src/components/landing/LandingPage.jsx?t=1787452389334:119
[   20308ms] [LOG] [LandingPage] Loading section: repo-animation @ http://localhost:5173/src/components/landing/LandingPage.jsx?t=1787452389334:122
[   20308ms] [LOG] [LandingPage] IntersectionObserver fired for repo-narrative [Object] @ http://localhost:5173/src/components/landing/LandingPage.jsx?t=1787452389334:119
[   20308ms] [LOG] [LandingPage] Loading section: repo-narrative @ http://localhost:5173/src/components/landing/LandingPage.jsx?t=1787452389334:122
[   20308ms] [LOG] [LandingPage] IntersectionObserver fired for ugc [Object] @ http://localhost:5173/src/components/landing/LandingPage.jsx?t=1787452389334:119
[   20308ms] [LOG] [LandingPage] Loading section: ugc @ http://localhost:5173/src/components/landing/LandingPage.jsx?t=1787452389334:122
[   20309ms] [LOG] [LandingPage] IntersectionObserver fired for repo-commercial [Object] @ http://localhost:5173/src/components/landing/LandingPage.jsx?t=1787452389334:119
[   20309ms] [LOG] [LandingPage] Loading section: repo-commercial @ http://localhost:5173/src/components/landing/LandingPage.jsx?t=1787452389334:122
[   20309ms] [LOG] [LandingPage] IntersectionObserver fired for scrolling [Object] @ http://localhost:5173/src/components/landing/LandingPage.jsx?t=1787452389334:119
[   20309ms] [LOG] [LandingPage] Loading section: scrolling @ http://localhost:5173/src/components/landing/LandingPage.jsx?t=1787452389334:122
[   20309ms] [LOG] [LandingPage] IntersectionObserver fired for repos [Object] @ http://localhost:5173/src/components/landing/LandingPage.jsx?t=1787452389334:119
[   20309ms] [LOG] [LandingPage] Loading section: repos @ http://localhost:5173/src/components/landing/LandingPage.jsx?t=1787452389334:122
[   20310ms] [LOG] [LandingPage] IntersectionObserver fired for hook [Object] @ http://localhost:5173/src/components/landing/LandingPage.jsx?t=1787452389334:119
[   20310ms] [LOG] [LandingPage] Loading section: hook @ http://localhost:5173/src/components/landing/LandingPage.jsx?t=1787452389334:122
[   20310ms] [LOG] [LandingPage] IntersectionObserver fired for academy [Object] @ http://localhost:5173/src/components/landing/LandingPage.jsx?t=1787452389334:119
[   20311ms] [LOG] [LandingPage] Loading section: academy @ http://localhost:5173/src/components/landing/LandingPage.jsx?t=1787452389334:122
[   20311ms] [LOG] [LandingPage] IntersectionObserver fired for repo-kinetic [Object] @ http://localhost:5173/src/components/landing/LandingPage.jsx?t=1787452389334:119
[   20311ms] [LOG] [LandingPage] Loading section: repo-kinetic @ http://localhost:5173/src/components/landing/LandingPage.jsx?t=1787452389334:122
[   20635ms] [LOG] [LandingPage] Section loaded: workflow @ http://localhost:5173/src/components/landing/LandingPage.jsx?t=1787452389334:141
[   20639ms] [LOG] [LandingPage] Section loaded: problem @ http://localhost:5173/src/components/landing/LandingPage.jsx?t=1787452389334:141
[   20662ms] [LOG] [LandingPage] Section loaded: value @ http://localhost:5173/src/components/landing/LandingPage.jsx?t=1787452389334:141
[   20664ms] [LOG] [LandingPage] Section loaded: offer @ http://localhost:5173/src/components/landing/LandingPage.jsx?t=1787452389334:141
[   20664ms] [LOG] [LandingPage] Section loaded: cta @ http://localhost:5173/src/components/landing/LandingPage.jsx?t=1787452389334:141
[   20665ms] [LOG] [LandingPage] Section loaded: agency @ http://localhost:5173/src/components/landing/LandingPage.jsx?t=1787452389334:141
[   20704ms] [LOG] [LandingPage] Section loaded: features @ http://localhost:5173/src/components/landing/LandingPage.jsx?t=1787452389334:141
[   20704ms] [LOG] [LandingPage] Section loaded: comparison @ http://localhost:5173/src/components/landing/LandingPage.jsx?t=1787452389334:141
[   20706ms] [LOG] [LandingPage] Section loaded: engines @ http://localhost:5173/src/components/landing/LandingPage.jsx?t=1787452389334:141
[   20713ms] [LOG] [LandingPage] Section loaded: scrolling @ http://localhost:5173/src/components/landing/LandingPage.jsx?t=1787452389334:141
[   20722ms] [LOG] [LandingPage] Section loaded: repos @ http://localhost:5173/src/components/landing/LandingPage.jsx?t=1787452389334:141
[   20834ms] [LOG] [LandingPage] Section loaded: hook @ http://localhost:5173/src/components/landing/LandingPage.jsx?t=1787452389334:141
[   20986ms] [LOG] [LandingPage] Section loaded: ai-workflow @ http://localhost:5173/src/components/landing/LandingPage.jsx?t=1787452389334:141
[   21004ms] [LOG] [LandingPage] Section loaded: made-with @ http://localhost:5173/src/components/landing/LandingPage.jsx?t=1787452389334:141
[   21010ms] [LOG] [LandingPage] Section loaded: repo-animated @ http://localhost:5173/src/components/landing/LandingPage.jsx?t=1787452389334:141
[   21018ms] [LOG] [LandingPage] Section loaded: repo-vfx @ http://localhost:5173/src/components/landing/LandingPage.jsx?t=1787452389334:141
[   21023ms] [LOG] [LandingPage] Section loaded: repo-fashion @ http://localhost:5173/src/components/landing/LandingPage.jsx?t=1787452389334:141
[   21031ms] [LOG] [LandingPage] Section loaded: repo-vertical @ http://localhost:5173/src/components/landing/LandingPage.jsx?t=1787452389334:141
[   21080ms] [LOG] [LandingPage] Section loaded: repo-kinetic @ http://localhost:5173/src/components/landing/LandingPage.jsx?t=1787452389334:141
[   21224ms] [LOG] [LandingPage] Section loaded: repo-ecommerce @ http://localhost:5173/src/components/landing/LandingPage.jsx?t=1787452389334:141
[   21231ms] [LOG] [LandingPage] Section loaded: gallery @ http://localhost:5173/src/components/landing/LandingPage.jsx?t=1787452389334:141
[   21236ms] [LOG] [LandingPage] Section loaded: repo-reference @ http://localhost:5173/src/components/landing/LandingPage.jsx?t=1787452389334:141
[   21242ms] [LOG] [LandingPage] Section loaded: repo-social-ads @ http://localhost:5173/src/components/landing/LandingPage.jsx?t=1787452389334:141
[   21249ms] [LOG] [LandingPage] Section loaded: repo-animation @ http://localhost:5173/src/components/landing/LandingPage.jsx?t=1787452389334:141
[   21257ms] [LOG] [LandingPage] Section loaded: repo-commercial @ http://localhost:5173/src/components/landing/LandingPage.jsx?t=1787452389334:141
[   21260ms] [LOG] [LandingPage] Section loaded: gtm-boost @ http://localhost:5173/src/components/landing/LandingPage.jsx?t=1787452389334:141
[   21262ms] [LOG] [LandingPage] Section loaded: ugc @ http://localhost:5173/src/components/landing/LandingPage.jsx?t=1787452389334:141
[   21268ms] [LOG] [LandingPage] Section loaded: repo-cinema @ http://localhost:5173/src/components/landing/LandingPage.jsx?t=1787452389334:141
[   21277ms] [LOG] [LandingPage] Section loaded: repo-narrative @ http://localhost:5173/src/components/landing/LandingPage.jsx?t=1787452389334:141
[   21478ms] [LOG] [LandingPage] Section loaded: apps @ http://localhost:5173/src/components/landing/LandingPage.jsx?t=1787452389334:141
[   21495ms] [LOG] [LandingPage] Section loaded: academy @ http://localhost:5173/src/components/landing/LandingPage.jsx?t=1787452389334:141
[   21773ms] [INFO] %cDownload the React DevTools for a better development experience: https://react.dev/link/react-devtools font-weight:bold @ http://localhost:5173/node_modules/.vite/deps/chunk-EEAUBQDT.js?v=93c1ec86:20096
[   21786ms] [ERROR] [ModalSystem] mount failed TypeError: Class constructor SortableElement cannot be invoked without 'new'
    at http://localhost:5173/components/modals/RetargetOptInModal.jsx?t=1787452645033:26:22 @ http://localhost:5173/src/main.js?t=1787453030925:329
[   21789ms] [ERROR] [popcorn-init] FAILED at: plugin-image TypeError: Class constructor SortableElement cannot be invoked without 'new'
    at http://localhost:5173/components/modals/RetargetOptInModal.jsx?t=1787452645033:26:22 @ http://localhost:5173/src/lib/popcornInit.js?t=1787452645033:55
[   21905ms] [ERROR] [popcorn-init] FAILED at: plugin-jsonTransition TypeError: Class constructor SortableElement cannot be invoked without 'new'
    at http://localhost:5173/components/modals/RetargetOptInModal.jsx?t=1787452645033:26:22 @ http://localhost:5173/src/lib/popcornInit.js?t=1787452645033:55
[   22309ms] [ERROR] [popcorn-init] FAILED at: plugin-lottie-json TypeError: Class constructor SortableElement cannot be invoked without 'new'
    at http://localhost:5173/components/modals/RetargetOptInModal.jsx?t=1787452645033:26:22 @ http://localhost:5173/src/lib/popcornInit.js?t=1787452645033:55
[   22386ms] [LOG] [popcorn-init] OK: plugin-json-button @ http://localhost:5173/src/lib/popcornInit.js?t=1787452645033:48
[   22391ms] [ERROR] [popcorn-init] FAILED at: plugin-personalizedImage TypeError: Class constructor SortableElement cannot be invoked without 'new'
    at http://localhost:5173/components/modals/RetargetOptInModal.jsx?t=1787452645033:26:22 @ http://localhost:5173/src/lib/popcornInit.js?t=1787452645033:55
[   22398ms] [ERROR] [popcorn-init] FAILED at: plugin-loopPlugin TypeError: Class constructor SortableElement cannot be invoked without 'new'
    at http://localhost:5173/components/modals/RetargetOptInModal.jsx?t=1787452645033:26:22 @ http://localhost:5173/src/lib/popcornInit.js?t=1787452645033:55
[   22490ms] [ERROR] [popcorn-init] FAILED at: plugin-pausePlugin TypeError: Class constructor SortableElement cannot be invoked without 'new'
    at http://localhost:5173/components/modals/RetargetOptInModal.jsx?t=1787452645033:26:22 @ http://localhost:5173/src/lib/popcornInit.js?t=1787452645033:55
[   22504ms] [ERROR] [popcorn-init] FAILED at: plugin-form TypeError: Class constructor SortableElement cannot be invoked without 'new'
    at http://localhost:5173/components/modals/RetargetOptInModal.jsx?t=1787452645033:26:22 @ http://localhost:5173/src/lib/popcornInit.js?t=1787452645033:55
[   22520ms] [ERROR] [popcorn-init] FAILED at: plugin-retarget TypeError: Class constructor SortableElement cannot be invoked without 'new'
    at http://localhost:5173/components/modals/RetargetOptInModal.jsx?t=1787452645033:26:22 @ http://localhost:5173/src/lib/popcornInit.js?t=1787452645033:55
[   22529ms] [LOG] [popcorn-init] OK: plugin-popup @ http://localhost:5173/src/lib/popcornInit.js?t=1787452645033:48
[   22538ms] [ERROR] [popcorn-init] FAILED at: plugin-sequencer TypeError: Class constructor SortableElement cannot be invoked without 'new'
    at http://localhost:5173/components/modals/RetargetOptInModal.jsx?t=1787452645033:26:22 @ http://localhost:5173/src/lib/popcornInit.js?t=1787452645033:55
[   22549ms] [ERROR] [popcorn-init] FAILED at: plugin-skip TypeError: Class constructor SortableElement cannot be invoked without 'new'
    at http://localhost:5173/components/modals/RetargetOptInModal.jsx?t=1787452645033:26:22 @ http://localhost:5173/src/lib/popcornInit.js?t=1787452645033:55
[   22579ms] [ERROR] [popcorn-init] FAILED at: plugin-text TypeError: Class constructor SortableElement cannot be invoked without 'new'
    at http://localhost:5173/components/modals/RetargetOptInModal.jsx?t=1787452645033:26:22 @ http://localhost:5173/src/lib/popcornInit.js?t=1787452645033:55
[   22589ms] [LOG] [popcorn-init] OK: plugin-social @ http://localhost:5173/src/lib/popcornInit.js?t=1787452645033:48
[   22597ms] [ERROR] [popcorn-init] FAILED at: plugin-jsonAnimation TypeError: Class constructor SortableElement cannot be invoked without 'new'
    at http://localhost:5173/components/modals/RetargetOptInModal.jsx?t=1787452645033:26:22 @ http://localhost:5173/src/lib/popcornInit.js?t=1787452645033:55
[   22612ms] [LOG] [popcorn-init] OK: plugin-videoTransition @ http://localhost:5173/src/lib/popcornInit.js?t=1787452645033:48
[   22619ms] [ERROR] [popcorn-init] FAILED at: plugin-seethroughtext TypeError: Class constructor SortableElement cannot be invoked without 'new'
    at http://localhost:5173/components/modals/RetargetOptInModal.jsx?t=1787452645033:26:22 @ http://localhost:5173/src/lib/popcornInit.js?t=1787452645033:55
[   22623ms] [LOG] [popcorn-init] OK: plugin-wikipedia @ http://localhost:5173/src/lib/popcornInit.js?t=1787452645033:48
[   22630ms] [ERROR] [popcorn-init] FAILED at: plugin-combined TypeError: Class constructor SortableElement cannot be invoked without 'new'
    at http://localhost:5173/components/modals/RetargetOptInModal.jsx?t=1787452645033:26:22 @ http://localhost:5173/src/lib/popcornInit.js?t=1787452645033:55
[   22637ms] [ERROR] [popcorn-init] FAILED at: plugin-background TypeError: Class constructor SortableElement cannot be invoked without 'new'
    at http://localhost:5173/components/modals/RetargetOptInModal.jsx?t=1787452645033:26:22 @ http://localhost:5173/src/lib/popcornInit.js?t=1787452645033:55
[   22637ms] [LOG] [popcorn-init] SUMMARY: 5/20 plugins registered; FAILED: plugin-image, plugin-jsonTransition, plugin-lottie-json, plugin-personalizedImage, plugin-loopPlugin, plugin-pausePlugin, plugin-form, plugin-retarget, plugin-sequencer, plugin-skip, plugin-text, plugin-jsonAnimation, plugin-seethroughtext, plugin-combined, plugin-background @ http://localhost:5173/src/lib/popcornInit.js?t=1787452645033:60
[   22637ms] [LOG] [popcorn] function 5 @ http://localhost:5173/src/main.js?t=1787453030925:4
[   23085ms] [LOG] [App] Starting initialization... @ http://localhost:5173/src/main.js?t=1787453030925:19
[   23095ms] [LOG] [popcorn-init] OK: jquery @ http://localhost:5173/src/lib/popcornInit.js?t=1787452645033:41
[   23096ms] [LOG] [popcorn-init] OK: jquery-textfill @ http://localhost:5173/src/lib/popcornInit.js?t=1787452645033:48
[   23098ms] [LOG] [popcorn-init] OK: popcorn-core @ http://localhost:5173/src/lib/popcornInit.js?t=1787452645033:48
[   23099ms] [LOG] [popcorn-init] OK: popcorn-ie8 @ http://localhost:5173/src/lib/popcornInit.js?t=1787452645033:48
[   23101ms] [LOG] [popcorn-init] OK: wrapper-common @ http://localhost:5173/src/lib/popcornInit.js?t=1787452645033:48
[   23102ms] [LOG] [popcorn-init] OK: wrapper-html5 @ http://localhost:5173/src/lib/popcornInit.js?t=1787452645033:48
[   23103ms] [LOG] [popcorn-init] OK: wrapper-vrview @ http://localhost:5173/src/lib/popcornInit.js?t=1787452645033:48
[   23103ms] [LOG] [popcorn-init] OK: wrapper-adaptive @ http://localhost:5173/src/lib/popcornInit.js?t=1787452645033:48
[   23104ms] [LOG] [popcorn-init] OK: wrapper-null @ http://localhost:5173/src/lib/popcornInit.js?t=1787452645033:48
[   23104ms] [LOG] [popcorn-init] OK: wrapper-soundcloud @ http://localhost:5173/src/lib/popcornInit.js?t=1787452645033:48
[   23105ms] [LOG] [popcorn-init] OK: wrapper-vimeo @ http://localhost:5173/src/lib/popcornInit.js?t=1787452645033:48
[   23105ms] [LOG] [popcorn-init] OK: wrapper-youtube @ http://localhost:5173/src/lib/popcornInit.js?t=1787452645033:48
[   23106ms] [LOG] [popcorn-init] OK: wrapper-jwplayer @ http://localhost:5173/src/lib/popcornInit.js?t=1787452645033:48
[   23107ms] [LOG] [popcorn-init] OK: player-module @ http://localhost:5173/src/lib/popcornInit.js?t=1787452645033:48
[   23112ms] [LOG] [LandingPage] Header.jsx loaded @ http://localhost:5173/src/components/landing/LandingPage.jsx?t=1787452389334:176
[   23295ms] [LOG] [LandingPage] CinematicVideoHero.jsx loaded @ http://localhost:5173/src/components/landing/LandingPage.jsx?t=1787452389334:189
[   23572ms] [LOG] [LandingPage] HeroSection.jsx loaded @ http://localhost:5173/src/components/landing/LandingPage.jsx?t=1787452389334:202
[   23572ms] [LOG] [LandingPage] Observer created for: scrolling placeholder id: section-scrolling @ http://localhost:5173/src/components/landing/LandingPage.jsx?t=1787452389334:160
[   23572ms] [LOG] [LandingPage] Observer created for: hook placeholder id: section-hook @ http://localhost:5173/src/components/landing/LandingPage.jsx?t=1787452389334:160
[   23572ms] [LOG] [LandingPage] Observer created for: engines placeholder id: section-engines @ http://localhost:5173/src/components/landing/LandingPage.jsx?t=1787452389334:160
[   23573ms] [LOG] [LandingPage] Observer created for: apps placeholder id: section-apps @ http://localhost:5173/src/components/landing/LandingPage.jsx?t=1787452389334:160
[   23573ms] [LOG] [LandingPage] Observer created for: features placeholder id: section-features @ http://localhost:5173/src/components/landing/LandingPage.jsx?t=1787452389334:160
[   23573ms] [LOG] [LandingPage] Observer created for: problem placeholder id: section-problem @ http://localhost:5173/src/components/landing/LandingPage.jsx?t=1787452389334:160
[   23573ms] [LOG] [LandingPage] Observer created for: workflow placeholder id: section-workflow @ http://localhost:5173/src/components/landing/LandingPage.jsx?t=1787452389334:160
[   23573ms] [LOG] [LandingPage] Observer created for: comparison placeholder id: section-comparison @ http://localhost:5173/src/components/landing/LandingPage.jsx?t=1787452389334:160
[   23573ms] [LOG] [LandingPage] Observer created for: value placeholder id: section-value @ http://localhost:5173/src/components/landing/LandingPage.jsx?t=1787452389334:160
[   23573ms] [LOG] [LandingPage] Observer created for: agency placeholder id: section-agency @ http://localhost:5173/src/components/landing/LandingPage.jsx?t=1787452389334:160
[   23573ms] [LOG] [LandingPage] Observer created for: offer placeholder id: section-offer @ http://localhost:5173/src/components/landing/LandingPage.jsx?t=1787452389334:160
[   23573ms] [LOG] [LandingPage] Observer created for: cta placeholder id: section-cta @ http://localhost:5173/src/components/landing/LandingPage.jsx?t=1787452389334:160
[   23573ms] [LOG] [LandingPage] Observer created for: ai-workflow placeholder id: section-ai-workflow @ http://localhost:5173/src/components/landing/LandingPage.jsx?t=1787452389334:160
[   23573ms] [LOG] [LandingPage] Observer created for: made-with placeholder id: section-made-with @ http://localhost:5173/src/components/landing/LandingPage.jsx?t=1787452389334:160
[   23573ms] [LOG] [LandingPage] Observer created for: ugc placeholder id: section-ugc @ http://localhost:5173/src/components/landing/LandingPage.jsx?t=1787452389334:160
[   23573ms] [LOG] [LandingPage] Observer created for: gallery placeholder id: section-gallery @ http://localhost:5173/src/components/landing/LandingPage.jsx?t=1787452389334:160
[   23573ms] [LOG] [LandingPage] Observer created for: academy placeholder id: section-academy @ http://localhost:5173/src/components/landing/LandingPage.jsx?t=1787452389334:160
[   23573ms] [LOG] [LandingPage] Observer created for: repo-cinema placeholder id: section-repo-cinema @ http://localhost:5173/src/components/landing/LandingPage.jsx?t=1787452389334:160
[   23574ms] [LOG] [LandingPage] Observer created for: repo-commercial placeholder id: section-repo-commercial @ http://localhost:5173/src/components/landing/LandingPage.jsx?t=1787452389334:160
[   23574ms] [LOG] [LandingPage] Observer created for: repo-social-ads placeholder id: section-repo-social-ads @ http://localhost:5173/src/components/landing/LandingPage.jsx?t=1787452389334:160
[   23574ms] [LOG] [LandingPage] Observer created for: repo-narrative placeholder id: section-repo-narrative @ http://localhost:5173/src/components/landing/LandingPage.jsx?t=1787452389334:160
[   23575ms] [LOG] [LandingPage] Observer created for: repo-vertical placeholder id: section-repo-vertical @ http://localhost:5173/src/components/landing/LandingPage.jsx?t=1787452389334:160
[   23575ms] [LOG] [LandingPage] Observer created for: repo-ecommerce placeholder id: section-repo-ecommerce @ http://localhost:5173/src/components/landing/LandingPage.jsx?t=1787452389334:160
[   23575ms] [LOG] [LandingPage] Observer created for: repo-kinetic placeholder id: section-repo-kinetic @ http://localhost:5173/src/components/landing/LandingPage.jsx?t=1787452389334:160
[   23576ms] [LOG] [LandingPage] Observer created for: repo-animated placeholder id: section-repo-animated @ http://localhost:5173/src/components/landing/LandingPage.jsx?t=1787452389334:160
[   23576ms] [LOG] [LandingPage] Observer created for: repo-animation placeholder id: section-repo-animation @ http://localhost:5173/src/components/landing/LandingPage.jsx?t=1787452389334:160
[   23576ms] [LOG] [LandingPage] Observer created for: repo-reference placeholder id: section-repo-reference @ http://localhost:5173/src/components/landing/LandingPage.jsx?t=1787452389334:160
[   23576ms] [LOG] [LandingPage] Observer created for: repo-vfx placeholder id: section-repo-vfx @ http://localhost:5173/src/components/landing/LandingPage.jsx?t=1787452389334:160
[   23576ms] [LOG] [LandingPage] Observer created for: repo-fashion placeholder id: section-repo-fashion @ http://localhost:5173/src/components/landing/LandingPage.jsx?t=1787452389334:160
[   23576ms] [LOG] [LandingPage] Observer created for: repos placeholder id: section-repos @ http://localhost:5173/src/components/landing/LandingPage.jsx?t=1787452389334:160
[   23576ms] [LOG] [LandingPage] Observer created for: gtm-boost placeholder id: section-gtm-boost @ http://localhost:5173/src/components/landing/LandingPage.jsx?t=1787452389334:160
[   23577ms] [LOG] [App] Landing page rendered @ http://localhost:5173/src/main.js?t=1787453030925:88
[   23593ms] [LOG] [LandingPage] IntersectionObserver fired for features [Object] @ http://localhost:5173/src/components/landing/LandingPage.jsx?t=1787452389334:119
[   23593ms] [LOG] [LandingPage] Loading section: features @ http://localhost:5173/src/components/landing/LandingPage.jsx?t=1787452389334:122
[   23593ms] [LOG] [LandingPage] IntersectionObserver fired for offer [Object] @ http://localhost:5173/src/components/landing/LandingPage.jsx?t=1787452389334:119
[   23593ms] [LOG] [LandingPage] Loading section: offer @ http://localhost:5173/src/components/landing/LandingPage.jsx?t=1787452389334:122
[   23594ms] [LOG] [LandingPage] IntersectionObserver fired for hook [Object] @ http://localhost:5173/src/components/landing/LandingPage.jsx?t=1787452389334:119
[   23594ms] [LOG] [LandingPage] Loading section: hook @ http://localhost:5173/src/components/landing/LandingPage.jsx?t=1787452389334:122
[   23595ms] [LOG] [LandingPage] IntersectionObserver fired for repo-commercial [Object] @ http://localhost:5173/src/components/landing/LandingPage.jsx?t=1787452389334:119
[   23595ms] [LOG] [LandingPage] Loading section: repo-commercial @ http://localhost:5173/src/components/landing/LandingPage.jsx?t=1787452389334:122
[   23595ms] [LOG] [LandingPage] IntersectionObserver fired for engines [Object] @ http://localhost:5173/src/components/landing/LandingPage.jsx?t=1787452389334:119
[   23595ms] [LOG] [LandingPage] Loading section: engines @ http://localhost:5173/src/components/landing/LandingPage.jsx?t=1787452389334:122
[   23596ms] [LOG] [LandingPage] IntersectionObserver fired for problem [Object] @ http://localhost:5173/src/components/landing/LandingPage.jsx?t=1787452389334:119
[   23596ms] [LOG] [LandingPage] Loading section: problem @ http://localhost:5173/src/components/landing/LandingPage.jsx?t=1787452389334:122
[   23596ms] [LOG] [LandingPage] IntersectionObserver fired for repo-reference [Object] @ http://localhost:5173/src/components/landing/LandingPage.jsx?t=1787452389334:119
[   23596ms] [LOG] [LandingPage] Loading section: repo-reference @ http://localhost:5173/src/components/landing/LandingPage.jsx?t=1787452389334:122
[   23596ms] [LOG] [LandingPage] IntersectionObserver fired for repo-vertical [Object] @ http://localhost:5173/src/components/landing/LandingPage.jsx?t=1787452389334:119
[   23596ms] [LOG] [LandingPage] Loading section: repo-vertical @ http://localhost:5173/src/components/landing/LandingPage.jsx?t=1787452389334:122
[   23596ms] [LOG] [LandingPage] IntersectionObserver fired for academy [Object] @ http://localhost:5173/src/components/landing/LandingPage.jsx?t=1787452389334:119
[   23596ms] [LOG] [LandingPage] Loading section: academy @ http://localhost:5173/src/components/landing/LandingPage.jsx?t=1787452389334:122
[   23597ms] [LOG] [LandingPage] IntersectionObserver fired for ugc [Object] @ http://localhost:5173/src/components/landing/LandingPage.jsx?t=1787452389334:119
[   23597ms] [LOG] [LandingPage] Loading section: ugc @ http://localhost:5173/src/components/landing/LandingPage.jsx?t=1787452389334:122
[   23597ms] [LOG] [LandingPage] IntersectionObserver fired for gallery [Object] @ http://localhost:5173/src/components/landing/LandingPage.jsx?t=1787452389334:119
[   23597ms] [LOG] [LandingPage] Loading section: gallery @ http://localhost:5173/src/components/landing/LandingPage.jsx?t=1787452389334:122
[   23597ms] [LOG] [LandingPage] IntersectionObserver fired for repo-social-ads [Object] @ http://localhost:5173/src/components/landing/LandingPage.jsx?t=1787452389334:119
[   23597ms] [LOG] [LandingPage] Loading section: repo-social-ads @ http://localhost:5173/src/components/landing/LandingPage.jsx?t=1787452389334:122
[   23597ms] [LOG] [LandingPage] IntersectionObserver fired for comparison [Object] @ http://localhost:5173/src/components/landing/LandingPage.jsx?t=1787452389334:119
[   23598ms] [LOG] [LandingPage] Loading section: comparison @ http://localhost:5173/src/components/landing/LandingPage.jsx?t=1787452389334:122
[   23598ms] [LOG] [LandingPage] IntersectionObserver fired for repo-vfx [Object] @ http://localhost:5173/src/components/landing/LandingPage.jsx?t=1787452389334:119
[   23598ms] [LOG] [LandingPage] Loading section: repo-vfx @ http://localhost:5173/src/components/landing/LandingPage.jsx?t=1787452389334:122
[   23598ms] [LOG] [LandingPage] IntersectionObserver fired for made-with [Object] @ http://localhost:5173/src/components/landing/LandingPage.jsx?t=1787452389334:119
[   23598ms] [LOG] [LandingPage] Loading section: made-with @ http://localhost:5173/src/components/landing/LandingPage.jsx?t=1787452389334:122
[   23598ms] [LOG] [LandingPage] IntersectionObserver fired for repo-animated [Object] @ http://localhost:5173/src/components/landing/LandingPage.jsx?t=1787452389334:119
[   23598ms] [LOG] [LandingPage] Loading section: repo-animated @ http://localhost:5173/src/components/landing/LandingPage.jsx?t=1787452389334:122
[   23598ms] [LOG] [LandingPage] IntersectionObserver fired for repo-kinetic [Object] @ http://localhost:5173/src/components/landing/LandingPage.jsx?t=1787452389334:119
[   23599ms] [LOG] [LandingPage] Loading section: repo-kinetic @ http://localhost:5173/src/components/landing/LandingPage.jsx?t=1787452389334:122
[   23599ms] [LOG] [LandingPage] IntersectionObserver fired for repo-animation [Object] @ http://localhost:5173/src/components/landing/LandingPage.jsx?t=1787452389334:119
[   23599ms] [LOG] [LandingPage] Loading section: repo-animation @ http://localhost:5173/src/components/landing/LandingPage.jsx?t=1787452389334:122
[   23599ms] [LOG] [LandingPage] IntersectionObserver fired for repo-fashion [Object] @ http://localhost:5173/src/components/landing/LandingPage.jsx?t=1787452389334:119
[   23599ms] [LOG] [LandingPage] Loading section: repo-fashion @ http://localhost:5173/src/components/landing/LandingPage.jsx?t=1787452389334:122
[   23599ms] [LOG] [LandingPage] IntersectionObserver fired for ai-workflow [Object] @ http://localhost:5173/src/components/landing/LandingPage.jsx?t=1787452389334:119
[   23599ms] [LOG] [LandingPage] Loading section: ai-workflow @ http://localhost:5173/src/components/landing/LandingPage.jsx?t=1787452389334:122
[   23599ms] [LOG] [LandingPage] IntersectionObserver fired for workflow [Object] @ http://localhost:5173/src/components/landing/LandingPage.jsx?t=1787452389334:119
[   23600ms] [LOG] [LandingPage] Loading section: workflow @ http://localhost:5173/src/components/landing/LandingPage.jsx?t=1787452389334:122
[   23600ms] [LOG] [LandingPage] IntersectionObserver fired for scrolling [Object] @ http://localhost:5173/src/components/landing/LandingPage.jsx?t=1787452389334:119
[   23600ms] [LOG] [LandingPage] Loading section: scrolling @ http://localhost:5173/src/components/landing/LandingPage.jsx?t=1787452389334:122
[   23600ms] [LOG] [LandingPage] IntersectionObserver fired for repo-ecommerce [Object] @ http://localhost:5173/src/components/landing/LandingPage.jsx?t=1787452389334:119
[   23600ms] [LOG] [LandingPage] Loading section: repo-ecommerce @ http://localhost:5173/src/components/landing/LandingPage.jsx?t=1787452389334:122
[   23600ms] [LOG] [LandingPage] IntersectionObserver fired for repos [Object] @ http://localhost:5173/src/components/landing/LandingPage.jsx?t=1787452389334:119
[   23601ms] [LOG] [LandingPage] Loading section: repos @ http://localhost:5173/src/components/landing/LandingPage.jsx?t=1787452389334:122
[   23601ms] [LOG] [LandingPage] IntersectionObserver fired for repo-narrative [Object] @ http://localhost:5173/src/components/landing/LandingPage.jsx?t=1787452389334:119
[   23601ms] [LOG] [LandingPage] Loading section: repo-narrative @ http://localhost:5173/src/components/landing/LandingPage.jsx?t=1787452389334:122
[   23601ms] [LOG] [LandingPage] IntersectionObserver fired for gtm-boost [Object] @ http://localhost:5173/src/components/landing/LandingPage.jsx?t=1787452389334:119
[   23601ms] [LOG] [LandingPage] Loading section: gtm-boost @ http://localhost:5173/src/components/landing/LandingPage.jsx?t=1787452389334:122
[   23601ms] [LOG] [LandingPage] IntersectionObserver fired for apps [Object] @ http://localhost:5173/src/components/landing/LandingPage.jsx?t=1787452389334:119
[   23601ms] [LOG] [LandingPage] Loading section: apps @ http://localhost:5173/src/components/landing/LandingPage.jsx?t=1787452389334:122
[   23602ms] [LOG] [LandingPage] IntersectionObserver fired for agency [Object] @ http://localhost:5173/src/components/landing/LandingPage.jsx?t=1787452389334:119
[   23602ms] [LOG] [LandingPage] Loading section: agency @ http://localhost:5173/src/components/landing/LandingPage.jsx?t=1787452389334:122
[   23602ms] [LOG] [LandingPage] IntersectionObserver fired for value [Object] @ http://localhost:5173/src/components/landing/LandingPage.jsx?t=1787452389334:119
[   23602ms] [LOG] [LandingPage] Loading section: value @ http://localhost:5173/src/components/landing/LandingPage.jsx?t=1787452389334:122
[   23603ms] [LOG] [LandingPage] IntersectionObserver fired for repo-cinema [Object] @ http://localhost:5173/src/components/landing/LandingPage.jsx?t=1787452389334:119
[   23603ms] [LOG] [LandingPage] Loading section: repo-cinema @ http://localhost:5173/src/components/landing/LandingPage.jsx?t=1787452389334:122
[   23603ms] [LOG] [LandingPage] IntersectionObserver fired for cta [Object] @ http://localhost:5173/src/components/landing/LandingPage.jsx?t=1787452389334:119
[   23603ms] [LOG] [LandingPage] Loading section: cta @ http://localhost:5173/src/components/landing/LandingPage.jsx?t=1787452389334:122
[   24169ms] [LOG] [App] Starting initialization... @ http://localhost:5173/src/main.js?t=1787453030925:19
[   24179ms] [LOG] [popcorn-init] OK: jquery @ http://localhost:5173/src/lib/popcornInit.js?t=1787452645033:41
[   24180ms] [LOG] [popcorn-init] OK: jquery-textfill @ http://localhost:5173/src/lib/popcornInit.js?t=1787452645033:48
[   24181ms] [LOG] [popcorn-init] OK: popcorn-core @ http://localhost:5173/src/lib/popcornInit.js?t=1787452645033:48
[   24182ms] [LOG] [popcorn-init] OK: popcorn-ie8 @ http://localhost:5173/src/lib/popcornInit.js?t=1787452645033:48
[   24183ms] [LOG] [popcorn-init] OK: wrapper-common @ http://localhost:5173/src/lib/popcornInit.js?t=1787452645033:48
[   24184ms] [LOG] [popcorn-init] OK: wrapper-html5 @ http://localhost:5173/src/lib/popcornInit.js?t=1787452645033:48
[   24184ms] [LOG] [popcorn-init] OK: wrapper-vrview @ http://localhost:5173/src/lib/popcornInit.js?t=1787452645033:48
[   24184ms] [LOG] [popcorn-init] OK: wrapper-adaptive @ http://localhost:5173/src/lib/popcornInit.js?t=1787452645033:48
[   24185ms] [LOG] [popcorn-init] OK: wrapper-null @ http://localhost:5173/src/lib/popcornInit.js?t=1787452645033:48
[   24185ms] [LOG] [popcorn-init] OK: wrapper-soundcloud @ http://localhost:5173/src/lib/popcornInit.js?t=1787452645033:48
[   24185ms] [LOG] [popcorn-init] OK: wrapper-vimeo @ http://localhost:5173/src/lib/popcornInit.js?t=1787452645033:48
[   24186ms] [LOG] [popcorn-init] OK: wrapper-youtube @ http://localhost:5173/src/lib/popcornInit.js?t=1787452645033:48
[   24186ms] [LOG] [popcorn-init] OK: wrapper-jwplayer @ http://localhost:5173/src/lib/popcornInit.js?t=1787452645033:48
[   24186ms] [LOG] [popcorn-init] OK: player-module @ http://localhost:5173/src/lib/popcornInit.js?t=1787452645033:48
[   24203ms] [LOG] [LandingPage] Header.jsx loaded @ http://localhost:5173/src/components/landing/LandingPage.jsx?t=1787452389334:176
[   24400ms] [LOG] [LandingPage] CinematicVideoHero.jsx loaded @ http://localhost:5173/src/components/landing/LandingPage.jsx?t=1787452389334:189
[   24716ms] [LOG] [LandingPage] HeroSection.jsx loaded @ http://localhost:5173/src/components/landing/LandingPage.jsx?t=1787452389334:202
[   24717ms] [LOG] [LandingPage] Observer created for: scrolling placeholder id: section-scrolling @ http://localhost:5173/src/components/landing/LandingPage.jsx?t=1787452389334:160
[   24717ms] [LOG] [LandingPage] Observer created for: hook placeholder id: section-hook @ http://localhost:5173/src/components/landing/LandingPage.jsx?t=1787452389334:160
[   24717ms] [LOG] [LandingPage] Observer created for: engines placeholder id: section-engines @ http://localhost:5173/src/components/landing/LandingPage.jsx?t=1787452389334:160
[   24717ms] [LOG] [LandingPage] Observer created for: apps placeholder id: section-apps @ http://localhost:5173/src/components/landing/LandingPage.jsx?t=1787452389334:160
[   24717ms] [LOG] [LandingPage] Observer created for: features placeholder id: section-features @ http://localhost:5173/src/components/landing/LandingPage.jsx?t=1787452389334:160
[   24717ms] [LOG] [LandingPage] Observer created for: problem placeholder id: section-problem @ http://localhost:5173/src/components/landing/LandingPage.jsx?t=1787452389334:160
[   24717ms] [LOG] [LandingPage] Observer created for: workflow placeholder id: section-workflow @ http://localhost:5173/src/components/landing/LandingPage.jsx?t=1787452389334:160
[   24717ms] [LOG] [LandingPage] Observer created for: comparison placeholder id: section-comparison @ http://localhost:5173/src/components/landing/LandingPage.jsx?t=1787452389334:160
[   24717ms] [LOG] [LandingPage] Observer created for: value placeholder id: section-value @ http://localhost:5173/src/components/landing/LandingPage.jsx?t=1787452389334:160
[   24717ms] [LOG] [LandingPage] Observer created for: agency placeholder id: section-agency @ http://localhost:5173/src/components/landing/LandingPage.jsx?t=1787452389334:160
[   24717ms] [LOG] [LandingPage] Observer created for: offer placeholder id: section-offer @ http://localhost:5173/src/components/landing/LandingPage.jsx?t=1787452389334:160
[   24718ms] [LOG] [LandingPage] Observer created for: cta placeholder id: section-cta @ http://localhost:5173/src/components/landing/LandingPage.jsx?t=1787452389334:160
[   24718ms] [LOG] [LandingPage] Observer created for: ai-workflow placeholder id: section-ai-workflow @ http://localhost:5173/src/components/landing/LandingPage.jsx?t=1787452389334:160
[   24718ms] [LOG] [LandingPage] Observer created for: made-with placeholder id: section-made-with @ http://localhost:5173/src/components/landing/LandingPage.jsx?t=1787452389334:160
[   24718ms] [LOG] [LandingPage] Observer created for: ugc placeholder id: section-ugc @ http://localhost:5173/src/components/landing/LandingPage.jsx?t=1787452389334:160
[   24718ms] [LOG] [LandingPage] Observer created for: gallery placeholder id: section-gallery @ http://localhost:5173/src/components/landing/LandingPage.jsx?t=1787452389334:160
[   24718ms] [LOG] [LandingPage] Observer created for: academy placeholder id: section-academy @ http://localhost:5173/src/components/landing/LandingPage.jsx?t=1787452389334:160
[   24718ms] [LOG] [LandingPage] Observer created for: repo-cinema placeholder id: section-repo-cinema @ http://localhost:5173/src/components/landing/LandingPage.jsx?t=1787452389334:160
[   24718ms] [LOG] [LandingPage] Observer created for: repo-commercial placeholder id: section-repo-commercial @ http://localhost:5173/src/components/landing/LandingPage.jsx?t=1787452389334:160
[   24718ms] [LOG] [LandingPage] Observer created for: repo-social-ads placeholder id: section-repo-social-ads @ http://localhost:5173/src/components/landing/LandingPage.jsx?t=1787452389334:160
[   24718ms] [LOG] [LandingPage] Observer created for: repo-narrative placeholder id: section-repo-narrative @ http://localhost:5173/src/components/landing/LandingPage.jsx?t=1787452389334:160
[   24718ms] [LOG] [LandingPage] Observer created for: repo-vertical placeholder id: section-repo-vertical @ http://localhost:5173/src/components/landing/LandingPage.jsx?t=1787452389334:160
[   24718ms] [LOG] [LandingPage] Observer created for: repo-ecommerce placeholder id: section-repo-ecommerce @ http://localhost:5173/src/components/landing/LandingPage.jsx?t=1787452389334:160
[   24718ms] [LOG] [LandingPage] Observer created for: repo-kinetic placeholder id: section-repo-kinetic @ http://localhost:5173/src/components/landing/LandingPage.jsx?t=1787452389334:160
[   24718ms] [LOG] [LandingPage] Observer created for: repo-animated placeholder id: section-repo-animated @ http://localhost:5173/src/components/landing/LandingPage.jsx?t=1787452389334:160
[   24718ms] [LOG] [LandingPage] Observer created for: repo-animation placeholder id: section-repo-animation @ http://localhost:5173/src/components/landing/LandingPage.jsx?t=1787452389334:160
[   24718ms] [LOG] [LandingPage] Observer created for: repo-reference placeholder id: section-repo-reference @ http://localhost:5173/src/components/landing/LandingPage.jsx?t=1787452389334:160
[   24718ms] [LOG] [LandingPage] Observer created for: repo-vfx placeholder id: section-repo-vfx @ http://localhost:5173/src/components/landing/LandingPage.jsx?t=1787452389334:160
[   24718ms] [LOG] [LandingPage] Observer created for: repo-fashion placeholder id: section-repo-fashion @ http://localhost:5173/src/components/landing/LandingPage.jsx?t=1787452389334:160
[   24719ms] [LOG] [LandingPage] Observer created for: repos placeholder id: section-repos @ http://localhost:5173/src/components/landing/LandingPage.jsx?t=1787452389334:160
[   24719ms] [LOG] [LandingPage] Observer created for: gtm-boost placeholder id: section-gtm-boost @ http://localhost:5173/src/components/landing/LandingPage.jsx?t=1787452389334:160
[   24719ms] [LOG] [App] Landing page rendered @ http://localhost:5173/src/main.js?t=1787453030925:88
[   24735ms] [LOG] [LandingPage] IntersectionObserver fired for engines [Object] @ http://localhost:5173/src/components/landing/LandingPage.jsx?t=1787452389334:119
[   24735ms] [LOG] [LandingPage] Loading section: engines @ http://localhost:5173/src/components/landing/LandingPage.jsx?t=1787452389334:122
[   24735ms] [LOG] [LandingPage] IntersectionObserver fired for ugc [Object] @ http://localhost:5173/src/components/landing/LandingPage.jsx?t=1787452389334:119
[   24736ms] [LOG] [LandingPage] Loading section: ugc @ http://localhost:5173/src/components/landing/LandingPage.jsx?t=1787452389334:122
[   24736ms] [LOG] [LandingPage] IntersectionObserver fired for cta [Object] @ http://localhost:5173/src/components/landing/LandingPage.jsx?t=1787452389334:119
[   24736ms] [LOG] [LandingPage] Loading section: cta @ http://localhost:5173/src/components/landing/LandingPage.jsx?t=1787452389334:122
[   24736ms] [LOG] [LandingPage] IntersectionObserver fired for gtm-boost [Object] @ http://localhost:5173/src/components/landing/LandingPage.jsx?t=1787452389334:119
[   24736ms] [LOG] [LandingPage] Loading section: gtm-boost @ http://localhost:5173/src/components/landing/LandingPage.jsx?t=1787452389334:122
[   24737ms] [LOG] [LandingPage] IntersectionObserver fired for repo-vertical [Object] @ http://localhost:5173/src/components/landing/LandingPage.jsx?t=1787452389334:119
[   24737ms] [LOG] [LandingPage] Loading section: repo-vertical @ http://localhost:5173/src/components/landing/LandingPage.jsx?t=1787452389334:122
[   24737ms] [LOG] [LandingPage] IntersectionObserver fired for apps [Object] @ http://localhost:5173/src/components/landing/LandingPage.jsx?t=1787452389334:119
[   24737ms] [LOG] [LandingPage] Loading section: apps @ http://localhost:5173/src/components/landing/LandingPage.jsx?t=1787452389334:122
[   24737ms] [LOG] [LandingPage] IntersectionObserver fired for repo-cinema [Object] @ http://localhost:5173/src/components/landing/LandingPage.jsx?t=1787452389334:119
[   24737ms] [LOG] [LandingPage] Loading section: repo-cinema @ http://localhost:5173/src/components/landing/LandingPage.jsx?t=1787452389334:122
[   24738ms] [LOG] [LandingPage] IntersectionObserver fired for repo-narrative [Object] @ http://localhost:5173/src/components/landing/LandingPage.jsx?t=1787452389334:119
[   24738ms] [LOG] [LandingPage] Loading section: repo-narrative @ http://localhost:5173/src/components/landing/LandingPage.jsx?t=1787452389334:122
[   24738ms] [LOG] [LandingPage] IntersectionObserver fired for problem [Object] @ http://localhost:5173/src/components/landing/LandingPage.jsx?t=1787452389334:119
[   24738ms] [LOG] [LandingPage] Loading section: problem @ http://localhost:5173/src/components/landing/LandingPage.jsx?t=1787452389334:122
[   24738ms] [LOG] [LandingPage] IntersectionObserver fired for ai-workflow [Object] @ http://localhost:5173/src/components/landing/LandingPage.jsx?t=1787452389334:119
[   24738ms] [LOG] [LandingPage] Loading section: ai-workflow @ http://localhost:5173/src/components/landing/LandingPage.jsx?t=1787452389334:122
[   24738ms] [LOG] [LandingPage] IntersectionObserver fired for hook [Object] @ http://localhost:5173/src/components/landing/LandingPage.jsx?t=1787452389334:119
[   24739ms] [LOG] [LandingPage] Loading section: hook @ http://localhost:5173/src/components/landing/LandingPage.jsx?t=1787452389334:122
[   24739ms] [LOG] [LandingPage] IntersectionObserver fired for gallery [Object] @ http://localhost:5173/src/components/landing/LandingPage.jsx?t=1787452389334:119
[   24739ms] [LOG] [LandingPage] Loading section: gallery @ http://localhost:5173/src/components/landing/LandingPage.jsx?t=1787452389334:122
[   24739ms] [LOG] [LandingPage] IntersectionObserver fired for repo-ecommerce [Object] @ http://localhost:5173/src/components/landing/LandingPage.jsx?t=1787452389334:119
[   24739ms] [LOG] [LandingPage] Loading section: repo-ecommerce @ http://localhost:5173/src/components/landing/LandingPage.jsx?t=1787452389334:122
[   24739ms] [LOG] [LandingPage] IntersectionObserver fired for agency [Object] @ http://localhost:5173/src/components/landing/LandingPage.jsx?t=1787452389334:119
[   24739ms] [LOG] [LandingPage] Loading section: agency @ http://localhost:5173/src/components/landing/LandingPage.jsx?t=1787452389334:122
[   24739ms] [LOG] [LandingPage] IntersectionObserver fired for value [Object] @ http://localhost:5173/src/components/landing/LandingPage.jsx?t=1787452389334:119
[   24740ms] [LOG] [LandingPage] Loading section: value @ http://localhost:5173/src/components/landing/LandingPage.jsx?t=1787452389334:122
[   24740ms] [LOG] [LandingPage] IntersectionObserver fired for offer [Object] @ http://localhost:5173/src/components/landing/LandingPage.jsx?t=1787452389334:119
[   24740ms] [LOG] [LandingPage] Loading section: offer @ http://localhost:5173/src/components/landing/LandingPage.jsx?t=1787452389334:122
[   24740ms] [LOG] [LandingPage] IntersectionObserver fired for scrolling [Object] @ http://localhost:5173/src/components/landing/LandingPage.jsx?t=1787452389334:119
[   24740ms] [LOG] [LandingPage] Loading section: scrolling @ http://localhost:5173/src/components/landing/LandingPage.jsx?t=1787452389334:122
[   24740ms] [LOG] [LandingPage] IntersectionObserver fired for repo-commercial [Object] @ http://localhost:5173/src/components/landing/LandingPage.jsx?t=1787452389334:119
[   24741ms] [LOG] [LandingPage] Loading section: repo-commercial @ http://localhost:5173/src/components/landing/LandingPage.jsx?t=1787452389334:122
[   24741ms] [LOG] [LandingPage] IntersectionObserver fired for repo-fashion [Object] @ http://localhost:5173/src/components/landing/LandingPage.jsx?t=1787452389334:119
[   24741ms] [LOG] [LandingPage] Loading section: repo-fashion @ http://localhost:5173/src/components/landing/LandingPage.jsx?t=1787452389334:122
[   24741ms] [LOG] [LandingPage] IntersectionObserver fired for made-with [Object] @ http://localhost:5173/src/components/landing/LandingPage.jsx?t=1787452389334:119
[   24741ms] [LOG] [LandingPage] Loading section: made-with @ http://localhost:5173/src/components/landing/LandingPage.jsx?t=1787452389334:122
[   24741ms] [LOG] [LandingPage] IntersectionObserver fired for academy [Object] @ http://localhost:5173/src/components/landing/LandingPage.jsx?t=1787452389334:119
[   24741ms] [LOG] [LandingPage] Loading section: academy @ http://localhost:5173/src/components/landing/LandingPage.jsx?t=1787452389334:122
[   24742ms] [LOG] [LandingPage] IntersectionObserver fired for repo-vfx [Object] @ http://localhost:5173/src/components/landing/LandingPage.jsx?t=1787452389334:119
[   24742ms] [LOG] [LandingPage] Loading section: repo-vfx @ http://localhost:5173/src/components/landing/LandingPage.jsx?t=1787452389334:122
[   24742ms] [LOG] [LandingPage] IntersectionObserver fired for repo-animated [Object] @ http://localhost:5173/src/components/landing/LandingPage.jsx?t=1787452389334:119
[   24742ms] [LOG] [LandingPage] Loading section: repo-animated @ http://localhost:5173/src/components/landing/LandingPage.jsx?t=1787452389334:122
[   24742ms] [LOG] [LandingPage] IntersectionObserver fired for workflow [Object] @ http://localhost:5173/src/components/landing/LandingPage.jsx?t=1787452389334:119
[   24742ms] [LOG] [LandingPage] Loading section: workflow @ http://localhost:5173/src/components/landing/LandingPage.jsx?t=1787452389334:122
[   24742ms] [LOG] [LandingPage] IntersectionObserver fired for repo-social-ads [Object] @ http://localhost:5173/src/components/landing/LandingPage.jsx?t=1787452389334:119
[   24743ms] [LOG] [LandingPage] Loading section: repo-social-ads @ http://localhost:5173/src/components/landing/LandingPage.jsx?t=1787452389334:122
[   24743ms] [LOG] [LandingPage] IntersectionObserver fired for comparison [Object] @ http://localhost:5173/src/components/landing/LandingPage.jsx?t=1787452389334:119
[   24743ms] [LOG] [LandingPage] Loading section: comparison @ http://localhost:5173/src/components/landing/LandingPage.jsx?t=1787452389334:122
[   24743ms] [LOG] [LandingPage] IntersectionObserver fired for repo-animation [Object] @ http://localhost:5173/src/components/landing/LandingPage.jsx?t=1787452389334:119
[   24743ms] [LOG] [LandingPage] Loading section: repo-animation @ http://localhost:5173/src/components/landing/LandingPage.jsx?t=1787452389334:122
[   24743ms] [LOG] [LandingPage] IntersectionObserver fired for repo-reference [Object] @ http://localhost:5173/src/components/landing/LandingPage.jsx?t=1787452389334:119
[   24744ms] [LOG] [LandingPage] Loading section: repo-reference @ http://localhost:5173/src/components/landing/LandingPage.jsx?t=1787452389334:122
[   24744ms] [LOG] [LandingPage] IntersectionObserver fired for repos [Object] @ http://localhost:5173/src/components/landing/LandingPage.jsx?t=1787452389334:119
[   24744ms] [LOG] [LandingPage] Loading section: repos @ http://localhost:5173/src/components/landing/LandingPage.jsx?t=1787452389334:122
[   24744ms] [LOG] [LandingPage] IntersectionObserver fired for features [Object] @ http://localhost:5173/src/components/landing/LandingPage.jsx?t=1787452389334:119
[   24744ms] [LOG] [LandingPage] Loading section: features @ http://localhost:5173/src/components/landing/LandingPage.jsx?t=1787452389334:122
[   24744ms] [LOG] [LandingPage] IntersectionObserver fired for repo-kinetic [Object] @ http://localhost:5173/src/components/landing/LandingPage.jsx?t=1787452389334:119
[   24745ms] [LOG] [LandingPage] Loading section: repo-kinetic @ http://localhost:5173/src/components/landing/LandingPage.jsx?t=1787452389334:122
[   25022ms] [LOG] [LandingPage] Section loaded: engines @ http://localhost:5173/src/components/landing/LandingPage.jsx?t=1787452389334:141
[   25022ms] [LOG] [LandingPage] Section loaded: cta @ http://localhost:5173/src/components/landing/LandingPage.jsx?t=1787452389334:141
[   25054ms] [LOG] [LandingPage] Section loaded: problem @ http://localhost:5173/src/components/landing/LandingPage.jsx?t=1787452389334:141
[   25054ms] [LOG] [LandingPage] Section loaded: hook @ http://localhost:5173/src/components/landing/LandingPage.jsx?t=1787452389334:141
[   25055ms] [LOG] [LandingPage] Section loaded: agency @ http://localhost:5173/src/components/landing/LandingPage.jsx?t=1787452389334:141
[   25057ms] [LOG] [LandingPage] Section loaded: value @ http://localhost:5173/src/components/landing/LandingPage.jsx?t=1787452389334:141
[   25060ms] [LOG] [LandingPage] Section loaded: offer @ http://localhost:5173/src/components/landing/LandingPage.jsx?t=1787452389334:141
[   25065ms] [LOG] [LandingPage] Section loaded: scrolling @ http://localhost:5173/src/components/landing/LandingPage.jsx?t=1787452389334:141
[   25196ms] [LOG] [LandingPage] Section loaded: gallery @ http://localhost:5173/src/components/landing/LandingPage.jsx?t=1787452389334:141
[   25201ms] [LOG] [LandingPage] Section loaded: gtm-boost @ http://localhost:5173/src/components/landing/LandingPage.jsx?t=1787452389334:141
[   25204ms] [LOG] [LandingPage] Section loaded: ugc @ http://localhost:5173/src/components/landing/LandingPage.jsx?t=1787452389334:141
[   25215ms] [LOG] [LandingPage] Section loaded: made-with @ http://localhost:5173/src/components/landing/LandingPage.jsx?t=1787452389334:141
[   25221ms] [LOG] [LandingPage] Section loaded: apps @ http://localhost:5173/src/components/landing/LandingPage.jsx?t=1787452389334:141
[   25222ms] [LOG] [LandingPage] Section loaded: ai-workflow @ http://localhost:5173/src/components/landing/LandingPage.jsx?t=1787452389334:141
[   25228ms] [LOG] [LandingPage] Section loaded: repo-animated @ http://localhost:5173/src/components/landing/LandingPage.jsx?t=1787452389334:141
[   25234ms] [LOG] [LandingPage] Section loaded: repo-commercial @ http://localhost:5173/src/components/landing/LandingPage.jsx?t=1787452389334:141
[   25239ms] [LOG] [LandingPage] Section loaded: repo-vfx @ http://localhost:5173/src/components/landing/LandingPage.jsx?t=1787452389334:141
[   25244ms] [LOG] [LandingPage] Section loaded: repo-kinetic @ http://localhost:5173/src/components/landing/LandingPage.jsx?t=1787452389334:141
[   25262ms] [LOG] [LandingPage] Section loaded: repo-reference @ http://localhost:5173/src/components/landing/LandingPage.jsx?t=1787452389334:141
[   25272ms] [LOG] [LandingPage] Section loaded: repo-cinema @ http://localhost:5173/src/components/landing/LandingPage.jsx?t=1787452389334:141
[   25278ms] [LOG] [LandingPage] Section loaded: repo-ecommerce @ http://localhost:5173/src/components/landing/LandingPage.jsx?t=1787452389334:141
[   25282ms] [LOG] [LandingPage] Section loaded: repo-vertical @ http://localhost:5173/src/components/landing/LandingPage.jsx?t=1787452389334:141
[   25287ms] [LOG] [LandingPage] Section loaded: repo-narrative @ http://localhost:5173/src/components/landing/LandingPage.jsx?t=1787452389334:141
[   25439ms] [LOG] [LandingPage] Section loaded: repo-fashion @ http://localhost:5173/src/components/landing/LandingPage.jsx?t=1787452389334:141
[   25443ms] [LOG] [LandingPage] Section loaded: repo-social-ads @ http://localhost:5173/src/components/landing/LandingPage.jsx?t=1787452389334:141
[   25446ms] [LOG] [LandingPage] Section loaded: repo-animation @ http://localhost:5173/src/components/landing/LandingPage.jsx?t=1787452389334:141
[   25451ms] [LOG] [LandingPage] Section loaded: academy @ http://localhost:5173/src/components/landing/LandingPage.jsx?t=1787452389334:141
[   25452ms] [LOG] [LandingPage] Section loaded: workflow @ http://localhost:5173/src/components/landing/LandingPage.jsx?t=1787452389334:141
[   25539ms] [LOG] [LandingPage] Section loaded: comparison @ http://localhost:5173/src/components/landing/LandingPage.jsx?t=1787452389334:141
[   25540ms] [LOG] [LandingPage] Section loaded: features @ http://localhost:5173/src/components/landing/LandingPage.jsx?t=1787452389334:141
[   25633ms] [LOG] [LandingPage] Section loaded: repos @ http://localhost:5173/src/components/landing/LandingPage.jsx?t=1787452389334:141
[   25682ms] [ERROR] [popcorn-init] FAILED at: plugin-image TypeError: Class constructor SortableElement cannot be invoked without 'new'
    at http://localhost:5173/components/modals/RetargetOptInModal.jsx?t=1787452645033:26:22 @ http://localhost:5173/src/lib/popcornInit.js?t=1787452645033:55
[   25683ms] [INFO] %cDownload the React DevTools for a better development experience: https://react.dev/link/react-devtools font-weight:bold @ http://localhost:5173/node_modules/.vite/deps/chunk-EEAUBQDT.js?v=93c1ec86:20096
[   25684ms] [ERROR] [ModalSystem] mount failed TypeError: Class constructor SortableElement cannot be invoked without 'new'
    at http://localhost:5173/components/modals/RetargetOptInModal.jsx?t=1787452645033:26:22 @ http://localhost:5173/src/main.js?t=1787453030925:329
[   25795ms] [ERROR] [popcorn-init] FAILED at: plugin-jsonTransition TypeError: Class constructor SortableElement cannot be invoked without 'new'
    at http://localhost:5173/components/modals/RetargetOptInModal.jsx?t=1787452645033:26:22 @ http://localhost:5173/src/lib/popcornInit.js?t=1787452645033:55
[   25981ms] [ERROR] [popcorn-init] FAILED at: plugin-lottie-json TypeError: Class constructor SortableElement cannot be invoked without 'new'
    at http://localhost:5173/components/modals/RetargetOptInModal.jsx?t=1787452645033:26:22 @ http://localhost:5173/src/lib/popcornInit.js?t=1787452645033:55
[   26003ms] [LOG] [popcorn-init] OK: plugin-json-button @ http://localhost:5173/src/lib/popcornInit.js?t=1787452645033:48
[   26066ms] [ERROR] [popcorn-init] FAILED at: plugin-personalizedImage TypeError: Class constructor SortableElement cannot be invoked without 'new'
    at http://localhost:5173/components/modals/RetargetOptInModal.jsx?t=1787452645033:26:22 @ http://localhost:5173/src/lib/popcornInit.js?t=1787452645033:55
[   26073ms] [ERROR] [popcorn-init] FAILED at: plugin-loopPlugin TypeError: Class constructor SortableElement cannot be invoked without 'new'
    at http://localhost:5173/components/modals/RetargetOptInModal.jsx?t=1787452645033:26:22 @ http://localhost:5173/src/lib/popcornInit.js?t=1787452645033:55
[   26080ms] [ERROR] [popcorn-init] FAILED at: plugin-pausePlugin TypeError: Class constructor SortableElement cannot be invoked without 'new'
    at http://localhost:5173/components/modals/RetargetOptInModal.jsx?t=1787452645033:26:22 @ http://localhost:5173/src/lib/popcornInit.js?t=1787452645033:55
[   26139ms] [ERROR] [popcorn-init] FAILED at: plugin-form TypeError: Class constructor SortableElement cannot be invoked without 'new'
    at http://localhost:5173/components/modals/RetargetOptInModal.jsx?t=1787452645033:26:22 @ http://localhost:5173/src/lib/popcornInit.js?t=1787452645033:55
[   26152ms] [ERROR] [popcorn-init] FAILED at: plugin-retarget TypeError: Class constructor SortableElement cannot be invoked without 'new'
    at http://localhost:5173/components/modals/RetargetOptInModal.jsx?t=1787452645033:26:22 @ http://localhost:5173/src/lib/popcornInit.js?t=1787452645033:55
[   26173ms] [LOG] [popcorn-init] OK: plugin-popup @ http://localhost:5173/src/lib/popcornInit.js?t=1787452645033:48
[   26180ms] [ERROR] [popcorn-init] FAILED at: plugin-sequencer TypeError: Class constructor SortableElement cannot be invoked without 'new'
    at http://localhost:5173/components/modals/RetargetOptInModal.jsx?t=1787452645033:26:22 @ http://localhost:5173/src/lib/popcornInit.js?t=1787452645033:55
[   26185ms] [ERROR] [popcorn-init] FAILED at: plugin-skip TypeError: Class constructor SortableElement cannot be invoked without 'new'
    at http://localhost:5173/components/modals/RetargetOptInModal.jsx?t=1787452645033:26:22 @ http://localhost:5173/src/lib/popcornInit.js?t=1787452645033:55
[   26207ms] [ERROR] [popcorn-init] FAILED at: plugin-text TypeError: Class constructor SortableElement cannot be invoked without 'new'
    at http://localhost:5173/components/modals/RetargetOptInModal.jsx?t=1787452645033:26:22 @ http://localhost:5173/src/lib/popcornInit.js?t=1787452645033:55
[   26216ms] [LOG] [popcorn-init] OK: plugin-social @ http://localhost:5173/src/lib/popcornInit.js?t=1787452645033:48
[   26248ms] [ERROR] [popcorn-init] FAILED at: plugin-jsonAnimation TypeError: Class constructor SortableElement cannot be invoked without 'new'
    at http://localhost:5173/components/modals/RetargetOptInModal.jsx?t=1787452645033:26:22 @ http://localhost:5173/src/lib/popcornInit.js?t=1787452645033:55
[   26271ms] [LOG] [popcorn-init] OK: plugin-videoTransition @ http://localhost:5173/src/lib/popcornInit.js?t=1787452645033:48
[   26276ms] [ERROR] [popcorn-init] FAILED at: plugin-seethroughtext TypeError: Class constructor SortableElement cannot be invoked without 'new'
    at http://localhost:5173/components/modals/RetargetOptInModal.jsx?t=1787452645033:26:22 @ http://localhost:5173/src/lib/popcornInit.js?t=1787452645033:55
[   26280ms] [LOG] [popcorn-init] OK: plugin-wikipedia @ http://localhost:5173/src/lib/popcornInit.js?t=1787452645033:48
[   26284ms] [ERROR] [popcorn-init] FAILED at: plugin-combined TypeError: Class constructor SortableElement cannot be invoked without 'new'
    at http://localhost:5173/components/modals/RetargetOptInModal.jsx?t=1787452645033:26:22 @ http://localhost:5173/src/lib/popcornInit.js?t=1787452645033:55
[   26289ms] [ERROR] [popcorn-init] FAILED at: plugin-background TypeError: Class constructor SortableElement cannot be invoked without 'new'
    at http://localhost:5173/components/modals/RetargetOptInModal.jsx?t=1787452645033:26:22 @ http://localhost:5173/src/lib/popcornInit.js?t=1787452645033:55
[   26289ms] [LOG] [popcorn-init] SUMMARY: 5/20 plugins registered; FAILED: plugin-image, plugin-jsonTransition, plugin-lottie-json, plugin-personalizedImage, plugin-loopPlugin, plugin-pausePlugin, plugin-form, plugin-retarget, plugin-sequencer, plugin-skip, plugin-text, plugin-jsonAnimation, plugin-seethroughtext, plugin-combined, plugin-background @ http://localhost:5173/src/lib/popcornInit.js?t=1787452645033:60
[   26289ms] [LOG] [popcorn] function 5 @ http://localhost:5173/src/main.js?t=1787453030925:4
[   27761ms] [LOG] [App] Starting initialization... @ http://localhost:5173/src/main.js?t=1787453030925:19
[   27767ms] [LOG] [popcorn-init] OK: jquery @ http://localhost:5173/src/lib/popcornInit.js?t=1787452645033:41
[   27769ms] [LOG] [popcorn-init] OK: jquery-textfill @ http://localhost:5173/src/lib/popcornInit.js?t=1787452645033:48
[   27770ms] [LOG] [popcorn-init] OK: popcorn-core @ http://localhost:5173/src/lib/popcornInit.js?t=1787452645033:48
[   27771ms] [LOG] [popcorn-init] OK: popcorn-ie8 @ http://localhost:5173/src/lib/popcornInit.js?t=1787452645033:48
[   27772ms] [LOG] [popcorn-init] OK: wrapper-common @ http://localhost:5173/src/lib/popcornInit.js?t=1787452645033:48
[   27772ms] [LOG] [popcorn-init] OK: wrapper-html5 @ http://localhost:5173/src/lib/popcornInit.js?t=1787452645033:48
[   27773ms] [LOG] [popcorn-init] OK: wrapper-vrview @ http://localhost:5173/src/lib/popcornInit.js?t=1787452645033:48
[   27773ms] [LOG] [popcorn-init] OK: wrapper-adaptive @ http://localhost:5173/src/lib/popcornInit.js?t=1787452645033:48
[   27773ms] [LOG] [popcorn-init] OK: wrapper-null @ http://localhost:5173/src/lib/popcornInit.js?t=1787452645033:48
[   27774ms] [LOG] [popcorn-init] OK: wrapper-soundcloud @ http://localhost:5173/src/lib/popcornInit.js?t=1787452645033:48
[   27774ms] [LOG] [popcorn-init] OK: wrapper-vimeo @ http://localhost:5173/src/lib/popcornInit.js?t=1787452645033:48
[   27775ms] [LOG] [popcorn-init] OK: wrapper-youtube @ http://localhost:5173/src/lib/popcornInit.js?t=1787452645033:48
[   27775ms] [LOG] [popcorn-init] OK: wrapper-jwplayer @ http://localhost:5173/src/lib/popcornInit.js?t=1787452645033:48
[   27776ms] [LOG] [popcorn-init] OK: player-module @ http://localhost:5173/src/lib/popcornInit.js?t=1787452645033:48
[   27797ms] [LOG] [LandingPage] Header.jsx loaded @ http://localhost:5173/src/components/landing/LandingPage.jsx?t=1787452389334:176
[   28147ms] [LOG] [LandingPage] CinematicVideoHero.jsx loaded @ http://localhost:5173/src/components/landing/LandingPage.jsx?t=1787452389334:189
[   28483ms] [LOG] [App] Starting initialization... @ http://localhost:5173/src/main.js?t=1787453030925:19
[   28490ms] [LOG] [popcorn-init] OK: jquery @ http://localhost:5173/src/lib/popcornInit.js?t=1787452645033:41
[   28491ms] [LOG] [popcorn-init] OK: jquery-textfill @ http://localhost:5173/src/lib/popcornInit.js?t=1787452645033:48
[   28492ms] [LOG] [popcorn-init] OK: popcorn-core @ http://localhost:5173/src/lib/popcornInit.js?t=1787452645033:48
[   28492ms] [LOG] [popcorn-init] OK: popcorn-ie8 @ http://localhost:5173/src/lib/popcornInit.js?t=1787452645033:48
[   28493ms] [LOG] [popcorn-init] OK: wrapper-common @ http://localhost:5173/src/lib/popcornInit.js?t=1787452645033:48
[   28493ms] [LOG] [popcorn-init] OK: wrapper-html5 @ http://localhost:5173/src/lib/popcornInit.js?t=1787452645033:48
[   28493ms] [LOG] [popcorn-init] OK: wrapper-vrview @ http://localhost:5173/src/lib/popcornInit.js?t=1787452645033:48
[   28494ms] [LOG] [popcorn-init] OK: wrapper-adaptive @ http://localhost:5173/src/lib/popcornInit.js?t=1787452645033:48
[   28494ms] [LOG] [popcorn-init] OK: wrapper-null @ http://localhost:5173/src/lib/popcornInit.js?t=1787452645033:48
[   28495ms] [LOG] [popcorn-init] OK: wrapper-soundcloud @ http://localhost:5173/src/lib/popcornInit.js?t=1787452645033:48
[   28495ms] [LOG] [popcorn-init] OK: wrapper-vimeo @ http://localhost:5173/src/lib/popcornInit.js?t=1787452645033:48
[   28495ms] [LOG] [popcorn-init] OK: wrapper-youtube @ http://localhost:5173/src/lib/popcornInit.js?t=1787452645033:48
[   28497ms] [LOG] [popcorn-init] OK: wrapper-jwplayer @ http://localhost:5173/src/lib/popcornInit.js?t=1787452645033:48
[   28497ms] [LOG] [popcorn-init] OK: player-module @ http://localhost:5173/src/lib/popcornInit.js?t=1787452645033:48
[   28528ms] [LOG] [LandingPage] Header.jsx loaded @ http://localhost:5173/src/components/landing/LandingPage.jsx?t=1787452389334:176
[   28687ms] [LOG] [LandingPage] CinematicVideoHero.jsx loaded @ http://localhost:5173/src/components/landing/LandingPage.jsx?t=1787452389334:189
[   29007ms] [LOG] [LandingPage] HeroSection.jsx loaded @ http://localhost:5173/src/components/landing/LandingPage.jsx?t=1787452389334:202
[   29008ms] [LOG] [LandingPage] Observer created for: scrolling placeholder id: section-scrolling @ http://localhost:5173/src/components/landing/LandingPage.jsx?t=1787452389334:160
[   29008ms] [LOG] [LandingPage] Observer created for: hook placeholder id: section-hook @ http://localhost:5173/src/components/landing/LandingPage.jsx?t=1787452389334:160
[   29008ms] [LOG] [LandingPage] Observer created for: engines placeholder id: section-engines @ http://localhost:5173/src/components/landing/LandingPage.jsx?t=1787452389334:160
[   29008ms] [LOG] [LandingPage] Observer created for: apps placeholder id: section-apps @ http://localhost:5173/src/components/landing/LandingPage.jsx?t=1787452389334:160
[   29008ms] [LOG] [LandingPage] Observer created for: features placeholder id: section-features @ http://localhost:5173/src/components/landing/LandingPage.jsx?t=1787452389334:160
[   29008ms] [LOG] [LandingPage] Observer created for: problem placeholder id: section-problem @ http://localhost:5173/src/components/landing/LandingPage.jsx?t=1787452389334:160
[   29008ms] [LOG] [LandingPage] Observer created for: workflow placeholder id: section-workflow @ http://localhost:5173/src/components/landing/LandingPage.jsx?t=1787452389334:160
[   29008ms] [LOG] [LandingPage] Observer created for: comparison placeholder id: section-comparison @ http://localhost:5173/src/components/landing/LandingPage.jsx?t=1787452389334:160
[   29009ms] [LOG] [LandingPage] Observer created for: value placeholder id: section-value @ http://localhost:5173/src/components/landing/LandingPage.jsx?t=1787452389334:160
[   29009ms] [LOG] [LandingPage] Observer created for: agency placeholder id: section-agency @ http://localhost:5173/src/components/landing/LandingPage.jsx?t=1787452389334:160
[   29009ms] [LOG] [LandingPage] Observer created for: offer placeholder id: section-offer @ http://localhost:5173/src/components/landing/LandingPage.jsx?t=1787452389334:160
[   29009ms] [LOG] [LandingPage] Observer created for: cta placeholder id: section-cta @ http://localhost:5173/src/components/landing/LandingPage.jsx?t=1787452389334:160
[   29009ms] [LOG] [LandingPage] Observer created for: ai-workflow placeholder id: section-ai-workflow @ http://localhost:5173/src/components/landing/LandingPage.jsx?t=1787452389334:160
[   29009ms] [LOG] [LandingPage] Observer created for: made-with placeholder id: section-made-with @ http://localhost:5173/src/components/landing/LandingPage.jsx?t=1787452389334:160
[   29009ms] [LOG] [LandingPage] Observer created for: ugc placeholder id: section-ugc @ http://localhost:5173/src/components/landing/LandingPage.jsx?t=1787452389334:160
[   29009ms] [LOG] [LandingPage] Observer created for: gallery placeholder id: section-gallery @ http://localhost:5173/src/components/landing/LandingPage.jsx?t=1787452389334:160
[   29009ms] [LOG] [LandingPage] Observer created for: academy placeholder id: section-academy @ http://localhost:5173/src/components/landing/LandingPage.jsx?t=1787452389334:160
[   29009ms] [LOG] [LandingPage] Observer created for: repo-cinema placeholder id: section-repo-cinema @ http://localhost:5173/src/components/landing/LandingPage.jsx?t=1787452389334:160
[   29009ms] [LOG] [LandingPage] Observer created for: repo-commercial placeholder id: section-repo-commercial @ http://localhost:5173/src/components/landing/LandingPage.jsx?t=1787452389334:160
[   29009ms] [LOG] [LandingPage] Observer created for: repo-social-ads placeholder id: section-repo-social-ads @ http://localhost:5173/src/components/landing/LandingPage.jsx?t=1787452389334:160
[   29009ms] [LOG] [LandingPage] Observer created for: repo-narrative placeholder id: section-repo-narrative @ http://localhost:5173/src/components/landing/LandingPage.jsx?t=1787452389334:160
[   29009ms] [LOG] [LandingPage] Observer created for: repo-vertical placeholder id: section-repo-vertical @ http://localhost:5173/src/components/landing/LandingPage.jsx?t=1787452389334:160
[   29009ms] [LOG] [LandingPage] Observer created for: repo-ecommerce placeholder id: section-repo-ecommerce @ http://localhost:5173/src/components/landing/LandingPage.jsx?t=1787452389334:160
[   29010ms] [LOG] [LandingPage] Observer created for: repo-kinetic placeholder id: section-repo-kinetic @ http://localhost:5173/src/components/landing/LandingPage.jsx?t=1787452389334:160
[   29010ms] [LOG] [LandingPage] Observer created for: repo-animated placeholder id: section-repo-animated @ http://localhost:5173/src/components/landing/LandingPage.jsx?t=1787452389334:160
[   29010ms] [LOG] [LandingPage] Observer created for: repo-animation placeholder id: section-repo-animation @ http://localhost:5173/src/components/landing/LandingPage.jsx?t=1787452389334:160
[   29010ms] [LOG] [LandingPage] Observer created for: repo-reference placeholder id: section-repo-reference @ http://localhost:5173/src/components/landing/LandingPage.jsx?t=1787452389334:160
[   29010ms] [LOG] [LandingPage] Observer created for: repo-vfx placeholder id: section-repo-vfx @ http://localhost:5173/src/components/landing/LandingPage.jsx?t=1787452389334:160
[   29010ms] [LOG] [LandingPage] Observer created for: repo-fashion placeholder id: section-repo-fashion @ http://localhost:5173/src/components/landing/LandingPage.jsx?t=1787452389334:160
[   29010ms] [LOG] [LandingPage] Observer created for: repos placeholder id: section-repos @ http://localhost:5173/src/components/landing/LandingPage.jsx?t=1787452389334:160
[   29010ms] [LOG] [LandingPage] Observer created for: gtm-boost placeholder id: section-gtm-boost @ http://localhost:5173/src/components/landing/LandingPage.jsx?t=1787452389334:160
[   29011ms] [LOG] [App] Landing page rendered @ http://localhost:5173/src/main.js?t=1787453030925:88
[   29030ms] [LOG] [LandingPage] IntersectionObserver fired for agency [Object] @ http://localhost:5173/src/components/landing/LandingPage.jsx?t=1787452389334:119
[   29031ms] [LOG] [LandingPage] Loading section: agency @ http://localhost:5173/src/components/landing/LandingPage.jsx?t=1787452389334:122
[   29031ms] [LOG] [LandingPage] IntersectionObserver fired for ugc [Object] @ http://localhost:5173/src/components/landing/LandingPage.jsx?t=1787452389334:119
[   29031ms] [LOG] [LandingPage] Loading section: ugc @ http://localhost:5173/src/components/landing/LandingPage.jsx?t=1787452389334:122
[   29031ms] [LOG] [LandingPage] IntersectionObserver fired for problem [Object] @ http://localhost:5173/src/components/landing/LandingPage.jsx?t=1787452389334:119
[   29032ms] [LOG] [LandingPage] Loading section: problem @ http://localhost:5173/src/components/landing/LandingPage.jsx?t=1787452389334:122
[   29032ms] [LOG] [LandingPage] IntersectionObserver fired for scrolling [Object] @ http://localhost:5173/src/components/landing/LandingPage.jsx?t=1787452389334:119
[   29032ms] [LOG] [LandingPage] Loading section: scrolling @ http://localhost:5173/src/components/landing/LandingPage.jsx?t=1787452389334:122
[   29033ms] [LOG] [LandingPage] IntersectionObserver fired for engines [Object] @ http://localhost:5173/src/components/landing/LandingPage.jsx?t=1787452389334:119
[   29033ms] [LOG] [LandingPage] Loading section: engines @ http://localhost:5173/src/components/landing/LandingPage.jsx?t=1787452389334:122
[   29034ms] [LOG] [LandingPage] IntersectionObserver fired for value [Object] @ http://localhost:5173/src/components/landing/LandingPage.jsx?t=1787452389334:119
[   29034ms] [LOG] [LandingPage] Loading section: value @ http://localhost:5173/src/components/landing/LandingPage.jsx?t=1787452389334:122
[   29034ms] [LOG] [LandingPage] IntersectionObserver fired for workflow [Object] @ http://localhost:5173/src/components/landing/LandingPage.jsx?t=1787452389334:119
[   29035ms] [LOG] [LandingPage] Loading section: workflow @ http://localhost:5173/src/components/landing/LandingPage.jsx?t=1787452389334:122
[   29035ms] [LOG] [LandingPage] IntersectionObserver fired for ai-workflow [Object] @ http://localhost:5173/src/components/landing/LandingPage.jsx?t=1787452389334:119
[   29035ms] [LOG] [LandingPage] Loading section: ai-workflow @ http://localhost:5173/src/components/landing/LandingPage.jsx?t=1787452389334:122
[   29036ms] [LOG] [LandingPage] IntersectionObserver fired for repo-reference [Object] @ http://localhost:5173/src/components/landing/LandingPage.jsx?t=1787452389334:119
[   29036ms] [LOG] [LandingPage] Loading section: repo-reference @ http://localhost:5173/src/components/landing/LandingPage.jsx?t=1787452389334:122
[   29036ms] [LOG] [LandingPage] IntersectionObserver fired for repo-social-ads [Object] @ http://localhost:5173/src/components/landing/LandingPage.jsx?t=1787452389334:119
[   29036ms] [LOG] [LandingPage] Loading section: repo-social-ads @ http://localhost:5173/src/components/landing/LandingPage.jsx?t=1787452389334:122
[   29036ms] [LOG] [LandingPage] IntersectionObserver fired for repo-commercial [Object] @ http://localhost:5173/src/components/landing/LandingPage.jsx?t=1787452389334:119
[   29036ms] [LOG] [LandingPage] Loading section: repo-commercial @ http://localhost:5173/src/components/landing/LandingPage.jsx?t=1787452389334:122
[   29036ms] [LOG] [LandingPage] IntersectionObserver fired for repo-vfx [Object] @ http://localhost:5173/src/components/landing/LandingPage.jsx?t=1787452389334:119
[   29036ms] [LOG] [LandingPage] Loading section: repo-vfx @ http://localhost:5173/src/components/landing/LandingPage.jsx?t=1787452389334:122
[   29037ms] [LOG] [LandingPage] IntersectionObserver fired for gallery [Object] @ http://localhost:5173/src/components/landing/LandingPage.jsx?t=1787452389334:119
[   29037ms] [LOG] [LandingPage] Loading section: gallery @ http://localhost:5173/src/components/landing/LandingPage.jsx?t=1787452389334:122
[   29037ms] [LOG] [LandingPage] IntersectionObserver fired for repo-fashion [Object] @ http://localhost:5173/src/components/landing/LandingPage.jsx?t=1787452389334:119
[   29037ms] [LOG] [LandingPage] Loading section: repo-fashion @ http://localhost:5173/src/components/landing/LandingPage.jsx?t=1787452389334:122
[   29037ms] [LOG] [LandingPage] IntersectionObserver fired for repo-vertical [Object] @ http://localhost:5173/src/components/landing/LandingPage.jsx?t=1787452389334:119
[   29037ms] [LOG] [LandingPage] Loading section: repo-vertical @ http://localhost:5173/src/components/landing/LandingPage.jsx?t=1787452389334:122
[   29037ms] [LOG] [LandingPage] IntersectionObserver fired for academy [Object] @ http://localhost:5173/src/components/landing/LandingPage.jsx?t=1787452389334:119
[   29037ms] [LOG] [LandingPage] Loading section: academy @ http://localhost:5173/src/components/landing/LandingPage.jsx?t=1787452389334:122
[   29038ms] [LOG] [LandingPage] IntersectionObserver fired for repo-animation [Object] @ http://localhost:5173/src/components/landing/LandingPage.jsx?t=1787452389334:119
[   29038ms] [LOG] [LandingPage] Loading section: repo-animation @ http://localhost:5173/src/components/landing/LandingPage.jsx?t=1787452389334:122
[   29038ms] [LOG] [LandingPage] IntersectionObserver fired for features [Object] @ http://localhost:5173/src/components/landing/LandingPage.jsx?t=1787452389334:119
[   29038ms] [LOG] [LandingPage] Loading section: features @ http://localhost:5173/src/components/landing/LandingPage.jsx?t=1787452389334:122
[   29038ms] [LOG] [LandingPage] IntersectionObserver fired for offer [Object] @ http://localhost:5173/src/components/landing/LandingPage.jsx?t=1787452389334:119
[   29039ms] [LOG] [LandingPage] Loading section: offer @ http://localhost:5173/src/components/landing/LandingPage.jsx?t=1787452389334:122
[   29040ms] [LOG] [LandingPage] IntersectionObserver fired for gtm-boost [Object] @ http://localhost:5173/src/components/landing/LandingPage.jsx?t=1787452389334:119
[   29040ms] [LOG] [LandingPage] Loading section: gtm-boost @ http://localhost:5173/src/components/landing/LandingPage.jsx?t=1787452389334:122
[   29040ms] [LOG] [LandingPage] IntersectionObserver fired for repos [Object] @ http://localhost:5173/src/components/landing/LandingPage.jsx?t=1787452389334:119
[   29042ms] [LOG] [LandingPage] Loading section: repos @ http://localhost:5173/src/components/landing/LandingPage.jsx?t=1787452389334:122
[   29042ms] [LOG] [LandingPage] IntersectionObserver fired for apps [Object] @ http://localhost:5173/src/components/landing/LandingPage.jsx?t=1787452389334:119
[   29043ms] [LOG] [LandingPage] Loading section: apps @ http://localhost:5173/src/components/landing/LandingPage.jsx?t=1787452389334:122
[   29043ms] [LOG] [LandingPage] IntersectionObserver fired for repo-ecommerce [Object] @ http://localhost:5173/src/components/landing/LandingPage.jsx?t=1787452389334:119
[   29044ms] [LOG] [LandingPage] Loading section: repo-ecommerce @ http://localhost:5173/src/components/landing/LandingPage.jsx?t=1787452389334:122
[   29044ms] [LOG] [LandingPage] IntersectionObserver fired for comparison [Object] @ http://localhost:5173/src/components/landing/LandingPage.jsx?t=1787452389334:119
[   29045ms] [LOG] [LandingPage] Loading section: comparison @ http://localhost:5173/src/components/landing/LandingPage.jsx?t=1787452389334:122
[   29045ms] [LOG] [LandingPage] IntersectionObserver fired for cta [Object] @ http://localhost:5173/src/components/landing/LandingPage.jsx?t=1787452389334:119
[   29046ms] [LOG] [LandingPage] Loading section: cta @ http://localhost:5173/src/components/landing/LandingPage.jsx?t=1787452389334:122
[   29046ms] [LOG] [LandingPage] IntersectionObserver fired for repo-cinema [Object] @ http://localhost:5173/src/components/landing/LandingPage.jsx?t=1787452389334:119
[   29047ms] [LOG] [LandingPage] Loading section: repo-cinema @ http://localhost:5173/src/components/landing/LandingPage.jsx?t=1787452389334:122
[   29047ms] [LOG] [LandingPage] IntersectionObserver fired for hook [Object] @ http://localhost:5173/src/components/landing/LandingPage.jsx?t=1787452389334:119
[   29047ms] [LOG] [LandingPage] Loading section: hook @ http://localhost:5173/src/components/landing/LandingPage.jsx?t=1787452389334:122
[   29048ms] [LOG] [LandingPage] IntersectionObserver fired for repo-narrative [Object] @ http://localhost:5173/src/components/landing/LandingPage.jsx?t=1787452389334:119
[   29048ms] [LOG] [LandingPage] Loading section: repo-narrative @ http://localhost:5173/src/components/landing/LandingPage.jsx?t=1787452389334:122
[   29049ms] [LOG] [LandingPage] IntersectionObserver fired for repo-animated [Object] @ http://localhost:5173/src/components/landing/LandingPage.jsx?t=1787452389334:119
[   29049ms] [LOG] [LandingPage] Loading section: repo-animated @ http://localhost:5173/src/components/landing/LandingPage.jsx?t=1787452389334:122
[   29049ms] [LOG] [LandingPage] IntersectionObserver fired for made-with [Object] @ http://localhost:5173/src/components/landing/LandingPage.jsx?t=1787452389334:119
[   29049ms] [LOG] [LandingPage] Loading section: made-with @ http://localhost:5173/src/components/landing/LandingPage.jsx?t=1787452389334:122
[   29050ms] [LOG] [LandingPage] IntersectionObserver fired for repo-kinetic [Object] @ http://localhost:5173/src/components/landing/LandingPage.jsx?t=1787452389334:119
[   29050ms] [LOG] [LandingPage] Loading section: repo-kinetic @ http://localhost:5173/src/components/landing/LandingPage.jsx?t=1787452389334:122
[   29436ms] [LOG] [LandingPage] Section loaded: agency @ http://localhost:5173/src/components/landing/LandingPage.jsx?t=1787452389334:141
[   29446ms] [LOG] [LandingPage] Section loaded: scrolling @ http://localhost:5173/src/components/landing/LandingPage.jsx?t=1787452389334:141
[   29448ms] [LOG] [LandingPage] Section loaded: problem @ http://localhost:5173/src/components/landing/LandingPage.jsx?t=1787452389334:141
[   29585ms] [LOG] [LandingPage] Section loaded: engines @ http://localhost:5173/src/components/landing/LandingPage.jsx?t=1787452389334:141
[   29586ms] [LOG] [LandingPage] Section loaded: value @ http://localhost:5173/src/components/landing/LandingPage.jsx?t=1787452389334:141
[   29587ms] [LOG] [LandingPage] Section loaded: workflow @ http://localhost:5173/src/components/landing/LandingPage.jsx?t=1787452389334:141
[   29587ms] [LOG] [LandingPage] Section loaded: features @ http://localhost:5173/src/components/landing/LandingPage.jsx?t=1787452389334:141
[   29588ms] [LOG] [LandingPage] Section loaded: offer @ http://localhost:5173/src/components/landing/LandingPage.jsx?t=1787452389334:141
[   29589ms] [LOG] [LandingPage] Section loaded: comparison @ http://localhost:5173/src/components/landing/LandingPage.jsx?t=1787452389334:141
[   29589ms] [LOG] [LandingPage] Section loaded: cta @ http://localhost:5173/src/components/landing/LandingPage.jsx?t=1787452389334:141
[   29589ms] [LOG] [LandingPage] Section loaded: hook @ http://localhost:5173/src/components/landing/LandingPage.jsx?t=1787452389334:141
[   29710ms] [LOG] [LandingPage] Section loaded: ugc @ http://localhost:5173/src/components/landing/LandingPage.jsx?t=1787452389334:141
[   29716ms] [LOG] [LandingPage] Section loaded: apps @ http://localhost:5173/src/components/landing/LandingPage.jsx?t=1787452389334:141
[   29838ms] [LOG] [LandingPage] Section loaded: repo-cinema @ http://localhost:5173/src/components/landing/LandingPage.jsx?t=1787452389334:141
[   29886ms] [LOG] [LandingPage] Section loaded: repo-social-ads @ http://localhost:5173/src/components/landing/LandingPage.jsx?t=1787452389334:141
[   29938ms] [LOG] [LandingPage] Section loaded: repo-animation @ http://localhost:5173/src/components/landing/LandingPage.jsx?t=1787452389334:141
[   29963ms] [LOG] [LandingPage] Section loaded: repo-vertical @ http://localhost:5173/src/components/landing/LandingPage.jsx?t=1787452389334:141
[   29984ms] [LOG] [LandingPage] Section loaded: repo-ecommerce @ http://localhost:5173/src/components/landing/LandingPage.jsx?t=1787452389334:141
[   30002ms] [LOG] [LandingPage] Section loaded: repo-narrative @ http://localhost:5173/src/components/landing/LandingPage.jsx?t=1787452389334:141
[   30018ms] [LOG] [LandingPage] Section loaded: repo-fashion @ http://localhost:5173/src/components/landing/LandingPage.jsx?t=1787452389334:141
[   30037ms] [LOG] [LandingPage] Section loaded: repo-kinetic @ http://localhost:5173/src/components/landing/LandingPage.jsx?t=1787452389334:141
[   30105ms] [LOG] [LandingPage] Section loaded: repo-reference @ http://localhost:5173/src/components/landing/LandingPage.jsx?t=1787452389334:141
[   30115ms] [LOG] [LandingPage] Section loaded: repo-commercial @ http://localhost:5173/src/components/landing/LandingPage.jsx?t=1787452389334:141
[   30133ms] [LOG] [LandingPage] Section loaded: repo-vfx @ http://localhost:5173/src/components/landing/LandingPage.jsx?t=1787452389334:141
[   30155ms] [LOG] [LandingPage] Section loaded: repo-animated @ http://localhost:5173/src/components/landing/LandingPage.jsx?t=1787452389334:141
[   30167ms] [LOG] [LandingPage] Section loaded: ai-workflow @ http://localhost:5173/src/components/landing/LandingPage.jsx?t=1787452389334:141
[   30174ms] [LOG] [LandingPage] Section loaded: gallery @ http://localhost:5173/src/components/landing/LandingPage.jsx?t=1787452389334:141
[   30190ms] [LOG] [LandingPage] Section loaded: academy @ http://localhost:5173/src/components/landing/LandingPage.jsx?t=1787452389334:141
[   30197ms] [LOG] [LandingPage] Section loaded: gtm-boost @ http://localhost:5173/src/components/landing/LandingPage.jsx?t=1787452389334:141
[   30199ms] [LOG] [LandingPage] Section loaded: repos @ http://localhost:5173/src/components/landing/LandingPage.jsx?t=1787452389334:141
[   30210ms] [LOG] [LandingPage] Section loaded: made-with @ http://localhost:5173/src/components/landing/LandingPage.jsx?t=1787452389334:141
[   31165ms] [INFO] %cDownload the React DevTools for a better development experience: https://react.dev/link/react-devtools font-weight:bold @ http://localhost:5173/node_modules/.vite/deps/chunk-EEAUBQDT.js?v=93c1ec86:20096
[   31174ms] [ERROR] [ModalSystem] mount failed TypeError: Class constructor SortableElement cannot be invoked without 'new'
    at http://localhost:5173/components/modals/RetargetOptInModal.jsx?t=1787452645033:26:22 @ http://localhost:5173/src/main.js?t=1787453030925:329
[   31175ms] [ERROR] [popcorn-init] FAILED at: plugin-image TypeError: Class constructor SortableElement cannot be invoked without 'new'
    at http://localhost:5173/components/modals/RetargetOptInModal.jsx?t=1787452645033:26:22 @ http://localhost:5173/src/lib/popcornInit.js?t=1787452645033:55
[   31210ms] [ERROR] [popcorn-init] FAILED at: plugin-jsonTransition TypeError: Class constructor SortableElement cannot be invoked without 'new'
    at http://localhost:5173/components/modals/RetargetOptInModal.jsx?t=1787452645033:26:22 @ http://localhost:5173/src/lib/popcornInit.js?t=1787452645033:55
[   31438ms] [ERROR] [popcorn-init] FAILED at: plugin-lottie-json TypeError: Class constructor SortableElement cannot be invoked without 'new'
    at http://localhost:5173/components/modals/RetargetOptInModal.jsx?t=1787452645033:26:22 @ http://localhost:5173/src/lib/popcornInit.js?t=1787452645033:55
[   31504ms] [LOG] [popcorn-init] OK: plugin-json-button @ http://localhost:5173/src/lib/popcornInit.js?t=1787452645033:48
[   31560ms] [ERROR] [popcorn-init] FAILED at: plugin-personalizedImage TypeError: Class constructor SortableElement cannot be invoked without 'new'
    at http://localhost:5173/components/modals/RetargetOptInModal.jsx?t=1787452645033:26:22 @ http://localhost:5173/src/lib/popcornInit.js?t=1787452645033:55
[   31575ms] [ERROR] [popcorn-init] FAILED at: plugin-loopPlugin TypeError: Class constructor SortableElement cannot be invoked without 'new'
    at http://localhost:5173/components/modals/RetargetOptInModal.jsx?t=1787452645033:26:22 @ http://localhost:5173/src/lib/popcornInit.js?t=1787452645033:55
[   31589ms] [ERROR] [popcorn-init] FAILED at: plugin-pausePlugin TypeError: Class constructor SortableElement cannot be invoked without 'new'
    at http://localhost:5173/components/modals/RetargetOptInModal.jsx?t=1787452645033:26:22 @ http://localhost:5173/src/lib/popcornInit.js?t=1787452645033:55
[   31606ms] [ERROR] [popcorn-init] FAILED at: plugin-form TypeError: Class constructor SortableElement cannot be invoked without 'new'
    at http://localhost:5173/components/modals/RetargetOptInModal.jsx?t=1787452645033:26:22 @ http://localhost:5173/src/lib/popcornInit.js?t=1787452645033:55
[   31617ms] [ERROR] [popcorn-init] FAILED at: plugin-retarget TypeError: Class constructor SortableElement cannot be invoked without 'new'
    at http://localhost:5173/components/modals/RetargetOptInModal.jsx?t=1787452645033:26:22 @ http://localhost:5173/src/lib/popcornInit.js?t=1787452645033:55
[   31627ms] [LOG] [popcorn-init] OK: plugin-popup @ http://localhost:5173/src/lib/popcornInit.js?t=1787452645033:48
[   31638ms] [ERROR] [popcorn-init] FAILED at: plugin-sequencer TypeError: Class constructor SortableElement cannot be invoked without 'new'
    at http://localhost:5173/components/modals/RetargetOptInModal.jsx?t=1787452645033:26:22 @ http://localhost:5173/src/lib/popcornInit.js?t=1787452645033:55
[   31646ms] [ERROR] [popcorn-init] FAILED at: plugin-skip TypeError: Class constructor SortableElement cannot be invoked without 'new'
    at http://localhost:5173/components/modals/RetargetOptInModal.jsx?t=1787452645033:26:22 @ http://localhost:5173/src/lib/popcornInit.js?t=1787452645033:55
[   31688ms] [ERROR] [popcorn-init] FAILED at: plugin-text TypeError: Class constructor SortableElement cannot be invoked without 'new'
    at http://localhost:5173/components/modals/RetargetOptInModal.jsx?t=1787452645033:26:22 @ http://localhost:5173/src/lib/popcornInit.js?t=1787452645033:55
[   31700ms] [LOG] [popcorn-init] OK: plugin-social @ http://localhost:5173/src/lib/popcornInit.js?t=1787452645033:48
[   31711ms] [ERROR] [popcorn-init] FAILED at: plugin-jsonAnimation TypeError: Class constructor SortableElement cannot be invoked without 'new'
    at http://localhost:5173/components/modals/RetargetOptInModal.jsx?t=1787452645033:26:22 @ http://localhost:5173/src/lib/popcornInit.js?t=1787452645033:55
[   31727ms] [LOG] [popcorn-init] OK: plugin-videoTransition @ http://localhost:5173/src/lib/popcornInit.js?t=1787452645033:48
[   31732ms] [ERROR] [popcorn-init] FAILED at: plugin-seethroughtext TypeError: Class constructor SortableElement cannot be invoked without 'new'
    at http://localhost:5173/components/modals/RetargetOptInModal.jsx?t=1787452645033:26:22 @ http://localhost:5173/src/lib/popcornInit.js?t=1787452645033:55
[   31737ms] [LOG] [popcorn-init] OK: plugin-wikipedia @ http://localhost:5173/src/lib/popcornInit.js?t=1787452645033:48
[   31744ms] [ERROR] [popcorn-init] FAILED at: plugin-combined TypeError: Class constructor SortableElement cannot be invoked without 'new'
    at http://localhost:5173/components/modals/RetargetOptInModal.jsx?t=1787452645033:26:22 @ http://localhost:5173/src/lib/popcornInit.js?t=1787452645033:55
[   31748ms] [ERROR] [popcorn-init] FAILED at: plugin-background TypeError: Class constructor SortableElement cannot be invoked without 'new'
    at http://localhost:5173/components/modals/RetargetOptInModal.jsx?t=1787452645033:26:22 @ http://localhost:5173/src/lib/popcornInit.js?t=1787452645033:55
[   31749ms] [LOG] [popcorn-init] SUMMARY: 5/20 plugins registered; FAILED: plugin-image, plugin-jsonTransition, plugin-lottie-json, plugin-personalizedImage, plugin-loopPlugin, plugin-pausePlugin, plugin-form, plugin-retarget, plugin-sequencer, plugin-skip, plugin-text, plugin-jsonAnimation, plugin-seethroughtext, plugin-combined, plugin-background @ http://localhost:5173/src/lib/popcornInit.js?t=1787452645033:60
[   31749ms] [LOG] [popcorn] function 5 @ http://localhost:5173/src/main.js?t=1787453030925:4
[   33620ms] [LOG] [App] Starting initialization... @ http://localhost:5173/src/main.js?t=1787453030925:19
[   33626ms] [LOG] [popcorn-init] OK: jquery @ http://localhost:5173/src/lib/popcornInit.js?t=1787452645033:41
[   33626ms] [LOG] [popcorn-init] OK: jquery-textfill @ http://localhost:5173/src/lib/popcornInit.js?t=1787452645033:48
[   33627ms] [LOG] [popcorn-init] OK: popcorn-core @ http://localhost:5173/src/lib/popcornInit.js?t=1787452645033:48
[   33628ms] [LOG] [popcorn-init] OK: popcorn-ie8 @ http://localhost:5173/src/lib/popcornInit.js?t=1787452645033:48
[   33628ms] [LOG] [popcorn-init] OK: wrapper-common @ http://localhost:5173/src/lib/popcornInit.js?t=1787452645033:48
[   33628ms] [LOG] [popcorn-init] OK: wrapper-html5 @ http://localhost:5173/src/lib/popcornInit.js?t=1787452645033:48
[   33629ms] [LOG] [popcorn-init] OK: wrapper-vrview @ http://localhost:5173/src/lib/popcornInit.js?t=1787452645033:48
[   33629ms] [LOG] [popcorn-init] OK: wrapper-adaptive @ http://localhost:5173/src/lib/popcornInit.js?t=1787452645033:48
[   33629ms] [LOG] [popcorn-init] OK: wrapper-null @ http://localhost:5173/src/lib/popcornInit.js?t=1787452645033:48
[   33630ms] [LOG] [popcorn-init] OK: wrapper-soundcloud @ http://localhost:5173/src/lib/popcornInit.js?t=1787452645033:48
[   33631ms] [LOG] [popcorn-init] OK: wrapper-vimeo @ http://localhost:5173/src/lib/popcornInit.js?t=1787452645033:48
[   33631ms] [LOG] [popcorn-init] OK: wrapper-youtube @ http://localhost:5173/src/lib/popcornInit.js?t=1787452645033:48
[   33632ms] [LOG] [popcorn-init] OK: wrapper-jwplayer @ http://localhost:5173/src/lib/popcornInit.js?t=1787452645033:48
[   33633ms] [LOG] [popcorn-init] OK: player-module @ http://localhost:5173/src/lib/popcornInit.js?t=1787452645033:48
[   33635ms] [LOG] [LandingPage] Header.jsx loaded @ http://localhost:5173/src/components/landing/LandingPage.jsx?t=1787452389334:176
[   33651ms] [LOG] [LandingPage] CinematicVideoHero.jsx loaded @ http://localhost:5173/src/components/landing/LandingPage.jsx?t=1787452389334:189
[   33664ms] [LOG] [LandingPage] HeroSection.jsx loaded @ http://localhost:5173/src/components/landing/LandingPage.jsx?t=1787452389334:202
[   33665ms] [LOG] [LandingPage] Observer created for: scrolling placeholder id: section-scrolling @ http://localhost:5173/src/components/landing/LandingPage.jsx?t=1787452389334:160
[   33665ms] [LOG] [LandingPage] Observer created for: hook placeholder id: section-hook @ http://localhost:5173/src/components/landing/LandingPage.jsx?t=1787452389334:160
[   33665ms] [LOG] [LandingPage] Observer created for: engines placeholder id: section-engines @ http://localhost:5173/src/components/landing/LandingPage.jsx?t=1787452389334:160
[   33665ms] [LOG] [LandingPage] Observer created for: apps placeholder id: section-apps @ http://localhost:5173/src/components/landing/LandingPage.jsx?t=1787452389334:160
[   33665ms] [LOG] [LandingPage] Observer created for: features placeholder id: section-features @ http://localhost:5173/src/components/landing/LandingPage.jsx?t=1787452389334:160
[   33665ms] [LOG] [LandingPage] Observer created for: problem placeholder id: section-problem @ http://localhost:5173/src/components/landing/LandingPage.jsx?t=1787452389334:160
[   33665ms] [LOG] [LandingPage] Observer created for: workflow placeholder id: section-workflow @ http://localhost:5173/src/components/landing/LandingPage.jsx?t=1787452389334:160
[   33665ms] [LOG] [LandingPage] Observer created for: comparison placeholder id: section-comparison @ http://localhost:5173/src/components/landing/LandingPage.jsx?t=1787452389334:160
[   33665ms] [LOG] [LandingPage] Observer created for: value placeholder id: section-value @ http://localhost:5173/src/components/landing/LandingPage.jsx?t=1787452389334:160
[   33665ms] [LOG] [LandingPage] Observer created for: agency placeholder id: section-agency @ http://localhost:5173/src/components/landing/LandingPage.jsx?t=1787452389334:160
[   33665ms] [LOG] [LandingPage] Observer created for: offer placeholder id: section-offer @ http://localhost:5173/src/components/landing/LandingPage.jsx?t=1787452389334:160
[   33665ms] [LOG] [LandingPage] Observer created for: cta placeholder id: section-cta @ http://localhost:5173/src/components/landing/LandingPage.jsx?t=1787452389334:160
[   33665ms] [LOG] [LandingPage] Observer created for: ai-workflow placeholder id: section-ai-workflow @ http://localhost:5173/src/components/landing/LandingPage.jsx?t=1787452389334:160
[   33666ms] [LOG] [LandingPage] Observer created for: made-with placeholder id: section-made-with @ http://localhost:5173/src/components/landing/LandingPage.jsx?t=1787452389334:160
[   33666ms] [LOG] [LandingPage] Observer created for: ugc placeholder id: section-ugc @ http://localhost:5173/src/components/landing/LandingPage.jsx?t=1787452389334:160
[   33666ms] [LOG] [LandingPage] Observer created for: gallery placeholder id: section-gallery @ http://localhost:5173/src/components/landing/LandingPage.jsx?t=1787452389334:160
[   33666ms] [LOG] [LandingPage] Observer created for: academy placeholder id: section-academy @ http://localhost:5173/src/components/landing/LandingPage.jsx?t=1787452389334:160
[   33666ms] [LOG] [LandingPage] Observer created for: repo-cinema placeholder id: section-repo-cinema @ http://localhost:5173/src/components/landing/LandingPage.jsx?t=1787452389334:160
[   33666ms] [LOG] [LandingPage] Observer created for: repo-commercial placeholder id: section-repo-commercial @ http://localhost:5173/src/components/landing/LandingPage.jsx?t=1787452389334:160
[   33666ms] [LOG] [LandingPage] Observer created for: repo-social-ads placeholder id: section-repo-social-ads @ http://localhost:5173/src/components/landing/LandingPage.jsx?t=1787452389334:160
[   33666ms] [LOG] [LandingPage] Observer created for: repo-narrative placeholder id: section-repo-narrative @ http://localhost:5173/src/components/landing/LandingPage.jsx?t=1787452389334:160
[   33666ms] [LOG] [LandingPage] Observer created for: repo-vertical placeholder id: section-repo-vertical @ http://localhost:5173/src/components/landing/LandingPage.jsx?t=1787452389334:160
[   33666ms] [LOG] [LandingPage] Observer created for: repo-ecommerce placeholder id: section-repo-ecommerce @ http://localhost:5173/src/components/landing/LandingPage.jsx?t=1787452389334:160
[   33666ms] [LOG] [LandingPage] Observer created for: repo-kinetic placeholder id: section-repo-kinetic @ http://localhost:5173/src/components/landing/LandingPage.jsx?t=1787452389334:160
[   33666ms] [LOG] [LandingPage] Observer created for: repo-animated placeholder id: section-repo-animated @ http://localhost:5173/src/components/landing/LandingPage.jsx?t=1787452389334:160
[   33666ms] [LOG] [LandingPage] Observer created for: repo-animation placeholder id: section-repo-animation @ http://localhost:5173/src/components/landing/LandingPage.jsx?t=1787452389334:160
[   33666ms] [LOG] [LandingPage] Observer created for: repo-reference placeholder id: section-repo-reference @ http://localhost:5173/src/components/landing/LandingPage.jsx?t=1787452389334:160
[   33666ms] [LOG] [LandingPage] Observer created for: repo-vfx placeholder id: section-repo-vfx @ http://localhost:5173/src/components/landing/LandingPage.jsx?t=1787452389334:160
[   33666ms] [LOG] [LandingPage] Observer created for: repo-fashion placeholder id: section-repo-fashion @ http://localhost:5173/src/components/landing/LandingPage.jsx?t=1787452389334:160
[   33666ms] [LOG] [LandingPage] Observer created for: repos placeholder id: section-repos @ http://localhost:5173/src/components/landing/LandingPage.jsx?t=1787452389334:160
[   33666ms] [LOG] [LandingPage] Observer created for: gtm-boost placeholder id: section-gtm-boost @ http://localhost:5173/src/components/landing/LandingPage.jsx?t=1787452389334:160
[   33667ms] [LOG] [App] Landing page rendered @ http://localhost:5173/src/main.js?t=1787453030925:88
[   33679ms] [LOG] [LandingPage] IntersectionObserver fired for repo-reference [Object] @ http://localhost:5173/src/components/landing/LandingPage.jsx?t=1787452389334:119
[   33679ms] [LOG] [LandingPage] Loading section: repo-reference @ http://localhost:5173/src/components/landing/LandingPage.jsx?t=1787452389334:122
[   33679ms] [LOG] [LandingPage] IntersectionObserver fired for engines [Object] @ http://localhost:5173/src/components/landing/LandingPage.jsx?t=1787452389334:119
[   33679ms] [LOG] [LandingPage] Loading section: engines @ http://localhost:5173/src/components/landing/LandingPage.jsx?t=1787452389334:122
[   33679ms] [LOG] [LandingPage] IntersectionObserver fired for repo-vfx [Object] @ http://localhost:5173/src/components/landing/LandingPage.jsx?t=1787452389334:119
[   33680ms] [LOG] [LandingPage] Loading section: repo-vfx @ http://localhost:5173/src/components/landing/LandingPage.jsx?t=1787452389334:122
[   33680ms] [LOG] [LandingPage] IntersectionObserver fired for workflow [Object] @ http://localhost:5173/src/components/landing/LandingPage.jsx?t=1787452389334:119
[   33680ms] [LOG] [LandingPage] Loading section: workflow @ http://localhost:5173/src/components/landing/LandingPage.jsx?t=1787452389334:122
[   33680ms] [LOG] [LandingPage] IntersectionObserver fired for cta [Object] @ http://localhost:5173/src/components/landing/LandingPage.jsx?t=1787452389334:119
[   33680ms] [LOG] [LandingPage] Loading section: cta @ http://localhost:5173/src/components/landing/LandingPage.jsx?t=1787452389334:122
[   33680ms] [LOG] [LandingPage] IntersectionObserver fired for ai-workflow [Object] @ http://localhost:5173/src/components/landing/LandingPage.jsx?t=1787452389334:119
[   33680ms] [LOG] [LandingPage] Loading section: ai-workflow @ http://localhost:5173/src/components/landing/LandingPage.jsx?t=1787452389334:122
[   33680ms] [LOG] [LandingPage] IntersectionObserver fired for gallery [Object] @ http://localhost:5173/src/components/landing/LandingPage.jsx?t=1787452389334:119
[   33681ms] [LOG] [LandingPage] Loading section: gallery @ http://localhost:5173/src/components/landing/LandingPage.jsx?t=1787452389334:122
[   33681ms] [LOG] [LandingPage] IntersectionObserver fired for repo-social-ads [Object] @ http://localhost:5173/src/components/landing/LandingPage.jsx?t=1787452389334:119
[   33681ms] [LOG] [LandingPage] Loading section: repo-social-ads @ http://localhost:5173/src/components/landing/LandingPage.jsx?t=1787452389334:122
[   33681ms] [LOG] [LandingPage] IntersectionObserver fired for repo-animated [Object] @ http://localhost:5173/src/components/landing/LandingPage.jsx?t=1787452389334:119
[   33681ms] [LOG] [LandingPage] Loading section: repo-animated @ http://localhost:5173/src/components/landing/LandingPage.jsx?t=1787452389334:122
[   33681ms] [LOG] [LandingPage] IntersectionObserver fired for repos [Object] @ http://localhost:5173/src/components/landing/LandingPage.jsx?t=1787452389334:119
[   33681ms] [LOG] [LandingPage] Loading section: repos @ http://localhost:5173/src/components/landing/LandingPage.jsx?t=1787452389334:122
[   33681ms] [LOG] [LandingPage] IntersectionObserver fired for agency [Object] @ http://localhost:5173/src/components/landing/LandingPage.jsx?t=1787452389334:119
[   33682ms] [LOG] [LandingPage] Loading section: agency @ http://localhost:5173/src/components/landing/LandingPage.jsx?t=1787452389334:122
[   33682ms] [LOG] [LandingPage] IntersectionObserver fired for repo-narrative [Object] @ http://localhost:5173/src/components/landing/LandingPage.jsx?t=1787452389334:119
[   33682ms] [LOG] [LandingPage] Loading section: repo-narrative @ http://localhost:5173/src/components/landing/LandingPage.jsx?t=1787452389334:122
[   33682ms] [LOG] [LandingPage] IntersectionObserver fired for problem [Object] @ http://localhost:5173/src/components/landing/LandingPage.jsx?t=1787452389334:119
[   33682ms] [LOG] [LandingPage] Loading section: problem @ http://localhost:5173/src/components/landing/LandingPage.jsx?t=1787452389334:122
[   33682ms] [LOG] [LandingPage] IntersectionObserver fired for features [Object] @ http://localhost:5173/src/components/landing/LandingPage.jsx?t=1787452389334:119
[   33682ms] [LOG] [LandingPage] Loading section: features @ http://localhost:5173/src/components/landing/LandingPage.jsx?t=1787452389334:122
[   33683ms] [LOG] [LandingPage] IntersectionObserver fired for scrolling [Object] @ http://localhost:5173/src/components/landing/LandingPage.jsx?t=1787452389334:119
[   33683ms] [LOG] [LandingPage] Loading section: scrolling @ http://localhost:5173/src/components/landing/LandingPage.jsx?t=1787452389334:122
[   33683ms] [LOG] [LandingPage] IntersectionObserver fired for academy [Object] @ http://localhost:5173/src/components/landing/LandingPage.jsx?t=1787452389334:119
[   33683ms] [LOG] [LandingPage] Loading section: academy @ http://localhost:5173/src/components/landing/LandingPage.jsx?t=1787452389334:122
[   33683ms] [LOG] [LandingPage] IntersectionObserver fired for repo-commercial [Object] @ http://localhost:5173/src/components/landing/LandingPage.jsx?t=1787452389334:119
[   33683ms] [LOG] [LandingPage] Loading section: repo-commercial @ http://localhost:5173/src/components/landing/LandingPage.jsx?t=1787452389334:122
[   33683ms] [LOG] [LandingPage] IntersectionObserver fired for apps [Object] @ http://localhost:5173/src/components/landing/LandingPage.jsx?t=1787452389334:119
[   33683ms] [LOG] [LandingPage] Loading section: apps @ http://localhost:5173/src/components/landing/LandingPage.jsx?t=1787452389334:122
[   33684ms] [LOG] [LandingPage] IntersectionObserver fired for repo-cinema [Object] @ http://localhost:5173/src/components/landing/LandingPage.jsx?t=1787452389334:119
[   33684ms] [LOG] [LandingPage] Loading section: repo-cinema @ http://localhost:5173/src/components/landing/LandingPage.jsx?t=1787452389334:122
[   33684ms] [LOG] [LandingPage] IntersectionObserver fired for gtm-boost [Object] @ http://localhost:5173/src/components/landing/LandingPage.jsx?t=1787452389334:119
[   33684ms] [LOG] [LandingPage] Loading section: gtm-boost @ http://localhost:5173/src/components/landing/LandingPage.jsx?t=1787452389334:122
[   33684ms] [LOG] [LandingPage] IntersectionObserver fired for offer [Object] @ http://localhost:5173/src/components/landing/LandingPage.jsx?t=1787452389334:119
[   33684ms] [LOG] [LandingPage] Loading section: offer @ http://localhost:5173/src/components/landing/LandingPage.jsx?t=1787452389334:122
[   33684ms] [LOG] [LandingPage] IntersectionObserver fired for repo-ecommerce [Object] @ http://localhost:5173/src/components/landing/LandingPage.jsx?t=1787452389334:119
[   33684ms] [LOG] [LandingPage] Loading section: repo-ecommerce @ http://localhost:5173/src/components/landing/LandingPage.jsx?t=1787452389334:122
[   33685ms] [LOG] [LandingPage] IntersectionObserver fired for ugc [Object] @ http://localhost:5173/src/components/landing/LandingPage.jsx?t=1787452389334:119
[   33685ms] [LOG] [LandingPage] Loading section: ugc @ http://localhost:5173/src/components/landing/LandingPage.jsx?t=1787452389334:122
[   33685ms] [LOG] [LandingPage] IntersectionObserver fired for repo-vertical [Object] @ http://localhost:5173/src/components/landing/LandingPage.jsx?t=1787452389334:119
[   33685ms] [LOG] [LandingPage] Loading section: repo-vertical @ http://localhost:5173/src/components/landing/LandingPage.jsx?t=1787452389334:122
[   33685ms] [LOG] [LandingPage] IntersectionObserver fired for repo-kinetic [Object] @ http://localhost:5173/src/components/landing/LandingPage.jsx?t=1787452389334:119
[   33685ms] [LOG] [LandingPage] Loading section: repo-kinetic @ http://localhost:5173/src/components/landing/LandingPage.jsx?t=1787452389334:122
[   33685ms] [LOG] [LandingPage] IntersectionObserver fired for made-with [Object] @ http://localhost:5173/src/components/landing/LandingPage.jsx?t=1787452389334:119
[   33685ms] [LOG] [LandingPage] Loading section: made-with @ http://localhost:5173/src/components/landing/LandingPage.jsx?t=1787452389334:122
[   33686ms] [LOG] [LandingPage] IntersectionObserver fired for value [Object] @ http://localhost:5173/src/components/landing/LandingPage.jsx?t=1787452389334:119
[   33686ms] [LOG] [LandingPage] Loading section: value @ http://localhost:5173/src/components/landing/LandingPage.jsx?t=1787452389334:122
[   33686ms] [LOG] [LandingPage] IntersectionObserver fired for hook [Object] @ http://localhost:5173/src/components/landing/LandingPage.jsx?t=1787452389334:119
[   33686ms] [LOG] [LandingPage] Loading section: hook @ http://localhost:5173/src/components/landing/LandingPage.jsx?t=1787452389334:122
[   33686ms] [LOG] [LandingPage] IntersectionObserver fired for repo-fashion [Object] @ http://localhost:5173/src/components/landing/LandingPage.jsx?t=1787452389334:119
[   33686ms] [LOG] [LandingPage] Loading section: repo-fashion @ http://localhost:5173/src/components/landing/LandingPage.jsx?t=1787452389334:122
[   33686ms] [LOG] [LandingPage] IntersectionObserver fired for repo-animation [Object] @ http://localhost:5173/src/components/landing/LandingPage.jsx?t=1787452389334:119
[   33686ms] [LOG] [LandingPage] Loading section: repo-animation @ http://localhost:5173/src/components/landing/LandingPage.jsx?t=1787452389334:122
[   33686ms] [LOG] [LandingPage] IntersectionObserver fired for comparison [Object] @ http://localhost:5173/src/components/landing/LandingPage.jsx?t=1787452389334:119
[   33687ms] [LOG] [LandingPage] Loading section: comparison @ http://localhost:5173/src/components/landing/LandingPage.jsx?t=1787452389334:122
[   33702ms] [LOG] [LandingPage] Section loaded: workflow @ http://localhost:5173/src/components/landing/LandingPage.jsx?t=1787452389334:141
[   33704ms] [LOG] [LandingPage] Section loaded: engines @ http://localhost:5173/src/components/landing/LandingPage.jsx?t=1787452389334:141
[   33713ms] [LOG] [LandingPage] Section loaded: cta @ http://localhost:5173/src/components/landing/LandingPage.jsx?t=1787452389334:141
[   33716ms] [LOG] [LandingPage] Section loaded: agency @ http://localhost:5173/src/components/landing/LandingPage.jsx?t=1787452389334:141
[   33718ms] [LOG] [LandingPage] Section loaded: repos @ http://localhost:5173/src/components/landing/LandingPage.jsx?t=1787452389334:141
[   33718ms] [LOG] [LandingPage] Section loaded: problem @ http://localhost:5173/src/components/landing/LandingPage.jsx?t=1787452389334:141
[   33719ms] [LOG] [LandingPage] Section loaded: features @ http://localhost:5173/src/components/landing/LandingPage.jsx?t=1787452389334:141
[   33729ms] [LOG] [LandingPage] Section loaded: scrolling @ http://localhost:5173/src/components/landing/LandingPage.jsx?t=1787452389334:141
[   33737ms] [LOG] [LandingPage] Section loaded: offer @ http://localhost:5173/src/components/landing/LandingPage.jsx?t=1787452389334:141
[   33739ms] [LOG] [LandingPage] Section loaded: value @ http://localhost:5173/src/components/landing/LandingPage.jsx?t=1787452389334:141
[   33742ms] [LOG] [LandingPage] Section loaded: hook @ http://localhost:5173/src/components/landing/LandingPage.jsx?t=1787452389334:141
[   33743ms] [LOG] [LandingPage] Section loaded: comparison @ http://localhost:5173/src/components/landing/LandingPage.jsx?t=1787452389334:141
[   33952ms] [LOG] [LandingPage] Section loaded: gtm-boost @ http://localhost:5173/src/components/landing/LandingPage.jsx?t=1787452389334:141
[   33954ms] [LOG] [LandingPage] Section loaded: ugc @ http://localhost:5173/src/components/landing/LandingPage.jsx?t=1787452389334:141
[   33971ms] [LOG] [LandingPage] Section loaded: made-with @ http://localhost:5173/src/components/landing/LandingPage.jsx?t=1787452389334:141
[   33988ms] [LOG] [LandingPage] Section loaded: gallery @ http://localhost:5173/src/components/landing/LandingPage.jsx?t=1787452389334:141
[   33991ms] [LOG] [LandingPage] Section loaded: ai-workflow @ http://localhost:5173/src/components/landing/LandingPage.jsx?t=1787452389334:141
[   34002ms] [LOG] [LandingPage] Section loaded: repo-fashion @ http://localhost:5173/src/components/landing/LandingPage.jsx?t=1787452389334:141
[   34020ms] [LOG] [LandingPage] Section loaded: repo-commercial @ http://localhost:5173/src/components/landing/LandingPage.jsx?t=1787452389334:141
[   34042ms] [LOG] [LandingPage] Section loaded: repo-social-ads @ http://localhost:5173/src/components/landing/LandingPage.jsx?t=1787452389334:141
[   34050ms] [LOG] [LandingPage] Section loaded: repo-animation @ http://localhost:5173/src/components/landing/LandingPage.jsx?t=1787452389334:141
[   34431ms] [LOG] [App] Starting initialization... @ http://localhost:5173/src/main.js?t=1787453030925:19
[   34472ms] [LOG] [popcorn-init] OK: jquery @ http://localhost:5173/src/lib/popcornInit.js?t=1787452645033:41
[   34481ms] [LOG] [popcorn-init] OK: jquery-textfill @ http://localhost:5173/src/lib/popcornInit.js?t=1787452645033:48
[   34489ms] [LOG] [popcorn-init] OK: popcorn-core @ http://localhost:5173/src/lib/popcornInit.js?t=1787452645033:48
[   34496ms] [LOG] [popcorn-init] OK: popcorn-ie8 @ http://localhost:5173/src/lib/popcornInit.js?t=1787452645033:48
[   34509ms] [LOG] [popcorn-init] OK: wrapper-common @ http://localhost:5173/src/lib/popcornInit.js?t=1787452645033:48
[   34516ms] [LOG] [popcorn-init] OK: wrapper-html5 @ http://localhost:5173/src/lib/popcornInit.js?t=1787452645033:48
[   34536ms] [LOG] [popcorn-init] OK: wrapper-vrview @ http://localhost:5173/src/lib/popcornInit.js?t=1787452645033:48
[   34568ms] [LOG] [popcorn-init] OK: wrapper-adaptive @ http://localhost:5173/src/lib/popcornInit.js?t=1787452645033:48
[   34588ms] [LOG] [popcorn-init] OK: wrapper-null @ http://localhost:5173/src/lib/popcornInit.js?t=1787452645033:48
[   34614ms] [LOG] [LandingPage] Header.jsx loaded @ http://localhost:5173/src/components/landing/LandingPage.jsx?t=1787452389334:176
[   34636ms] [LOG] [popcorn-init] OK: wrapper-soundcloud @ http://localhost:5173/src/lib/popcornInit.js?t=1787452645033:48
[   34671ms] [LOG] [popcorn-init] OK: wrapper-vimeo @ http://localhost:5173/src/lib/popcornInit.js?t=1787452645033:48
[   34729ms] [LOG] [popcorn-init] OK: wrapper-youtube @ http://localhost:5173/src/lib/popcornInit.js?t=1787452645033:48
[   34760ms] [LOG] [popcorn-init] OK: wrapper-jwplayer @ http://localhost:5173/src/lib/popcornInit.js?t=1787452645033:48
[   34777ms] [LOG] [popcorn-init] OK: player-module @ http://localhost:5173/src/lib/popcornInit.js?t=1787452645033:48
[   35020ms] [LOG] [LandingPage] CinematicVideoHero.jsx loaded @ http://localhost:5173/src/components/landing/LandingPage.jsx?t=1787452389334:189
[   35459ms] [LOG] [LandingPage] HeroSection.jsx loaded @ http://localhost:5173/src/components/landing/LandingPage.jsx?t=1787452389334:202
[   35460ms] [LOG] [LandingPage] Observer created for: scrolling placeholder id: section-scrolling @ http://localhost:5173/src/components/landing/LandingPage.jsx?t=1787452389334:160
[   35460ms] [LOG] [LandingPage] Observer created for: hook placeholder id: section-hook @ http://localhost:5173/src/components/landing/LandingPage.jsx?t=1787452389334:160
[   35460ms] [LOG] [LandingPage] Observer created for: engines placeholder id: section-engines @ http://localhost:5173/src/components/landing/LandingPage.jsx?t=1787452389334:160
[   35460ms] [LOG] [LandingPage] Observer created for: apps placeholder id: section-apps @ http://localhost:5173/src/components/landing/LandingPage.jsx?t=1787452389334:160
[   35460ms] [LOG] [LandingPage] Observer created for: features placeholder id: section-features @ http://localhost:5173/src/components/landing/LandingPage.jsx?t=1787452389334:160
[   35460ms] [LOG] [LandingPage] Observer created for: problem placeholder id: section-problem @ http://localhost:5173/src/components/landing/LandingPage.jsx?t=1787452389334:160
[   35460ms] [LOG] [LandingPage] Observer created for: workflow placeholder id: section-workflow @ http://localhost:5173/src/components/landing/LandingPage.jsx?t=1787452389334:160
[   35460ms] [LOG] [LandingPage] Observer created for: comparison placeholder id: section-comparison @ http://localhost:5173/src/components/landing/LandingPage.jsx?t=1787452389334:160
[   35460ms] [LOG] [LandingPage] Observer created for: value placeholder id: section-value @ http://localhost:5173/src/components/landing/LandingPage.jsx?t=1787452389334:160
[   35460ms] [LOG] [LandingPage] Observer created for: agency placeholder id: section-agency @ http://localhost:5173/src/components/landing/LandingPage.jsx?t=1787452389334:160
[   35460ms] [LOG] [LandingPage] Observer created for: offer placeholder id: section-offer @ http://localhost:5173/src/components/landing/LandingPage.jsx?t=1787452389334:160
[   35460ms] [LOG] [LandingPage] Observer created for: cta placeholder id: section-cta @ http://localhost:5173/src/components/landing/LandingPage.jsx?t=1787452389334:160
[   35460ms] [LOG] [LandingPage] Observer created for: ai-workflow placeholder id: section-ai-workflow @ http://localhost:5173/src/components/landing/LandingPage.jsx?t=1787452389334:160
[   35460ms] [LOG] [LandingPage] Observer created for: made-with placeholder id: section-made-with @ http://localhost:5173/src/components/landing/LandingPage.jsx?t=1787452389334:160
[   35461ms] [LOG] [LandingPage] Observer created for: ugc placeholder id: section-ugc @ http://localhost:5173/src/components/landing/LandingPage.jsx?t=1787452389334:160
[   35461ms] [LOG] [LandingPage] Observer created for: gallery placeholder id: section-gallery @ http://localhost:5173/src/components/landing/LandingPage.jsx?t=1787452389334:160
[   35461ms] [LOG] [LandingPage] Observer created for: academy placeholder id: section-academy @ http://localhost:5173/src/components/landing/LandingPage.jsx?t=1787452389334:160
[   35461ms] [LOG] [LandingPage] Observer created for: repo-cinema placeholder id: section-repo-cinema @ http://localhost:5173/src/components/landing/LandingPage.jsx?t=1787452389334:160
[   35461ms] [LOG] [LandingPage] Observer created for: repo-commercial placeholder id: section-repo-commercial @ http://localhost:5173/src/components/landing/LandingPage.jsx?t=1787452389334:160
[   35461ms] [LOG] [LandingPage] Observer created for: repo-social-ads placeholder id: section-repo-social-ads @ http://localhost:5173/src/components/landing/LandingPage.jsx?t=1787452389334:160
[   35461ms] [LOG] [LandingPage] Observer created for: repo-narrative placeholder id: section-repo-narrative @ http://localhost:5173/src/components/landing/LandingPage.jsx?t=1787452389334:160
[   35461ms] [LOG] [LandingPage] Observer created for: repo-vertical placeholder id: section-repo-vertical @ http://localhost:5173/src/components/landing/LandingPage.jsx?t=1787452389334:160
[   35461ms] [LOG] [LandingPage] Observer created for: repo-ecommerce placeholder id: section-repo-ecommerce @ http://localhost:5173/src/components/landing/LandingPage.jsx?t=1787452389334:160
[   35461ms] [LOG] [LandingPage] Observer created for: repo-kinetic placeholder id: section-repo-kinetic @ http://localhost:5173/src/components/landing/LandingPage.jsx?t=1787452389334:160
[   35461ms] [LOG] [LandingPage] Observer created for: repo-animated placeholder id: section-repo-animated @ http://localhost:5173/src/components/landing/LandingPage.jsx?t=1787452389334:160
[   35461ms] [LOG] [LandingPage] Observer created for: repo-animation placeholder id: section-repo-animation @ http://localhost:5173/src/components/landing/LandingPage.jsx?t=1787452389334:160
[   35461ms] [LOG] [LandingPage] Observer created for: repo-reference placeholder id: section-repo-reference @ http://localhost:5173/src/components/landing/LandingPage.jsx?t=1787452389334:160
[   35461ms] [LOG] [LandingPage] Observer created for: repo-vfx placeholder id: section-repo-vfx @ http://localhost:5173/src/components/landing/LandingPage.jsx?t=1787452389334:160
[   35461ms] [LOG] [LandingPage] Observer created for: repo-fashion placeholder id: section-repo-fashion @ http://localhost:5173/src/components/landing/LandingPage.jsx?t=1787452389334:160
[   35461ms] [LOG] [LandingPage] Observer created for: repos placeholder id: section-repos @ http://localhost:5173/src/components/landing/LandingPage.jsx?t=1787452389334:160
[   35461ms] [LOG] [LandingPage] Observer created for: gtm-boost placeholder id: section-gtm-boost @ http://localhost:5173/src/components/landing/LandingPage.jsx?t=1787452389334:160
[   35462ms] [LOG] [App] Landing page rendered @ http://localhost:5173/src/main.js?t=1787453030925:88
[   35477ms] [LOG] [LandingPage] IntersectionObserver fired for scrolling [Object] @ http://localhost:5173/src/components/landing/LandingPage.jsx?t=1787452389334:119
[   35477ms] [LOG] [LandingPage] Loading section: scrolling @ http://localhost:5173/src/components/landing/LandingPage.jsx?t=1787452389334:122
[   35478ms] [LOG] [LandingPage] IntersectionObserver fired for gtm-boost [Object] @ http://localhost:5173/src/components/landing/LandingPage.jsx?t=1787452389334:119
[   35478ms] [LOG] [LandingPage] Loading section: gtm-boost @ http://localhost:5173/src/components/landing/LandingPage.jsx?t=1787452389334:122
[   35478ms] [LOG] [LandingPage] IntersectionObserver fired for ai-workflow [Object] @ http://localhost:5173/src/components/landing/LandingPage.jsx?t=1787452389334:119
[   35478ms] [LOG] [LandingPage] Loading section: ai-workflow @ http://localhost:5173/src/components/landing/LandingPage.jsx?t=1787452389334:122
[   35478ms] [LOG] [LandingPage] IntersectionObserver fired for repo-vertical [Object] @ http://localhost:5173/src/components/landing/LandingPage.jsx?t=1787452389334:119
[   35479ms] [LOG] [LandingPage] Loading section: repo-vertical @ http://localhost:5173/src/components/landing/LandingPage.jsx?t=1787452389334:122
[   35479ms] [LOG] [LandingPage] IntersectionObserver fired for workflow [Object] @ http://localhost:5173/src/components/landing/LandingPage.jsx?t=1787452389334:119
[   35479ms] [LOG] [LandingPage] Loading section: workflow @ http://localhost:5173/src/components/landing/LandingPage.jsx?t=1787452389334:122
[   35479ms] [LOG] [LandingPage] IntersectionObserver fired for value [Object] @ http://localhost:5173/src/components/landing/LandingPage.jsx?t=1787452389334:119
[   35479ms] [LOG] [LandingPage] Loading section: value @ http://localhost:5173/src/components/landing/LandingPage.jsx?t=1787452389334:122
[   35480ms] [LOG] [LandingPage] IntersectionObserver fired for comparison [Object] @ http://localhost:5173/src/components/landing/LandingPage.jsx?t=1787452389334:119
[   35480ms] [LOG] [LandingPage] Loading section: comparison @ http://localhost:5173/src/components/landing/LandingPage.jsx?t=1787452389334:122
[   35480ms] [LOG] [LandingPage] IntersectionObserver fired for repo-cinema [Object] @ http://localhost:5173/src/components/landing/LandingPage.jsx?t=1787452389334:119
[   35480ms] [LOG] [LandingPage] Loading section: repo-cinema @ http://localhost:5173/src/components/landing/LandingPage.jsx?t=1787452389334:122
[   35480ms] [LOG] [LandingPage] IntersectionObserver fired for features [Object] @ http://localhost:5173/src/components/landing/LandingPage.jsx?t=1787452389334:119
[   35480ms] [LOG] [LandingPage] Loading section: features @ http://localhost:5173/src/components/landing/LandingPage.jsx?t=1787452389334:122
[   35480ms] [LOG] [LandingPage] IntersectionObserver fired for repo-animation [Object] @ http://localhost:5173/src/components/landing/LandingPage.jsx?t=1787452389334:119
[   35481ms] [LOG] [LandingPage] Loading section: repo-animation @ http://localhost:5173/src/components/landing/LandingPage.jsx?t=1787452389334:122
[   35481ms] [LOG] [LandingPage] IntersectionObserver fired for offer [Object] @ http://localhost:5173/src/components/landing/LandingPage.jsx?t=1787452389334:119
[   35481ms] [LOG] [LandingPage] Loading section: offer @ http://localhost:5173/src/components/landing/LandingPage.jsx?t=1787452389334:122
[   35481ms] [LOG] [LandingPage] IntersectionObserver fired for ugc [Object] @ http://localhost:5173/src/components/landing/LandingPage.jsx?t=1787452389334:119
[   35481ms] [LOG] [LandingPage] Loading section: ugc @ http://localhost:5173/src/components/landing/LandingPage.jsx?t=1787452389334:122
[   35481ms] [LOG] [LandingPage] IntersectionObserver fired for repo-fashion [Object] @ http://localhost:5173/src/components/landing/LandingPage.jsx?t=1787452389334:119
[   35481ms] [LOG] [LandingPage] Loading section: repo-fashion @ http://localhost:5173/src/components/landing/LandingPage.jsx?t=1787452389334:122
[   35482ms] [LOG] [LandingPage] IntersectionObserver fired for academy [Object] @ http://localhost:5173/src/components/landing/LandingPage.jsx?t=1787452389334:119
[   35482ms] [LOG] [LandingPage] Loading section: academy @ http://localhost:5173/src/components/landing/LandingPage.jsx?t=1787452389334:122
[   35482ms] [LOG] [LandingPage] IntersectionObserver fired for repo-commercial [Object] @ http://localhost:5173/src/components/landing/LandingPage.jsx?t=1787452389334:119
[   35482ms] [LOG] [LandingPage] Loading section: repo-commercial @ http://localhost:5173/src/components/landing/LandingPage.jsx?t=1787452389334:122
[   35482ms] [LOG] [LandingPage] IntersectionObserver fired for apps [Object] @ http://localhost:5173/src/components/landing/LandingPage.jsx?t=1787452389334:119
[   35483ms] [LOG] [LandingPage] Loading section: apps @ http://localhost:5173/src/components/landing/LandingPage.jsx?t=1787452389334:122
[   35483ms] [LOG] [LandingPage] IntersectionObserver fired for agency [Object] @ http://localhost:5173/src/components/landing/LandingPage.jsx?t=1787452389334:119
[   35483ms] [LOG] [LandingPage] Loading section: agency @ http://localhost:5173/src/components/landing/LandingPage.jsx?t=1787452389334:122
[   35484ms] [LOG] [LandingPage] IntersectionObserver fired for repo-reference [Object] @ http://localhost:5173/src/components/landing/LandingPage.jsx?t=1787452389334:119
[   35484ms] [LOG] [LandingPage] Loading section: repo-reference @ http://localhost:5173/src/components/landing/LandingPage.jsx?t=1787452389334:122
[   35484ms] [LOG] [LandingPage] IntersectionObserver fired for repo-vfx [Object] @ http://localhost:5173/src/components/landing/LandingPage.jsx?t=1787452389334:119
[   35484ms] [LOG] [LandingPage] Loading section: repo-vfx @ http://localhost:5173/src/components/landing/LandingPage.jsx?t=1787452389334:122
[   35484ms] [LOG] [LandingPage] IntersectionObserver fired for repo-ecommerce [Object] @ http://localhost:5173/src/components/landing/LandingPage.jsx?t=1787452389334:119
[   35484ms] [LOG] [LandingPage] Loading section: repo-ecommerce @ http://localhost:5173/src/components/landing/LandingPage.jsx?t=1787452389334:122
[   35484ms] [LOG] [LandingPage] IntersectionObserver fired for hook [Object] @ http://localhost:5173/src/components/landing/LandingPage.jsx?t=1787452389334:119
[   35485ms] [LOG] [LandingPage] Loading section: hook @ http://localhost:5173/src/components/landing/LandingPage.jsx?t=1787452389334:122
[   35485ms] [LOG] [LandingPage] IntersectionObserver fired for repo-animated [Object] @ http://localhost:5173/src/components/landing/LandingPage.jsx?t=1787452389334:119
[   35485ms] [LOG] [LandingPage] Loading section: repo-animated @ http://localhost:5173/src/components/landing/LandingPage.jsx?t=1787452389334:122
[   35485ms] [LOG] [LandingPage] IntersectionObserver fired for engines [Object] @ http://localhost:5173/src/components/landing/LandingPage.jsx?t=1787452389334:119
[   35485ms] [LOG] [LandingPage] Loading section: engines @ http://localhost:5173/src/components/landing/LandingPage.jsx?t=1787452389334:122
[   35485ms] [LOG] [LandingPage] IntersectionObserver fired for made-with [Object] @ http://localhost:5173/src/components/landing/LandingPage.jsx?t=1787452389334:119
[   35485ms] [LOG] [LandingPage] Loading section: made-with @ http://localhost:5173/src/components/landing/LandingPage.jsx?t=1787452389334:122
[   35486ms] [LOG] [LandingPage] IntersectionObserver fired for repo-kinetic [Object] @ http://localhost:5173/src/components/landing/LandingPage.jsx?t=1787452389334:119
[   35486ms] [LOG] [LandingPage] Loading section: repo-kinetic @ http://localhost:5173/src/components/landing/LandingPage.jsx?t=1787452389334:122
[   35486ms] [LOG] [LandingPage] IntersectionObserver fired for gallery [Object] @ http://localhost:5173/src/components/landing/LandingPage.jsx?t=1787452389334:119
[   35486ms] [LOG] [LandingPage] Loading section: gallery @ http://localhost:5173/src/components/landing/LandingPage.jsx?t=1787452389334:122
[   35486ms] [LOG] [LandingPage] IntersectionObserver fired for problem [Object] @ http://localhost:5173/src/components/landing/LandingPage.jsx?t=1787452389334:119
[   35486ms] [LOG] [LandingPage] Loading section: problem @ http://localhost:5173/src/components/landing/LandingPage.jsx?t=1787452389334:122
[   35486ms] [LOG] [LandingPage] IntersectionObserver fired for repos [Object] @ http://localhost:5173/src/components/landing/LandingPage.jsx?t=1787452389334:119
[   35486ms] [LOG] [LandingPage] Loading section: repos @ http://localhost:5173/src/components/landing/LandingPage.jsx?t=1787452389334:122
[   35487ms] [LOG] [LandingPage] IntersectionObserver fired for repo-narrative [Object] @ http://localhost:5173/src/components/landing/LandingPage.jsx?t=1787452389334:119
[   35487ms] [LOG] [LandingPage] Loading section: repo-narrative @ http://localhost:5173/src/components/landing/LandingPage.jsx?t=1787452389334:122
[   35487ms] [LOG] [LandingPage] IntersectionObserver fired for cta [Object] @ http://localhost:5173/src/components/landing/LandingPage.jsx?t=1787452389334:119
[   35487ms] [LOG] [LandingPage] Loading section: cta @ http://localhost:5173/src/components/landing/LandingPage.jsx?t=1787452389334:122
[   35487ms] [LOG] [LandingPage] IntersectionObserver fired for repo-social-ads [Object] @ http://localhost:5173/src/components/landing/LandingPage.jsx?t=1787452389334:119
[   35487ms] [LOG] [LandingPage] Loading section: repo-social-ads @ http://localhost:5173/src/components/landing/LandingPage.jsx?t=1787452389334:122
[   35661ms] [LOG] [LandingPage] Section loaded: scrolling @ http://localhost:5173/src/components/landing/LandingPage.jsx?t=1787452389334:141
[   35718ms] [LOG] [LandingPage] Section loaded: workflow @ http://localhost:5173/src/components/landing/LandingPage.jsx?t=1787452389334:141
[   35719ms] [LOG] [LandingPage] Section loaded: value @ http://localhost:5173/src/components/landing/LandingPage.jsx?t=1787452389334:141
[   35719ms] [LOG] [LandingPage] Section loaded: comparison @ http://localhost:5173/src/components/landing/LandingPage.jsx?t=1787452389334:141
[   35720ms] [LOG] [LandingPage] Section loaded: features @ http://localhost:5173/src/components/landing/LandingPage.jsx?t=1787452389334:141
[   35721ms] [LOG] [LandingPage] Section loaded: offer @ http://localhost:5173/src/components/landing/LandingPage.jsx?t=1787452389334:141
[   35729ms] [LOG] [LandingPage] Section loaded: apps @ http://localhost:5173/src/components/landing/LandingPage.jsx?t=1787452389334:141
[   35730ms] [LOG] [LandingPage] Section loaded: agency @ http://localhost:5173/src/components/landing/LandingPage.jsx?t=1787452389334:141
[   35730ms] [LOG] [LandingPage] Section loaded: hook @ http://localhost:5173/src/components/landing/LandingPage.jsx?t=1787452389334:141
[   35736ms] [LOG] [LandingPage] Section loaded: engines @ http://localhost:5173/src/components/landing/LandingPage.jsx?t=1787452389334:141
[   35737ms] [LOG] [LandingPage] Section loaded: problem @ http://localhost:5173/src/components/landing/LandingPage.jsx?t=1787452389334:141
[   35738ms] [LOG] [LandingPage] Section loaded: cta @ http://localhost:5173/src/components/landing/LandingPage.jsx?t=1787452389334:141
[   35822ms] [LOG] [LandingPage] Section loaded: gtm-boost @ http://localhost:5173/src/components/landing/LandingPage.jsx?t=1787452389334:141
[   35823ms] [LOG] [LandingPage] Section loaded: ai-workflow @ http://localhost:5173/src/components/landing/LandingPage.jsx?t=1787452389334:141
[   35830ms] [LOG] [LandingPage] Section loaded: repo-ecommerce @ http://localhost:5173/src/components/landing/LandingPage.jsx?t=1787452389334:141
[   35838ms] [LOG] [LandingPage] Section loaded: repo-narrative @ http://localhost:5173/src/components/landing/LandingPage.jsx?t=1787452389334:141
[   35843ms] [LOG] [LandingPage] Section loaded: repo-fashion @ http://localhost:5173/src/components/landing/LandingPage.jsx?t=1787452389334:141
[   35849ms] [LOG] [LandingPage] Section loaded: repo-reference @ http://localhost:5173/src/components/landing/LandingPage.jsx?t=1787452389334:141
[   35856ms] [LOG] [LandingPage] Section loaded: repo-cinema @ http://localhost:5173/src/components/landing/LandingPage.jsx?t=1787452389334:141
[   35865ms] [LOG] [LandingPage] Section loaded: repo-vertical @ http://localhost:5173/src/components/landing/LandingPage.jsx?t=1787452389334:141
[   35872ms] [LOG] [LandingPage] Section loaded: repo-animated @ http://localhost:5173/src/components/landing/LandingPage.jsx?t=1787452389334:141
[   35881ms] [LOG] [LandingPage] Section loaded: repo-commercial @ http://localhost:5173/src/components/landing/LandingPage.jsx?t=1787452389334:141
[   35889ms] [LOG] [LandingPage] Section loaded: repo-social-ads @ http://localhost:5173/src/components/landing/LandingPage.jsx?t=1787452389334:141
[   35897ms] [LOG] [LandingPage] Section loaded: repo-kinetic @ http://localhost:5173/src/components/landing/LandingPage.jsx?t=1787452389334:141
[   35904ms] [LOG] [LandingPage] Section loaded: repo-vfx @ http://localhost:5173/src/components/landing/LandingPage.jsx?t=1787452389334:141
[   35911ms] [LOG] [LandingPage] Section loaded: repo-animation @ http://localhost:5173/src/components/landing/LandingPage.jsx?t=1787452389334:141
[   36094ms] [LOG] [LandingPage] Section loaded: ugc @ http://localhost:5173/src/components/landing/LandingPage.jsx?t=1787452389334:141
[   36170ms] [LOG] [LandingPage] Section loaded: academy @ http://localhost:5173/src/components/landing/LandingPage.jsx?t=1787452389334:141
[   36217ms] [LOG] [LandingPage] Section loaded: made-with @ http://localhost:5173/src/components/landing/LandingPage.jsx?t=1787452389334:141
[   36306ms] [LOG] [LandingPage] Section loaded: gallery @ http://localhost:5173/src/components/landing/LandingPage.jsx?t=1787452389334:141
[   36310ms] [LOG] [LandingPage] Section loaded: repos @ http://localhost:5173/src/components/landing/LandingPage.jsx?t=1787452389334:141
[   36421ms] [ERROR] [popcorn-init] FAILED at: plugin-image TypeError: Class constructor SortableElement cannot be invoked without 'new'
    at http://localhost:5173/components/modals/RetargetOptInModal.jsx?t=1787452645033:26:22 @ http://localhost:5173/src/lib/popcornInit.js?t=1787452645033:55
[   36432ms] [INFO] %cDownload the React DevTools for a better development experience: https://react.dev/link/react-devtools font-weight:bold @ http://localhost:5173/node_modules/.vite/deps/chunk-EEAUBQDT.js?v=93c1ec86:20096
[   36432ms] [ERROR] [ModalSystem] mount failed TypeError: Class constructor SortableElement cannot be invoked without 'new'
    at http://localhost:5173/components/modals/RetargetOptInModal.jsx?t=1787452645033:26:22 @ http://localhost:5173/src/main.js?t=1787453030925:329
[   36453ms] [ERROR] [popcorn-init] FAILED at: plugin-jsonTransition TypeError: Class constructor SortableElement cannot be invoked without 'new'
    at http://localhost:5173/components/modals/RetargetOptInModal.jsx?t=1787452645033:26:22 @ http://localhost:5173/src/lib/popcornInit.js?t=1787452645033:55
[   36512ms] [ERROR] [popcorn-init] FAILED at: plugin-lottie-json TypeError: Class constructor SortableElement cannot be invoked without 'new'
    at http://localhost:5173/components/modals/RetargetOptInModal.jsx?t=1787452645033:26:22 @ http://localhost:5173/src/lib/popcornInit.js?t=1787452645033:55
[   36620ms] [LOG] [popcorn-init] OK: plugin-json-button @ http://localhost:5173/src/lib/popcornInit.js?t=1787452645033:48
[   36680ms] [ERROR] [popcorn-init] FAILED at: plugin-personalizedImage TypeError: Class constructor SortableElement cannot be invoked without 'new'
    at http://localhost:5173/components/modals/RetargetOptInModal.jsx?t=1787452645033:26:22 @ http://localhost:5173/src/lib/popcornInit.js?t=1787452645033:55
[   36696ms] [ERROR] [popcorn-init] FAILED at: plugin-loopPlugin TypeError: Class constructor SortableElement cannot be invoked without 'new'
    at http://localhost:5173/components/modals/RetargetOptInModal.jsx?t=1787452645033:26:22 @ http://localhost:5173/src/lib/popcornInit.js?t=1787452645033:55
[   36713ms] [ERROR] [popcorn-init] FAILED at: plugin-pausePlugin TypeError: Class constructor SortableElement cannot be invoked without 'new'
    at http://localhost:5173/components/modals/RetargetOptInModal.jsx?t=1787452645033:26:22 @ http://localhost:5173/src/lib/popcornInit.js?t=1787452645033:55
[   36743ms] [ERROR] [popcorn-init] FAILED at: plugin-form TypeError: Class constructor SortableElement cannot be invoked without 'new'
    at http://localhost:5173/components/modals/RetargetOptInModal.jsx?t=1787452645033:26:22 @ http://localhost:5173/src/lib/popcornInit.js?t=1787452645033:55
[   36769ms] [ERROR] [popcorn-init] FAILED at: plugin-retarget TypeError: Class constructor SortableElement cannot be invoked without 'new'
    at http://localhost:5173/components/modals/RetargetOptInModal.jsx?t=1787452645033:26:22 @ http://localhost:5173/src/lib/popcornInit.js?t=1787452645033:55
[   36780ms] [LOG] [popcorn-init] OK: plugin-popup @ http://localhost:5173/src/lib/popcornInit.js?t=1787452645033:48
[   36797ms] [ERROR] [popcorn-init] FAILED at: plugin-sequencer TypeError: Class constructor SortableElement cannot be invoked without 'new'
    at http://localhost:5173/components/modals/RetargetOptInModal.jsx?t=1787452645033:26:22 @ http://localhost:5173/src/lib/popcornInit.js?t=1787452645033:55
[   36813ms] [ERROR] [popcorn-init] FAILED at: plugin-skip TypeError: Class constructor SortableElement cannot be invoked without 'new'
    at http://localhost:5173/components/modals/RetargetOptInModal.jsx?t=1787452645033:26:22 @ http://localhost:5173/src/lib/popcornInit.js?t=1787452645033:55
[   36858ms] [ERROR] [popcorn-init] FAILED at: plugin-text TypeError: Class constructor SortableElement cannot be invoked without 'new'
    at http://localhost:5173/components/modals/RetargetOptInModal.jsx?t=1787452645033:26:22 @ http://localhost:5173/src/lib/popcornInit.js?t=1787452645033:55
[   36875ms] [LOG] [popcorn-init] OK: plugin-social @ http://localhost:5173/src/lib/popcornInit.js?t=1787452645033:48
[   36880ms] [ERROR] [popcorn-init] FAILED at: plugin-jsonAnimation TypeError: Class constructor SortableElement cannot be invoked without 'new'
    at http://localhost:5173/components/modals/RetargetOptInModal.jsx?t=1787452645033:26:22 @ http://localhost:5173/src/lib/popcornInit.js?t=1787452645033:55
[   36897ms] [LOG] [popcorn-init] OK: plugin-videoTransition @ http://localhost:5173/src/lib/popcornInit.js?t=1787452645033:48
[   36903ms] [ERROR] [popcorn-init] FAILED at: plugin-seethroughtext TypeError: Class constructor SortableElement cannot be invoked without 'new'
    at http://localhost:5173/components/modals/RetargetOptInModal.jsx?t=1787452645033:26:22 @ http://localhost:5173/src/lib/popcornInit.js?t=1787452645033:55
[   36912ms] [LOG] [popcorn-init] OK: plugin-wikipedia @ http://localhost:5173/src/lib/popcornInit.js?t=1787452645033:48
[   36917ms] [ERROR] [popcorn-init] FAILED at: plugin-combined TypeError: Class constructor SortableElement cannot be invoked without 'new'
    at http://localhost:5173/components/modals/RetargetOptInModal.jsx?t=1787452645033:26:22 @ http://localhost:5173/src/lib/popcornInit.js?t=1787452645033:55
[   36923ms] [ERROR] [popcorn-init] FAILED at: plugin-background TypeError: Class constructor SortableElement cannot be invoked without 'new'
    at http://localhost:5173/components/modals/RetargetOptInModal.jsx?t=1787452645033:26:22 @ http://localhost:5173/src/lib/popcornInit.js?t=1787452645033:55
[   36925ms] [LOG] [popcorn-init] SUMMARY: 5/20 plugins registered; FAILED: plugin-image, plugin-jsonTransition, plugin-lottie-json, plugin-personalizedImage, plugin-loopPlugin, plugin-pausePlugin, plugin-form, plugin-retarget, plugin-sequencer, plugin-skip, plugin-text, plugin-jsonAnimation, plugin-seethroughtext, plugin-combined, plugin-background @ http://localhost:5173/src/lib/popcornInit.js?t=1787452645033:60
[   36925ms] [LOG] [popcorn] function 5 @ http://localhost:5173/src/main.js?t=1787453030925:4
[   38711ms] [LOG] [App] Starting initialization... @ http://localhost:5173/src/main.js?t=1787453030925:19
[   38718ms] [LOG] [popcorn-init] OK: jquery @ http://localhost:5173/src/lib/popcornInit.js?t=1787452645033:41
[   38720ms] [LOG] [popcorn-init] OK: jquery-textfill @ http://localhost:5173/src/lib/popcornInit.js?t=1787452645033:48
[   38721ms] [LOG] [popcorn-init] OK: popcorn-core @ http://localhost:5173/src/lib/popcornInit.js?t=1787452645033:48
[   38724ms] [LOG] [popcorn-init] OK: popcorn-ie8 @ http://localhost:5173/src/lib/popcornInit.js?t=1787452645033:48
[   38726ms] [LOG] [popcorn-init] OK: wrapper-common @ http://localhost:5173/src/lib/popcornInit.js?t=1787452645033:48
[   38727ms] [LOG] [popcorn-init] OK: wrapper-html5 @ http://localhost:5173/src/lib/popcornInit.js?t=1787452645033:48
[   38728ms] [LOG] [popcorn-init] OK: wrapper-vrview @ http://localhost:5173/src/lib/popcornInit.js?t=1787452645033:48
[   38728ms] [LOG] [popcorn-init] OK: wrapper-adaptive @ http://localhost:5173/src/lib/popcornInit.js?t=1787452645033:48
[   38729ms] [LOG] [popcorn-init] OK: wrapper-null @ http://localhost:5173/src/lib/popcornInit.js?t=1787452645033:48
[   38730ms] [LOG] [popcorn-init] OK: wrapper-soundcloud @ http://localhost:5173/src/lib/popcornInit.js?t=1787452645033:48
[   38731ms] [LOG] [popcorn-init] OK: wrapper-vimeo @ http://localhost:5173/src/lib/popcornInit.js?t=1787452645033:48
[   38732ms] [LOG] [popcorn-init] OK: wrapper-youtube @ http://localhost:5173/src/lib/popcornInit.js?t=1787452645033:48
[   38733ms] [LOG] [popcorn-init] OK: wrapper-jwplayer @ http://localhost:5173/src/lib/popcornInit.js?t=1787452645033:48
[   38733ms] [LOG] [popcorn-init] OK: player-module @ http://localhost:5173/src/lib/popcornInit.js?t=1787452645033:48
[   38734ms] [LOG] [LandingPage] Header.jsx loaded @ http://localhost:5173/src/components/landing/LandingPage.jsx?t=1787452389334:176
[   38872ms] [LOG] [LandingPage] CinematicVideoHero.jsx loaded @ http://localhost:5173/src/components/landing/LandingPage.jsx?t=1787452389334:189
[   41938ms] [LOG] [App] Starting initialization... @ http://localhost:5173/src/main.js?t=1787453082587:19
[   41946ms] [LOG] [popcorn-init] OK: jquery @ http://localhost:5173/src/lib/popcornInit.js?t=1787452645033:41
[   41947ms] [LOG] [popcorn-init] OK: jquery-textfill @ http://localhost:5173/src/lib/popcornInit.js?t=1787452645033:48
[   41947ms] [LOG] [popcorn-init] OK: popcorn-core @ http://localhost:5173/src/lib/popcornInit.js?t=1787452645033:48
[   41948ms] [LOG] [popcorn-init] OK: popcorn-ie8 @ http://localhost:5173/src/lib/popcornInit.js?t=1787452645033:48
[   41948ms] [LOG] [popcorn-init] OK: wrapper-common @ http://localhost:5173/src/lib/popcornInit.js?t=1787452645033:48
[   41949ms] [LOG] [popcorn-init] OK: wrapper-html5 @ http://localhost:5173/src/lib/popcornInit.js?t=1787452645033:48
[   41949ms] [LOG] [popcorn-init] OK: wrapper-vrview @ http://localhost:5173/src/lib/popcornInit.js?t=1787452645033:48
[   41950ms] [LOG] [popcorn-init] OK: wrapper-adaptive @ http://localhost:5173/src/lib/popcornInit.js?t=1787452645033:48
[   41950ms] [LOG] [popcorn-init] OK: wrapper-null @ http://localhost:5173/src/lib/popcornInit.js?t=1787452645033:48
[   41950ms] [LOG] [popcorn-init] OK: wrapper-soundcloud @ http://localhost:5173/src/lib/popcornInit.js?t=1787452645033:48
[   41950ms] [LOG] [popcorn-init] OK: wrapper-vimeo @ http://localhost:5173/src/lib/popcornInit.js?t=1787452645033:48
[   41951ms] [LOG] [popcorn-init] OK: wrapper-youtube @ http://localhost:5173/src/lib/popcornInit.js?t=1787452645033:48
[   41951ms] [LOG] [popcorn-init] OK: wrapper-jwplayer @ http://localhost:5173/src/lib/popcornInit.js?t=1787452645033:48
[   41951ms] [LOG] [popcorn-init] OK: player-module @ http://localhost:5173/src/lib/popcornInit.js?t=1787452645033:48
[   42017ms] [LOG] [LandingPage] Header.jsx loaded @ http://localhost:5173/src/components/landing/LandingPage.jsx?t=1787452389334:176
[   42129ms] [LOG] [LandingPage] CinematicVideoHero.jsx loaded @ http://localhost:5173/src/components/landing/LandingPage.jsx?t=1787452389334:189
[   42884ms] [LOG] [LandingPage] HeroSection.jsx loaded @ http://localhost:5173/src/components/landing/LandingPage.jsx?t=1787452389334:202
[   42886ms] [LOG] [LandingPage] Observer created for: scrolling placeholder id: section-scrolling @ http://localhost:5173/src/components/landing/LandingPage.jsx?t=1787452389334:160
[   42886ms] [LOG] [LandingPage] Observer created for: hook placeholder id: section-hook @ http://localhost:5173/src/components/landing/LandingPage.jsx?t=1787452389334:160
[   42886ms] [LOG] [LandingPage] Observer created for: engines placeholder id: section-engines @ http://localhost:5173/src/components/landing/LandingPage.jsx?t=1787452389334:160
[   42887ms] [LOG] [LandingPage] Observer created for: apps placeholder id: section-apps @ http://localhost:5173/src/components/landing/LandingPage.jsx?t=1787452389334:160
[   42887ms] [LOG] [LandingPage] Observer created for: features placeholder id: section-features @ http://localhost:5173/src/components/landing/LandingPage.jsx?t=1787452389334:160
[   42887ms] [LOG] [LandingPage] Observer created for: problem placeholder id: section-problem @ http://localhost:5173/src/components/landing/LandingPage.jsx?t=1787452389334:160
[   42887ms] [LOG] [LandingPage] Observer created for: workflow placeholder id: section-workflow @ http://localhost:5173/src/components/landing/LandingPage.jsx?t=1787452389334:160
[   42887ms] [LOG] [LandingPage] Observer created for: comparison placeholder id: section-comparison @ http://localhost:5173/src/components/landing/LandingPage.jsx?t=1787452389334:160
[   42887ms] [LOG] [LandingPage] Observer created for: value placeholder id: section-value @ http://localhost:5173/src/components/landing/LandingPage.jsx?t=1787452389334:160
[   42887ms] [LOG] [LandingPage] Observer created for: agency placeholder id: section-agency @ http://localhost:5173/src/components/landing/LandingPage.jsx?t=1787452389334:160
[   42887ms] [LOG] [LandingPage] Observer created for: offer placeholder id: section-offer @ http://localhost:5173/src/components/landing/LandingPage.jsx?t=1787452389334:160
[   42887ms] [LOG] [LandingPage] Observer created for: cta placeholder id: section-cta @ http://localhost:5173/src/components/landing/LandingPage.jsx?t=1787452389334:160
[   42887ms] [LOG] [LandingPage] Observer created for: ai-workflow placeholder id: section-ai-workflow @ http://localhost:5173/src/components/landing/LandingPage.jsx?t=1787452389334:160
[   42887ms] [LOG] [LandingPage] Observer created for: made-with placeholder id: section-made-with @ http://localhost:5173/src/components/landing/LandingPage.jsx?t=1787452389334:160
[   42887ms] [LOG] [LandingPage] Observer created for: ugc placeholder id: section-ugc @ http://localhost:5173/src/components/landing/LandingPage.jsx?t=1787452389334:160
[   42887ms] [LOG] [LandingPage] Observer created for: gallery placeholder id: section-gallery @ http://localhost:5173/src/components/landing/LandingPage.jsx?t=1787452389334:160
[   42887ms] [LOG] [LandingPage] Observer created for: academy placeholder id: section-academy @ http://localhost:5173/src/components/landing/LandingPage.jsx?t=1787452389334:160
[   42888ms] [LOG] [LandingPage] Observer created for: repo-cinema placeholder id: section-repo-cinema @ http://localhost:5173/src/components/landing/LandingPage.jsx?t=1787452389334:160
[   42888ms] [LOG] [LandingPage] Observer created for: repo-commercial placeholder id: section-repo-commercial @ http://localhost:5173/src/components/landing/LandingPage.jsx?t=1787452389334:160
[   42888ms] [LOG] [LandingPage] Observer created for: repo-social-ads placeholder id: section-repo-social-ads @ http://localhost:5173/src/components/landing/LandingPage.jsx?t=1787452389334:160
[   42888ms] [LOG] [LandingPage] Observer created for: repo-narrative placeholder id: section-repo-narrative @ http://localhost:5173/src/components/landing/LandingPage.jsx?t=1787452389334:160
[   42888ms] [LOG] [LandingPage] Observer created for: repo-vertical placeholder id: section-repo-vertical @ http://localhost:5173/src/components/landing/LandingPage.jsx?t=1787452389334:160
[   42888ms] [LOG] [LandingPage] Observer created for: repo-ecommerce placeholder id: section-repo-ecommerce @ http://localhost:5173/src/components/landing/LandingPage.jsx?t=1787452389334:160
[   42888ms] [LOG] [LandingPage] Observer created for: repo-kinetic placeholder id: section-repo-kinetic @ http://localhost:5173/src/components/landing/LandingPage.jsx?t=1787452389334:160
[   42888ms] [LOG] [LandingPage] Observer created for: repo-animated placeholder id: section-repo-animated @ http://localhost:5173/src/components/landing/LandingPage.jsx?t=1787452389334:160
[   42888ms] [LOG] [LandingPage] Observer created for: repo-animation placeholder id: section-repo-animation @ http://localhost:5173/src/components/landing/LandingPage.jsx?t=1787452389334:160
[   42888ms] [LOG] [LandingPage] Observer created for: repo-reference placeholder id: section-repo-reference @ http://localhost:5173/src/components/landing/LandingPage.jsx?t=1787452389334:160
[   42888ms] [LOG] [LandingPage] Observer created for: repo-vfx placeholder id: section-repo-vfx @ http://localhost:5173/src/components/landing/LandingPage.jsx?t=1787452389334:160
[   42888ms] [LOG] [LandingPage] Observer created for: repo-fashion placeholder id: section-repo-fashion @ http://localhost:5173/src/components/landing/LandingPage.jsx?t=1787452389334:160
[   42888ms] [LOG] [LandingPage] Observer created for: repos placeholder id: section-repos @ http://localhost:5173/src/components/landing/LandingPage.jsx?t=1787452389334:160
[   42888ms] [LOG] [LandingPage] Observer created for: gtm-boost placeholder id: section-gtm-boost @ http://localhost:5173/src/components/landing/LandingPage.jsx?t=1787452389334:160
[   42891ms] [LOG] [App] Landing page rendered @ http://localhost:5173/src/main.js?t=1787453082587:88
[   42910ms] [LOG] [LandingPage] IntersectionObserver fired for repo-fashion [Object] @ http://localhost:5173/src/components/landing/LandingPage.jsx?t=1787452389334:119
[   42910ms] [LOG] [LandingPage] Loading section: repo-fashion @ http://localhost:5173/src/components/landing/LandingPage.jsx?t=1787452389334:122
[   42910ms] [LOG] [LandingPage] IntersectionObserver fired for offer [Object] @ http://localhost:5173/src/components/landing/LandingPage.jsx?t=1787452389334:119
[   42911ms] [LOG] [LandingPage] Loading section: offer @ http://localhost:5173/src/components/landing/LandingPage.jsx?t=1787452389334:122
[   42911ms] [LOG] [LandingPage] IntersectionObserver fired for repo-commercial [Object] @ http://localhost:5173/src/components/landing/LandingPage.jsx?t=1787452389334:119
[   42911ms] [LOG] [LandingPage] Loading section: repo-commercial @ http://localhost:5173/src/components/landing/LandingPage.jsx?t=1787452389334:122
[   42911ms] [LOG] [LandingPage] IntersectionObserver fired for problem [Object] @ http://localhost:5173/src/components/landing/LandingPage.jsx?t=1787452389334:119
[   42911ms] [LOG] [LandingPage] Loading section: problem @ http://localhost:5173/src/components/landing/LandingPage.jsx?t=1787452389334:122
[   42911ms] [LOG] [LandingPage] IntersectionObserver fired for made-with [Object] @ http://localhost:5173/src/components/landing/LandingPage.jsx?t=1787452389334:119
[   42912ms] [LOG] [LandingPage] Loading section: made-with @ http://localhost:5173/src/components/landing/LandingPage.jsx?t=1787452389334:122
[   42912ms] [LOG] [LandingPage] IntersectionObserver fired for repo-kinetic [Object] @ http://localhost:5173/src/components/landing/LandingPage.jsx?t=1787452389334:119
[   42912ms] [LOG] [LandingPage] Loading section: repo-kinetic @ http://localhost:5173/src/components/landing/LandingPage.jsx?t=1787452389334:122
[   42912ms] [LOG] [LandingPage] IntersectionObserver fired for cta [Object] @ http://localhost:5173/src/components/landing/LandingPage.jsx?t=1787452389334:119
[   42912ms] [LOG] [LandingPage] Loading section: cta @ http://localhost:5173/src/components/landing/LandingPage.jsx?t=1787452389334:122
[   42912ms] [LOG] [LandingPage] IntersectionObserver fired for repos [Object] @ http://localhost:5173/src/components/landing/LandingPage.jsx?t=1787452389334:119
[   42912ms] [LOG] [LandingPage] Loading section: repos @ http://localhost:5173/src/components/landing/LandingPage.jsx?t=1787452389334:122
[   42913ms] [LOG] [LandingPage] IntersectionObserver fired for repo-animation [Object] @ http://localhost:5173/src/components/landing/LandingPage.jsx?t=1787452389334:119
[   42913ms] [LOG] [LandingPage] Loading section: repo-animation @ http://localhost:5173/src/components/landing/LandingPage.jsx?t=1787452389334:122
[   42914ms] [LOG] [LandingPage] IntersectionObserver fired for ai-workflow [Object] @ http://localhost:5173/src/components/landing/LandingPage.jsx?t=1787452389334:119
[   42914ms] [LOG] [LandingPage] Loading section: ai-workflow @ http://localhost:5173/src/components/landing/LandingPage.jsx?t=1787452389334:122
[   42915ms] [LOG] [LandingPage] IntersectionObserver fired for repo-reference [Object] @ http://localhost:5173/src/components/landing/LandingPage.jsx?t=1787452389334:119
[   42915ms] [LOG] [LandingPage] Loading section: repo-reference @ http://localhost:5173/src/components/landing/LandingPage.jsx?t=1787452389334:122
[   42915ms] [LOG] [LandingPage] IntersectionObserver fired for ugc [Object] @ http://localhost:5173/src/components/landing/LandingPage.jsx?t=1787452389334:119
[   42915ms] [LOG] [LandingPage] Loading section: ugc @ http://localhost:5173/src/components/landing/LandingPage.jsx?t=1787452389334:122
[   42915ms] [LOG] [LandingPage] IntersectionObserver fired for value [Object] @ http://localhost:5173/src/components/landing/LandingPage.jsx?t=1787452389334:119
[   42916ms] [LOG] [LandingPage] Loading section: value @ http://localhost:5173/src/components/landing/LandingPage.jsx?t=1787452389334:122
[   42916ms] [LOG] [LandingPage] IntersectionObserver fired for apps [Object] @ http://localhost:5173/src/components/landing/LandingPage.jsx?t=1787452389334:119
[   42916ms] [LOG] [LandingPage] Loading section: apps @ http://localhost:5173/src/components/landing/LandingPage.jsx?t=1787452389334:122
[   42916ms] [LOG] [LandingPage] IntersectionObserver fired for gtm-boost [Object] @ http://localhost:5173/src/components/landing/LandingPage.jsx?t=1787452389334:119
[   42916ms] [LOG] [LandingPage] Loading section: gtm-boost @ http://localhost:5173/src/components/landing/LandingPage.jsx?t=1787452389334:122
[   42917ms] [LOG] [LandingPage] IntersectionObserver fired for repo-cinema [Object] @ http://localhost:5173/src/components/landing/LandingPage.jsx?t=1787452389334:119
[   42917ms] [LOG] [LandingPage] Loading section: repo-cinema @ http://localhost:5173/src/components/landing/LandingPage.jsx?t=1787452389334:122
[   42917ms] [LOG] [LandingPage] IntersectionObserver fired for scrolling [Object] @ http://localhost:5173/src/components/landing/LandingPage.jsx?t=1787452389334:119
[   42917ms] [LOG] [LandingPage] Loading section: scrolling @ http://localhost:5173/src/components/landing/LandingPage.jsx?t=1787452389334:122
[   42917ms] [LOG] [LandingPage] IntersectionObserver fired for gallery [Object] @ http://localhost:5173/src/components/landing/LandingPage.jsx?t=1787452389334:119
[   42917ms] [LOG] [LandingPage] Loading section: gallery @ http://localhost:5173/src/components/landing/LandingPage.jsx?t=1787452389334:122
[   42917ms] [LOG] [LandingPage] IntersectionObserver fired for features [Object] @ http://localhost:5173/src/components/landing/LandingPage.jsx?t=1787452389334:119
[   42918ms] [LOG] [LandingPage] Loading section: features @ http://localhost:5173/src/components/landing/LandingPage.jsx?t=1787452389334:122
[   42918ms] [LOG] [LandingPage] IntersectionObserver fired for repo-animated [Object] @ http://localhost:5173/src/components/landing/LandingPage.jsx?t=1787452389334:119
[   42918ms] [LOG] [LandingPage] Loading section: repo-animated @ http://localhost:5173/src/components/landing/LandingPage.jsx?t=1787452389334:122
[   42918ms] [LOG] [LandingPage] IntersectionObserver fired for agency [Object] @ http://localhost:5173/src/components/landing/LandingPage.jsx?t=1787452389334:119
[   42918ms] [LOG] [LandingPage] Loading section: agency @ http://localhost:5173/src/components/landing/LandingPage.jsx?t=1787452389334:122
[   42918ms] [LOG] [LandingPage] IntersectionObserver fired for hook [Object] @ http://localhost:5173/src/components/landing/LandingPage.jsx?t=1787452389334:119
[   42919ms] [LOG] [LandingPage] Loading section: hook @ http://localhost:5173/src/components/landing/LandingPage.jsx?t=1787452389334:122
[   42919ms] [LOG] [LandingPage] IntersectionObserver fired for comparison [Object] @ http://localhost:5173/src/components/landing/LandingPage.jsx?t=1787452389334:119
[   42919ms] [LOG] [LandingPage] Loading section: comparison @ http://localhost:5173/src/components/landing/LandingPage.jsx?t=1787452389334:122
[   42920ms] [LOG] [LandingPage] IntersectionObserver fired for academy [Object] @ http://localhost:5173/src/components/landing/LandingPage.jsx?t=1787452389334:119
[   42920ms] [LOG] [LandingPage] Loading section: academy @ http://localhost:5173/src/components/landing/LandingPage.jsx?t=1787452389334:122
[   42920ms] [LOG] [LandingPage] IntersectionObserver fired for repo-social-ads [Object] @ http://localhost:5173/src/components/landing/LandingPage.jsx?t=1787452389334:119
[   42920ms] [LOG] [LandingPage] Loading section: repo-social-ads @ http://localhost:5173/src/components/landing/LandingPage.jsx?t=1787452389334:122
[   42920ms] [LOG] [LandingPage] IntersectionObserver fired for repo-ecommerce [Object] @ http://localhost:5173/src/components/landing/LandingPage.jsx?t=1787452389334:119
[   42921ms] [LOG] [LandingPage] Loading section: repo-ecommerce @ http://localhost:5173/src/components/landing/LandingPage.jsx?t=1787452389334:122
[   42921ms] [LOG] [LandingPage] IntersectionObserver fired for workflow [Object] @ http://localhost:5173/src/components/landing/LandingPage.jsx?t=1787452389334:119
[   42921ms] [LOG] [LandingPage] Loading section: workflow @ http://localhost:5173/src/components/landing/LandingPage.jsx?t=1787452389334:122
[   42921ms] [LOG] [LandingPage] IntersectionObserver fired for repo-narrative [Object] @ http://localhost:5173/src/components/landing/LandingPage.jsx?t=1787452389334:119
[   42921ms] [LOG] [LandingPage] Loading section: repo-narrative @ http://localhost:5173/src/components/landing/LandingPage.jsx?t=1787452389334:122
[   42921ms] [LOG] [LandingPage] IntersectionObserver fired for repo-vertical [Object] @ http://localhost:5173/src/components/landing/LandingPage.jsx?t=1787452389334:119
[   42921ms] [LOG] [LandingPage] Loading section: repo-vertical @ http://localhost:5173/src/components/landing/LandingPage.jsx?t=1787452389334:122
[   42921ms] [LOG] [LandingPage] IntersectionObserver fired for repo-vfx [Object] @ http://localhost:5173/src/components/landing/LandingPage.jsx?t=1787452389334:119
[   42921ms] [LOG] [LandingPage] Loading section: repo-vfx @ http://localhost:5173/src/components/landing/LandingPage.jsx?t=1787452389334:122
[   42922ms] [LOG] [LandingPage] IntersectionObserver fired for engines [Object] @ http://localhost:5173/src/components/landing/LandingPage.jsx?t=1787452389334:119
[   42922ms] [LOG] [LandingPage] Loading section: engines @ http://localhost:5173/src/components/landing/LandingPage.jsx?t=1787452389334:122
[   43477ms] [LOG] [LandingPage] Section loaded: offer @ http://localhost:5173/src/components/landing/LandingPage.jsx?t=1787452389334:141
[   43479ms] [LOG] [LandingPage] Section loaded: problem @ http://localhost:5173/src/components/landing/LandingPage.jsx?t=1787452389334:141
[   43499ms] [LOG] [LandingPage] Section loaded: cta @ http://localhost:5173/src/components/landing/LandingPage.jsx?t=1787452389334:141
[   43524ms] [LOG] [LandingPage] Section loaded: repos @ http://localhost:5173/src/components/landing/LandingPage.jsx?t=1787452389334:141
[   43683ms] [LOG] [LandingPage] Section loaded: value @ http://localhost:5173/src/components/landing/LandingPage.jsx?t=1787452389334:141
[   43690ms] [LOG] [LandingPage] Section loaded: scrolling @ http://localhost:5173/src/components/landing/LandingPage.jsx?t=1787452389334:141
[   43690ms] [LOG] [LandingPage] Section loaded: features @ http://localhost:5173/src/components/landing/LandingPage.jsx?t=1787452389334:141
[   43691ms] [LOG] [LandingPage] Section loaded: agency @ http://localhost:5173/src/components/landing/LandingPage.jsx?t=1787452389334:141
[   43691ms] [LOG] [LandingPage] Section loaded: hook @ http://localhost:5173/src/components/landing/LandingPage.jsx?t=1787452389334:141
[   43692ms] [LOG] [LandingPage] Section loaded: comparison @ http://localhost:5173/src/components/landing/LandingPage.jsx?t=1787452389334:141
[   43693ms] [LOG] [LandingPage] Section loaded: workflow @ http://localhost:5173/src/components/landing/LandingPage.jsx?t=1787452389334:141
[   43956ms] [LOG] [LandingPage] Section loaded: engines @ http://localhost:5173/src/components/landing/LandingPage.jsx?t=1787452389334:141
[   44212ms] [LOG] [LandingPage] Section loaded: ugc @ http://localhost:5173/src/components/landing/LandingPage.jsx?t=1787452389334:141
[   44225ms] [LOG] [LandingPage] Section loaded: gallery @ http://localhost:5173/src/components/landing/LandingPage.jsx?t=1787452389334:141
[   44237ms] [LOG] [LandingPage] Section loaded: made-with @ http://localhost:5173/src/components/landing/LandingPage.jsx?t=1787452389334:141
[   44240ms] [LOG] [LandingPage] Section loaded: gtm-boost @ http://localhost:5173/src/components/landing/LandingPage.jsx?t=1787452389334:141
[   44370ms] [LOG] [LandingPage] Section loaded: ai-workflow @ http://localhost:5173/src/components/landing/LandingPage.jsx?t=1787452389334:141
[   44386ms] [LOG] [LandingPage] Section loaded: repo-vertical @ http://localhost:5173/src/components/landing/LandingPage.jsx?t=1787452389334:141
[   44533ms] [LOG] [LandingPage] Section loaded: repo-ecommerce @ http://localhost:5173/src/components/landing/LandingPage.jsx?t=1787452389334:141
[   44637ms] [LOG] [LandingPage] Section loaded: repo-animation @ http://localhost:5173/src/components/landing/LandingPage.jsx?t=1787452389334:141
[   44661ms] [LOG] [LandingPage] Section loaded: repo-narrative @ http://localhost:5173/src/components/landing/LandingPage.jsx?t=1787452389334:141
[   44679ms] [LOG] [LandingPage] Section loaded: repo-commercial @ http://localhost:5173/src/components/landing/LandingPage.jsx?t=1787452389334:141
[   44697ms] [LOG] [LandingPage] Section loaded: repo-kinetic @ http://localhost:5173/src/components/landing/LandingPage.jsx?t=1787452389334:141
[   44721ms] [LOG] [LandingPage] Section loaded: repo-vfx @ http://localhost:5173/src/components/landing/LandingPage.jsx?t=1787452389334:141
[   44965ms] [LOG] [LandingPage] Section loaded: repo-animated @ http://localhost:5173/src/components/landing/LandingPage.jsx?t=1787452389334:141
[   44996ms] [LOG] [LandingPage] Section loaded: repo-reference @ http://localhost:5173/src/components/landing/LandingPage.jsx?t=1787452389334:141
[   45043ms] [LOG] [LandingPage] Section loaded: repo-social-ads @ http://localhost:5173/src/components/landing/LandingPage.jsx?t=1787452389334:141
[   45097ms] [LOG] [LandingPage] Section loaded: repo-fashion @ http://localhost:5173/src/components/landing/LandingPage.jsx?t=1787452389334:141
[   45162ms] [LOG] [LandingPage] Section loaded: repo-cinema @ http://localhost:5173/src/components/landing/LandingPage.jsx?t=1787452389334:141
[   45179ms] [LOG] [LandingPage] Section loaded: apps @ http://localhost:5173/src/components/landing/LandingPage.jsx?t=1787452389334:141
[   45207ms] [LOG] [LandingPage] Section loaded: academy @ http://localhost:5173/src/components/landing/LandingPage.jsx?t=1787452389334:141
[   45374ms] [ERROR] [popcorn-init] FAILED at: plugin-image TypeError: Class constructor SortableElement cannot be invoked without 'new'
    at http://localhost:5173/components/modals/RetargetOptInModal.jsx?t=1787452645033:26:22 @ http://localhost:5173/src/lib/popcornInit.js?t=1787452645033:55
[   45377ms] [INFO] %cDownload the React DevTools for a better development experience: https://react.dev/link/react-devtools font-weight:bold @ http://localhost:5173/node_modules/.vite/deps/chunk-EEAUBQDT.js?v=93c1ec86:20096
[   45377ms] [ERROR] [ModalSystem] mount failed TypeError: Class constructor SortableElement cannot be invoked without 'new'
    at http://localhost:5173/components/modals/RetargetOptInModal.jsx?t=1787452645033:26:22 @ http://localhost:5173/src/main.js?t=1787453082587:329
[   45394ms] [ERROR] [popcorn-init] FAILED at: plugin-jsonTransition TypeError: Class constructor SortableElement cannot be invoked without 'new'
    at http://localhost:5173/components/modals/RetargetOptInModal.jsx?t=1787452645033:26:22 @ http://localhost:5173/src/lib/popcornInit.js?t=1787452645033:55
[   45405ms] [ERROR] [popcorn-init] FAILED at: plugin-lottie-json TypeError: Class constructor SortableElement cannot be invoked without 'new'
    at http://localhost:5173/components/modals/RetargetOptInModal.jsx?t=1787452645033:26:22 @ http://localhost:5173/src/lib/popcornInit.js?t=1787452645033:55
[   45419ms] [LOG] [popcorn-init] OK: plugin-json-button @ http://localhost:5173/src/lib/popcornInit.js?t=1787452645033:48
[   45423ms] [ERROR] [popcorn-init] FAILED at: plugin-personalizedImage TypeError: Class constructor SortableElement cannot be invoked without 'new'
    at http://localhost:5173/components/modals/RetargetOptInModal.jsx?t=1787452645033:26:22 @ http://localhost:5173/src/lib/popcornInit.js?t=1787452645033:55
[   45428ms] [ERROR] [popcorn-init] FAILED at: plugin-loopPlugin TypeError: Class constructor SortableElement cannot be invoked without 'new'
    at http://localhost:5173/components/modals/RetargetOptInModal.jsx?t=1787452645033:26:22 @ http://localhost:5173/src/lib/popcornInit.js?t=1787452645033:55
[   45436ms] [ERROR] [popcorn-init] FAILED at: plugin-pausePlugin TypeError: Class constructor SortableElement cannot be invoked without 'new'
    at http://localhost:5173/components/modals/RetargetOptInModal.jsx?t=1787452645033:26:22 @ http://localhost:5173/src/lib/popcornInit.js?t=1787452645033:55
[   45446ms] [ERROR] [popcorn-init] FAILED at: plugin-form TypeError: Class constructor SortableElement cannot be invoked without 'new'
    at http://localhost:5173/components/modals/RetargetOptInModal.jsx?t=1787452645033:26:22 @ http://localhost:5173/src/lib/popcornInit.js?t=1787452645033:55
[   45455ms] [ERROR] [popcorn-init] FAILED at: plugin-retarget TypeError: Class constructor SortableElement cannot be invoked without 'new'
    at http://localhost:5173/components/modals/RetargetOptInModal.jsx?t=1787452645033:26:22 @ http://localhost:5173/src/lib/popcornInit.js?t=1787452645033:55
[   45461ms] [LOG] [popcorn-init] OK: plugin-popup @ http://localhost:5173/src/lib/popcornInit.js?t=1787452645033:48
[   45465ms] [ERROR] [popcorn-init] FAILED at: plugin-sequencer TypeError: Class constructor SortableElement cannot be invoked without 'new'
    at http://localhost:5173/components/modals/RetargetOptInModal.jsx?t=1787452645033:26:22 @ http://localhost:5173/src/lib/popcornInit.js?t=1787452645033:55
[   45471ms] [ERROR] [popcorn-init] FAILED at: plugin-skip TypeError: Class constructor SortableElement cannot be invoked without 'new'
    at http://localhost:5173/components/modals/RetargetOptInModal.jsx?t=1787452645033:26:22 @ http://localhost:5173/src/lib/popcornInit.js?t=1787452645033:55
[   45495ms] [ERROR] [popcorn-init] FAILED at: plugin-text TypeError: Class constructor SortableElement cannot be invoked without 'new'
    at http://localhost:5173/components/modals/RetargetOptInModal.jsx?t=1787452645033:26:22 @ http://localhost:5173/src/lib/popcornInit.js?t=1787452645033:55
[   45503ms] [LOG] [popcorn-init] OK: plugin-social @ http://localhost:5173/src/lib/popcornInit.js?t=1787452645033:48
[   45509ms] [ERROR] [popcorn-init] FAILED at: plugin-jsonAnimation TypeError: Class constructor SortableElement cannot be invoked without 'new'
    at http://localhost:5173/components/modals/RetargetOptInModal.jsx?t=1787452645033:26:22 @ http://localhost:5173/src/lib/popcornInit.js?t=1787452645033:55
[   45519ms] [LOG] [popcorn-init] OK: plugin-videoTransition @ http://localhost:5173/src/lib/popcornInit.js?t=1787452645033:48
[   45526ms] [ERROR] [popcorn-init] FAILED at: plugin-seethroughtext TypeError: Class constructor SortableElement cannot be invoked without 'new'
    at http://localhost:5173/components/modals/RetargetOptInModal.jsx?t=1787452645033:26:22 @ http://localhost:5173/src/lib/popcornInit.js?t=1787452645033:55
[   45528ms] [LOG] [popcorn-init] OK: plugin-wikipedia @ http://localhost:5173/src/lib/popcornInit.js?t=1787452645033:48
[   45533ms] [ERROR] [popcorn-init] FAILED at: plugin-combined TypeError: Class constructor SortableElement cannot be invoked without 'new'
    at http://localhost:5173/components/modals/RetargetOptInModal.jsx?t=1787452645033:26:22 @ http://localhost:5173/src/lib/popcornInit.js?t=1787452645033:55
[   45538ms] [ERROR] [popcorn-init] FAILED at: plugin-background TypeError: Class constructor SortableElement cannot be invoked without 'new'
    at http://localhost:5173/components/modals/RetargetOptInModal.jsx?t=1787452645033:26:22 @ http://localhost:5173/src/lib/popcornInit.js?t=1787452645033:55
[   45538ms] [LOG] [popcorn-init] SUMMARY: 5/20 plugins registered; FAILED: plugin-image, plugin-jsonTransition, plugin-lottie-json, plugin-personalizedImage, plugin-loopPlugin, plugin-pausePlugin, plugin-form, plugin-retarget, plugin-sequencer, plugin-skip, plugin-text, plugin-jsonAnimation, plugin-seethroughtext, plugin-combined, plugin-background @ http://localhost:5173/src/lib/popcornInit.js?t=1787452645033:60
[   45538ms] [LOG] [popcorn] function 5 @ http://localhost:5173/src/main.js?t=1787453082587:4
