[    1828ms] [INFO] %cDownload the React DevTools for a better development experience: https://react.dev/link/react-devtools font-weight:bold @ http://localhost:5173/node_modules/.vite/deps/chunk-EEAUBQDT.js?v=fec69e38:20096
[    1836ms] [LOG] [App] Initialized in 3368.60ms @ http://localhost:5173/src/main.js:164
[    1836ms] [LOG] [App] Navigating to initial page: video @ http://localhost:5173/src/main.js:165
[    1836ms] [INFO] [App] Dev auth bypass active — skipping setup popup. @ http://localhost:5173/src/main.js:176
[    2044ms] [WARNING] Clerk: Clerk has been loaded with development keys. Development instances have strict usage limits and should not be used when deploying your application to production. Learn more: https://clerk.com/docs/deployments/overview @ https://clerk.smartvid.app/npm/@clerk/clerk-js@6/dist/clerk.browser.js:11
[    2132ms] [ERROR] Failed to load resource: the server responded with a status of 400 () @ https://clerk.smartvid.app/v1/environment?__clerk_api_version=2026-05-12&_clerk_js_version=6.29.2&_method=PATCH:0
[    4525ms] [LOG] [popcorn-init] OK: plugin-image @ http://localhost:5173/src/lib/popcornInit.js:48
[    5245ms] [LOG] [popcorn-init] OK: plugin-jsonTransition @ http://localhost:5173/src/lib/popcornInit.js:48
[    5353ms] [LOG] [popcorn-init] OK: plugin-lottie-json @ http://localhost:5173/src/lib/popcornInit.js:48
[    5412ms] [LOG] [popcorn-init] OK: plugin-json-button @ http://localhost:5173/src/lib/popcornInit.js:48
[    5464ms] [LOG] [popcorn-init] OK: plugin-personalizedImage @ http://localhost:5173/src/lib/popcornInit.js:48
[    5483ms] [LOG] [popcorn-init] OK: plugin-loopPlugin @ http://localhost:5173/src/lib/popcornInit.js:48
[    5507ms] [LOG] [popcorn-init] OK: plugin-pausePlugin @ http://localhost:5173/src/lib/popcornInit.js:48
[    5586ms] [LOG] [popcorn-init] OK: plugin-form @ http://localhost:5173/src/lib/popcornInit.js:48
[    5693ms] [LOG] [popcorn-init] OK: plugin-retarget @ http://localhost:5173/src/lib/popcornInit.js:48
[    5732ms] [LOG] [popcorn-init] OK: plugin-popup @ http://localhost:5173/src/lib/popcornInit.js:48
[    5788ms] [LOG] [popcorn-init] OK: plugin-sequencer @ http://localhost:5173/src/lib/popcornInit.js:48
[    5808ms] [LOG] [popcorn-init] OK: plugin-skip @ http://localhost:5173/src/lib/popcornInit.js:48
[    5887ms] [LOG] [popcorn-init] OK: plugin-text @ http://localhost:5173/src/lib/popcornInit.js:48
[    5918ms] [LOG] [popcorn-init] OK: plugin-social @ http://localhost:5173/src/lib/popcornInit.js:48
[    5950ms] [LOG] [popcorn-init] OK: plugin-jsonAnimation @ http://localhost:5173/src/lib/popcornInit.js:48
[    6002ms] [LOG] [popcorn-init] OK: plugin-videoTransition @ http://localhost:5173/src/lib/popcornInit.js:48
[    6032ms] [LOG] [popcorn-init] OK: plugin-seethroughtext @ http://localhost:5173/src/lib/popcornInit.js:48
[    6054ms] [LOG] [popcorn-init] OK: plugin-wikipedia @ http://localhost:5173/src/lib/popcornInit.js:48
[    6077ms] [LOG] [popcorn-init] OK: plugin-combined @ http://localhost:5173/src/lib/popcornInit.js:48
[    6103ms] [LOG] [popcorn-init] OK: plugin-background @ http://localhost:5173/src/lib/popcornInit.js:48
[    6103ms] [LOG] [popcorn-init] SUMMARY: 20/20 plugins registered; all plugins registered @ http://localhost:5173/src/lib/popcornInit.js:60
[    6103ms] [LOG] [popcorn] function 19 @ http://localhost:5173/src/main.js:4
[   52863ms] [LOG] [Analytics] generation_start {model: ai-captions, type: video-tool, endpoint: ai-captions} @ http://localhost:5173/src/lib/analytics.js:36
[   56009ms] [LOG] [Analytics] generation_complete {model: ai-captions, type: video-tool, duration: true, success: true} @ http://localhost:5173/src/lib/analytics.js:36
[   56011ms] [LOG] Captions complete: https://d3adwkbyhxyrtq.cloudfront.net/webassets/videomodels/ai-captions-out.mp4 @ :0
[  226546ms] [LOG] [App] Starting initialization... @ http://localhost:5173/src/main.js?t=1787471619728:19
[  226575ms] [LOG] [popcorn-init] OK: jquery @ http://localhost:5173/src/lib/popcornInit.js:41
[  226591ms] [LOG] [popcorn-init] OK: jquery-textfill @ http://localhost:5173/src/lib/popcornInit.js:48
[  226597ms] [LOG] [popcorn-init] OK: popcorn-core @ http://localhost:5173/src/lib/popcornInit.js:48
[  226598ms] [LOG] [popcorn-init] OK: popcorn-ie8 @ http://localhost:5173/src/lib/popcornInit.js:48
[  226599ms] [LOG] [popcorn-init] OK: wrapper-common @ http://localhost:5173/src/lib/popcornInit.js:48
[  226599ms] [LOG] [popcorn-init] OK: wrapper-html5 @ http://localhost:5173/src/lib/popcornInit.js:48
[  226600ms] [LOG] [popcorn-init] OK: wrapper-vrview @ http://localhost:5173/src/lib/popcornInit.js:48
[  226601ms] [LOG] [popcorn-init] OK: wrapper-adaptive @ http://localhost:5173/src/lib/popcornInit.js:48
[  226603ms] [LOG] [popcorn-init] OK: wrapper-null @ http://localhost:5173/src/lib/popcornInit.js:48
[  226604ms] [LOG] [popcorn-init] OK: wrapper-soundcloud @ http://localhost:5173/src/lib/popcornInit.js:48
[  226605ms] [LOG] [popcorn-init] OK: wrapper-vimeo @ http://localhost:5173/src/lib/popcornInit.js:48
[  226606ms] [LOG] [popcorn-init] OK: wrapper-youtube @ http://localhost:5173/src/lib/popcornInit.js:48
[  226607ms] [LOG] [popcorn-init] OK: wrapper-jwplayer @ http://localhost:5173/src/lib/popcornInit.js:48
[  226607ms] [LOG] [popcorn-init] OK: player-module @ http://localhost:5173/src/lib/popcornInit.js:48
[  227070ms] [INFO] %cDownload the React DevTools for a better development experience: https://react.dev/link/react-devtools font-weight:bold @ http://localhost:5173/node_modules/.vite/deps/chunk-EEAUBQDT.js?v=fec69e38:20096
[  227083ms] [LOG] [App] Initialized in 536.60ms @ http://localhost:5173/src/main.js?t=1787471619728:164
[  227083ms] [LOG] [App] Navigating to initial page: video @ http://localhost:5173/src/main.js?t=1787471619728:165
[  227083ms] [INFO] [App] Dev auth bypass active — skipping setup popup. @ http://localhost:5173/src/main.js?t=1787471619728:176
[  228651ms] [WARNING] Clerk: Clerk has been loaded with development keys. Development instances have strict usage limits and should not be used when deploying your application to production. Learn more: https://clerk.com/docs/deployments/overview @ https://clerk.smartvid.app/npm/@clerk/clerk-js@6/dist/clerk.browser.js:11
[  228812ms] [LOG] [popcorn-init] OK: plugin-image @ http://localhost:5173/src/lib/popcornInit.js:48
[  228834ms] [ERROR] Failed to load resource: the server responded with a status of 400 () @ https://clerk.smartvid.app/v1/environment?__clerk_api_version=2026-05-12&_clerk_js_version=6.29.2&_method=PATCH:0
[  229677ms] [LOG] [popcorn-init] OK: plugin-jsonTransition @ http://localhost:5173/src/lib/popcornInit.js:48
[  229707ms] [LOG] [popcorn-init] OK: plugin-lottie-json @ http://localhost:5173/src/lib/popcornInit.js:48
[  229734ms] [LOG] [popcorn-init] OK: plugin-json-button @ http://localhost:5173/src/lib/popcornInit.js:48
[  229748ms] [LOG] [popcorn-init] OK: plugin-personalizedImage @ http://localhost:5173/src/lib/popcornInit.js:48
[  229757ms] [LOG] [popcorn-init] OK: plugin-loopPlugin @ http://localhost:5173/src/lib/popcornInit.js:48
[  229771ms] [LOG] [popcorn-init] OK: plugin-pausePlugin @ http://localhost:5173/src/lib/popcornInit.js:48
[  229915ms] [LOG] [popcorn-init] OK: plugin-form @ http://localhost:5173/src/lib/popcornInit.js:48
[  229999ms] [LOG] [popcorn-init] OK: plugin-retarget @ http://localhost:5173/src/lib/popcornInit.js:48
[  230031ms] [LOG] [popcorn-init] OK: plugin-popup @ http://localhost:5173/src/lib/popcornInit.js:48
[  230073ms] [LOG] [popcorn-init] OK: plugin-sequencer @ http://localhost:5173/src/lib/popcornInit.js:48
[  230086ms] [LOG] [popcorn-init] OK: plugin-skip @ http://localhost:5173/src/lib/popcornInit.js:48
[  230148ms] [LOG] [popcorn-init] OK: plugin-text @ http://localhost:5173/src/lib/popcornInit.js:48
[  230163ms] [LOG] [popcorn-init] OK: plugin-social @ http://localhost:5173/src/lib/popcornInit.js:48
[  230171ms] [LOG] [popcorn-init] OK: plugin-jsonAnimation @ http://localhost:5173/src/lib/popcornInit.js:48
[  230188ms] [LOG] [popcorn-init] OK: plugin-videoTransition @ http://localhost:5173/src/lib/popcornInit.js:48
[  230198ms] [LOG] [popcorn-init] OK: plugin-seethroughtext @ http://localhost:5173/src/lib/popcornInit.js:48
[  230204ms] [LOG] [popcorn-init] OK: plugin-wikipedia @ http://localhost:5173/src/lib/popcornInit.js:48
[  230213ms] [LOG] [popcorn-init] OK: plugin-combined @ http://localhost:5173/src/lib/popcornInit.js:48
[  230220ms] [LOG] [popcorn-init] OK: plugin-background @ http://localhost:5173/src/lib/popcornInit.js:48
[  230220ms] [LOG] [popcorn-init] SUMMARY: 20/20 plugins registered; all plugins registered @ http://localhost:5173/src/lib/popcornInit.js:60
[  230220ms] [LOG] [popcorn] function 19 @ http://localhost:5173/src/main.js?t=1787471619728:4
[  303778ms] [LOG] [App] Starting initialization... @ http://localhost:5173/src/main.js?t=1787471696761:19
[  303816ms] [LOG] [popcorn-init] OK: jquery @ http://localhost:5173/src/lib/popcornInit.js:41
[  303820ms] [LOG] [popcorn-init] OK: jquery-textfill @ http://localhost:5173/src/lib/popcornInit.js:48
[  303824ms] [LOG] [popcorn-init] OK: popcorn-core @ http://localhost:5173/src/lib/popcornInit.js:48
[  303825ms] [LOG] [popcorn-init] OK: popcorn-ie8 @ http://localhost:5173/src/lib/popcornInit.js:48
[  303826ms] [LOG] [popcorn-init] OK: wrapper-common @ http://localhost:5173/src/lib/popcornInit.js:48
[  303827ms] [LOG] [popcorn-init] OK: wrapper-html5 @ http://localhost:5173/src/lib/popcornInit.js:48
[  303827ms] [LOG] [popcorn-init] OK: wrapper-vrview @ http://localhost:5173/src/lib/popcornInit.js:48
[  303828ms] [LOG] [popcorn-init] OK: wrapper-adaptive @ http://localhost:5173/src/lib/popcornInit.js:48
[  303829ms] [LOG] [popcorn-init] OK: wrapper-null @ http://localhost:5173/src/lib/popcornInit.js:48
[  303829ms] [LOG] [popcorn-init] OK: wrapper-soundcloud @ http://localhost:5173/src/lib/popcornInit.js:48
[  303831ms] [LOG] [popcorn-init] OK: wrapper-vimeo @ http://localhost:5173/src/lib/popcornInit.js:48
[  303832ms] [LOG] [popcorn-init] OK: wrapper-youtube @ http://localhost:5173/src/lib/popcornInit.js:48
[  303833ms] [LOG] [popcorn-init] OK: wrapper-jwplayer @ http://localhost:5173/src/lib/popcornInit.js:48
[  303835ms] [LOG] [popcorn-init] OK: player-module @ http://localhost:5173/src/lib/popcornInit.js:48
[  304242ms] [INFO] %cDownload the React DevTools for a better development experience: https://react.dev/link/react-devtools font-weight:bold @ http://localhost:5173/node_modules/.vite/deps/chunk-EEAUBQDT.js?v=fec69e38:20096
[  304293ms] [LOG] [App] Initialized in 513.50ms @ http://localhost:5173/src/main.js?t=1787471696761:164
[  304293ms] [LOG] [App] Navigating to initial page: video @ http://localhost:5173/src/main.js?t=1787471696761:165
[  304293ms] [INFO] [App] Dev auth bypass active — skipping setup popup. @ http://localhost:5173/src/main.js?t=1787471696761:176
[  305614ms] [LOG] [popcorn-init] OK: plugin-image @ http://localhost:5173/src/lib/popcornInit.js:48
[  305915ms] [WARNING] Clerk: Clerk has been loaded with development keys. Development instances have strict usage limits and should not be used when deploying your application to production. Learn more: https://clerk.com/docs/deployments/overview @ https://clerk.smartvid.app/npm/@clerk/clerk-js@6/dist/clerk.browser.js:11
[  306169ms] [ERROR] Failed to load resource: the server responded with a status of 400 () @ https://clerk.smartvid.app/v1/environment?__clerk_api_version=2026-05-12&_clerk_js_version=6.29.2&_method=PATCH:0
[  306847ms] [LOG] [popcorn-init] OK: plugin-jsonTransition @ http://localhost:5173/src/lib/popcornInit.js:48
[  306865ms] [LOG] [popcorn-init] OK: plugin-lottie-json @ http://localhost:5173/src/lib/popcornInit.js:48
[  307027ms] [LOG] [popcorn-init] OK: plugin-json-button @ http://localhost:5173/src/lib/popcornInit.js:48
[  307040ms] [LOG] [popcorn-init] OK: plugin-personalizedImage @ http://localhost:5173/src/lib/popcornInit.js:48
[  307047ms] [LOG] [popcorn-init] OK: plugin-loopPlugin @ http://localhost:5173/src/lib/popcornInit.js:48
[  307059ms] [LOG] [popcorn-init] OK: plugin-pausePlugin @ http://localhost:5173/src/lib/popcornInit.js:48
[  307089ms] [LOG] [popcorn-init] OK: plugin-form @ http://localhost:5173/src/lib/popcornInit.js:48
[  307112ms] [LOG] [popcorn-init] OK: plugin-retarget @ http://localhost:5173/src/lib/popcornInit.js:48
[  307121ms] [LOG] [popcorn-init] OK: plugin-popup @ http://localhost:5173/src/lib/popcornInit.js:48
[  307133ms] [LOG] [popcorn-init] OK: plugin-sequencer @ http://localhost:5173/src/lib/popcornInit.js:48
[  307142ms] [LOG] [popcorn-init] OK: plugin-skip @ http://localhost:5173/src/lib/popcornInit.js:48
[  307190ms] [LOG] [popcorn-init] OK: plugin-text @ http://localhost:5173/src/lib/popcornInit.js:48
[  307305ms] [LOG] [popcorn-init] OK: plugin-social @ http://localhost:5173/src/lib/popcornInit.js:48
[  307388ms] [LOG] [popcorn-init] OK: plugin-jsonAnimation @ http://localhost:5173/src/lib/popcornInit.js:48
[  307442ms] [LOG] [popcorn-init] OK: plugin-videoTransition @ http://localhost:5173/src/lib/popcornInit.js:48
[  307449ms] [LOG] [popcorn-init] OK: plugin-seethroughtext @ http://localhost:5173/src/lib/popcornInit.js:48
[  307457ms] [LOG] [popcorn-init] OK: plugin-wikipedia @ http://localhost:5173/src/lib/popcornInit.js:48
[  307464ms] [LOG] [popcorn-init] OK: plugin-combined @ http://localhost:5173/src/lib/popcornInit.js:48
[  307483ms] [LOG] [popcorn-init] OK: plugin-background @ http://localhost:5173/src/lib/popcornInit.js:48
[  307483ms] [LOG] [popcorn-init] SUMMARY: 20/20 plugins registered; all plugins registered @ http://localhost:5173/src/lib/popcornInit.js:60
[  307483ms] [LOG] [popcorn] function 19 @ http://localhost:5173/src/main.js?t=1787471696761:4
[  416197ms] [LOG] [App] Starting initialization... @ http://localhost:5173/src/main.js?t=1787471810213:19
[  416237ms] [LOG] [popcorn-init] OK: jquery @ http://localhost:5173/src/lib/popcornInit.js:41
[  416239ms] [LOG] [popcorn-init] OK: jquery-textfill @ http://localhost:5173/src/lib/popcornInit.js:48
[  416241ms] [LOG] [popcorn-init] OK: popcorn-core @ http://localhost:5173/src/lib/popcornInit.js:48
[  416243ms] [LOG] [popcorn-init] OK: popcorn-ie8 @ http://localhost:5173/src/lib/popcornInit.js:48
[  416243ms] [LOG] [popcorn-init] OK: wrapper-common @ http://localhost:5173/src/lib/popcornInit.js:48
[  416244ms] [LOG] [popcorn-init] OK: wrapper-html5 @ http://localhost:5173/src/lib/popcornInit.js:48
[  416244ms] [LOG] [popcorn-init] OK: wrapper-vrview @ http://localhost:5173/src/lib/popcornInit.js:48
[  416245ms] [LOG] [popcorn-init] OK: wrapper-adaptive @ http://localhost:5173/src/lib/popcornInit.js:48
[  416246ms] [LOG] [popcorn-init] OK: wrapper-null @ http://localhost:5173/src/lib/popcornInit.js:48
[  416247ms] [LOG] [popcorn-init] OK: wrapper-soundcloud @ http://localhost:5173/src/lib/popcornInit.js:48
[  416247ms] [LOG] [popcorn-init] OK: wrapper-vimeo @ http://localhost:5173/src/lib/popcornInit.js:48
[  416248ms] [LOG] [popcorn-init] OK: wrapper-youtube @ http://localhost:5173/src/lib/popcornInit.js:48
[  416249ms] [LOG] [popcorn-init] OK: wrapper-jwplayer @ http://localhost:5173/src/lib/popcornInit.js:48
[  416250ms] [LOG] [popcorn-init] OK: player-module @ http://localhost:5173/src/lib/popcornInit.js:48
[  416950ms] [INFO] %cDownload the React DevTools for a better development experience: https://react.dev/link/react-devtools font-weight:bold @ http://localhost:5173/node_modules/.vite/deps/chunk-EEAUBQDT.js?v=fec69e38:20096
[  416962ms] [LOG] [App] Initialized in 765.40ms @ http://localhost:5173/src/main.js?t=1787471810213:164
[  416962ms] [LOG] [App] Navigating to initial page: video @ http://localhost:5173/src/main.js?t=1787471810213:165
[  416963ms] [INFO] [App] Dev auth bypass active — skipping setup popup. @ http://localhost:5173/src/main.js?t=1787471810213:176
[  417619ms] [LOG] [popcorn-init] OK: plugin-image @ http://localhost:5173/src/lib/popcornInit.js:48
[  417764ms] [WARNING] Clerk: Clerk has been loaded with development keys. Development instances have strict usage limits and should not be used when deploying your application to production. Learn more: https://clerk.com/docs/deployments/overview @ https://clerk.smartvid.app/npm/@clerk/clerk-js@6/dist/clerk.browser.js:11
[  418000ms] [ERROR] Failed to load resource: the server responded with a status of 400 () @ https://clerk.smartvid.app/v1/environment?__clerk_api_version=2026-05-12&_clerk_js_version=6.29.2&_method=PATCH:0
[  418554ms] [LOG] [popcorn-init] OK: plugin-jsonTransition @ http://localhost:5173/src/lib/popcornInit.js:48
[  418621ms] [LOG] [popcorn-init] OK: plugin-lottie-json @ http://localhost:5173/src/lib/popcornInit.js:48
[  418650ms] [LOG] [popcorn-init] OK: plugin-json-button @ http://localhost:5173/src/lib/popcornInit.js:48
[  418665ms] [LOG] [popcorn-init] OK: plugin-personalizedImage @ http://localhost:5173/src/lib/popcornInit.js:48
[  418678ms] [LOG] [popcorn-init] OK: plugin-loopPlugin @ http://localhost:5173/src/lib/popcornInit.js:48
[  418687ms] [LOG] [popcorn-init] OK: plugin-pausePlugin @ http://localhost:5173/src/lib/popcornInit.js:48
[  418723ms] [LOG] [popcorn-init] OK: plugin-form @ http://localhost:5173/src/lib/popcornInit.js:48
[  418744ms] [LOG] [popcorn-init] OK: plugin-retarget @ http://localhost:5173/src/lib/popcornInit.js:48
[  418750ms] [LOG] [popcorn-init] OK: plugin-popup @ http://localhost:5173/src/lib/popcornInit.js:48
[  418760ms] [LOG] [popcorn-init] OK: plugin-sequencer @ http://localhost:5173/src/lib/popcornInit.js:48
[  418769ms] [LOG] [popcorn-init] OK: plugin-skip @ http://localhost:5173/src/lib/popcornInit.js:48
[  418816ms] [LOG] [popcorn-init] OK: plugin-text @ http://localhost:5173/src/lib/popcornInit.js:48
[  418832ms] [LOG] [popcorn-init] OK: plugin-social @ http://localhost:5173/src/lib/popcornInit.js:48
[  418839ms] [LOG] [popcorn-init] OK: plugin-jsonAnimation @ http://localhost:5173/src/lib/popcornInit.js:48
[  418863ms] [LOG] [popcorn-init] OK: plugin-videoTransition @ http://localhost:5173/src/lib/popcornInit.js:48
[  418871ms] [LOG] [popcorn-init] OK: plugin-seethroughtext @ http://localhost:5173/src/lib/popcornInit.js:48
[  418882ms] [LOG] [popcorn-init] OK: plugin-wikipedia @ http://localhost:5173/src/lib/popcornInit.js:48
[  418889ms] [LOG] [popcorn-init] OK: plugin-combined @ http://localhost:5173/src/lib/popcornInit.js:48
[  418901ms] [LOG] [popcorn-init] OK: plugin-background @ http://localhost:5173/src/lib/popcornInit.js:48
[  418902ms] [LOG] [popcorn-init] SUMMARY: 20/20 plugins registered; all plugins registered @ http://localhost:5173/src/lib/popcornInit.js:60
[  418902ms] [LOG] [popcorn] function 19 @ http://localhost:5173/src/main.js?t=1787471810213:4
[  466021ms] [LOG] [App] Starting initialization... @ http://localhost:5173/src/main.js?t=1787471860299:19
[  466063ms] [LOG] [popcorn-init] OK: jquery @ http://localhost:5173/src/lib/popcornInit.js:41
[  466065ms] [LOG] [popcorn-init] OK: jquery-textfill @ http://localhost:5173/src/lib/popcornInit.js:48
[  466069ms] [LOG] [popcorn-init] OK: popcorn-core @ http://localhost:5173/src/lib/popcornInit.js:48
[  466071ms] [LOG] [popcorn-init] OK: popcorn-ie8 @ http://localhost:5173/src/lib/popcornInit.js:48
[  466072ms] [LOG] [popcorn-init] OK: wrapper-common @ http://localhost:5173/src/lib/popcornInit.js:48
[  466072ms] [LOG] [popcorn-init] OK: wrapper-html5 @ http://localhost:5173/src/lib/popcornInit.js:48
[  466073ms] [LOG] [popcorn-init] OK: wrapper-vrview @ http://localhost:5173/src/lib/popcornInit.js:48
[  466073ms] [LOG] [popcorn-init] OK: wrapper-adaptive @ http://localhost:5173/src/lib/popcornInit.js:48
[  466073ms] [LOG] [popcorn-init] OK: wrapper-null @ http://localhost:5173/src/lib/popcornInit.js:48
[  466074ms] [LOG] [popcorn-init] OK: wrapper-soundcloud @ http://localhost:5173/src/lib/popcornInit.js:48
[  466075ms] [LOG] [popcorn-init] OK: wrapper-vimeo @ http://localhost:5173/src/lib/popcornInit.js:48
[  466075ms] [LOG] [popcorn-init] OK: wrapper-youtube @ http://localhost:5173/src/lib/popcornInit.js:48
[  466075ms] [LOG] [popcorn-init] OK: wrapper-jwplayer @ http://localhost:5173/src/lib/popcornInit.js:48
[  466077ms] [LOG] [popcorn-init] OK: player-module @ http://localhost:5173/src/lib/popcornInit.js:48
[  466343ms] [INFO] %cDownload the React DevTools for a better development experience: https://react.dev/link/react-devtools font-weight:bold @ http://localhost:5173/node_modules/.vite/deps/chunk-EEAUBQDT.js?v=fec69e38:20096
[  466351ms] [LOG] [App] Initialized in 329.00ms @ http://localhost:5173/src/main.js?t=1787471860299:164
[  466351ms] [LOG] [App] Navigating to initial page: video @ http://localhost:5173/src/main.js?t=1787471860299:165
[  466351ms] [INFO] [App] Dev auth bypass active — skipping setup popup. @ http://localhost:5173/src/main.js?t=1787471860299:176
[  467147ms] [WARNING] Clerk: Clerk has been loaded with development keys. Development instances have strict usage limits and should not be used when deploying your application to production. Learn more: https://clerk.com/docs/deployments/overview @ https://clerk.smartvid.app/npm/@clerk/clerk-js@6/dist/clerk.browser.js:11
[  467226ms] [LOG] [popcorn-init] OK: plugin-image @ http://localhost:5173/src/lib/popcornInit.js:48
[  467322ms] [ERROR] Failed to load resource: the server responded with a status of 400 () @ https://clerk.smartvid.app/v1/environment?__clerk_api_version=2026-05-12&_clerk_js_version=6.29.2&_method=PATCH:0
[  467599ms] [LOG] [popcorn-init] OK: plugin-jsonTransition @ http://localhost:5173/src/lib/popcornInit.js:48
[  467610ms] [LOG] [popcorn-init] OK: plugin-lottie-json @ http://localhost:5173/src/lib/popcornInit.js:48
[  467627ms] [LOG] [popcorn-init] OK: plugin-json-button @ http://localhost:5173/src/lib/popcornInit.js:48
[  467642ms] [LOG] [popcorn-init] OK: plugin-personalizedImage @ http://localhost:5173/src/lib/popcornInit.js:48
[  467651ms] [LOG] [popcorn-init] OK: plugin-loopPlugin @ http://localhost:5173/src/lib/popcornInit.js:48
[  467661ms] [LOG] [popcorn-init] OK: plugin-pausePlugin @ http://localhost:5173/src/lib/popcornInit.js:48
[  467671ms] [LOG] [popcorn-init] OK: plugin-form @ http://localhost:5173/src/lib/popcornInit.js:48
[  467684ms] [LOG] [popcorn-init] OK: plugin-retarget @ http://localhost:5173/src/lib/popcornInit.js:48
[  467700ms] [LOG] [popcorn-init] OK: plugin-popup @ http://localhost:5173/src/lib/popcornInit.js:48
[  467709ms] [LOG] [popcorn-init] OK: plugin-sequencer @ http://localhost:5173/src/lib/popcornInit.js:48
[  467715ms] [LOG] [popcorn-init] OK: plugin-skip @ http://localhost:5173/src/lib/popcornInit.js:48
[  467740ms] [LOG] [popcorn-init] OK: plugin-text @ http://localhost:5173/src/lib/popcornInit.js:48
[  467756ms] [LOG] [popcorn-init] OK: plugin-social @ http://localhost:5173/src/lib/popcornInit.js:48
[  467764ms] [LOG] [popcorn-init] OK: plugin-jsonAnimation @ http://localhost:5173/src/lib/popcornInit.js:48
[  467782ms] [LOG] [popcorn-init] OK: plugin-videoTransition @ http://localhost:5173/src/lib/popcornInit.js:48
[  467789ms] [LOG] [popcorn-init] OK: plugin-seethroughtext @ http://localhost:5173/src/lib/popcornInit.js:48
[  467795ms] [LOG] [popcorn-init] OK: plugin-wikipedia @ http://localhost:5173/src/lib/popcornInit.js:48
[  467800ms] [LOG] [popcorn-init] OK: plugin-combined @ http://localhost:5173/src/lib/popcornInit.js:48
[  467810ms] [LOG] [popcorn-init] OK: plugin-background @ http://localhost:5173/src/lib/popcornInit.js:48
[  467810ms] [LOG] [popcorn-init] SUMMARY: 20/20 plugins registered; all plugins registered @ http://localhost:5173/src/lib/popcornInit.js:60
[  467810ms] [LOG] [popcorn] function 19 @ http://localhost:5173/src/main.js?t=1787471860299:4
[  472751ms] [LOG] [App] Starting initialization... @ http://localhost:5173/src/main.js?t=1787471868038:19
[  472764ms] [LOG] [popcorn-init] OK: jquery @ http://localhost:5173/src/lib/popcornInit.js:41
[  472764ms] [LOG] [popcorn-init] OK: jquery-textfill @ http://localhost:5173/src/lib/popcornInit.js:48
[  472766ms] [LOG] [popcorn-init] OK: popcorn-core @ http://localhost:5173/src/lib/popcornInit.js:48
[  472767ms] [LOG] [popcorn-init] OK: popcorn-ie8 @ http://localhost:5173/src/lib/popcornInit.js:48
[  472768ms] [LOG] [popcorn-init] OK: wrapper-common @ http://localhost:5173/src/lib/popcornInit.js:48
[  472769ms] [LOG] [popcorn-init] OK: wrapper-html5 @ http://localhost:5173/src/lib/popcornInit.js:48
[  472770ms] [LOG] [popcorn-init] OK: wrapper-vrview @ http://localhost:5173/src/lib/popcornInit.js:48
[  472770ms] [LOG] [popcorn-init] OK: wrapper-adaptive @ http://localhost:5173/src/lib/popcornInit.js:48
[  472770ms] [LOG] [popcorn-init] OK: wrapper-null @ http://localhost:5173/src/lib/popcornInit.js:48
[  472771ms] [LOG] [popcorn-init] OK: wrapper-soundcloud @ http://localhost:5173/src/lib/popcornInit.js:48
[  472771ms] [LOG] [popcorn-init] OK: wrapper-vimeo @ http://localhost:5173/src/lib/popcornInit.js:48
[  472771ms] [LOG] [popcorn-init] OK: wrapper-youtube @ http://localhost:5173/src/lib/popcornInit.js:48
[  472772ms] [LOG] [popcorn-init] OK: wrapper-jwplayer @ http://localhost:5173/src/lib/popcornInit.js:48
[  472772ms] [LOG] [popcorn-init] OK: player-module @ http://localhost:5173/src/lib/popcornInit.js:48
[  472955ms] [INFO] %cDownload the React DevTools for a better development experience: https://react.dev/link/react-devtools font-weight:bold @ http://localhost:5173/node_modules/.vite/deps/chunk-EEAUBQDT.js?v=fec69e38:20096
[  472958ms] [LOG] [App] Initialized in 206.90ms @ http://localhost:5173/src/main.js?t=1787471868038:164
[  472958ms] [LOG] [App] Navigating to initial page: video @ http://localhost:5173/src/main.js?t=1787471868038:165
[  472959ms] [INFO] [App] Dev auth bypass active — skipping setup popup. @ http://localhost:5173/src/main.js?t=1787471868038:176
[  474133ms] [LOG] [popcorn-init] OK: plugin-image @ http://localhost:5173/src/lib/popcornInit.js:48
[  474183ms] [WARNING] Clerk: Clerk has been loaded with development keys. Development instances have strict usage limits and should not be used when deploying your application to production. Learn more: https://clerk.com/docs/deployments/overview @ https://clerk.smartvid.app/npm/@clerk/clerk-js@6/dist/clerk.browser.js:11
[  474431ms] [ERROR] Failed to load resource: the server responded with a status of 400 () @ https://clerk.smartvid.app/v1/environment?__clerk_api_version=2026-05-12&_clerk_js_version=6.29.2&_method=PATCH:0
[  474907ms] [LOG] [popcorn-init] OK: plugin-jsonTransition @ http://localhost:5173/src/lib/popcornInit.js:48
[  474932ms] [LOG] [popcorn-init] OK: plugin-lottie-json @ http://localhost:5173/src/lib/popcornInit.js:48
[  474955ms] [LOG] [popcorn-init] OK: plugin-json-button @ http://localhost:5173/src/lib/popcornInit.js:48
[  474962ms] [LOG] [popcorn-init] OK: plugin-personalizedImage @ http://localhost:5173/src/lib/popcornInit.js:48
[  474970ms] [LOG] [popcorn-init] OK: plugin-loopPlugin @ http://localhost:5173/src/lib/popcornInit.js:48
[  474979ms] [LOG] [popcorn-init] OK: plugin-pausePlugin @ http://localhost:5173/src/lib/popcornInit.js:48
[  474995ms] [LOG] [popcorn-init] OK: plugin-form @ http://localhost:5173/src/lib/popcornInit.js:48
[  475015ms] [LOG] [popcorn-init] OK: plugin-retarget @ http://localhost:5173/src/lib/popcornInit.js:48
[  475020ms] [LOG] [popcorn-init] OK: plugin-popup @ http://localhost:5173/src/lib/popcornInit.js:48
[  475032ms] [LOG] [popcorn-init] OK: plugin-sequencer @ http://localhost:5173/src/lib/popcornInit.js:48
[  475046ms] [LOG] [popcorn-init] OK: plugin-skip @ http://localhost:5173/src/lib/popcornInit.js:48
[  475079ms] [LOG] [popcorn-init] OK: plugin-text @ http://localhost:5173/src/lib/popcornInit.js:48
[  475099ms] [LOG] [popcorn-init] OK: plugin-social @ http://localhost:5173/src/lib/popcornInit.js:48
[  475117ms] [LOG] [popcorn-init] OK: plugin-jsonAnimation @ http://localhost:5173/src/lib/popcornInit.js:48
[  475143ms] [LOG] [popcorn-init] OK: plugin-videoTransition @ http://localhost:5173/src/lib/popcornInit.js:48
[  475150ms] [LOG] [popcorn-init] OK: plugin-seethroughtext @ http://localhost:5173/src/lib/popcornInit.js:48
[  475156ms] [LOG] [popcorn-init] OK: plugin-wikipedia @ http://localhost:5173/src/lib/popcornInit.js:48
[  475164ms] [LOG] [popcorn-init] OK: plugin-combined @ http://localhost:5173/src/lib/popcornInit.js:48
[  475178ms] [LOG] [popcorn-init] OK: plugin-background @ http://localhost:5173/src/lib/popcornInit.js:48
[  475180ms] [LOG] [popcorn-init] SUMMARY: 20/20 plugins registered; all plugins registered @ http://localhost:5173/src/lib/popcornInit.js:60
[  475183ms] [LOG] [popcorn] function 19 @ http://localhost:5173/src/main.js?t=1787471868038:4
[  480949ms] [LOG] [App] Starting initialization... @ http://localhost:5173/src/main.js?t=1787471875995:19
[  480965ms] [LOG] [popcorn-init] OK: jquery @ http://localhost:5173/src/lib/popcornInit.js:41
[  480967ms] [LOG] [popcorn-init] OK: jquery-textfill @ http://localhost:5173/src/lib/popcornInit.js:48
[  480971ms] [LOG] [popcorn-init] OK: popcorn-core @ http://localhost:5173/src/lib/popcornInit.js:48
[  480974ms] [LOG] [popcorn-init] OK: popcorn-ie8 @ http://localhost:5173/src/lib/popcornInit.js:48
[  480974ms] [LOG] [popcorn-init] OK: wrapper-common @ http://localhost:5173/src/lib/popcornInit.js:48
[  480975ms] [LOG] [popcorn-init] OK: wrapper-html5 @ http://localhost:5173/src/lib/popcornInit.js:48
[  480975ms] [LOG] [popcorn-init] OK: wrapper-vrview @ http://localhost:5173/src/lib/popcornInit.js:48
[  480976ms] [LOG] [popcorn-init] OK: wrapper-adaptive @ http://localhost:5173/src/lib/popcornInit.js:48
[  480976ms] [LOG] [popcorn-init] OK: wrapper-null @ http://localhost:5173/src/lib/popcornInit.js:48
[  480977ms] [LOG] [popcorn-init] OK: wrapper-soundcloud @ http://localhost:5173/src/lib/popcornInit.js:48
[  480977ms] [LOG] [popcorn-init] OK: wrapper-vimeo @ http://localhost:5173/src/lib/popcornInit.js:48
[  480978ms] [LOG] [popcorn-init] OK: wrapper-youtube @ http://localhost:5173/src/lib/popcornInit.js:48
[  480978ms] [LOG] [popcorn-init] OK: wrapper-jwplayer @ http://localhost:5173/src/lib/popcornInit.js:48
[  480978ms] [LOG] [popcorn-init] OK: player-module @ http://localhost:5173/src/lib/popcornInit.js:48
[  481270ms] [INFO] %cDownload the React DevTools for a better development experience: https://react.dev/link/react-devtools font-weight:bold @ http://localhost:5173/node_modules/.vite/deps/chunk-EEAUBQDT.js?v=fec69e38:20096
[  481273ms] [LOG] [App] Initialized in 323.80ms @ http://localhost:5173/src/main.js?t=1787471875995:164
[  481273ms] [LOG] [App] Navigating to initial page: video @ http://localhost:5173/src/main.js?t=1787471875995:165
[  481274ms] [INFO] [App] Dev auth bypass active — skipping setup popup. @ http://localhost:5173/src/main.js?t=1787471875995:176
[  482273ms] [LOG] [popcorn-init] OK: plugin-image @ http://localhost:5173/src/lib/popcornInit.js:48
[  482402ms] [WARNING] Clerk: Clerk has been loaded with development keys. Development instances have strict usage limits and should not be used when deploying your application to production. Learn more: https://clerk.com/docs/deployments/overview @ https://clerk.smartvid.app/npm/@clerk/clerk-js@6/dist/clerk.browser.js:11
[  482510ms] [ERROR] Failed to load resource: the server responded with a status of 400 () @ https://clerk.smartvid.app/v1/environment?__clerk_api_version=2026-05-12&_clerk_js_version=6.29.2&_method=PATCH:0
[  482607ms] [LOG] [popcorn-init] OK: plugin-jsonTransition @ http://localhost:5173/src/lib/popcornInit.js:48
[  482621ms] [LOG] [popcorn-init] OK: plugin-lottie-json @ http://localhost:5173/src/lib/popcornInit.js:48
[  482644ms] [LOG] [popcorn-init] OK: plugin-json-button @ http://localhost:5173/src/lib/popcornInit.js:48
[  482655ms] [LOG] [popcorn-init] OK: plugin-personalizedImage @ http://localhost:5173/src/lib/popcornInit.js:48
[  482661ms] [LOG] [popcorn-init] OK: plugin-loopPlugin @ http://localhost:5173/src/lib/popcornInit.js:48
[  482671ms] [LOG] [popcorn-init] OK: plugin-pausePlugin @ http://localhost:5173/src/lib/popcornInit.js:48
[  482681ms] [LOG] [popcorn-init] OK: plugin-form @ http://localhost:5173/src/lib/popcornInit.js:48
[  482692ms] [LOG] [popcorn-init] OK: plugin-retarget @ http://localhost:5173/src/lib/popcornInit.js:48
[  482697ms] [LOG] [popcorn-init] OK: plugin-popup @ http://localhost:5173/src/lib/popcornInit.js:48
[  482702ms] [LOG] [popcorn-init] OK: plugin-sequencer @ http://localhost:5173/src/lib/popcornInit.js:48
[  482707ms] [LOG] [popcorn-init] OK: plugin-skip @ http://localhost:5173/src/lib/popcornInit.js:48
[  482725ms] [LOG] [popcorn-init] OK: plugin-text @ http://localhost:5173/src/lib/popcornInit.js:48
[  482732ms] [LOG] [popcorn-init] OK: plugin-social @ http://localhost:5173/src/lib/popcornInit.js:48
[  482740ms] [LOG] [popcorn-init] OK: plugin-jsonAnimation @ http://localhost:5173/src/lib/popcornInit.js:48
[  482748ms] [LOG] [popcorn-init] OK: plugin-videoTransition @ http://localhost:5173/src/lib/popcornInit.js:48
[  482753ms] [LOG] [popcorn-init] OK: plugin-seethroughtext @ http://localhost:5173/src/lib/popcornInit.js:48
[  482756ms] [LOG] [popcorn-init] OK: plugin-wikipedia @ http://localhost:5173/src/lib/popcornInit.js:48
[  482761ms] [LOG] [popcorn-init] OK: plugin-combined @ http://localhost:5173/src/lib/popcornInit.js:48
[  482766ms] [LOG] [popcorn-init] OK: plugin-background @ http://localhost:5173/src/lib/popcornInit.js:48
[  482766ms] [LOG] [popcorn-init] SUMMARY: 20/20 plugins registered; all plugins registered @ http://localhost:5173/src/lib/popcornInit.js:60
[  482766ms] [LOG] [popcorn] function 19 @ http://localhost:5173/src/main.js?t=1787471875995:4
[  580953ms] [LOG] [App] Starting initialization... @ http://localhost:5173/src/main.js?t=1787471975101:19
[  580988ms] [LOG] [popcorn-init] OK: jquery @ http://localhost:5173/src/lib/popcornInit.js:41
[  580991ms] [LOG] [popcorn-init] OK: jquery-textfill @ http://localhost:5173/src/lib/popcornInit.js:48
[  580995ms] [LOG] [popcorn-init] OK: popcorn-core @ http://localhost:5173/src/lib/popcornInit.js:48
[  580996ms] [LOG] [popcorn-init] OK: popcorn-ie8 @ http://localhost:5173/src/lib/popcornInit.js:48
[  580997ms] [LOG] [popcorn-init] OK: wrapper-common @ http://localhost:5173/src/lib/popcornInit.js:48
[  580998ms] [LOG] [popcorn-init] OK: wrapper-html5 @ http://localhost:5173/src/lib/popcornInit.js:48
[  580999ms] [LOG] [popcorn-init] OK: wrapper-vrview @ http://localhost:5173/src/lib/popcornInit.js:48
[  580999ms] [LOG] [popcorn-init] OK: wrapper-adaptive @ http://localhost:5173/src/lib/popcornInit.js:48
[  581003ms] [LOG] [popcorn-init] OK: wrapper-null @ http://localhost:5173/src/lib/popcornInit.js:48
[  581004ms] [LOG] [popcorn-init] OK: wrapper-soundcloud @ http://localhost:5173/src/lib/popcornInit.js:48
[  581032ms] [LOG] [popcorn-init] OK: wrapper-vimeo @ http://localhost:5173/src/lib/popcornInit.js:48
[  581040ms] [LOG] [popcorn-init] OK: wrapper-youtube @ http://localhost:5173/src/lib/popcornInit.js:48
[  581052ms] [LOG] [popcorn-init] OK: wrapper-jwplayer @ http://localhost:5173/src/lib/popcornInit.js:48
[  581152ms] [LOG] [popcorn-init] OK: player-module @ http://localhost:5173/src/lib/popcornInit.js:48
[  581339ms] [INFO] %cDownload the React DevTools for a better development experience: https://react.dev/link/react-devtools font-weight:bold @ http://localhost:5173/node_modules/.vite/deps/chunk-EEAUBQDT.js?v=fec69e38:20096
[  581350ms] [LOG] [App] Initialized in 395.40ms @ http://localhost:5173/src/main.js?t=1787471975101:164
[  581350ms] [LOG] [App] Navigating to initial page: video @ http://localhost:5173/src/main.js?t=1787471975101:165
[  581350ms] [INFO] [App] Dev auth bypass active — skipping setup popup. @ http://localhost:5173/src/main.js?t=1787471975101:176
[  582687ms] [LOG] [popcorn-init] OK: plugin-image @ http://localhost:5173/src/lib/popcornInit.js:48
[  582693ms] [WARNING] Clerk: Clerk has been loaded with development keys. Development instances have strict usage limits and should not be used when deploying your application to production. Learn more: https://clerk.com/docs/deployments/overview @ https://clerk.smartvid.app/npm/@clerk/clerk-js@6/dist/clerk.browser.js:11
[  582816ms] [ERROR] Failed to load resource: the server responded with a status of 400 () @ https://clerk.smartvid.app/v1/environment?__clerk_api_version=2026-05-12&_clerk_js_version=6.29.2&_method=PATCH:0
[  583243ms] [LOG] [popcorn-init] OK: plugin-jsonTransition @ http://localhost:5173/src/lib/popcornInit.js:48
[  583366ms] [LOG] [popcorn-init] OK: plugin-lottie-json @ http://localhost:5173/src/lib/popcornInit.js:48
[  583385ms] [LOG] [popcorn-init] OK: plugin-json-button @ http://localhost:5173/src/lib/popcornInit.js:48
[  583414ms] [LOG] [popcorn-init] OK: plugin-personalizedImage @ http://localhost:5173/src/lib/popcornInit.js:48
[  583423ms] [LOG] [popcorn-init] OK: plugin-loopPlugin @ http://localhost:5173/src/lib/popcornInit.js:48
[  583440ms] [LOG] [popcorn-init] OK: plugin-pausePlugin @ http://localhost:5173/src/lib/popcornInit.js:48
[  583468ms] [LOG] [popcorn-init] OK: plugin-form @ http://localhost:5173/src/lib/popcornInit.js:48
[  583501ms] [LOG] [popcorn-init] OK: plugin-retarget @ http://localhost:5173/src/lib/popcornInit.js:48
[  583507ms] [LOG] [popcorn-init] OK: plugin-popup @ http://localhost:5173/src/lib/popcornInit.js:48
[  583521ms] [LOG] [popcorn-init] OK: plugin-sequencer @ http://localhost:5173/src/lib/popcornInit.js:48
[  583533ms] [LOG] [popcorn-init] OK: plugin-skip @ http://localhost:5173/src/lib/popcornInit.js:48
[  583564ms] [LOG] [popcorn-init] OK: plugin-text @ http://localhost:5173/src/lib/popcornInit.js:48
[  583577ms] [LOG] [popcorn-init] OK: plugin-social @ http://localhost:5173/src/lib/popcornInit.js:48
[  583584ms] [LOG] [popcorn-init] OK: plugin-jsonAnimation @ http://localhost:5173/src/lib/popcornInit.js:48
[  583603ms] [LOG] [popcorn-init] OK: plugin-videoTransition @ http://localhost:5173/src/lib/popcornInit.js:48
[  583614ms] [LOG] [popcorn-init] OK: plugin-seethroughtext @ http://localhost:5173/src/lib/popcornInit.js:48
[  583620ms] [LOG] [popcorn-init] OK: plugin-wikipedia @ http://localhost:5173/src/lib/popcornInit.js:48
[  583632ms] [LOG] [popcorn-init] OK: plugin-combined @ http://localhost:5173/src/lib/popcornInit.js:48
[  583653ms] [LOG] [popcorn-init] OK: plugin-background @ http://localhost:5173/src/lib/popcornInit.js:48
[  583654ms] [LOG] [popcorn-init] SUMMARY: 20/20 plugins registered; all plugins registered @ http://localhost:5173/src/lib/popcornInit.js:60
[  583667ms] [LOG] [popcorn] function 19 @ http://localhost:5173/src/main.js?t=1787471975101:4
[  692822ms] [LOG] [App] Starting initialization... @ http://localhost:5173/src/main.js?t=1787472085879:19
[  692850ms] [LOG] [popcorn-init] OK: jquery @ http://localhost:5173/src/lib/popcornInit.js:41
[  692851ms] [LOG] [popcorn-init] OK: jquery-textfill @ http://localhost:5173/src/lib/popcornInit.js:48
[  692853ms] [LOG] [popcorn-init] OK: popcorn-core @ http://localhost:5173/src/lib/popcornInit.js:48
[  692854ms] [LOG] [popcorn-init] OK: popcorn-ie8 @ http://localhost:5173/src/lib/popcornInit.js:48
[  692855ms] [LOG] [popcorn-init] OK: wrapper-common @ http://localhost:5173/src/lib/popcornInit.js:48
[  692856ms] [LOG] [popcorn-init] OK: wrapper-html5 @ http://localhost:5173/src/lib/popcornInit.js:48
[  692857ms] [LOG] [popcorn-init] OK: wrapper-vrview @ http://localhost:5173/src/lib/popcornInit.js:48
[  692857ms] [LOG] [popcorn-init] OK: wrapper-adaptive @ http://localhost:5173/src/lib/popcornInit.js:48
[  692858ms] [LOG] [popcorn-init] OK: wrapper-null @ http://localhost:5173/src/lib/popcornInit.js:48
[  692858ms] [LOG] [popcorn-init] OK: wrapper-soundcloud @ http://localhost:5173/src/lib/popcornInit.js:48
[  692859ms] [LOG] [popcorn-init] OK: wrapper-vimeo @ http://localhost:5173/src/lib/popcornInit.js:48
[  692859ms] [LOG] [popcorn-init] OK: wrapper-youtube @ http://localhost:5173/src/lib/popcornInit.js:48
[  692860ms] [LOG] [popcorn-init] OK: wrapper-jwplayer @ http://localhost:5173/src/lib/popcornInit.js:48
[  692860ms] [LOG] [popcorn-init] OK: player-module @ http://localhost:5173/src/lib/popcornInit.js:48
[  695531ms] [INFO] %cDownload the React DevTools for a better development experience: https://react.dev/link/react-devtools font-weight:bold @ http://localhost:5173/node_modules/.vite/deps/chunk-EEAUBQDT.js?v=fec69e38:20096
[  695544ms] [LOG] [App] Initialized in 2721.70ms @ http://localhost:5173/src/main.js?t=1787472085879:164
[  695544ms] [LOG] [App] Navigating to initial page: video @ http://localhost:5173/src/main.js?t=1787472085879:165
[  695544ms] [INFO] [App] Dev auth bypass active — skipping setup popup. @ http://localhost:5173/src/main.js?t=1787472085879:176
[  695749ms] [WARNING] Clerk: Clerk has been loaded with development keys. Development instances have strict usage limits and should not be used when deploying your application to production. Learn more: https://clerk.com/docs/deployments/overview @ https://clerk.smartvid.app/npm/@clerk/clerk-js@6/dist/clerk.browser.js:11
[  695823ms] [ERROR] Failed to load resource: the server responded with a status of 400 () @ https://clerk.smartvid.app/v1/environment?__clerk_api_version=2026-05-12&_clerk_js_version=6.29.2&_method=PATCH:0
[  698433ms] [LOG] [popcorn-init] OK: plugin-image @ http://localhost:5173/src/lib/popcornInit.js:48
[  699196ms] [LOG] [popcorn-init] OK: plugin-jsonTransition @ http://localhost:5173/src/lib/popcornInit.js:48
[  699416ms] [LOG] [popcorn-init] OK: plugin-lottie-json @ http://localhost:5173/src/lib/popcornInit.js:48
[  699492ms] [LOG] [popcorn-init] OK: plugin-json-button @ http://localhost:5173/src/lib/popcornInit.js:48
[  699553ms] [LOG] [popcorn-init] OK: plugin-personalizedImage @ http://localhost:5173/src/lib/popcornInit.js:48
[  699573ms] [LOG] [popcorn-init] OK: plugin-loopPlugin @ http://localhost:5173/src/lib/popcornInit.js:48
[  699601ms] [LOG] [popcorn-init] OK: plugin-pausePlugin @ http://localhost:5173/src/lib/popcornInit.js:48
[  699685ms] [LOG] [popcorn-init] OK: plugin-form @ http://localhost:5173/src/lib/popcornInit.js:48
[  699769ms] [LOG] [popcorn-init] OK: plugin-retarget @ http://localhost:5173/src/lib/popcornInit.js:48
[  699810ms] [LOG] [popcorn-init] OK: plugin-popup @ http://localhost:5173/src/lib/popcornInit.js:48
[  699879ms] [LOG] [popcorn-init] OK: plugin-sequencer @ http://localhost:5173/src/lib/popcornInit.js:48
[  699898ms] [LOG] [popcorn-init] OK: plugin-skip @ http://localhost:5173/src/lib/popcornInit.js:48
[  700086ms] [LOG] [popcorn-init] OK: plugin-text @ http://localhost:5173/src/lib/popcornInit.js:48
[  700213ms] [LOG] [popcorn-init] OK: plugin-social @ http://localhost:5173/src/lib/popcornInit.js:48
[  700261ms] [LOG] [popcorn-init] OK: plugin-jsonAnimation @ http://localhost:5173/src/lib/popcornInit.js:48
[  700332ms] [LOG] [popcorn-init] OK: plugin-videoTransition @ http://localhost:5173/src/lib/popcornInit.js:48
[  700382ms] [LOG] [popcorn-init] OK: plugin-seethroughtext @ http://localhost:5173/src/lib/popcornInit.js:48
[  700411ms] [LOG] [popcorn-init] OK: plugin-wikipedia @ http://localhost:5173/src/lib/popcornInit.js:48
[  700437ms] [LOG] [popcorn-init] OK: plugin-combined @ http://localhost:5173/src/lib/popcornInit.js:48
[  700472ms] [LOG] [popcorn-init] OK: plugin-background @ http://localhost:5173/src/lib/popcornInit.js:48
[  700472ms] [LOG] [popcorn-init] SUMMARY: 20/20 plugins registered; all plugins registered @ http://localhost:5173/src/lib/popcornInit.js:60
[  700472ms] [LOG] [popcorn] function 19 @ http://localhost:5173/src/main.js?t=1787472085879:4
[  726639ms] [LOG] [App] Starting initialization... @ http://localhost:5173/src/main.js?t=1787472121500:19
[  726655ms] [LOG] [popcorn-init] OK: jquery @ http://localhost:5173/src/lib/popcornInit.js:41
[  726657ms] [LOG] [popcorn-init] OK: jquery-textfill @ http://localhost:5173/src/lib/popcornInit.js:48
[  726659ms] [LOG] [popcorn-init] OK: popcorn-core @ http://localhost:5173/src/lib/popcornInit.js:48
[  726662ms] [LOG] [popcorn-init] OK: popcorn-ie8 @ http://localhost:5173/src/lib/popcornInit.js:48
[  726663ms] [LOG] [popcorn-init] OK: wrapper-common @ http://localhost:5173/src/lib/popcornInit.js:48
[  726663ms] [LOG] [popcorn-init] OK: wrapper-html5 @ http://localhost:5173/src/lib/popcornInit.js:48
[  726663ms] [LOG] [popcorn-init] OK: wrapper-vrview @ http://localhost:5173/src/lib/popcornInit.js:48
[  726664ms] [LOG] [popcorn-init] OK: wrapper-adaptive @ http://localhost:5173/src/lib/popcornInit.js:48
[  726664ms] [LOG] [popcorn-init] OK: wrapper-null @ http://localhost:5173/src/lib/popcornInit.js:48
[  726665ms] [LOG] [popcorn-init] OK: wrapper-soundcloud @ http://localhost:5173/src/lib/popcornInit.js:48
[  726665ms] [LOG] [popcorn-init] OK: wrapper-vimeo @ http://localhost:5173/src/lib/popcornInit.js:48
[  726665ms] [LOG] [popcorn-init] OK: wrapper-youtube @ http://localhost:5173/src/lib/popcornInit.js:48
[  726666ms] [LOG] [popcorn-init] OK: wrapper-jwplayer @ http://localhost:5173/src/lib/popcornInit.js:48
[  726666ms] [LOG] [popcorn-init] OK: player-module @ http://localhost:5173/src/lib/popcornInit.js:48
[  726856ms] [INFO] %cDownload the React DevTools for a better development experience: https://react.dev/link/react-devtools font-weight:bold @ http://localhost:5173/node_modules/.vite/deps/chunk-EEAUBQDT.js?v=fec69e38:20096
[  726867ms] [LOG] [App] Initialized in 227.80ms @ http://localhost:5173/src/main.js?t=1787472121500:164
[  726868ms] [LOG] [App] Navigating to initial page: video @ http://localhost:5173/src/main.js?t=1787472121500:165
[  726868ms] [INFO] [App] Dev auth bypass active — skipping setup popup. @ http://localhost:5173/src/main.js?t=1787472121500:176
[  727863ms] [LOG] [popcorn-init] OK: plugin-image @ http://localhost:5173/src/lib/popcornInit.js:48
[  728005ms] [WARNING] Clerk: Clerk has been loaded with development keys. Development instances have strict usage limits and should not be used when deploying your application to production. Learn more: https://clerk.com/docs/deployments/overview @ https://clerk.smartvid.app/npm/@clerk/clerk-js@6/dist/clerk.browser.js:11
[  728243ms] [ERROR] Failed to load resource: the server responded with a status of 400 () @ https://clerk.smartvid.app/v1/environment?__clerk_api_version=2026-05-12&_clerk_js_version=6.29.2&_method=PATCH:0
[  728355ms] [LOG] [popcorn-init] OK: plugin-jsonTransition @ http://localhost:5173/src/lib/popcornInit.js:48
[  728393ms] [LOG] [popcorn-init] OK: plugin-lottie-json @ http://localhost:5173/src/lib/popcornInit.js:48
[  728410ms] [LOG] [popcorn-init] OK: plugin-json-button @ http://localhost:5173/src/lib/popcornInit.js:48
[  728433ms] [LOG] [popcorn-init] OK: plugin-personalizedImage @ http://localhost:5173/src/lib/popcornInit.js:48
[  728438ms] [LOG] [popcorn-init] OK: plugin-loopPlugin @ http://localhost:5173/src/lib/popcornInit.js:48
[  728443ms] [LOG] [popcorn-init] OK: plugin-pausePlugin @ http://localhost:5173/src/lib/popcornInit.js:48
[  728458ms] [LOG] [popcorn-init] OK: plugin-form @ http://localhost:5173/src/lib/popcornInit.js:48
[  728475ms] [LOG] [popcorn-init] OK: plugin-retarget @ http://localhost:5173/src/lib/popcornInit.js:48
[  728482ms] [LOG] [popcorn-init] OK: plugin-popup @ http://localhost:5173/src/lib/popcornInit.js:48
[  728489ms] [LOG] [popcorn-init] OK: plugin-sequencer @ http://localhost:5173/src/lib/popcornInit.js:48
[  728498ms] [LOG] [popcorn-init] OK: plugin-skip @ http://localhost:5173/src/lib/popcornInit.js:48
[  728535ms] [LOG] [popcorn-init] OK: plugin-text @ http://localhost:5173/src/lib/popcornInit.js:48
[  728546ms] [LOG] [popcorn-init] OK: plugin-social @ http://localhost:5173/src/lib/popcornInit.js:48
[  728555ms] [LOG] [popcorn-init] OK: plugin-jsonAnimation @ http://localhost:5173/src/lib/popcornInit.js:48
[  728601ms] [LOG] [popcorn-init] OK: plugin-videoTransition @ http://localhost:5173/src/lib/popcornInit.js:48
[  728608ms] [LOG] [popcorn-init] OK: plugin-seethroughtext @ http://localhost:5173/src/lib/popcornInit.js:48
[  728616ms] [LOG] [popcorn-init] OK: plugin-wikipedia @ http://localhost:5173/src/lib/popcornInit.js:48
[  728621ms] [LOG] [popcorn-init] OK: plugin-combined @ http://localhost:5173/src/lib/popcornInit.js:48
[  728629ms] [LOG] [popcorn-init] OK: plugin-background @ http://localhost:5173/src/lib/popcornInit.js:48
[  728629ms] [LOG] [popcorn-init] SUMMARY: 20/20 plugins registered; all plugins registered @ http://localhost:5173/src/lib/popcornInit.js:60
[  728629ms] [LOG] [popcorn] function 19 @ http://localhost:5173/src/main.js?t=1787472121500:4
[  761402ms] [LOG] [App] Starting initialization... @ http://localhost:5173/src/main.js?t=1787472156119:19
[  761420ms] [LOG] [popcorn-init] OK: jquery @ http://localhost:5173/src/lib/popcornInit.js:41
[  761422ms] [LOG] [popcorn-init] OK: jquery-textfill @ http://localhost:5173/src/lib/popcornInit.js:48
[  761424ms] [LOG] [popcorn-init] OK: popcorn-core @ http://localhost:5173/src/lib/popcornInit.js:48
[  761424ms] [LOG] [popcorn-init] OK: popcorn-ie8 @ http://localhost:5173/src/lib/popcornInit.js:48
[  761425ms] [LOG] [popcorn-init] OK: wrapper-common @ http://localhost:5173/src/lib/popcornInit.js:48
[  761425ms] [LOG] [popcorn-init] OK: wrapper-html5 @ http://localhost:5173/src/lib/popcornInit.js:48
[  761426ms] [LOG] [popcorn-init] OK: wrapper-vrview @ http://localhost:5173/src/lib/popcornInit.js:48
[  761426ms] [LOG] [popcorn-init] OK: wrapper-adaptive @ http://localhost:5173/src/lib/popcornInit.js:48
[  761426ms] [LOG] [popcorn-init] OK: wrapper-null @ http://localhost:5173/src/lib/popcornInit.js:48
[  761426ms] [LOG] [popcorn-init] OK: wrapper-soundcloud @ http://localhost:5173/src/lib/popcornInit.js:48
[  761427ms] [LOG] [popcorn-init] OK: wrapper-vimeo @ http://localhost:5173/src/lib/popcornInit.js:48
[  761427ms] [LOG] [popcorn-init] OK: wrapper-youtube @ http://localhost:5173/src/lib/popcornInit.js:48
[  761428ms] [LOG] [popcorn-init] OK: wrapper-jwplayer @ http://localhost:5173/src/lib/popcornInit.js:48
[  761428ms] [LOG] [popcorn-init] OK: player-module @ http://localhost:5173/src/lib/popcornInit.js:48
[  761631ms] [INFO] %cDownload the React DevTools for a better development experience: https://react.dev/link/react-devtools font-weight:bold @ http://localhost:5173/node_modules/.vite/deps/chunk-EEAUBQDT.js?v=fec69e38:20096
[  761636ms] [LOG] [App] Initialized in 233.40ms @ http://localhost:5173/src/main.js?t=1787472156119:164
[  761636ms] [LOG] [App] Navigating to initial page: video @ http://localhost:5173/src/main.js?t=1787472156119:165
[  761636ms] [INFO] [App] Dev auth bypass active — skipping setup popup. @ http://localhost:5173/src/main.js?t=1787472156119:176
[  762647ms] [WARNING] Clerk: Clerk has been loaded with development keys. Development instances have strict usage limits and should not be used when deploying your application to production. Learn more: https://clerk.com/docs/deployments/overview @ https://clerk.smartvid.app/npm/@clerk/clerk-js@6/dist/clerk.browser.js:11
[  762747ms] [LOG] [popcorn-init] OK: plugin-image @ http://localhost:5173/src/lib/popcornInit.js:48
[  762796ms] [ERROR] Failed to load resource: the server responded with a status of 400 () @ https://clerk.smartvid.app/v1/environment?__clerk_api_version=2026-05-12&_clerk_js_version=6.29.2&_method=PATCH:0
[  763539ms] [LOG] [popcorn-init] OK: plugin-jsonTransition @ http://localhost:5173/src/lib/popcornInit.js:48
[  763554ms] [LOG] [popcorn-init] OK: plugin-lottie-json @ http://localhost:5173/src/lib/popcornInit.js:48
[  763597ms] [LOG] [popcorn-init] OK: plugin-json-button @ http://localhost:5173/src/lib/popcornInit.js:48
[  763647ms] [LOG] [popcorn-init] OK: plugin-personalizedImage @ http://localhost:5173/src/lib/popcornInit.js:48
[  763670ms] [LOG] [popcorn-init] OK: plugin-loopPlugin @ http://localhost:5173/src/lib/popcornInit.js:48
[  763686ms] [LOG] [popcorn-init] OK: plugin-pausePlugin @ http://localhost:5173/src/lib/popcornInit.js:48
[  763713ms] [LOG] [popcorn-init] OK: plugin-form @ http://localhost:5173/src/lib/popcornInit.js:48
[  763726ms] [LOG] [popcorn-init] OK: plugin-retarget @ http://localhost:5173/src/lib/popcornInit.js:48
[  763735ms] [LOG] [popcorn-init] OK: plugin-popup @ http://localhost:5173/src/lib/popcornInit.js:48
[  763749ms] [LOG] [popcorn-init] OK: plugin-sequencer @ http://localhost:5173/src/lib/popcornInit.js:48
[  763765ms] [LOG] [popcorn-init] OK: plugin-skip @ http://localhost:5173/src/lib/popcornInit.js:48
[  763794ms] [LOG] [popcorn-init] OK: plugin-text @ http://localhost:5173/src/lib/popcornInit.js:48
[  763806ms] [LOG] [popcorn-init] OK: plugin-social @ http://localhost:5173/src/lib/popcornInit.js:48
[  763830ms] [LOG] [popcorn-init] OK: plugin-jsonAnimation @ http://localhost:5173/src/lib/popcornInit.js:48
[  763845ms] [LOG] [popcorn-init] OK: plugin-videoTransition @ http://localhost:5173/src/lib/popcornInit.js:48
[  763852ms] [LOG] [popcorn-init] OK: plugin-seethroughtext @ http://localhost:5173/src/lib/popcornInit.js:48
[  763856ms] [LOG] [popcorn-init] OK: plugin-wikipedia @ http://localhost:5173/src/lib/popcornInit.js:48
[  763867ms] [LOG] [popcorn-init] OK: plugin-combined @ http://localhost:5173/src/lib/popcornInit.js:48
[  763882ms] [LOG] [popcorn-init] OK: plugin-background @ http://localhost:5173/src/lib/popcornInit.js:48
[  763885ms] [LOG] [popcorn-init] SUMMARY: 20/20 plugins registered; all plugins registered @ http://localhost:5173/src/lib/popcornInit.js:60
[  763886ms] [LOG] [popcorn] function 19 @ http://localhost:5173/src/main.js?t=1787472156119:4
[  768680ms] [LOG] [App] Starting initialization... @ http://localhost:5173/src/main.js?t=1787472163854:19
[  768702ms] [LOG] [popcorn-init] OK: jquery @ http://localhost:5173/src/lib/popcornInit.js:41
[  768704ms] [LOG] [popcorn-init] OK: jquery-textfill @ http://localhost:5173/src/lib/popcornInit.js:48
[  768705ms] [LOG] [popcorn-init] OK: popcorn-core @ http://localhost:5173/src/lib/popcornInit.js:48
[  768706ms] [LOG] [popcorn-init] OK: popcorn-ie8 @ http://localhost:5173/src/lib/popcornInit.js:48
[  768706ms] [LOG] [popcorn-init] OK: wrapper-common @ http://localhost:5173/src/lib/popcornInit.js:48
[  768707ms] [LOG] [popcorn-init] OK: wrapper-html5 @ http://localhost:5173/src/lib/popcornInit.js:48
[  768707ms] [LOG] [popcorn-init] OK: wrapper-vrview @ http://localhost:5173/src/lib/popcornInit.js:48
[  768707ms] [LOG] [popcorn-init] OK: wrapper-adaptive @ http://localhost:5173/src/lib/popcornInit.js:48
[  768708ms] [LOG] [popcorn-init] OK: wrapper-null @ http://localhost:5173/src/lib/popcornInit.js:48
[  768708ms] [LOG] [popcorn-init] OK: wrapper-soundcloud @ http://localhost:5173/src/lib/popcornInit.js:48
[  768708ms] [LOG] [popcorn-init] OK: wrapper-vimeo @ http://localhost:5173/src/lib/popcornInit.js:48
[  768709ms] [LOG] [popcorn-init] OK: wrapper-youtube @ http://localhost:5173/src/lib/popcornInit.js:48
[  768709ms] [LOG] [popcorn-init] OK: wrapper-jwplayer @ http://localhost:5173/src/lib/popcornInit.js:48
[  768709ms] [LOG] [popcorn-init] OK: player-module @ http://localhost:5173/src/lib/popcornInit.js:48
[  768952ms] [INFO] %cDownload the React DevTools for a better development experience: https://react.dev/link/react-devtools font-weight:bold @ http://localhost:5173/node_modules/.vite/deps/chunk-EEAUBQDT.js?v=fec69e38:20096
[  768954ms] [LOG] [App] Initialized in 273.60ms @ http://localhost:5173/src/main.js?t=1787472163854:164
[  768954ms] [LOG] [App] Navigating to initial page: video @ http://localhost:5173/src/main.js?t=1787472163854:165
[  768954ms] [INFO] [App] Dev auth bypass active — skipping setup popup. @ http://localhost:5173/src/main.js?t=1787472163854:176
[  769630ms] [LOG] [popcorn-init] OK: plugin-image @ http://localhost:5173/src/lib/popcornInit.js:48
[  769671ms] [WARNING] Clerk: Clerk has been loaded with development keys. Development instances have strict usage limits and should not be used when deploying your application to production. Learn more: https://clerk.com/docs/deployments/overview @ https://clerk.smartvid.app/npm/@clerk/clerk-js@6/dist/clerk.browser.js:11
[  769778ms] [ERROR] Failed to load resource: the server responded with a status of 400 () @ https://clerk.smartvid.app/v1/environment?__clerk_api_version=2026-05-12&_clerk_js_version=6.29.2&_method=PATCH:0
[  769905ms] [LOG] [popcorn-init] OK: plugin-jsonTransition @ http://localhost:5173/src/lib/popcornInit.js:48
[  769913ms] [LOG] [popcorn-init] OK: plugin-lottie-json @ http://localhost:5173/src/lib/popcornInit.js:48
[  769937ms] [LOG] [popcorn-init] OK: plugin-json-button @ http://localhost:5173/src/lib/popcornInit.js:48
[  769946ms] [LOG] [popcorn-init] OK: plugin-personalizedImage @ http://localhost:5173/src/lib/popcornInit.js:48
[  769951ms] [LOG] [popcorn-init] OK: plugin-loopPlugin @ http://localhost:5173/src/lib/popcornInit.js:48
[  769955ms] [LOG] [popcorn-init] OK: plugin-pausePlugin @ http://localhost:5173/src/lib/popcornInit.js:48
[  769970ms] [LOG] [popcorn-init] OK: plugin-form @ http://localhost:5173/src/lib/popcornInit.js:48
[  769988ms] [LOG] [popcorn-init] OK: plugin-retarget @ http://localhost:5173/src/lib/popcornInit.js:48
[  769995ms] [LOG] [popcorn-init] OK: plugin-popup @ http://localhost:5173/src/lib/popcornInit.js:48
[  770001ms] [LOG] [popcorn-init] OK: plugin-sequencer @ http://localhost:5173/src/lib/popcornInit.js:48
[  770006ms] [LOG] [popcorn-init] OK: plugin-skip @ http://localhost:5173/src/lib/popcornInit.js:48
[  770033ms] [LOG] [popcorn-init] OK: plugin-text @ http://localhost:5173/src/lib/popcornInit.js:48
[  770043ms] [LOG] [popcorn-init] OK: plugin-social @ http://localhost:5173/src/lib/popcornInit.js:48
[  770048ms] [LOG] [popcorn-init] OK: plugin-jsonAnimation @ http://localhost:5173/src/lib/popcornInit.js:48
[  770061ms] [LOG] [popcorn-init] OK: plugin-videoTransition @ http://localhost:5173/src/lib/popcornInit.js:48
[  770069ms] [LOG] [popcorn-init] OK: plugin-seethroughtext @ http://localhost:5173/src/lib/popcornInit.js:48
[  770077ms] [LOG] [popcorn-init] OK: plugin-wikipedia @ http://localhost:5173/src/lib/popcornInit.js:48
[  770086ms] [LOG] [popcorn-init] OK: plugin-combined @ http://localhost:5173/src/lib/popcornInit.js:48
[  770096ms] [LOG] [popcorn-init] OK: plugin-background @ http://localhost:5173/src/lib/popcornInit.js:48
[  770096ms] [LOG] [popcorn-init] SUMMARY: 20/20 plugins registered; all plugins registered @ http://localhost:5173/src/lib/popcornInit.js:60
[  770096ms] [LOG] [popcorn] function 19 @ http://localhost:5173/src/main.js?t=1787472163854:4
[  797848ms] [LOG] [App] Starting initialization... @ http://localhost:5173/src/main.js?t=1787472191816:19
[  797867ms] [LOG] [popcorn-init] OK: jquery @ http://localhost:5173/src/lib/popcornInit.js:41
[  797869ms] [LOG] [popcorn-init] OK: jquery-textfill @ http://localhost:5173/src/lib/popcornInit.js:48
[  797871ms] [LOG] [popcorn-init] OK: popcorn-core @ http://localhost:5173/src/lib/popcornInit.js:48
[  797872ms] [LOG] [popcorn-init] OK: popcorn-ie8 @ http://localhost:5173/src/lib/popcornInit.js:48
[  797873ms] [LOG] [popcorn-init] OK: wrapper-common @ http://localhost:5173/src/lib/popcornInit.js:48
[  797873ms] [LOG] [popcorn-init] OK: wrapper-html5 @ http://localhost:5173/src/lib/popcornInit.js:48
[  797874ms] [LOG] [popcorn-init] OK: wrapper-vrview @ http://localhost:5173/src/lib/popcornInit.js:48
[  797874ms] [LOG] [popcorn-init] OK: wrapper-adaptive @ http://localhost:5173/src/lib/popcornInit.js:48
[  797874ms] [LOG] [popcorn-init] OK: wrapper-null @ http://localhost:5173/src/lib/popcornInit.js:48
[  797875ms] [LOG] [popcorn-init] OK: wrapper-soundcloud @ http://localhost:5173/src/lib/popcornInit.js:48
[  797875ms] [LOG] [popcorn-init] OK: wrapper-vimeo @ http://localhost:5173/src/lib/popcornInit.js:48
[  797876ms] [LOG] [popcorn-init] OK: wrapper-youtube @ http://localhost:5173/src/lib/popcornInit.js:48
[  797876ms] [LOG] [popcorn-init] OK: wrapper-jwplayer @ http://localhost:5173/src/lib/popcornInit.js:48
[  797876ms] [LOG] [popcorn-init] OK: player-module @ http://localhost:5173/src/lib/popcornInit.js:48
[  798157ms] [INFO] %cDownload the React DevTools for a better development experience: https://react.dev/link/react-devtools font-weight:bold @ http://localhost:5173/node_modules/.vite/deps/chunk-EEAUBQDT.js?v=fec69e38:20096
[  798163ms] [LOG] [App] Initialized in 314.80ms @ http://localhost:5173/src/main.js?t=1787472191816:164
[  798163ms] [LOG] [App] Navigating to initial page: video @ http://localhost:5173/src/main.js?t=1787472191816:165
[  798163ms] [INFO] [App] Dev auth bypass active — skipping setup popup. @ http://localhost:5173/src/main.js?t=1787472191816:176
[  798747ms] [LOG] [popcorn-init] OK: plugin-image @ http://localhost:5173/src/lib/popcornInit.js:48
[  798900ms] [WARNING] Clerk: Clerk has been loaded with development keys. Development instances have strict usage limits and should not be used when deploying your application to production. Learn more: https://clerk.com/docs/deployments/overview @ https://clerk.smartvid.app/npm/@clerk/clerk-js@6/dist/clerk.browser.js:11
[  799011ms] [ERROR] Failed to load resource: the server responded with a status of 400 () @ https://clerk.smartvid.app/v1/environment?__clerk_api_version=2026-05-12&_clerk_js_version=6.29.2&_method=PATCH:0
[  799102ms] [LOG] [popcorn-init] OK: plugin-jsonTransition @ http://localhost:5173/src/lib/popcornInit.js:48
[  799135ms] [LOG] [popcorn-init] OK: plugin-lottie-json @ http://localhost:5173/src/lib/popcornInit.js:48
[  799148ms] [LOG] [popcorn-init] OK: plugin-json-button @ http://localhost:5173/src/lib/popcornInit.js:48
[  799159ms] [LOG] [popcorn-init] OK: plugin-personalizedImage @ http://localhost:5173/src/lib/popcornInit.js:48
[  799164ms] [LOG] [popcorn-init] OK: plugin-loopPlugin @ http://localhost:5173/src/lib/popcornInit.js:48
[  799169ms] [LOG] [popcorn-init] OK: plugin-pausePlugin @ http://localhost:5173/src/lib/popcornInit.js:48
[  799180ms] [LOG] [popcorn-init] OK: plugin-form @ http://localhost:5173/src/lib/popcornInit.js:48
[  799192ms] [LOG] [popcorn-init] OK: plugin-retarget @ http://localhost:5173/src/lib/popcornInit.js:48
[  799196ms] [LOG] [popcorn-init] OK: plugin-popup @ http://localhost:5173/src/lib/popcornInit.js:48
[  799203ms] [LOG] [popcorn-init] OK: plugin-sequencer @ http://localhost:5173/src/lib/popcornInit.js:48
[  799210ms] [LOG] [popcorn-init] OK: plugin-skip @ http://localhost:5173/src/lib/popcornInit.js:48
[  799231ms] [LOG] [popcorn-init] OK: plugin-text @ http://localhost:5173/src/lib/popcornInit.js:48
[  799241ms] [LOG] [popcorn-init] OK: plugin-social @ http://localhost:5173/src/lib/popcornInit.js:48
[  799247ms] [LOG] [popcorn-init] OK: plugin-jsonAnimation @ http://localhost:5173/src/lib/popcornInit.js:48
[  799259ms] [LOG] [popcorn-init] OK: plugin-videoTransition @ http://localhost:5173/src/lib/popcornInit.js:48
[  799264ms] [LOG] [popcorn-init] OK: plugin-seethroughtext @ http://localhost:5173/src/lib/popcornInit.js:48
[  799273ms] [LOG] [popcorn-init] OK: plugin-wikipedia @ http://localhost:5173/src/lib/popcornInit.js:48
[  799280ms] [LOG] [popcorn-init] OK: plugin-combined @ http://localhost:5173/src/lib/popcornInit.js:48
[  799287ms] [LOG] [popcorn-init] OK: plugin-background @ http://localhost:5173/src/lib/popcornInit.js:48
[  799287ms] [LOG] [popcorn-init] SUMMARY: 20/20 plugins registered; all plugins registered @ http://localhost:5173/src/lib/popcornInit.js:60
[  799291ms] [LOG] [popcorn] function 19 @ http://localhost:5173/src/main.js?t=1787472191816:4
[  818540ms] [LOG] [App] Starting initialization... @ http://localhost:5173/src/main.js?t=1787472213200:19
[  818555ms] [LOG] [popcorn-init] OK: jquery @ http://localhost:5173/src/lib/popcornInit.js:41
[  818556ms] [LOG] [popcorn-init] OK: jquery-textfill @ http://localhost:5173/src/lib/popcornInit.js:48
[  818558ms] [LOG] [popcorn-init] OK: popcorn-core @ http://localhost:5173/src/lib/popcornInit.js:48
[  818559ms] [LOG] [popcorn-init] OK: popcorn-ie8 @ http://localhost:5173/src/lib/popcornInit.js:48
[  818560ms] [LOG] [popcorn-init] OK: wrapper-common @ http://localhost:5173/src/lib/popcornInit.js:48
[  818560ms] [LOG] [popcorn-init] OK: wrapper-html5 @ http://localhost:5173/src/lib/popcornInit.js:48
[  818560ms] [LOG] [popcorn-init] OK: wrapper-vrview @ http://localhost:5173/src/lib/popcornInit.js:48
[  818561ms] [LOG] [popcorn-init] OK: wrapper-adaptive @ http://localhost:5173/src/lib/popcornInit.js:48
[  818561ms] [LOG] [popcorn-init] OK: wrapper-null @ http://localhost:5173/src/lib/popcornInit.js:48
[  818561ms] [LOG] [popcorn-init] OK: wrapper-soundcloud @ http://localhost:5173/src/lib/popcornInit.js:48
[  818562ms] [LOG] [popcorn-init] OK: wrapper-vimeo @ http://localhost:5173/src/lib/popcornInit.js:48
[  818562ms] [LOG] [popcorn-init] OK: wrapper-youtube @ http://localhost:5173/src/lib/popcornInit.js:48
[  818563ms] [LOG] [popcorn-init] OK: wrapper-jwplayer @ http://localhost:5173/src/lib/popcornInit.js:48
[  818563ms] [LOG] [popcorn-init] OK: player-module @ http://localhost:5173/src/lib/popcornInit.js:48
[  818737ms] [INFO] %cDownload the React DevTools for a better development experience: https://react.dev/link/react-devtools font-weight:bold @ http://localhost:5173/node_modules/.vite/deps/chunk-EEAUBQDT.js?v=fec69e38:20096
[  818739ms] [LOG] [App] Initialized in 198.80ms @ http://localhost:5173/src/main.js?t=1787472213200:164
[  818739ms] [LOG] [App] Navigating to initial page: video @ http://localhost:5173/src/main.js?t=1787472213200:165
[  818739ms] [INFO] [App] Dev auth bypass active — skipping setup popup. @ http://localhost:5173/src/main.js?t=1787472213200:176
[  819544ms] [WARNING] Clerk: Clerk has been loaded with development keys. Development instances have strict usage limits and should not be used when deploying your application to production. Learn more: https://clerk.com/docs/deployments/overview @ https://clerk.smartvid.app/npm/@clerk/clerk-js@6/dist/clerk.browser.js:11
[  819790ms] [ERROR] Failed to load resource: the server responded with a status of 400 () @ https://clerk.smartvid.app/v1/environment?__clerk_api_version=2026-05-12&_clerk_js_version=6.29.2&_method=PATCH:0
[  819830ms] [LOG] [popcorn-init] OK: plugin-image @ http://localhost:5173/src/lib/popcornInit.js:48
[  820135ms] [LOG] [popcorn-init] OK: plugin-jsonTransition @ http://localhost:5173/src/lib/popcornInit.js:48
[  820150ms] [LOG] [popcorn-init] OK: plugin-lottie-json @ http://localhost:5173/src/lib/popcornInit.js:48
[  820167ms] [LOG] [popcorn-init] OK: plugin-json-button @ http://localhost:5173/src/lib/popcornInit.js:48
[  820182ms] [LOG] [popcorn-init] OK: plugin-personalizedImage @ http://localhost:5173/src/lib/popcornInit.js:48
[  820187ms] [LOG] [popcorn-init] OK: plugin-loopPlugin @ http://localhost:5173/src/lib/popcornInit.js:48
[  820191ms] [LOG] [popcorn-init] OK: plugin-pausePlugin @ http://localhost:5173/src/lib/popcornInit.js:48
[  820199ms] [LOG] [popcorn-init] OK: plugin-form @ http://localhost:5173/src/lib/popcornInit.js:48
[  820211ms] [LOG] [popcorn-init] OK: plugin-retarget @ http://localhost:5173/src/lib/popcornInit.js:48
[  820215ms] [LOG] [popcorn-init] OK: plugin-popup @ http://localhost:5173/src/lib/popcornInit.js:48
[  820226ms] [LOG] [popcorn-init] OK: plugin-sequencer @ http://localhost:5173/src/lib/popcornInit.js:48
[  820231ms] [LOG] [popcorn-init] OK: plugin-skip @ http://localhost:5173/src/lib/popcornInit.js:48
[  820250ms] [LOG] [popcorn-init] OK: plugin-text @ http://localhost:5173/src/lib/popcornInit.js:48
[  820260ms] [LOG] [popcorn-init] OK: plugin-social @ http://localhost:5173/src/lib/popcornInit.js:48
[  820265ms] [LOG] [popcorn-init] OK: plugin-jsonAnimation @ http://localhost:5173/src/lib/popcornInit.js:48
[  820276ms] [LOG] [popcorn-init] OK: plugin-videoTransition @ http://localhost:5173/src/lib/popcornInit.js:48
[  820282ms] [LOG] [popcorn-init] OK: plugin-seethroughtext @ http://localhost:5173/src/lib/popcornInit.js:48
[  820287ms] [LOG] [popcorn-init] OK: plugin-wikipedia @ http://localhost:5173/src/lib/popcornInit.js:48
[  820292ms] [LOG] [popcorn-init] OK: plugin-combined @ http://localhost:5173/src/lib/popcornInit.js:48
[  820297ms] [LOG] [popcorn-init] OK: plugin-background @ http://localhost:5173/src/lib/popcornInit.js:48
[  820297ms] [LOG] [popcorn-init] SUMMARY: 20/20 plugins registered; all plugins registered @ http://localhost:5173/src/lib/popcornInit.js:60
[  820298ms] [LOG] [popcorn] function 19 @ http://localhost:5173/src/main.js?t=1787472213200:4
[  835615ms] [LOG] [App] Starting initialization... @ http://localhost:5173/src/main.js?t=1787472229921:19
[  835645ms] [LOG] [popcorn-init] OK: jquery @ http://localhost:5173/src/lib/popcornInit.js:41
[  835647ms] [LOG] [popcorn-init] OK: jquery-textfill @ http://localhost:5173/src/lib/popcornInit.js:48
[  835649ms] [LOG] [popcorn-init] OK: popcorn-core @ http://localhost:5173/src/lib/popcornInit.js:48
[  835651ms] [LOG] [popcorn-init] OK: popcorn-ie8 @ http://localhost:5173/src/lib/popcornInit.js:48
[  835652ms] [LOG] [popcorn-init] OK: wrapper-common @ http://localhost:5173/src/lib/popcornInit.js:48
[  835654ms] [LOG] [popcorn-init] OK: wrapper-html5 @ http://localhost:5173/src/lib/popcornInit.js:48
[  835655ms] [LOG] [popcorn-init] OK: wrapper-vrview @ http://localhost:5173/src/lib/popcornInit.js:48
[  835655ms] [LOG] [popcorn-init] OK: wrapper-adaptive @ http://localhost:5173/src/lib/popcornInit.js:48
[  835656ms] [LOG] [popcorn-init] OK: wrapper-null @ http://localhost:5173/src/lib/popcornInit.js:48
[  835657ms] [LOG] [popcorn-init] OK: wrapper-soundcloud @ http://localhost:5173/src/lib/popcornInit.js:48
[  835658ms] [LOG] [popcorn-init] OK: wrapper-vimeo @ http://localhost:5173/src/lib/popcornInit.js:48
[  835660ms] [LOG] [popcorn-init] OK: wrapper-youtube @ http://localhost:5173/src/lib/popcornInit.js:48
[  835660ms] [LOG] [popcorn-init] OK: wrapper-jwplayer @ http://localhost:5173/src/lib/popcornInit.js:48
[  835661ms] [LOG] [popcorn-init] OK: player-module @ http://localhost:5173/src/lib/popcornInit.js:48
[  836165ms] [INFO] %cDownload the React DevTools for a better development experience: https://react.dev/link/react-devtools font-weight:bold @ http://localhost:5173/node_modules/.vite/deps/chunk-EEAUBQDT.js?v=fec69e38:20096
[  836177ms] [LOG] [App] Initialized in 561.20ms @ http://localhost:5173/src/main.js?t=1787472229921:164
[  836177ms] [LOG] [App] Navigating to initial page: video @ http://localhost:5173/src/main.js?t=1787472229921:165
[  836177ms] [INFO] [App] Dev auth bypass active — skipping setup popup. @ http://localhost:5173/src/main.js?t=1787472229921:176
[  837615ms] [LOG] [popcorn-init] OK: plugin-image @ http://localhost:5173/src/lib/popcornInit.js:48
[  837961ms] [WARNING] Clerk: Clerk has been loaded with development keys. Development instances have strict usage limits and should not be used when deploying your application to production. Learn more: https://clerk.com/docs/deployments/overview @ https://clerk.smartvid.app/npm/@clerk/clerk-js@6/dist/clerk.browser.js:11
[  838095ms] [ERROR] Failed to load resource: the server responded with a status of 400 () @ https://clerk.smartvid.app/v1/environment?__clerk_api_version=2026-05-12&_clerk_js_version=6.29.2&_method=PATCH:0
[  838474ms] [LOG] [popcorn-init] OK: plugin-jsonTransition @ http://localhost:5173/src/lib/popcornInit.js:48
[  838499ms] [LOG] [popcorn-init] OK: plugin-lottie-json @ http://localhost:5173/src/lib/popcornInit.js:48
[  838521ms] [LOG] [popcorn-init] OK: plugin-json-button @ http://localhost:5173/src/lib/popcornInit.js:48
[  838528ms] [LOG] [popcorn-init] OK: plugin-personalizedImage @ http://localhost:5173/src/lib/popcornInit.js:48
[  838532ms] [LOG] [popcorn-init] OK: plugin-loopPlugin @ http://localhost:5173/src/lib/popcornInit.js:48
[  838541ms] [LOG] [popcorn-init] OK: plugin-pausePlugin @ http://localhost:5173/src/lib/popcornInit.js:48
[  838556ms] [LOG] [popcorn-init] OK: plugin-form @ http://localhost:5173/src/lib/popcornInit.js:48
[  838567ms] [LOG] [popcorn-init] OK: plugin-retarget @ http://localhost:5173/src/lib/popcornInit.js:48
[  838575ms] [LOG] [popcorn-init] OK: plugin-popup @ http://localhost:5173/src/lib/popcornInit.js:48
[  838582ms] [LOG] [popcorn-init] OK: plugin-sequencer @ http://localhost:5173/src/lib/popcornInit.js:48
[  838591ms] [LOG] [popcorn-init] OK: plugin-skip @ http://localhost:5173/src/lib/popcornInit.js:48
[  838622ms] [LOG] [popcorn-init] OK: plugin-text @ http://localhost:5173/src/lib/popcornInit.js:48
[  838630ms] [LOG] [popcorn-init] OK: plugin-social @ http://localhost:5173/src/lib/popcornInit.js:48
[  838638ms] [LOG] [popcorn-init] OK: plugin-jsonAnimation @ http://localhost:5173/src/lib/popcornInit.js:48
[  838647ms] [LOG] [popcorn-init] OK: plugin-videoTransition @ http://localhost:5173/src/lib/popcornInit.js:48
[  838660ms] [LOG] [popcorn-init] OK: plugin-seethroughtext @ http://localhost:5173/src/lib/popcornInit.js:48
[  838665ms] [LOG] [popcorn-init] OK: plugin-wikipedia @ http://localhost:5173/src/lib/popcornInit.js:48
[  838679ms] [LOG] [popcorn-init] OK: plugin-combined @ http://localhost:5173/src/lib/popcornInit.js:48
[  838688ms] [LOG] [popcorn-init] OK: plugin-background @ http://localhost:5173/src/lib/popcornInit.js:48
[  838688ms] [LOG] [popcorn-init] SUMMARY: 20/20 plugins registered; all plugins registered @ http://localhost:5173/src/lib/popcornInit.js:60
[  838688ms] [LOG] [popcorn] function 19 @ http://localhost:5173/src/main.js?t=1787472229921:4
[  848531ms] [LOG] [App] Starting initialization... @ http://localhost:5173/src/main.js?t=1787472243523:19
[  848546ms] [LOG] [popcorn-init] OK: jquery @ http://localhost:5173/src/lib/popcornInit.js:41
[  848548ms] [LOG] [popcorn-init] OK: jquery-textfill @ http://localhost:5173/src/lib/popcornInit.js:48
[  848550ms] [LOG] [popcorn-init] OK: popcorn-core @ http://localhost:5173/src/lib/popcornInit.js:48
[  848550ms] [LOG] [popcorn-init] OK: popcorn-ie8 @ http://localhost:5173/src/lib/popcornInit.js:48
[  848551ms] [LOG] [popcorn-init] OK: wrapper-common @ http://localhost:5173/src/lib/popcornInit.js:48
[  848552ms] [LOG] [popcorn-init] OK: wrapper-html5 @ http://localhost:5173/src/lib/popcornInit.js:48
[  848552ms] [LOG] [popcorn-init] OK: wrapper-vrview @ http://localhost:5173/src/lib/popcornInit.js:48
[  848552ms] [LOG] [popcorn-init] OK: wrapper-adaptive @ http://localhost:5173/src/lib/popcornInit.js:48
[  848553ms] [LOG] [popcorn-init] OK: wrapper-null @ http://localhost:5173/src/lib/popcornInit.js:48
[  848553ms] [LOG] [popcorn-init] OK: wrapper-soundcloud @ http://localhost:5173/src/lib/popcornInit.js:48
[  848553ms] [LOG] [popcorn-init] OK: wrapper-vimeo @ http://localhost:5173/src/lib/popcornInit.js:48
[  848554ms] [LOG] [popcorn-init] OK: wrapper-youtube @ http://localhost:5173/src/lib/popcornInit.js:48
[  848554ms] [LOG] [popcorn-init] OK: wrapper-jwplayer @ http://localhost:5173/src/lib/popcornInit.js:48
[  848554ms] [LOG] [popcorn-init] OK: player-module @ http://localhost:5173/src/lib/popcornInit.js:48
[  848614ms] [INFO] %cDownload the React DevTools for a better development experience: https://react.dev/link/react-devtools font-weight:bold @ http://localhost:5173/node_modules/.vite/deps/chunk-EEAUBQDT.js?v=fec69e38:20096
[  848618ms] [LOG] [App] Initialized in 86.80ms @ http://localhost:5173/src/main.js?t=1787472243523:164
[  848619ms] [LOG] [App] Navigating to initial page: video @ http://localhost:5173/src/main.js?t=1787472243523:165
[  848619ms] [INFO] [App] Dev auth bypass active — skipping setup popup. @ http://localhost:5173/src/main.js?t=1787472243523:176
[  849353ms] [WARNING] Clerk: Clerk has been loaded with development keys. Development instances have strict usage limits and should not be used when deploying your application to production. Learn more: https://clerk.com/docs/deployments/overview @ https://clerk.smartvid.app/npm/@clerk/clerk-js@6/dist/clerk.browser.js:11
[  849419ms] [LOG] [popcorn-init] OK: plugin-image @ http://localhost:5173/src/lib/popcornInit.js:48
[  849436ms] [ERROR] Failed to load resource: the server responded with a status of 400 () @ https://clerk.smartvid.app/v1/environment?__clerk_api_version=2026-05-12&_clerk_js_version=6.29.2&_method=PATCH:0
[  849962ms] [LOG] [popcorn-init] OK: plugin-jsonTransition @ http://localhost:5173/src/lib/popcornInit.js:48
[  849978ms] [LOG] [popcorn-init] OK: plugin-lottie-json @ http://localhost:5173/src/lib/popcornInit.js:48
[  849995ms] [LOG] [popcorn-init] OK: plugin-json-button @ http://localhost:5173/src/lib/popcornInit.js:48
[  850001ms] [LOG] [popcorn-init] OK: plugin-personalizedImage @ http://localhost:5173/src/lib/popcornInit.js:48
[  850008ms] [LOG] [popcorn-init] OK: plugin-loopPlugin @ http://localhost:5173/src/lib/popcornInit.js:48
[  850013ms] [LOG] [popcorn-init] OK: plugin-pausePlugin @ http://localhost:5173/src/lib/popcornInit.js:48
[  850032ms] [LOG] [popcorn-init] OK: plugin-form @ http://localhost:5173/src/lib/popcornInit.js:48
[  850047ms] [LOG] [popcorn-init] OK: plugin-retarget @ http://localhost:5173/src/lib/popcornInit.js:48
[  850055ms] [LOG] [popcorn-init] OK: plugin-popup @ http://localhost:5173/src/lib/popcornInit.js:48
[  850062ms] [LOG] [popcorn-init] OK: plugin-sequencer @ http://localhost:5173/src/lib/popcornInit.js:48
[  850073ms] [LOG] [popcorn-init] OK: plugin-skip @ http://localhost:5173/src/lib/popcornInit.js:48
[  850110ms] [LOG] [popcorn-init] OK: plugin-text @ http://localhost:5173/src/lib/popcornInit.js:48
[  850123ms] [LOG] [popcorn-init] OK: plugin-social @ http://localhost:5173/src/lib/popcornInit.js:48
[  850129ms] [LOG] [popcorn-init] OK: plugin-jsonAnimation @ http://localhost:5173/src/lib/popcornInit.js:48
[  850142ms] [LOG] [popcorn-init] OK: plugin-videoTransition @ http://localhost:5173/src/lib/popcornInit.js:48
[  850148ms] [LOG] [popcorn-init] OK: plugin-seethroughtext @ http://localhost:5173/src/lib/popcornInit.js:48
[  850154ms] [LOG] [popcorn-init] OK: plugin-wikipedia @ http://localhost:5173/src/lib/popcornInit.js:48
[  850160ms] [LOG] [popcorn-init] OK: plugin-combined @ http://localhost:5173/src/lib/popcornInit.js:48
[  850172ms] [LOG] [popcorn-init] OK: plugin-background @ http://localhost:5173/src/lib/popcornInit.js:48
[  850173ms] [LOG] [popcorn-init] SUMMARY: 20/20 plugins registered; all plugins registered @ http://localhost:5173/src/lib/popcornInit.js:60
[  850173ms] [LOG] [popcorn] function 19 @ http://localhost:5173/src/main.js?t=1787472243523:4
[  858987ms] [LOG] [App] Starting initialization... @ http://localhost:5173/src/main.js?t=1787472251791:19
[  859002ms] [LOG] [popcorn-init] OK: jquery @ http://localhost:5173/src/lib/popcornInit.js:41
[  859003ms] [LOG] [popcorn-init] OK: jquery-textfill @ http://localhost:5173/src/lib/popcornInit.js:48
[  859004ms] [LOG] [popcorn-init] OK: popcorn-core @ http://localhost:5173/src/lib/popcornInit.js:48
[  859004ms] [LOG] [popcorn-init] OK: popcorn-ie8 @ http://localhost:5173/src/lib/popcornInit.js:48
[  859005ms] [LOG] [popcorn-init] OK: wrapper-common @ http://localhost:5173/src/lib/popcornInit.js:48
[  859005ms] [LOG] [popcorn-init] OK: wrapper-html5 @ http://localhost:5173/src/lib/popcornInit.js:48
[  859005ms] [LOG] [popcorn-init] OK: wrapper-vrview @ http://localhost:5173/src/lib/popcornInit.js:48
[  859006ms] [LOG] [popcorn-init] OK: wrapper-adaptive @ http://localhost:5173/src/lib/popcornInit.js:48
[  859006ms] [LOG] [popcorn-init] OK: wrapper-null @ http://localhost:5173/src/lib/popcornInit.js:48
[  859007ms] [LOG] [popcorn-init] OK: wrapper-soundcloud @ http://localhost:5173/src/lib/popcornInit.js:48
[  859007ms] [LOG] [popcorn-init] OK: wrapper-vimeo @ http://localhost:5173/src/lib/popcornInit.js:48
[  859007ms] [LOG] [popcorn-init] OK: wrapper-youtube @ http://localhost:5173/src/lib/popcornInit.js:48
[  859008ms] [LOG] [popcorn-init] OK: wrapper-jwplayer @ http://localhost:5173/src/lib/popcornInit.js:48
[  859008ms] [LOG] [popcorn-init] OK: player-module @ http://localhost:5173/src/lib/popcornInit.js:48
[  859629ms] [INFO] %cDownload the React DevTools for a better development experience: https://react.dev/link/react-devtools font-weight:bold @ http://localhost:5173/node_modules/.vite/deps/chunk-EEAUBQDT.js?v=fec69e38:20096
[  859634ms] [LOG] [App] Initialized in 646.50ms @ http://localhost:5173/src/main.js?t=1787472251791:164
[  859634ms] [LOG] [App] Navigating to initial page: video @ http://localhost:5173/src/main.js?t=1787472251791:165
[  859634ms] [INFO] [App] Dev auth bypass active — skipping setup popup. @ http://localhost:5173/src/main.js?t=1787472251791:176
[  860846ms] [LOG] [popcorn-init] OK: plugin-image @ http://localhost:5173/src/lib/popcornInit.js:48
[  861312ms] [WARNING] Clerk: Clerk has been loaded with development keys. Development instances have strict usage limits and should not be used when deploying your application to production. Learn more: https://clerk.com/docs/deployments/overview @ https://clerk.smartvid.app/npm/@clerk/clerk-js@6/dist/clerk.browser.js:11
[  861990ms] [ERROR] Failed to load resource: the server responded with a status of 400 () @ https://clerk.smartvid.app/v1/environment?__clerk_api_version=2026-05-12&_clerk_js_version=6.29.2&_method=PATCH:0
[  862376ms] [LOG] [popcorn-init] OK: plugin-jsonTransition @ http://localhost:5173/src/lib/popcornInit.js:48
[  862414ms] [LOG] [popcorn-init] OK: plugin-lottie-json @ http://localhost:5173/src/lib/popcornInit.js:48
[  862435ms] [LOG] [popcorn-init] OK: plugin-json-button @ http://localhost:5173/src/lib/popcornInit.js:48
[  862459ms] [LOG] [popcorn-init] OK: plugin-personalizedImage @ http://localhost:5173/src/lib/popcornInit.js:48
[  862467ms] [LOG] [popcorn-init] OK: plugin-loopPlugin @ http://localhost:5173/src/lib/popcornInit.js:48
[  862481ms] [LOG] [popcorn-init] OK: plugin-pausePlugin @ http://localhost:5173/src/lib/popcornInit.js:48
[  862503ms] [LOG] [popcorn-init] OK: plugin-form @ http://localhost:5173/src/lib/popcornInit.js:48
[  862528ms] [LOG] [popcorn-init] OK: plugin-retarget @ http://localhost:5173/src/lib/popcornInit.js:48
[  862534ms] [LOG] [popcorn-init] OK: plugin-popup @ http://localhost:5173/src/lib/popcornInit.js:48
[  862551ms] [LOG] [popcorn-init] OK: plugin-sequencer @ http://localhost:5173/src/lib/popcornInit.js:48
[  862564ms] [LOG] [popcorn-init] OK: plugin-skip @ http://localhost:5173/src/lib/popcornInit.js:48
[  862629ms] [LOG] [popcorn-init] OK: plugin-text @ http://localhost:5173/src/lib/popcornInit.js:48
[  862653ms] [LOG] [popcorn-init] OK: plugin-social @ http://localhost:5173/src/lib/popcornInit.js:48
[  862661ms] [LOG] [popcorn-init] OK: plugin-jsonAnimation @ http://localhost:5173/src/lib/popcornInit.js:48
[  862693ms] [LOG] [popcorn-init] OK: plugin-videoTransition @ http://localhost:5173/src/lib/popcornInit.js:48
[  862709ms] [LOG] [popcorn-init] OK: plugin-seethroughtext @ http://localhost:5173/src/lib/popcornInit.js:48
[  862718ms] [LOG] [popcorn-init] OK: plugin-wikipedia @ http://localhost:5173/src/lib/popcornInit.js:48
[  862730ms] [LOG] [popcorn-init] OK: plugin-combined @ http://localhost:5173/src/lib/popcornInit.js:48
[  862737ms] [LOG] [popcorn-init] OK: plugin-background @ http://localhost:5173/src/lib/popcornInit.js:48
[  862737ms] [LOG] [popcorn-init] SUMMARY: 20/20 plugins registered; all plugins registered @ http://localhost:5173/src/lib/popcornInit.js:60
[  862737ms] [LOG] [popcorn] function 19 @ http://localhost:5173/src/main.js?t=1787472251791:4
[  864456ms] [LOG] [App] Starting initialization... @ http://localhost:5173/src/main.js?t=1787472259480:19
[  864470ms] [LOG] [popcorn-init] OK: jquery @ http://localhost:5173/src/lib/popcornInit.js:41
[  864472ms] [LOG] [popcorn-init] OK: jquery-textfill @ http://localhost:5173/src/lib/popcornInit.js:48
[  864474ms] [LOG] [popcorn-init] OK: popcorn-core @ http://localhost:5173/src/lib/popcornInit.js:48
[  864474ms] [LOG] [popcorn-init] OK: popcorn-ie8 @ http://localhost:5173/src/lib/popcornInit.js:48
[  864475ms] [LOG] [popcorn-init] OK: wrapper-common @ http://localhost:5173/src/lib/popcornInit.js:48
[  864475ms] [LOG] [popcorn-init] OK: wrapper-html5 @ http://localhost:5173/src/lib/popcornInit.js:48
[  864476ms] [LOG] [popcorn-init] OK: wrapper-vrview @ http://localhost:5173/src/lib/popcornInit.js:48
[  864476ms] [LOG] [popcorn-init] OK: wrapper-adaptive @ http://localhost:5173/src/lib/popcornInit.js:48
[  864476ms] [LOG] [popcorn-init] OK: wrapper-null @ http://localhost:5173/src/lib/popcornInit.js:48
[  864477ms] [LOG] [popcorn-init] OK: wrapper-soundcloud @ http://localhost:5173/src/lib/popcornInit.js:48
[  864477ms] [LOG] [popcorn-init] OK: wrapper-vimeo @ http://localhost:5173/src/lib/popcornInit.js:48
[  864477ms] [LOG] [popcorn-init] OK: wrapper-youtube @ http://localhost:5173/src/lib/popcornInit.js:48
[  864478ms] [LOG] [popcorn-init] OK: wrapper-jwplayer @ http://localhost:5173/src/lib/popcornInit.js:48
[  864478ms] [LOG] [popcorn-init] OK: player-module @ http://localhost:5173/src/lib/popcornInit.js:48
[  864602ms] [INFO] %cDownload the React DevTools for a better development experience: https://react.dev/link/react-devtools font-weight:bold @ http://localhost:5173/node_modules/.vite/deps/chunk-EEAUBQDT.js?v=fec69e38:20096
[  864605ms] [LOG] [App] Initialized in 148.40ms @ http://localhost:5173/src/main.js?t=1787472259480:164
[  864607ms] [LOG] [App] Navigating to initial page: video @ http://localhost:5173/src/main.js?t=1787472259480:165
[  864607ms] [INFO] [App] Dev auth bypass active — skipping setup popup. @ http://localhost:5173/src/main.js?t=1787472259480:176
[  865645ms] [LOG] [popcorn-init] OK: plugin-image @ http://localhost:5173/src/lib/popcornInit.js:48
[  865743ms] [WARNING] Clerk: Clerk has been loaded with development keys. Development instances have strict usage limits and should not be used when deploying your application to production. Learn more: https://clerk.com/docs/deployments/overview @ https://clerk.smartvid.app/npm/@clerk/clerk-js@6/dist/clerk.browser.js:11
[  865833ms] [ERROR] Failed to load resource: the server responded with a status of 400 () @ https://clerk.smartvid.app/v1/environment?__clerk_api_version=2026-05-12&_clerk_js_version=6.29.2&_method=PATCH:0
[  865969ms] [LOG] [popcorn-init] OK: plugin-jsonTransition @ http://localhost:5173/src/lib/popcornInit.js:48
[  865982ms] [LOG] [popcorn-init] OK: plugin-lottie-json @ http://localhost:5173/src/lib/popcornInit.js:48
[  866010ms] [LOG] [popcorn-init] OK: plugin-json-button @ http://localhost:5173/src/lib/popcornInit.js:48
[  866024ms] [LOG] [popcorn-init] OK: plugin-personalizedImage @ http://localhost:5173/src/lib/popcornInit.js:48
[  866053ms] [LOG] [popcorn-init] OK: plugin-loopPlugin @ http://localhost:5173/src/lib/popcornInit.js:48
[  866060ms] [LOG] [popcorn-init] OK: plugin-pausePlugin @ http://localhost:5173/src/lib/popcornInit.js:48
[  866072ms] [LOG] [popcorn-init] OK: plugin-form @ http://localhost:5173/src/lib/popcornInit.js:48
[  866083ms] [LOG] [popcorn-init] OK: plugin-retarget @ http://localhost:5173/src/lib/popcornInit.js:48
[  866087ms] [LOG] [popcorn-init] OK: plugin-popup @ http://localhost:5173/src/lib/popcornInit.js:48
[  866092ms] [LOG] [popcorn-init] OK: plugin-sequencer @ http://localhost:5173/src/lib/popcornInit.js:48
[  866096ms] [LOG] [popcorn-init] OK: plugin-skip @ http://localhost:5173/src/lib/popcornInit.js:48
[  866118ms] [LOG] [popcorn-init] OK: plugin-text @ http://localhost:5173/src/lib/popcornInit.js:48
[  866124ms] [LOG] [popcorn-init] OK: plugin-social @ http://localhost:5173/src/lib/popcornInit.js:48
[  866130ms] [LOG] [popcorn-init] OK: plugin-jsonAnimation @ http://localhost:5173/src/lib/popcornInit.js:48
[  866142ms] [LOG] [popcorn-init] OK: plugin-videoTransition @ http://localhost:5173/src/lib/popcornInit.js:48
[  866148ms] [LOG] [popcorn-init] OK: plugin-seethroughtext @ http://localhost:5173/src/lib/popcornInit.js:48
[  866151ms] [LOG] [popcorn-init] OK: plugin-wikipedia @ http://localhost:5173/src/lib/popcornInit.js:48
[  866156ms] [LOG] [popcorn-init] OK: plugin-combined @ http://localhost:5173/src/lib/popcornInit.js:48
[  866162ms] [LOG] [popcorn-init] OK: plugin-background @ http://localhost:5173/src/lib/popcornInit.js:48
[  866162ms] [LOG] [popcorn-init] SUMMARY: 20/20 plugins registered; all plugins registered @ http://localhost:5173/src/lib/popcornInit.js:60
[  866162ms] [LOG] [popcorn] function 19 @ http://localhost:5173/src/main.js?t=1787472259480:4
[  877338ms] [LOG] [App] Starting initialization... @ http://localhost:5173/src/main.js?t=1787472272361:19
[  877355ms] [LOG] [popcorn-init] OK: jquery @ http://localhost:5173/src/lib/popcornInit.js:41
[  877358ms] [LOG] [popcorn-init] OK: jquery-textfill @ http://localhost:5173/src/lib/popcornInit.js:48
[  877360ms] [LOG] [popcorn-init] OK: popcorn-core @ http://localhost:5173/src/lib/popcornInit.js:48
[  877361ms] [LOG] [popcorn-init] OK: popcorn-ie8 @ http://localhost:5173/src/lib/popcornInit.js:48
[  877361ms] [LOG] [popcorn-init] OK: wrapper-common @ http://localhost:5173/src/lib/popcornInit.js:48
[  877362ms] [LOG] [popcorn-init] OK: wrapper-html5 @ http://localhost:5173/src/lib/popcornInit.js:48
[  877362ms] [LOG] [popcorn-init] OK: wrapper-vrview @ http://localhost:5173/src/lib/popcornInit.js:48
[  877363ms] [LOG] [popcorn-init] OK: wrapper-adaptive @ http://localhost:5173/src/lib/popcornInit.js:48
[  877363ms] [LOG] [popcorn-init] OK: wrapper-null @ http://localhost:5173/src/lib/popcornInit.js:48
[  877363ms] [LOG] [popcorn-init] OK: wrapper-soundcloud @ http://localhost:5173/src/lib/popcornInit.js:48
[  877364ms] [LOG] [popcorn-init] OK: wrapper-vimeo @ http://localhost:5173/src/lib/popcornInit.js:48
[  877364ms] [LOG] [popcorn-init] OK: wrapper-youtube @ http://localhost:5173/src/lib/popcornInit.js:48
[  877365ms] [LOG] [popcorn-init] OK: wrapper-jwplayer @ http://localhost:5173/src/lib/popcornInit.js:48
[  877365ms] [LOG] [popcorn-init] OK: player-module @ http://localhost:5173/src/lib/popcornInit.js:48
[  877928ms] [INFO] %cDownload the React DevTools for a better development experience: https://react.dev/link/react-devtools font-weight:bold @ http://localhost:5173/node_modules/.vite/deps/chunk-EEAUBQDT.js?v=fec69e38:20096
[  877933ms] [LOG] [App] Initialized in 594.30ms @ http://localhost:5173/src/main.js?t=1787472272361:164
[  877933ms] [LOG] [App] Navigating to initial page: video @ http://localhost:5173/src/main.js?t=1787472272361:165
[  877933ms] [INFO] [App] Dev auth bypass active — skipping setup popup. @ http://localhost:5173/src/main.js?t=1787472272361:176
[  879271ms] [WARNING] Clerk: Clerk has been loaded with development keys. Development instances have strict usage limits and should not be used when deploying your application to production. Learn more: https://clerk.com/docs/deployments/overview @ https://clerk.smartvid.app/npm/@clerk/clerk-js@6/dist/clerk.browser.js:11
[  879308ms] [LOG] [popcorn-init] OK: plugin-image @ http://localhost:5173/src/lib/popcornInit.js:48
[  879427ms] [ERROR] Failed to load resource: the server responded with a status of 400 () @ https://clerk.smartvid.app/v1/environment?__clerk_api_version=2026-05-12&_clerk_js_version=6.29.2&_method=PATCH:0
[  879840ms] [LOG] [popcorn-init] OK: plugin-jsonTransition @ http://localhost:5173/src/lib/popcornInit.js:48
[  879849ms] [LOG] [popcorn-init] OK: plugin-lottie-json @ http://localhost:5173/src/lib/popcornInit.js:48
[  879871ms] [LOG] [popcorn-init] OK: plugin-json-button @ http://localhost:5173/src/lib/popcornInit.js:48
[  879881ms] [LOG] [popcorn-init] OK: plugin-personalizedImage @ http://localhost:5173/src/lib/popcornInit.js:48
[  879887ms] [LOG] [popcorn-init] OK: plugin-loopPlugin @ http://localhost:5173/src/lib/popcornInit.js:48
[  879897ms] [LOG] [popcorn-init] OK: plugin-pausePlugin @ http://localhost:5173/src/lib/popcornInit.js:48
[  879914ms] [LOG] [popcorn-init] OK: plugin-form @ http://localhost:5173/src/lib/popcornInit.js:48
[  879929ms] [LOG] [popcorn-init] OK: plugin-retarget @ http://localhost:5173/src/lib/popcornInit.js:48
[  879934ms] [LOG] [popcorn-init] OK: plugin-popup @ http://localhost:5173/src/lib/popcornInit.js:48
[  879941ms] [LOG] [popcorn-init] OK: plugin-sequencer @ http://localhost:5173/src/lib/popcornInit.js:48
[  879946ms] [LOG] [popcorn-init] OK: plugin-skip @ http://localhost:5173/src/lib/popcornInit.js:48
[  879972ms] [LOG] [popcorn-init] OK: plugin-text @ http://localhost:5173/src/lib/popcornInit.js:48
[  879979ms] [LOG] [popcorn-init] OK: plugin-social @ http://localhost:5173/src/lib/popcornInit.js:48
[  879985ms] [LOG] [popcorn-init] OK: plugin-jsonAnimation @ http://localhost:5173/src/lib/popcornInit.js:48
[  879996ms] [LOG] [popcorn-init] OK: plugin-videoTransition @ http://localhost:5173/src/lib/popcornInit.js:48
[  880003ms] [LOG] [popcorn-init] OK: plugin-seethroughtext @ http://localhost:5173/src/lib/popcornInit.js:48
[  880010ms] [LOG] [popcorn-init] OK: plugin-wikipedia @ http://localhost:5173/src/lib/popcornInit.js:48
[  880015ms] [LOG] [popcorn-init] OK: plugin-combined @ http://localhost:5173/src/lib/popcornInit.js:48
[  880021ms] [LOG] [popcorn-init] OK: plugin-background @ http://localhost:5173/src/lib/popcornInit.js:48
[  880021ms] [LOG] [popcorn-init] SUMMARY: 20/20 plugins registered; all plugins registered @ http://localhost:5173/src/lib/popcornInit.js:60
[  880021ms] [LOG] [popcorn] function 19 @ http://localhost:5173/src/main.js?t=1787472272361:4
[  887735ms] [LOG] [App] Starting initialization... @ http://localhost:5173/src/main.js?t=1787472282938:19
[  887751ms] [LOG] [popcorn-init] OK: jquery @ http://localhost:5173/src/lib/popcornInit.js:41
[  887754ms] [LOG] [popcorn-init] OK: jquery-textfill @ http://localhost:5173/src/lib/popcornInit.js:48
[  887756ms] [LOG] [popcorn-init] OK: popcorn-core @ http://localhost:5173/src/lib/popcornInit.js:48
[  887757ms] [LOG] [popcorn-init] OK: popcorn-ie8 @ http://localhost:5173/src/lib/popcornInit.js:48
[  887757ms] [LOG] [popcorn-init] OK: wrapper-common @ http://localhost:5173/src/lib/popcornInit.js:48
[  887758ms] [LOG] [popcorn-init] OK: wrapper-html5 @ http://localhost:5173/src/lib/popcornInit.js:48
[  887758ms] [LOG] [popcorn-init] OK: wrapper-vrview @ http://localhost:5173/src/lib/popcornInit.js:48
[  887759ms] [LOG] [popcorn-init] OK: wrapper-adaptive @ http://localhost:5173/src/lib/popcornInit.js:48
[  887759ms] [LOG] [popcorn-init] OK: wrapper-null @ http://localhost:5173/src/lib/popcornInit.js:48
[  887759ms] [LOG] [popcorn-init] OK: wrapper-soundcloud @ http://localhost:5173/src/lib/popcornInit.js:48
[  887760ms] [LOG] [popcorn-init] OK: wrapper-vimeo @ http://localhost:5173/src/lib/popcornInit.js:48
[  887760ms] [LOG] [popcorn-init] OK: wrapper-youtube @ http://localhost:5173/src/lib/popcornInit.js:48
[  887761ms] [LOG] [popcorn-init] OK: wrapper-jwplayer @ http://localhost:5173/src/lib/popcornInit.js:48
[  887761ms] [LOG] [popcorn-init] OK: player-module @ http://localhost:5173/src/lib/popcornInit.js:48
[  887935ms] [INFO] %cDownload the React DevTools for a better development experience: https://react.dev/link/react-devtools font-weight:bold @ http://localhost:5173/node_modules/.vite/deps/chunk-EEAUBQDT.js?v=fec69e38:20096
[  887939ms] [LOG] [App] Initialized in 203.50ms @ http://localhost:5173/src/main.js?t=1787472282938:164
[  887939ms] [LOG] [App] Navigating to initial page: video @ http://localhost:5173/src/main.js?t=1787472282938:165
[  887939ms] [INFO] [App] Dev auth bypass active — skipping setup popup. @ http://localhost:5173/src/main.js?t=1787472282938:176
[  888692ms] [WARNING] Clerk: Clerk has been loaded with development keys. Development instances have strict usage limits and should not be used when deploying your application to production. Learn more: https://clerk.com/docs/deployments/overview @ https://clerk.smartvid.app/npm/@clerk/clerk-js@6/dist/clerk.browser.js:11
[  888782ms] [LOG] [popcorn-init] OK: plugin-image @ http://localhost:5173/src/lib/popcornInit.js:48
[  889027ms] [ERROR] Failed to load resource: the server responded with a status of 400 () @ https://clerk.smartvid.app/v1/environment?__clerk_api_version=2026-05-12&_clerk_js_version=6.29.2&_method=PATCH:0
[  889394ms] [LOG] [popcorn-init] OK: plugin-jsonTransition @ http://localhost:5173/src/lib/popcornInit.js:48
[  889426ms] [LOG] [popcorn-init] OK: plugin-lottie-json @ http://localhost:5173/src/lib/popcornInit.js:48
[  889443ms] [LOG] [popcorn-init] OK: plugin-json-button @ http://localhost:5173/src/lib/popcornInit.js:48
[  889464ms] [LOG] [popcorn-init] OK: plugin-personalizedImage @ http://localhost:5173/src/lib/popcornInit.js:48
[  889478ms] [LOG] [popcorn-init] OK: plugin-loopPlugin @ http://localhost:5173/src/lib/popcornInit.js:48
[  889485ms] [LOG] [popcorn-init] OK: plugin-pausePlugin @ http://localhost:5173/src/lib/popcornInit.js:48
[  889504ms] [LOG] [popcorn-init] OK: plugin-form @ http://localhost:5173/src/lib/popcornInit.js:48
[  889517ms] [LOG] [popcorn-init] OK: plugin-retarget @ http://localhost:5173/src/lib/popcornInit.js:48
[  889526ms] [LOG] [popcorn-init] OK: plugin-popup @ http://localhost:5173/src/lib/popcornInit.js:48
[  889542ms] [LOG] [popcorn-init] OK: plugin-sequencer @ http://localhost:5173/src/lib/popcornInit.js:48
[  889555ms] [LOG] [popcorn-init] OK: plugin-skip @ http://localhost:5173/src/lib/popcornInit.js:48
[  889594ms] [LOG] [popcorn-init] OK: plugin-text @ http://localhost:5173/src/lib/popcornInit.js:48
[  889626ms] [LOG] [popcorn-init] OK: plugin-social @ http://localhost:5173/src/lib/popcornInit.js:48
[  889649ms] [LOG] [popcorn-init] OK: plugin-jsonAnimation @ http://localhost:5173/src/lib/popcornInit.js:48
[  889676ms] [LOG] [popcorn-init] OK: plugin-videoTransition @ http://localhost:5173/src/lib/popcornInit.js:48
[  889683ms] [LOG] [popcorn-init] OK: plugin-seethroughtext @ http://localhost:5173/src/lib/popcornInit.js:48
[  889688ms] [LOG] [popcorn-init] OK: plugin-wikipedia @ http://localhost:5173/src/lib/popcornInit.js:48
[  889694ms] [LOG] [popcorn-init] OK: plugin-combined @ http://localhost:5173/src/lib/popcornInit.js:48
[  889701ms] [LOG] [popcorn-init] OK: plugin-background @ http://localhost:5173/src/lib/popcornInit.js:48
[  889701ms] [LOG] [popcorn-init] SUMMARY: 20/20 plugins registered; all plugins registered @ http://localhost:5173/src/lib/popcornInit.js:60
[  889701ms] [LOG] [popcorn] function 19 @ http://localhost:5173/src/main.js?t=1787472282938:4
[  892222ms] [LOG] [App] Starting initialization... @ http://localhost:5173/src/main.js?t=1787472287347:19
[  892236ms] [LOG] [popcorn-init] OK: jquery @ http://localhost:5173/src/lib/popcornInit.js:41
[  892237ms] [LOG] [popcorn-init] OK: jquery-textfill @ http://localhost:5173/src/lib/popcornInit.js:48
[  892239ms] [LOG] [popcorn-init] OK: popcorn-core @ http://localhost:5173/src/lib/popcornInit.js:48
[  892240ms] [LOG] [popcorn-init] OK: popcorn-ie8 @ http://localhost:5173/src/lib/popcornInit.js:48
[  892241ms] [LOG] [popcorn-init] OK: wrapper-common @ http://localhost:5173/src/lib/popcornInit.js:48
[  892242ms] [LOG] [popcorn-init] OK: wrapper-html5 @ http://localhost:5173/src/lib/popcornInit.js:48
[  892242ms] [LOG] [popcorn-init] OK: wrapper-vrview @ http://localhost:5173/src/lib/popcornInit.js:48
[  892243ms] [LOG] [popcorn-init] OK: wrapper-adaptive @ http://localhost:5173/src/lib/popcornInit.js:48
[  892243ms] [LOG] [popcorn-init] OK: wrapper-null @ http://localhost:5173/src/lib/popcornInit.js:48
[  892245ms] [LOG] [popcorn-init] OK: wrapper-soundcloud @ http://localhost:5173/src/lib/popcornInit.js:48
[  892245ms] [LOG] [popcorn-init] OK: wrapper-vimeo @ http://localhost:5173/src/lib/popcornInit.js:48
[  892245ms] [LOG] [popcorn-init] OK: wrapper-youtube @ http://localhost:5173/src/lib/popcornInit.js:48
[  892246ms] [LOG] [popcorn-init] OK: wrapper-jwplayer @ http://localhost:5173/src/lib/popcornInit.js:48
[  892246ms] [LOG] [popcorn-init] OK: player-module @ http://localhost:5173/src/lib/popcornInit.js:48
[  892372ms] [INFO] %cDownload the React DevTools for a better development experience: https://react.dev/link/react-devtools font-weight:bold @ http://localhost:5173/node_modules/.vite/deps/chunk-EEAUBQDT.js?v=fec69e38:20096
[  892375ms] [LOG] [App] Initialized in 152.60ms @ http://localhost:5173/src/main.js?t=1787472287347:164
[  892375ms] [LOG] [App] Navigating to initial page: video @ http://localhost:5173/src/main.js?t=1787472287347:165
[  892375ms] [INFO] [App] Dev auth bypass active — skipping setup popup. @ http://localhost:5173/src/main.js?t=1787472287347:176
[  893600ms] [WARNING] Clerk: Clerk has been loaded with development keys. Development instances have strict usage limits and should not be used when deploying your application to production. Learn more: https://clerk.com/docs/deployments/overview @ https://clerk.smartvid.app/npm/@clerk/clerk-js@6/dist/clerk.browser.js:11
[  893730ms] [LOG] [popcorn-init] OK: plugin-image @ http://localhost:5173/src/lib/popcornInit.js:48
[  893736ms] [ERROR] Failed to load resource: the server responded with a status of 400 () @ https://clerk.smartvid.app/v1/environment?__clerk_api_version=2026-05-12&_clerk_js_version=6.29.2&_method=PATCH:0
[  894135ms] [LOG] [popcorn-init] OK: plugin-jsonTransition @ http://localhost:5173/src/lib/popcornInit.js:48
[  894264ms] [LOG] [popcorn-init] OK: plugin-lottie-json @ http://localhost:5173/src/lib/popcornInit.js:48
[  894280ms] [LOG] [popcorn-init] OK: plugin-json-button @ http://localhost:5173/src/lib/popcornInit.js:48
[  894289ms] [LOG] [popcorn-init] OK: plugin-personalizedImage @ http://localhost:5173/src/lib/popcornInit.js:48
[  894294ms] [LOG] [popcorn-init] OK: plugin-loopPlugin @ http://localhost:5173/src/lib/popcornInit.js:48
[  894300ms] [LOG] [popcorn-init] OK: plugin-pausePlugin @ http://localhost:5173/src/lib/popcornInit.js:48
[  894309ms] [LOG] [popcorn-init] OK: plugin-form @ http://localhost:5173/src/lib/popcornInit.js:48
[  894323ms] [LOG] [popcorn-init] OK: plugin-retarget @ http://localhost:5173/src/lib/popcornInit.js:48
[  894327ms] [LOG] [popcorn-init] OK: plugin-popup @ http://localhost:5173/src/lib/popcornInit.js:48
[  894333ms] [LOG] [popcorn-init] OK: plugin-sequencer @ http://localhost:5173/src/lib/popcornInit.js:48
[  894339ms] [LOG] [popcorn-init] OK: plugin-skip @ http://localhost:5173/src/lib/popcornInit.js:48
[  894359ms] [LOG] [popcorn-init] OK: plugin-text @ http://localhost:5173/src/lib/popcornInit.js:48
[  894366ms] [LOG] [popcorn-init] OK: plugin-social @ http://localhost:5173/src/lib/popcornInit.js:48
[  894372ms] [LOG] [popcorn-init] OK: plugin-jsonAnimation @ http://localhost:5173/src/lib/popcornInit.js:48
[  894380ms] [LOG] [popcorn-init] OK: plugin-videoTransition @ http://localhost:5173/src/lib/popcornInit.js:48
[  894385ms] [LOG] [popcorn-init] OK: plugin-seethroughtext @ http://localhost:5173/src/lib/popcornInit.js:48
[  894388ms] [LOG] [popcorn-init] OK: plugin-wikipedia @ http://localhost:5173/src/lib/popcornInit.js:48
[  894393ms] [LOG] [popcorn-init] OK: plugin-combined @ http://localhost:5173/src/lib/popcornInit.js:48
[  894398ms] [LOG] [popcorn-init] OK: plugin-background @ http://localhost:5173/src/lib/popcornInit.js:48
[  894398ms] [LOG] [popcorn-init] SUMMARY: 20/20 plugins registered; all plugins registered @ http://localhost:5173/src/lib/popcornInit.js:60
[  894398ms] [LOG] [popcorn] function 19 @ http://localhost:5173/src/main.js?t=1787472287347:4
[  896908ms] [LOG] [App] Starting initialization... @ http://localhost:5173/src/main.js?t=1787472291322:19
[  896922ms] [LOG] [popcorn-init] OK: jquery @ http://localhost:5173/src/lib/popcornInit.js:41
[  896924ms] [LOG] [popcorn-init] OK: jquery-textfill @ http://localhost:5173/src/lib/popcornInit.js:48
[  896926ms] [LOG] [popcorn-init] OK: popcorn-core @ http://localhost:5173/src/lib/popcornInit.js:48
[  896926ms] [LOG] [popcorn-init] OK: popcorn-ie8 @ http://localhost:5173/src/lib/popcornInit.js:48
[  896927ms] [LOG] [popcorn-init] OK: wrapper-common @ http://localhost:5173/src/lib/popcornInit.js:48
[  896927ms] [LOG] [popcorn-init] OK: wrapper-html5 @ http://localhost:5173/src/lib/popcornInit.js:48
[  896928ms] [LOG] [popcorn-init] OK: wrapper-vrview @ http://localhost:5173/src/lib/popcornInit.js:48
[  896928ms] [LOG] [popcorn-init] OK: wrapper-adaptive @ http://localhost:5173/src/lib/popcornInit.js:48
[  896928ms] [LOG] [popcorn-init] OK: wrapper-null @ http://localhost:5173/src/lib/popcornInit.js:48
[  896929ms] [LOG] [popcorn-init] OK: wrapper-soundcloud @ http://localhost:5173/src/lib/popcornInit.js:48
[  896929ms] [LOG] [popcorn-init] OK: wrapper-vimeo @ http://localhost:5173/src/lib/popcornInit.js:48
[  896930ms] [LOG] [popcorn-init] OK: wrapper-youtube @ http://localhost:5173/src/lib/popcornInit.js:48
[  896930ms] [LOG] [popcorn-init] OK: wrapper-jwplayer @ http://localhost:5173/src/lib/popcornInit.js:48
[  896930ms] [LOG] [popcorn-init] OK: player-module @ http://localhost:5173/src/lib/popcornInit.js:48
[  897004ms] [INFO] %cDownload the React DevTools for a better development experience: https://react.dev/link/react-devtools font-weight:bold @ http://localhost:5173/node_modules/.vite/deps/chunk-EEAUBQDT.js?v=fec69e38:20096
[  897007ms] [LOG] [App] Initialized in 98.90ms @ http://localhost:5173/src/main.js?t=1787472291322:164
[  897007ms] [LOG] [App] Navigating to initial page: video @ http://localhost:5173/src/main.js?t=1787472291322:165
[  897007ms] [INFO] [App] Dev auth bypass active — skipping setup popup. @ http://localhost:5173/src/main.js?t=1787472291322:176
[  897744ms] [WARNING] Clerk: Clerk has been loaded with development keys. Development instances have strict usage limits and should not be used when deploying your application to production. Learn more: https://clerk.com/docs/deployments/overview @ https://clerk.smartvid.app/npm/@clerk/clerk-js@6/dist/clerk.browser.js:11
[  897789ms] [LOG] [popcorn-init] OK: plugin-image @ http://localhost:5173/src/lib/popcornInit.js:48
[  897838ms] [ERROR] Failed to load resource: the server responded with a status of 400 () @ https://clerk.smartvid.app/v1/environment?__clerk_api_version=2026-05-12&_clerk_js_version=6.29.2&_method=PATCH:0
[  898049ms] [LOG] [popcorn-init] OK: plugin-jsonTransition @ http://localhost:5173/src/lib/popcornInit.js:48
[  898064ms] [LOG] [popcorn-init] OK: plugin-lottie-json @ http://localhost:5173/src/lib/popcornInit.js:48
[  898080ms] [LOG] [popcorn-init] OK: plugin-json-button @ http://localhost:5173/src/lib/popcornInit.js:48
[  898085ms] [LOG] [popcorn-init] OK: plugin-personalizedImage @ http://localhost:5173/src/lib/popcornInit.js:48
[  898089ms] [LOG] [popcorn-init] OK: plugin-loopPlugin @ http://localhost:5173/src/lib/popcornInit.js:48
[  898094ms] [LOG] [popcorn-init] OK: plugin-pausePlugin @ http://localhost:5173/src/lib/popcornInit.js:48
[  898101ms] [LOG] [popcorn-init] OK: plugin-form @ http://localhost:5173/src/lib/popcornInit.js:48
[  898110ms] [LOG] [popcorn-init] OK: plugin-retarget @ http://localhost:5173/src/lib/popcornInit.js:48
[  898114ms] [LOG] [popcorn-init] OK: plugin-popup @ http://localhost:5173/src/lib/popcornInit.js:48
[  898119ms] [LOG] [popcorn-init] OK: plugin-sequencer @ http://localhost:5173/src/lib/popcornInit.js:48
[  898124ms] [LOG] [popcorn-init] OK: plugin-skip @ http://localhost:5173/src/lib/popcornInit.js:48
[  898142ms] [LOG] [popcorn-init] OK: plugin-text @ http://localhost:5173/src/lib/popcornInit.js:48
[  898150ms] [LOG] [popcorn-init] OK: plugin-social @ http://localhost:5173/src/lib/popcornInit.js:48
[  898155ms] [LOG] [popcorn-init] OK: plugin-jsonAnimation @ http://localhost:5173/src/lib/popcornInit.js:48
[  898164ms] [LOG] [popcorn-init] OK: plugin-videoTransition @ http://localhost:5173/src/lib/popcornInit.js:48
[  898169ms] [LOG] [popcorn-init] OK: plugin-seethroughtext @ http://localhost:5173/src/lib/popcornInit.js:48
[  898172ms] [LOG] [popcorn-init] OK: plugin-wikipedia @ http://localhost:5173/src/lib/popcornInit.js:48
[  898177ms] [LOG] [popcorn-init] OK: plugin-combined @ http://localhost:5173/src/lib/popcornInit.js:48
[  898182ms] [LOG] [popcorn-init] OK: plugin-background @ http://localhost:5173/src/lib/popcornInit.js:48
[  898182ms] [LOG] [popcorn-init] SUMMARY: 20/20 plugins registered; all plugins registered @ http://localhost:5173/src/lib/popcornInit.js:60
[  898182ms] [LOG] [popcorn] function 19 @ http://localhost:5173/src/main.js?t=1787472291322:4
[  917312ms] [LOG] [App] Starting initialization... @ http://localhost:5173/src/main.js?t=1787472310251:19
[  917324ms] [LOG] [popcorn-init] OK: jquery @ http://localhost:5173/src/lib/popcornInit.js:41
[  917325ms] [LOG] [popcorn-init] OK: jquery-textfill @ http://localhost:5173/src/lib/popcornInit.js:48
[  917327ms] [LOG] [popcorn-init] OK: popcorn-core @ http://localhost:5173/src/lib/popcornInit.js:48
[  917328ms] [LOG] [popcorn-init] OK: popcorn-ie8 @ http://localhost:5173/src/lib/popcornInit.js:48
[  917328ms] [LOG] [popcorn-init] OK: wrapper-common @ http://localhost:5173/src/lib/popcornInit.js:48
[  917329ms] [LOG] [popcorn-init] OK: wrapper-html5 @ http://localhost:5173/src/lib/popcornInit.js:48
[  917329ms] [LOG] [popcorn-init] OK: wrapper-vrview @ http://localhost:5173/src/lib/popcornInit.js:48
[  917329ms] [LOG] [popcorn-init] OK: wrapper-adaptive @ http://localhost:5173/src/lib/popcornInit.js:48
[  917330ms] [LOG] [popcorn-init] OK: wrapper-null @ http://localhost:5173/src/lib/popcornInit.js:48
[  917330ms] [LOG] [popcorn-init] OK: wrapper-soundcloud @ http://localhost:5173/src/lib/popcornInit.js:48
[  917330ms] [LOG] [popcorn-init] OK: wrapper-vimeo @ http://localhost:5173/src/lib/popcornInit.js:48
[  917331ms] [LOG] [popcorn-init] OK: wrapper-youtube @ http://localhost:5173/src/lib/popcornInit.js:48
[  917331ms] [LOG] [popcorn-init] OK: wrapper-jwplayer @ http://localhost:5173/src/lib/popcornInit.js:48
[  917332ms] [LOG] [popcorn-init] OK: player-module @ http://localhost:5173/src/lib/popcornInit.js:48
[  919645ms] [INFO] %cDownload the React DevTools for a better development experience: https://react.dev/link/react-devtools font-weight:bold @ http://localhost:5173/node_modules/.vite/deps/chunk-EEAUBQDT.js?v=fec69e38:20096
[  919651ms] [LOG] [App] Initialized in 2338.50ms @ http://localhost:5173/src/main.js?t=1787472310251:164
[  919651ms] [LOG] [App] Navigating to initial page: video @ http://localhost:5173/src/main.js?t=1787472310251:165
[  919651ms] [INFO] [App] Dev auth bypass active — skipping setup popup. @ http://localhost:5173/src/main.js?t=1787472310251:176
[  919856ms] [WARNING] Clerk: Clerk has been loaded with development keys. Development instances have strict usage limits and should not be used when deploying your application to production. Learn more: https://clerk.com/docs/deployments/overview @ https://clerk.smartvid.app/npm/@clerk/clerk-js@6/dist/clerk.browser.js:11
[  919931ms] [ERROR] Failed to load resource: the server responded with a status of 400 () @ https://clerk.smartvid.app/v1/environment?__clerk_api_version=2026-05-12&_clerk_js_version=6.29.2&_method=PATCH:0
[  923256ms] [LOG] [popcorn-init] OK: plugin-image @ http://localhost:5173/src/lib/popcornInit.js:48
[  924198ms] [LOG] [popcorn-init] OK: plugin-jsonTransition @ http://localhost:5173/src/lib/popcornInit.js:48
[  924791ms] [LOG] [popcorn-init] OK: plugin-lottie-json @ http://localhost:5173/src/lib/popcornInit.js:48
[  925022ms] [LOG] [popcorn-init] OK: plugin-json-button @ http://localhost:5173/src/lib/popcornInit.js:48
[  925148ms] [LOG] [popcorn-init] OK: plugin-personalizedImage @ http://localhost:5173/src/lib/popcornInit.js:48
[  925167ms] [LOG] [popcorn-init] OK: plugin-loopPlugin @ http://localhost:5173/src/lib/popcornInit.js:48
[  925188ms] [LOG] [popcorn-init] OK: plugin-pausePlugin @ http://localhost:5173/src/lib/popcornInit.js:48
[  925343ms] [LOG] [popcorn-init] OK: plugin-form @ http://localhost:5173/src/lib/popcornInit.js:48
[  925441ms] [LOG] [popcorn-init] OK: plugin-retarget @ http://localhost:5173/src/lib/popcornInit.js:48
[  925502ms] [LOG] [popcorn-init] OK: plugin-popup @ http://localhost:5173/src/lib/popcornInit.js:48
[  925613ms] [LOG] [popcorn-init] OK: plugin-sequencer @ http://localhost:5173/src/lib/popcornInit.js:48
[  925629ms] [LOG] [popcorn-init] OK: plugin-skip @ http://localhost:5173/src/lib/popcornInit.js:48
[  925797ms] [LOG] [popcorn-init] OK: plugin-text @ http://localhost:5173/src/lib/popcornInit.js:48
[  925862ms] [LOG] [popcorn-init] OK: plugin-social @ http://localhost:5173/src/lib/popcornInit.js:48
[  925895ms] [LOG] [popcorn-init] OK: plugin-jsonAnimation @ http://localhost:5173/src/lib/popcornInit.js:48
[  925957ms] [LOG] [popcorn-init] OK: plugin-videoTransition @ http://localhost:5173/src/lib/popcornInit.js:48
[  926119ms] [LOG] [popcorn-init] OK: plugin-seethroughtext @ http://localhost:5173/src/lib/popcornInit.js:48
[  926401ms] [LOG] [popcorn-init] OK: plugin-wikipedia @ http://localhost:5173/src/lib/popcornInit.js:48
[  926426ms] [LOG] [popcorn-init] OK: plugin-combined @ http://localhost:5173/src/lib/popcornInit.js:48
[  926470ms] [LOG] [popcorn-init] OK: plugin-background @ http://localhost:5173/src/lib/popcornInit.js:48
[  926470ms] [LOG] [popcorn-init] SUMMARY: 20/20 plugins registered; all plugins registered @ http://localhost:5173/src/lib/popcornInit.js:60
[  926471ms] [LOG] [popcorn] function 19 @ http://localhost:5173/src/main.js?t=1787472310251:4
[  946100ms] [LOG] [App] Starting initialization... @ http://localhost:5173/src/main.js?t=1787472337629:19
[  946132ms] [LOG] [popcorn-init] OK: jquery @ http://localhost:5173/src/lib/popcornInit.js:41
[  946135ms] [LOG] [popcorn-init] OK: jquery-textfill @ http://localhost:5173/src/lib/popcornInit.js:48
[  946136ms] [LOG] [popcorn-init] OK: popcorn-core @ http://localhost:5173/src/lib/popcornInit.js:48
[  946137ms] [LOG] [popcorn-init] OK: popcorn-ie8 @ http://localhost:5173/src/lib/popcornInit.js:48
[  946137ms] [LOG] [popcorn-init] OK: wrapper-common @ http://localhost:5173/src/lib/popcornInit.js:48
[  946138ms] [LOG] [popcorn-init] OK: wrapper-html5 @ http://localhost:5173/src/lib/popcornInit.js:48
[  946139ms] [LOG] [popcorn-init] OK: wrapper-vrview @ http://localhost:5173/src/lib/popcornInit.js:48
[  946139ms] [LOG] [popcorn-init] OK: wrapper-adaptive @ http://localhost:5173/src/lib/popcornInit.js:48
[  946140ms] [LOG] [popcorn-init] OK: wrapper-null @ http://localhost:5173/src/lib/popcornInit.js:48
[  946141ms] [LOG] [popcorn-init] OK: wrapper-soundcloud @ http://localhost:5173/src/lib/popcornInit.js:48
[  946142ms] [LOG] [popcorn-init] OK: wrapper-vimeo @ http://localhost:5173/src/lib/popcornInit.js:48
[  946143ms] [LOG] [popcorn-init] OK: wrapper-youtube @ http://localhost:5173/src/lib/popcornInit.js:48
[  946143ms] [LOG] [popcorn-init] OK: wrapper-jwplayer @ http://localhost:5173/src/lib/popcornInit.js:48
[  946144ms] [LOG] [popcorn-init] OK: player-module @ http://localhost:5173/src/lib/popcornInit.js:48
[  946798ms] [INFO] %cDownload the React DevTools for a better development experience: https://react.dev/link/react-devtools font-weight:bold @ http://localhost:5173/node_modules/.vite/deps/chunk-EEAUBQDT.js?v=fec69e38:20096
[  946807ms] [LOG] [App] Initialized in 706.60ms @ http://localhost:5173/src/main.js?t=1787472337629:164
[  946807ms] [LOG] [App] Navigating to initial page: video @ http://localhost:5173/src/main.js?t=1787472337629:165
[  946808ms] [INFO] [App] Dev auth bypass active — skipping setup popup. @ http://localhost:5173/src/main.js?t=1787472337629:176
[  947983ms] [LOG] [popcorn-init] OK: plugin-image @ http://localhost:5173/src/lib/popcornInit.js:48
[  948035ms] [WARNING] Clerk: Clerk has been loaded with development keys. Development instances have strict usage limits and should not be used when deploying your application to production. Learn more: https://clerk.com/docs/deployments/overview @ https://clerk.smartvid.app/npm/@clerk/clerk-js@6/dist/clerk.browser.js:11
[  948246ms] [ERROR] Failed to load resource: the server responded with a status of 400 () @ https://clerk.smartvid.app/v1/environment?__clerk_api_version=2026-05-12&_clerk_js_version=6.29.2&_method=PATCH:0
[  948586ms] [LOG] [popcorn-init] OK: plugin-jsonTransition @ http://localhost:5173/src/lib/popcornInit.js:48
[  948615ms] [LOG] [popcorn-init] OK: plugin-lottie-json @ http://localhost:5173/src/lib/popcornInit.js:48
[  948623ms] [LOG] [popcorn-init] OK: plugin-json-button @ http://localhost:5173/src/lib/popcornInit.js:48
[  948635ms] [LOG] [popcorn-init] OK: plugin-personalizedImage @ http://localhost:5173/src/lib/popcornInit.js:48
[  948653ms] [LOG] [popcorn-init] OK: plugin-loopPlugin @ http://localhost:5173/src/lib/popcornInit.js:48
[  948662ms] [LOG] [popcorn-init] OK: plugin-pausePlugin @ http://localhost:5173/src/lib/popcornInit.js:48
[  948675ms] [LOG] [popcorn-init] OK: plugin-form @ http://localhost:5173/src/lib/popcornInit.js:48
[  948688ms] [LOG] [popcorn-init] OK: plugin-retarget @ http://localhost:5173/src/lib/popcornInit.js:48
[  948692ms] [LOG] [popcorn-init] OK: plugin-popup @ http://localhost:5173/src/lib/popcornInit.js:48
[  948703ms] [LOG] [popcorn-init] OK: plugin-sequencer @ http://localhost:5173/src/lib/popcornInit.js:48
[  948709ms] [LOG] [popcorn-init] OK: plugin-skip @ http://localhost:5173/src/lib/popcornInit.js:48
[  948737ms] [LOG] [popcorn-init] OK: plugin-text @ http://localhost:5173/src/lib/popcornInit.js:48
[  948754ms] [LOG] [popcorn-init] OK: plugin-social @ http://localhost:5173/src/lib/popcornInit.js:48
[  948784ms] [LOG] [popcorn-init] OK: plugin-jsonAnimation @ http://localhost:5173/src/lib/popcornInit.js:48
[  948839ms] [LOG] [popcorn-init] OK: plugin-videoTransition @ http://localhost:5173/src/lib/popcornInit.js:48
[  948855ms] [LOG] [popcorn-init] OK: plugin-seethroughtext @ http://localhost:5173/src/lib/popcornInit.js:48
[  948861ms] [LOG] [popcorn-init] OK: plugin-wikipedia @ http://localhost:5173/src/lib/popcornInit.js:48
[  948869ms] [LOG] [popcorn-init] OK: plugin-combined @ http://localhost:5173/src/lib/popcornInit.js:48
[  948877ms] [LOG] [popcorn-init] OK: plugin-background @ http://localhost:5173/src/lib/popcornInit.js:48
[  948877ms] [LOG] [popcorn-init] SUMMARY: 20/20 plugins registered; all plugins registered @ http://localhost:5173/src/lib/popcornInit.js:60
[  948877ms] [LOG] [popcorn] function 19 @ http://localhost:5173/src/main.js?t=1787472337629:4
[  955875ms] [LOG] [App] Starting initialization... @ http://localhost:5173/src/main.js?t=1787472350971:19
[  955892ms] [LOG] [popcorn-init] OK: jquery @ http://localhost:5173/src/lib/popcornInit.js:41
[  955895ms] [LOG] [popcorn-init] OK: jquery-textfill @ http://localhost:5173/src/lib/popcornInit.js:48
[  955898ms] [LOG] [popcorn-init] OK: popcorn-core @ http://localhost:5173/src/lib/popcornInit.js:48
[  955899ms] [LOG] [popcorn-init] OK: popcorn-ie8 @ http://localhost:5173/src/lib/popcornInit.js:48
[  955899ms] [LOG] [popcorn-init] OK: wrapper-common @ http://localhost:5173/src/lib/popcornInit.js:48
[  955900ms] [LOG] [popcorn-init] OK: wrapper-html5 @ http://localhost:5173/src/lib/popcornInit.js:48
[  955900ms] [LOG] [popcorn-init] OK: wrapper-vrview @ http://localhost:5173/src/lib/popcornInit.js:48
[  955901ms] [LOG] [popcorn-init] OK: wrapper-adaptive @ http://localhost:5173/src/lib/popcornInit.js:48
[  955901ms] [LOG] [popcorn-init] OK: wrapper-null @ http://localhost:5173/src/lib/popcornInit.js:48
[  955902ms] [LOG] [popcorn-init] OK: wrapper-soundcloud @ http://localhost:5173/src/lib/popcornInit.js:48
[  955903ms] [LOG] [popcorn-init] OK: wrapper-vimeo @ http://localhost:5173/src/lib/popcornInit.js:48
[  955903ms] [LOG] [popcorn-init] OK: wrapper-youtube @ http://localhost:5173/src/lib/popcornInit.js:48
[  955904ms] [LOG] [popcorn-init] OK: wrapper-jwplayer @ http://localhost:5173/src/lib/popcornInit.js:48
[  955904ms] [LOG] [popcorn-init] OK: player-module @ http://localhost:5173/src/lib/popcornInit.js:48
[  956046ms] [INFO] %cDownload the React DevTools for a better development experience: https://react.dev/link/react-devtools font-weight:bold @ http://localhost:5173/node_modules/.vite/deps/chunk-EEAUBQDT.js?v=fec69e38:20096
[  956049ms] [LOG] [App] Initialized in 173.60ms @ http://localhost:5173/src/main.js?t=1787472350971:164
[  956049ms] [LOG] [App] Navigating to initial page: video @ http://localhost:5173/src/main.js?t=1787472350971:165
[  956049ms] [INFO] [App] Dev auth bypass active — skipping setup popup. @ http://localhost:5173/src/main.js?t=1787472350971:176
[  957130ms] [LOG] [popcorn-init] OK: plugin-image @ http://localhost:5173/src/lib/popcornInit.js:48
[  957268ms] [WARNING] Clerk: Clerk has been loaded with development keys. Development instances have strict usage limits and should not be used when deploying your application to production. Learn more: https://clerk.com/docs/deployments/overview @ https://clerk.smartvid.app/npm/@clerk/clerk-js@6/dist/clerk.browser.js:11
[  957389ms] [ERROR] Failed to load resource: the server responded with a status of 400 () @ https://clerk.smartvid.app/v1/environment?__clerk_api_version=2026-05-12&_clerk_js_version=6.29.2&_method=PATCH:0
[  957465ms] [LOG] [popcorn-init] OK: plugin-jsonTransition @ http://localhost:5173/src/lib/popcornInit.js:48
[  957518ms] [LOG] [popcorn-init] OK: plugin-lottie-json @ http://localhost:5173/src/lib/popcornInit.js:48
[  957533ms] [LOG] [popcorn-init] OK: plugin-json-button @ http://localhost:5173/src/lib/popcornInit.js:48
[  957543ms] [LOG] [popcorn-init] OK: plugin-personalizedImage @ http://localhost:5173/src/lib/popcornInit.js:48
[  957550ms] [LOG] [popcorn-init] OK: plugin-loopPlugin @ http://localhost:5173/src/lib/popcornInit.js:48
[  957561ms] [LOG] [popcorn-init] OK: plugin-pausePlugin @ http://localhost:5173/src/lib/popcornInit.js:48
[  957591ms] [LOG] [popcorn-init] OK: plugin-form @ http://localhost:5173/src/lib/popcornInit.js:48
[  957607ms] [LOG] [popcorn-init] OK: plugin-retarget @ http://localhost:5173/src/lib/popcornInit.js:48
[  957612ms] [LOG] [popcorn-init] OK: plugin-popup @ http://localhost:5173/src/lib/popcornInit.js:48
[  957621ms] [LOG] [popcorn-init] OK: plugin-sequencer @ http://localhost:5173/src/lib/popcornInit.js:48
[  957632ms] [LOG] [popcorn-init] OK: plugin-skip @ http://localhost:5173/src/lib/popcornInit.js:48
[  957655ms] [LOG] [popcorn-init] OK: plugin-text @ http://localhost:5173/src/lib/popcornInit.js:48
[  957663ms] [LOG] [popcorn-init] OK: plugin-social @ http://localhost:5173/src/lib/popcornInit.js:48
[  957670ms] [LOG] [popcorn-init] OK: plugin-jsonAnimation @ http://localhost:5173/src/lib/popcornInit.js:48
[  957680ms] [LOG] [popcorn-init] OK: plugin-videoTransition @ http://localhost:5173/src/lib/popcornInit.js:48
[  957687ms] [LOG] [popcorn-init] OK: plugin-seethroughtext @ http://localhost:5173/src/lib/popcornInit.js:48
[  957691ms] [LOG] [popcorn-init] OK: plugin-wikipedia @ http://localhost:5173/src/lib/popcornInit.js:48
[  957696ms] [LOG] [popcorn-init] OK: plugin-combined @ http://localhost:5173/src/lib/popcornInit.js:48
[  957702ms] [LOG] [popcorn-init] OK: plugin-background @ http://localhost:5173/src/lib/popcornInit.js:48
[  957702ms] [LOG] [popcorn-init] SUMMARY: 20/20 plugins registered; all plugins registered @ http://localhost:5173/src/lib/popcornInit.js:60
[  957702ms] [LOG] [popcorn] function 19 @ http://localhost:5173/src/main.js?t=1787472350971:4
[ 1021128ms] [LOG] [App] Starting initialization... @ http://localhost:5173/src/main.js?t=1787472415916:19
[ 1021154ms] [LOG] [popcorn-init] OK: jquery @ http://localhost:5173/src/lib/popcornInit.js:41
[ 1021157ms] [LOG] [popcorn-init] OK: jquery-textfill @ http://localhost:5173/src/lib/popcornInit.js:48
[ 1021160ms] [LOG] [popcorn-init] OK: popcorn-core @ http://localhost:5173/src/lib/popcornInit.js:48
[ 1021160ms] [LOG] [popcorn-init] OK: popcorn-ie8 @ http://localhost:5173/src/lib/popcornInit.js:48
[ 1021161ms] [LOG] [popcorn-init] OK: wrapper-common @ http://localhost:5173/src/lib/popcornInit.js:48
[ 1021162ms] [LOG] [popcorn-init] OK: wrapper-html5 @ http://localhost:5173/src/lib/popcornInit.js:48
[ 1021163ms] [LOG] [popcorn-init] OK: wrapper-vrview @ http://localhost:5173/src/lib/popcornInit.js:48
[ 1021165ms] [LOG] [popcorn-init] OK: wrapper-adaptive @ http://localhost:5173/src/lib/popcornInit.js:48
[ 1021166ms] [LOG] [popcorn-init] OK: wrapper-null @ http://localhost:5173/src/lib/popcornInit.js:48
[ 1021182ms] [LOG] [popcorn-init] OK: wrapper-soundcloud @ http://localhost:5173/src/lib/popcornInit.js:48
[ 1021185ms] [LOG] [popcorn-init] OK: wrapper-vimeo @ http://localhost:5173/src/lib/popcornInit.js:48
[ 1021189ms] [LOG] [popcorn-init] OK: wrapper-youtube @ http://localhost:5173/src/lib/popcornInit.js:48
[ 1021190ms] [LOG] [popcorn-init] OK: wrapper-jwplayer @ http://localhost:5173/src/lib/popcornInit.js:48
[ 1021190ms] [LOG] [popcorn-init] OK: player-module @ http://localhost:5173/src/lib/popcornInit.js:48
[ 1021390ms] [INFO] %cDownload the React DevTools for a better development experience: https://react.dev/link/react-devtools font-weight:bold @ http://localhost:5173/node_modules/.vite/deps/chunk-EEAUBQDT.js?v=fec69e38:20096
[ 1021397ms] [LOG] [App] Initialized in 268.40ms @ http://localhost:5173/src/main.js?t=1787472415916:164
[ 1021397ms] [LOG] [App] Navigating to initial page: video @ http://localhost:5173/src/main.js?t=1787472415916:165
[ 1021397ms] [INFO] [App] Dev auth bypass active — skipping setup popup. @ http://localhost:5173/src/main.js?t=1787472415916:176
[ 1021953ms] [LOG] [popcorn-init] OK: plugin-image @ http://localhost:5173/src/lib/popcornInit.js:48
[ 1022305ms] [WARNING] Clerk: Clerk has been loaded with development keys. Development instances have strict usage limits and should not be used when deploying your application to production. Learn more: https://clerk.com/docs/deployments/overview @ https://clerk.smartvid.app/npm/@clerk/clerk-js@6/dist/clerk.browser.js:11
[ 1022416ms] [ERROR] Failed to load resource: the server responded with a status of 400 () @ https://clerk.smartvid.app/v1/environment?__clerk_api_version=2026-05-12&_clerk_js_version=6.29.2&_method=PATCH:0
[ 1022522ms] [LOG] [popcorn-init] OK: plugin-jsonTransition @ http://localhost:5173/src/lib/popcornInit.js:48
[ 1022549ms] [LOG] [popcorn-init] OK: plugin-lottie-json @ http://localhost:5173/src/lib/popcornInit.js:48
[ 1022568ms] [LOG] [popcorn-init] OK: plugin-json-button @ http://localhost:5173/src/lib/popcornInit.js:48
[ 1022575ms] [LOG] [popcorn-init] OK: plugin-personalizedImage @ http://localhost:5173/src/lib/popcornInit.js:48
[ 1022580ms] [LOG] [popcorn-init] OK: plugin-loopPlugin @ http://localhost:5173/src/lib/popcornInit.js:48
[ 1022585ms] [LOG] [popcorn-init] OK: plugin-pausePlugin @ http://localhost:5173/src/lib/popcornInit.js:48
[ 1022596ms] [LOG] [popcorn-init] OK: plugin-form @ http://localhost:5173/src/lib/popcornInit.js:48
[ 1022610ms] [LOG] [popcorn-init] OK: plugin-retarget @ http://localhost:5173/src/lib/popcornInit.js:48
[ 1022617ms] [LOG] [popcorn-init] OK: plugin-popup @ http://localhost:5173/src/lib/popcornInit.js:48
[ 1022623ms] [LOG] [popcorn-init] OK: plugin-sequencer @ http://localhost:5173/src/lib/popcornInit.js:48
[ 1022629ms] [LOG] [popcorn-init] OK: plugin-skip @ http://localhost:5173/src/lib/popcornInit.js:48
[ 1022652ms] [LOG] [popcorn-init] OK: plugin-text @ http://localhost:5173/src/lib/popcornInit.js:48
[ 1022660ms] [LOG] [popcorn-init] OK: plugin-social @ http://localhost:5173/src/lib/popcornInit.js:48
[ 1022666ms] [LOG] [popcorn-init] OK: plugin-jsonAnimation @ http://localhost:5173/src/lib/popcornInit.js:48
[ 1022679ms] [LOG] [popcorn-init] OK: plugin-videoTransition @ http://localhost:5173/src/lib/popcornInit.js:48
[ 1022685ms] [LOG] [popcorn-init] OK: plugin-seethroughtext @ http://localhost:5173/src/lib/popcornInit.js:48
[ 1022688ms] [LOG] [popcorn-init] OK: plugin-wikipedia @ http://localhost:5173/src/lib/popcornInit.js:48
[ 1022693ms] [LOG] [popcorn-init] OK: plugin-combined @ http://localhost:5173/src/lib/popcornInit.js:48
[ 1022699ms] [LOG] [popcorn-init] OK: plugin-background @ http://localhost:5173/src/lib/popcornInit.js:48
[ 1022699ms] [LOG] [popcorn-init] SUMMARY: 20/20 plugins registered; all plugins registered @ http://localhost:5173/src/lib/popcornInit.js:60
[ 1022699ms] [LOG] [popcorn] function 19 @ http://localhost:5173/src/main.js?t=1787472415916:4
[ 1029492ms] [LOG] [App] Starting initialization... @ http://localhost:5173/src/main.js?t=1787472424749:19
[ 1029512ms] [LOG] [popcorn-init] OK: jquery @ http://localhost:5173/src/lib/popcornInit.js:41
[ 1029514ms] [LOG] [popcorn-init] OK: jquery-textfill @ http://localhost:5173/src/lib/popcornInit.js:48
[ 1029515ms] [LOG] [popcorn-init] OK: popcorn-core @ http://localhost:5173/src/lib/popcornInit.js:48
[ 1029516ms] [LOG] [popcorn-init] OK: popcorn-ie8 @ http://localhost:5173/src/lib/popcornInit.js:48
[ 1029516ms] [LOG] [popcorn-init] OK: wrapper-common @ http://localhost:5173/src/lib/popcornInit.js:48
[ 1029517ms] [LOG] [popcorn-init] OK: wrapper-html5 @ http://localhost:5173/src/lib/popcornInit.js:48
[ 1029517ms] [LOG] [popcorn-init] OK: wrapper-vrview @ http://localhost:5173/src/lib/popcornInit.js:48
[ 1029517ms] [LOG] [popcorn-init] OK: wrapper-adaptive @ http://localhost:5173/src/lib/popcornInit.js:48
[ 1029517ms] [LOG] [popcorn-init] OK: wrapper-null @ http://localhost:5173/src/lib/popcornInit.js:48
[ 1029518ms] [LOG] [popcorn-init] OK: wrapper-soundcloud @ http://localhost:5173/src/lib/popcornInit.js:48
[ 1029518ms] [LOG] [popcorn-init] OK: wrapper-vimeo @ http://localhost:5173/src/lib/popcornInit.js:48
[ 1029518ms] [LOG] [popcorn-init] OK: wrapper-youtube @ http://localhost:5173/src/lib/popcornInit.js:48
[ 1029519ms] [LOG] [popcorn-init] OK: wrapper-jwplayer @ http://localhost:5173/src/lib/popcornInit.js:48
[ 1029519ms] [LOG] [popcorn-init] OK: player-module @ http://localhost:5173/src/lib/popcornInit.js:48
[ 1029632ms] [INFO] %cDownload the React DevTools for a better development experience: https://react.dev/link/react-devtools font-weight:bold @ http://localhost:5173/node_modules/.vite/deps/chunk-EEAUBQDT.js?v=fec69e38:20096
[ 1029636ms] [LOG] [App] Initialized in 143.40ms @ http://localhost:5173/src/main.js?t=1787472424749:164
[ 1029636ms] [LOG] [App] Navigating to initial page: video @ http://localhost:5173/src/main.js?t=1787472424749:165
[ 1029636ms] [INFO] [App] Dev auth bypass active — skipping setup popup. @ http://localhost:5173/src/main.js?t=1787472424749:176
[ 1030177ms] [LOG] [popcorn-init] OK: plugin-image @ http://localhost:5173/src/lib/popcornInit.js:48
[ 1030447ms] [WARNING] Clerk: Clerk has been loaded with development keys. Development instances have strict usage limits and should not be used when deploying your application to production. Learn more: https://clerk.com/docs/deployments/overview @ https://clerk.smartvid.app/npm/@clerk/clerk-js@6/dist/clerk.browser.js:11
[ 1030541ms] [ERROR] Failed to load resource: the server responded with a status of 400 () @ https://clerk.smartvid.app/v1/environment?__clerk_api_version=2026-05-12&_clerk_js_version=6.29.2&_method=PATCH:0
[ 1030621ms] [LOG] [popcorn-init] OK: plugin-jsonTransition @ http://localhost:5173/src/lib/popcornInit.js:48
[ 1030637ms] [LOG] [popcorn-init] OK: plugin-lottie-json @ http://localhost:5173/src/lib/popcornInit.js:48
[ 1030656ms] [LOG] [popcorn-init] OK: plugin-json-button @ http://localhost:5173/src/lib/popcornInit.js:48
[ 1030666ms] [LOG] [popcorn-init] OK: plugin-personalizedImage @ http://localhost:5173/src/lib/popcornInit.js:48
[ 1030675ms] [LOG] [popcorn-init] OK: plugin-loopPlugin @ http://localhost:5173/src/lib/popcornInit.js:48
[ 1030681ms] [LOG] [popcorn-init] OK: plugin-pausePlugin @ http://localhost:5173/src/lib/popcornInit.js:48
[ 1030691ms] [LOG] [popcorn-init] OK: plugin-form @ http://localhost:5173/src/lib/popcornInit.js:48
[ 1030702ms] [LOG] [popcorn-init] OK: plugin-retarget @ http://localhost:5173/src/lib/popcornInit.js:48
[ 1030705ms] [LOG] [popcorn-init] OK: plugin-popup @ http://localhost:5173/src/lib/popcornInit.js:48
[ 1030710ms] [LOG] [popcorn-init] OK: plugin-sequencer @ http://localhost:5173/src/lib/popcornInit.js:48
[ 1030715ms] [LOG] [popcorn-init] OK: plugin-skip @ http://localhost:5173/src/lib/popcornInit.js:48
[ 1030733ms] [LOG] [popcorn-init] OK: plugin-text @ http://localhost:5173/src/lib/popcornInit.js:48
[ 1030740ms] [LOG] [popcorn-init] OK: plugin-social @ http://localhost:5173/src/lib/popcornInit.js:48
[ 1030745ms] [LOG] [popcorn-init] OK: plugin-jsonAnimation @ http://localhost:5173/src/lib/popcornInit.js:48
[ 1030754ms] [LOG] [popcorn-init] OK: plugin-videoTransition @ http://localhost:5173/src/lib/popcornInit.js:48
[ 1030759ms] [LOG] [popcorn-init] OK: plugin-seethroughtext @ http://localhost:5173/src/lib/popcornInit.js:48
[ 1030763ms] [LOG] [popcorn-init] OK: plugin-wikipedia @ http://localhost:5173/src/lib/popcornInit.js:48
[ 1030767ms] [LOG] [popcorn-init] OK: plugin-combined @ http://localhost:5173/src/lib/popcornInit.js:48
[ 1030772ms] [LOG] [popcorn-init] OK: plugin-background @ http://localhost:5173/src/lib/popcornInit.js:48
[ 1030772ms] [LOG] [popcorn-init] SUMMARY: 20/20 plugins registered; all plugins registered @ http://localhost:5173/src/lib/popcornInit.js:60
[ 1030773ms] [LOG] [popcorn] function 19 @ http://localhost:5173/src/main.js?t=1787472424749:4
[ 1088385ms] [LOG] [App] Starting initialization... @ http://localhost:5173/src/main.js?t=1787472483687:19
[ 1088404ms] [LOG] [popcorn-init] OK: jquery @ http://localhost:5173/src/lib/popcornInit.js:41
[ 1088406ms] [LOG] [popcorn-init] OK: jquery-textfill @ http://localhost:5173/src/lib/popcornInit.js:48
[ 1088407ms] [LOG] [popcorn-init] OK: popcorn-core @ http://localhost:5173/src/lib/popcornInit.js:48
[ 1088408ms] [LOG] [popcorn-init] OK: popcorn-ie8 @ http://localhost:5173/src/lib/popcornInit.js:48
[ 1088408ms] [LOG] [popcorn-init] OK: wrapper-common @ http://localhost:5173/src/lib/popcornInit.js:48
[ 1088409ms] [LOG] [popcorn-init] OK: wrapper-html5 @ http://localhost:5173/src/lib/popcornInit.js:48
[ 1088409ms] [LOG] [popcorn-init] OK: wrapper-vrview @ http://localhost:5173/src/lib/popcornInit.js:48
[ 1088410ms] [LOG] [popcorn-init] OK: wrapper-adaptive @ http://localhost:5173/src/lib/popcornInit.js:48
[ 1088410ms] [LOG] [popcorn-init] OK: wrapper-null @ http://localhost:5173/src/lib/popcornInit.js:48
[ 1088410ms] [LOG] [popcorn-init] OK: wrapper-soundcloud @ http://localhost:5173/src/lib/popcornInit.js:48
[ 1088411ms] [LOG] [popcorn-init] OK: wrapper-vimeo @ http://localhost:5173/src/lib/popcornInit.js:48
[ 1088411ms] [LOG] [popcorn-init] OK: wrapper-youtube @ http://localhost:5173/src/lib/popcornInit.js:48
[ 1088412ms] [LOG] [popcorn-init] OK: wrapper-jwplayer @ http://localhost:5173/src/lib/popcornInit.js:48
[ 1088412ms] [LOG] [popcorn-init] OK: player-module @ http://localhost:5173/src/lib/popcornInit.js:48
[ 1088575ms] [INFO] %cDownload the React DevTools for a better development experience: https://react.dev/link/react-devtools font-weight:bold @ http://localhost:5173/node_modules/.vite/deps/chunk-EEAUBQDT.js?v=fec69e38:20096
[ 1088578ms] [LOG] [App] Initialized in 192.40ms @ http://localhost:5173/src/main.js?t=1787472483687:164
[ 1088578ms] [LOG] [App] Navigating to initial page: video @ http://localhost:5173/src/main.js?t=1787472483687:165
[ 1088578ms] [INFO] [App] Dev auth bypass active — skipping setup popup. @ http://localhost:5173/src/main.js?t=1787472483687:176
[ 1089161ms] [LOG] [popcorn-init] OK: plugin-image @ http://localhost:5173/src/lib/popcornInit.js:48
[ 1089377ms] [WARNING] Clerk: Clerk has been loaded with development keys. Development instances have strict usage limits and should not be used when deploying your application to production. Learn more: https://clerk.com/docs/deployments/overview @ https://clerk.smartvid.app/npm/@clerk/clerk-js@6/dist/clerk.browser.js:11
[ 1089626ms] [ERROR] Failed to load resource: the server responded with a status of 400 () @ https://clerk.smartvid.app/v1/environment?__clerk_api_version=2026-05-12&_clerk_js_version=6.29.2&_method=PATCH:0
[ 1090387ms] [LOG] [popcorn-init] OK: plugin-jsonTransition @ http://localhost:5173/src/lib/popcornInit.js:48
[ 1090425ms] [LOG] [popcorn-init] OK: plugin-lottie-json @ http://localhost:5173/src/lib/popcornInit.js:48
[ 1090444ms] [LOG] [popcorn-init] OK: plugin-json-button @ http://localhost:5173/src/lib/popcornInit.js:48
[ 1090451ms] [LOG] [popcorn-init] OK: plugin-personalizedImage @ http://localhost:5173/src/lib/popcornInit.js:48
[ 1090459ms] [LOG] [popcorn-init] OK: plugin-loopPlugin @ http://localhost:5173/src/lib/popcornInit.js:48
[ 1090465ms] [LOG] [popcorn-init] OK: plugin-pausePlugin @ http://localhost:5173/src/lib/popcornInit.js:48
[ 1090483ms] [LOG] [popcorn-init] OK: plugin-form @ http://localhost:5173/src/lib/popcornInit.js:48
[ 1090505ms] [LOG] [popcorn-init] OK: plugin-retarget @ http://localhost:5173/src/lib/popcornInit.js:48
[ 1090515ms] [LOG] [popcorn-init] OK: plugin-popup @ http://localhost:5173/src/lib/popcornInit.js:48
[ 1090525ms] [LOG] [popcorn-init] OK: plugin-sequencer @ http://localhost:5173/src/lib/popcornInit.js:48
[ 1090534ms] [LOG] [popcorn-init] OK: plugin-skip @ http://localhost:5173/src/lib/popcornInit.js:48
[ 1090566ms] [LOG] [popcorn-init] OK: plugin-text @ http://localhost:5173/src/lib/popcornInit.js:48
[ 1090580ms] [LOG] [popcorn-init] OK: plugin-social @ http://localhost:5173/src/lib/popcornInit.js:48
[ 1090587ms] [LOG] [popcorn-init] OK: plugin-jsonAnimation @ http://localhost:5173/src/lib/popcornInit.js:48
[ 1090600ms] [LOG] [popcorn-init] OK: plugin-videoTransition @ http://localhost:5173/src/lib/popcornInit.js:48
[ 1090615ms] [LOG] [popcorn-init] OK: plugin-seethroughtext @ http://localhost:5173/src/lib/popcornInit.js:48
[ 1090620ms] [LOG] [popcorn-init] OK: plugin-wikipedia @ http://localhost:5173/src/lib/popcornInit.js:48
[ 1090627ms] [LOG] [popcorn-init] OK: plugin-combined @ http://localhost:5173/src/lib/popcornInit.js:48
[ 1090635ms] [LOG] [popcorn-init] OK: plugin-background @ http://localhost:5173/src/lib/popcornInit.js:48
[ 1090635ms] [LOG] [popcorn-init] SUMMARY: 20/20 plugins registered; all plugins registered @ http://localhost:5173/src/lib/popcornInit.js:60
[ 1090635ms] [LOG] [popcorn] function 19 @ http://localhost:5173/src/main.js?t=1787472483687:4
[ 1099728ms] [LOG] [App] Starting initialization... @ http://localhost:5173/src/main.js?t=1787472495084:19
[ 1099740ms] [LOG] [popcorn-init] OK: jquery @ http://localhost:5173/src/lib/popcornInit.js:41
[ 1099742ms] [LOG] [popcorn-init] OK: jquery-textfill @ http://localhost:5173/src/lib/popcornInit.js:48
[ 1099744ms] [LOG] [popcorn-init] OK: popcorn-core @ http://localhost:5173/src/lib/popcornInit.js:48
[ 1099744ms] [LOG] [popcorn-init] OK: popcorn-ie8 @ http://localhost:5173/src/lib/popcornInit.js:48
[ 1099745ms] [LOG] [popcorn-init] OK: wrapper-common @ http://localhost:5173/src/lib/popcornInit.js:48
[ 1099745ms] [LOG] [popcorn-init] OK: wrapper-html5 @ http://localhost:5173/src/lib/popcornInit.js:48
[ 1099745ms] [LOG] [popcorn-init] OK: wrapper-vrview @ http://localhost:5173/src/lib/popcornInit.js:48
[ 1099745ms] [LOG] [popcorn-init] OK: wrapper-adaptive @ http://localhost:5173/src/lib/popcornInit.js:48
[ 1099746ms] [LOG] [popcorn-init] OK: wrapper-null @ http://localhost:5173/src/lib/popcornInit.js:48
[ 1099746ms] [LOG] [popcorn-init] OK: wrapper-soundcloud @ http://localhost:5173/src/lib/popcornInit.js:48
[ 1099746ms] [LOG] [popcorn-init] OK: wrapper-vimeo @ http://localhost:5173/src/lib/popcornInit.js:48
[ 1099747ms] [LOG] [popcorn-init] OK: wrapper-youtube @ http://localhost:5173/src/lib/popcornInit.js:48
[ 1099747ms] [LOG] [popcorn-init] OK: wrapper-jwplayer @ http://localhost:5173/src/lib/popcornInit.js:48
[ 1099747ms] [LOG] [popcorn-init] OK: player-module @ http://localhost:5173/src/lib/popcornInit.js:48
[ 1099893ms] [INFO] %cDownload the React DevTools for a better development experience: https://react.dev/link/react-devtools font-weight:bold @ http://localhost:5173/node_modules/.vite/deps/chunk-EEAUBQDT.js?v=fec69e38:20096
[ 1099895ms] [LOG] [App] Initialized in 167.70ms @ http://localhost:5173/src/main.js?t=1787472495084:164
[ 1099895ms] [LOG] [App] Navigating to initial page: video @ http://localhost:5173/src/main.js?t=1787472495084:165
[ 1099896ms] [INFO] [App] Dev auth bypass active — skipping setup popup. @ http://localhost:5173/src/main.js?t=1787472495084:176
[ 1100639ms] [LOG] [popcorn-init] OK: plugin-image @ http://localhost:5173/src/lib/popcornInit.js:48
[ 1100829ms] [WARNING] Clerk: Clerk has been loaded with development keys. Development instances have strict usage limits and should not be used when deploying your application to production. Learn more: https://clerk.com/docs/deployments/overview @ https://clerk.smartvid.app/npm/@clerk/clerk-js@6/dist/clerk.browser.js:11
[ 1101080ms] [ERROR] Failed to load resource: the server responded with a status of 400 () @ https://clerk.smartvid.app/v1/environment?__clerk_api_version=2026-05-12&_clerk_js_version=6.29.2&_method=PATCH:0
[ 1101674ms] [LOG] [popcorn-init] OK: plugin-jsonTransition @ http://localhost:5173/src/lib/popcornInit.js:48
[ 1101802ms] [LOG] [popcorn-init] OK: plugin-lottie-json @ http://localhost:5173/src/lib/popcornInit.js:48
[ 1101837ms] [LOG] [popcorn-init] OK: plugin-json-button @ http://localhost:5173/src/lib/popcornInit.js:48
[ 1101882ms] [LOG] [popcorn-init] OK: plugin-personalizedImage @ http://localhost:5173/src/lib/popcornInit.js:48
[ 1101891ms] [LOG] [popcorn-init] OK: plugin-loopPlugin @ http://localhost:5173/src/lib/popcornInit.js:48
[ 1101900ms] [LOG] [popcorn-init] OK: plugin-pausePlugin @ http://localhost:5173/src/lib/popcornInit.js:48
[ 1101925ms] [LOG] [popcorn-init] OK: plugin-form @ http://localhost:5173/src/lib/popcornInit.js:48
[ 1101942ms] [LOG] [popcorn-init] OK: plugin-retarget @ http://localhost:5173/src/lib/popcornInit.js:48
[ 1101948ms] [LOG] [popcorn-init] OK: plugin-popup @ http://localhost:5173/src/lib/popcornInit.js:48
[ 1101957ms] [LOG] [popcorn-init] OK: plugin-sequencer @ http://localhost:5173/src/lib/popcornInit.js:48
[ 1101971ms] [LOG] [popcorn-init] OK: plugin-skip @ http://localhost:5173/src/lib/popcornInit.js:48
[ 1102010ms] [LOG] [popcorn-init] OK: plugin-text @ http://localhost:5173/src/lib/popcornInit.js:48
[ 1102019ms] [LOG] [popcorn-init] OK: plugin-social @ http://localhost:5173/src/lib/popcornInit.js:48
[ 1102025ms] [LOG] [popcorn-init] OK: plugin-jsonAnimation @ http://localhost:5173/src/lib/popcornInit.js:48
[ 1102037ms] [LOG] [popcorn-init] OK: plugin-videoTransition @ http://localhost:5173/src/lib/popcornInit.js:48
[ 1102043ms] [LOG] [popcorn-init] OK: plugin-seethroughtext @ http://localhost:5173/src/lib/popcornInit.js:48
[ 1102047ms] [LOG] [popcorn-init] OK: plugin-wikipedia @ http://localhost:5173/src/lib/popcornInit.js:48
[ 1102053ms] [LOG] [popcorn-init] OK: plugin-combined @ http://localhost:5173/src/lib/popcornInit.js:48
[ 1102061ms] [LOG] [popcorn-init] OK: plugin-background @ http://localhost:5173/src/lib/popcornInit.js:48
[ 1102061ms] [LOG] [popcorn-init] SUMMARY: 20/20 plugins registered; all plugins registered @ http://localhost:5173/src/lib/popcornInit.js:60
[ 1102062ms] [LOG] [popcorn] function 19 @ http://localhost:5173/src/main.js?t=1787472495084:4
[ 1108337ms] [LOG] [App] Starting initialization... @ http://localhost:5173/src/main.js?t=1787472503656:19
[ 1108357ms] [LOG] [popcorn-init] OK: jquery @ http://localhost:5173/src/lib/popcornInit.js:41
[ 1108362ms] [LOG] [popcorn-init] OK: jquery-textfill @ http://localhost:5173/src/lib/popcornInit.js:48
[ 1108363ms] [LOG] [popcorn-init] OK: popcorn-core @ http://localhost:5173/src/lib/popcornInit.js:48
[ 1108364ms] [LOG] [popcorn-init] OK: popcorn-ie8 @ http://localhost:5173/src/lib/popcornInit.js:48
[ 1108365ms] [LOG] [popcorn-init] OK: wrapper-common @ http://localhost:5173/src/lib/popcornInit.js:48
[ 1108365ms] [LOG] [popcorn-init] OK: wrapper-html5 @ http://localhost:5173/src/lib/popcornInit.js:48
[ 1108365ms] [LOG] [popcorn-init] OK: wrapper-vrview @ http://localhost:5173/src/lib/popcornInit.js:48
[ 1108366ms] [LOG] [popcorn-init] OK: wrapper-adaptive @ http://localhost:5173/src/lib/popcornInit.js:48
[ 1108366ms] [LOG] [popcorn-init] OK: wrapper-null @ http://localhost:5173/src/lib/popcornInit.js:48
[ 1108366ms] [LOG] [popcorn-init] OK: wrapper-soundcloud @ http://localhost:5173/src/lib/popcornInit.js:48
[ 1108367ms] [LOG] [popcorn-init] OK: wrapper-vimeo @ http://localhost:5173/src/lib/popcornInit.js:48
[ 1108367ms] [LOG] [popcorn-init] OK: wrapper-youtube @ http://localhost:5173/src/lib/popcornInit.js:48
[ 1108368ms] [LOG] [popcorn-init] OK: wrapper-jwplayer @ http://localhost:5173/src/lib/popcornInit.js:48
[ 1108368ms] [LOG] [popcorn-init] OK: player-module @ http://localhost:5173/src/lib/popcornInit.js:48
[ 1108548ms] [INFO] %cDownload the React DevTools for a better development experience: https://react.dev/link/react-devtools font-weight:bold @ http://localhost:5173/node_modules/.vite/deps/chunk-EEAUBQDT.js?v=fec69e38:20096
[ 1108553ms] [LOG] [App] Initialized in 215.30ms @ http://localhost:5173/src/main.js?t=1787472503656:164
[ 1108553ms] [LOG] [App] Navigating to initial page: video @ http://localhost:5173/src/main.js?t=1787472503656:165
[ 1108553ms] [INFO] [App] Dev auth bypass active — skipping setup popup. @ http://localhost:5173/src/main.js?t=1787472503656:176
[ 1109771ms] [WARNING] Clerk: Clerk has been loaded with development keys. Development instances have strict usage limits and should not be used when deploying your application to production. Learn more: https://clerk.com/docs/deployments/overview @ https://clerk.smartvid.app/npm/@clerk/clerk-js@6/dist/clerk.browser.js:11
[ 1109810ms] [LOG] [popcorn-init] OK: plugin-image @ http://localhost:5173/src/lib/popcornInit.js:48
[ 1110026ms] [ERROR] Failed to load resource: the server responded with a status of 400 () @ https://clerk.smartvid.app/v1/environment?__clerk_api_version=2026-05-12&_clerk_js_version=6.29.2&_method=PATCH:0
[ 1110236ms] [LOG] [popcorn-init] OK: plugin-jsonTransition @ http://localhost:5173/src/lib/popcornInit.js:48
[ 1110263ms] [LOG] [popcorn-init] OK: plugin-lottie-json @ http://localhost:5173/src/lib/popcornInit.js:48
[ 1110281ms] [LOG] [popcorn-init] OK: plugin-json-button @ http://localhost:5173/src/lib/popcornInit.js:48
[ 1110286ms] [LOG] [popcorn-init] OK: plugin-personalizedImage @ http://localhost:5173/src/lib/popcornInit.js:48
[ 1110294ms] [LOG] [popcorn-init] OK: plugin-loopPlugin @ http://localhost:5173/src/lib/popcornInit.js:48
[ 1110300ms] [LOG] [popcorn-init] OK: plugin-pausePlugin @ http://localhost:5173/src/lib/popcornInit.js:48
[ 1110311ms] [LOG] [popcorn-init] OK: plugin-form @ http://localhost:5173/src/lib/popcornInit.js:48
[ 1110322ms] [LOG] [popcorn-init] OK: plugin-retarget @ http://localhost:5173/src/lib/popcornInit.js:48
[ 1110331ms] [LOG] [popcorn-init] OK: plugin-popup @ http://localhost:5173/src/lib/popcornInit.js:48
[ 1110344ms] [LOG] [popcorn-init] OK: plugin-sequencer @ http://localhost:5173/src/lib/popcornInit.js:48
[ 1110353ms] [LOG] [popcorn-init] OK: plugin-skip @ http://localhost:5173/src/lib/popcornInit.js:48
[ 1110373ms] [LOG] [popcorn-init] OK: plugin-text @ http://localhost:5173/src/lib/popcornInit.js:48
[ 1110386ms] [LOG] [popcorn-init] OK: plugin-social @ http://localhost:5173/src/lib/popcornInit.js:48
[ 1110392ms] [LOG] [popcorn-init] OK: plugin-jsonAnimation @ http://localhost:5173/src/lib/popcornInit.js:48
[ 1110402ms] [LOG] [popcorn-init] OK: plugin-videoTransition @ http://localhost:5173/src/lib/popcornInit.js:48
[ 1110409ms] [LOG] [popcorn-init] OK: plugin-seethroughtext @ http://localhost:5173/src/lib/popcornInit.js:48
[ 1110413ms] [LOG] [popcorn-init] OK: plugin-wikipedia @ http://localhost:5173/src/lib/popcornInit.js:48
[ 1110418ms] [LOG] [popcorn-init] OK: plugin-combined @ http://localhost:5173/src/lib/popcornInit.js:48
[ 1110425ms] [LOG] [popcorn-init] OK: plugin-background @ http://localhost:5173/src/lib/popcornInit.js:48
[ 1110426ms] [LOG] [popcorn-init] SUMMARY: 20/20 plugins registered; all plugins registered @ http://localhost:5173/src/lib/popcornInit.js:60
[ 1110426ms] [LOG] [popcorn] function 19 @ http://localhost:5173/src/main.js?t=1787472503656:4
[ 1115001ms] [LOG] [App] Starting initialization... @ http://localhost:5173/src/main.js?t=1787472510297:19
[ 1115015ms] [LOG] [popcorn-init] OK: jquery @ http://localhost:5173/src/lib/popcornInit.js:41
[ 1115016ms] [LOG] [popcorn-init] OK: jquery-textfill @ http://localhost:5173/src/lib/popcornInit.js:48
[ 1115017ms] [LOG] [popcorn-init] OK: popcorn-core @ http://localhost:5173/src/lib/popcornInit.js:48
[ 1115018ms] [LOG] [popcorn-init] OK: popcorn-ie8 @ http://localhost:5173/src/lib/popcornInit.js:48
[ 1115019ms] [LOG] [popcorn-init] OK: wrapper-common @ http://localhost:5173/src/lib/popcornInit.js:48
[ 1115019ms] [LOG] [popcorn-init] OK: wrapper-html5 @ http://localhost:5173/src/lib/popcornInit.js:48
[ 1115020ms] [LOG] [popcorn-init] OK: wrapper-vrview @ http://localhost:5173/src/lib/popcornInit.js:48
[ 1115020ms] [LOG] [popcorn-init] OK: wrapper-adaptive @ http://localhost:5173/src/lib/popcornInit.js:48
[ 1115021ms] [LOG] [popcorn-init] OK: wrapper-null @ http://localhost:5173/src/lib/popcornInit.js:48
[ 1115021ms] [LOG] [popcorn-init] OK: wrapper-soundcloud @ http://localhost:5173/src/lib/popcornInit.js:48
[ 1115022ms] [LOG] [popcorn-init] OK: wrapper-vimeo @ http://localhost:5173/src/lib/popcornInit.js:48
[ 1115023ms] [LOG] [popcorn-init] OK: wrapper-youtube @ http://localhost:5173/src/lib/popcornInit.js:48
[ 1115023ms] [LOG] [popcorn-init] OK: wrapper-jwplayer @ http://localhost:5173/src/lib/popcornInit.js:48
[ 1115024ms] [LOG] [popcorn-init] OK: player-module @ http://localhost:5173/src/lib/popcornInit.js:48
[ 1115606ms] [INFO] %cDownload the React DevTools for a better development experience: https://react.dev/link/react-devtools font-weight:bold @ http://localhost:5173/node_modules/.vite/deps/chunk-EEAUBQDT.js?v=fec69e38:20096
[ 1115608ms] [LOG] [App] Initialized in 607.10ms @ http://localhost:5173/src/main.js?t=1787472510297:164
[ 1115608ms] [LOG] [App] Navigating to initial page: video @ http://localhost:5173/src/main.js?t=1787472510297:165
[ 1115608ms] [INFO] [App] Dev auth bypass active — skipping setup popup. @ http://localhost:5173/src/main.js?t=1787472510297:176
[ 1117264ms] [LOG] [App] Starting initialization... @ http://localhost:5173/src/main.js?t=1787472512357:19
[ 1117278ms] [LOG] [popcorn-init] OK: jquery @ http://localhost:5173/src/lib/popcornInit.js:41
[ 1117279ms] [LOG] [popcorn-init] OK: jquery-textfill @ http://localhost:5173/src/lib/popcornInit.js:48
[ 1117280ms] [LOG] [popcorn-init] OK: popcorn-core @ http://localhost:5173/src/lib/popcornInit.js:48
[ 1117282ms] [LOG] [popcorn-init] OK: popcorn-ie8 @ http://localhost:5173/src/lib/popcornInit.js:48
[ 1117282ms] [LOG] [popcorn-init] OK: wrapper-common @ http://localhost:5173/src/lib/popcornInit.js:48
[ 1117283ms] [LOG] [popcorn-init] OK: wrapper-html5 @ http://localhost:5173/src/lib/popcornInit.js:48
[ 1117284ms] [LOG] [popcorn-init] OK: wrapper-vrview @ http://localhost:5173/src/lib/popcornInit.js:48
[ 1117284ms] [LOG] [popcorn-init] OK: wrapper-adaptive @ http://localhost:5173/src/lib/popcornInit.js:48
[ 1117285ms] [LOG] [popcorn-init] OK: wrapper-null @ http://localhost:5173/src/lib/popcornInit.js:48
[ 1117285ms] [LOG] [popcorn-init] OK: wrapper-soundcloud @ http://localhost:5173/src/lib/popcornInit.js:48
[ 1117286ms] [LOG] [popcorn-init] OK: wrapper-vimeo @ http://localhost:5173/src/lib/popcornInit.js:48
[ 1117286ms] [LOG] [popcorn-init] OK: wrapper-youtube @ http://localhost:5173/src/lib/popcornInit.js:48
[ 1117288ms] [LOG] [popcorn-init] OK: wrapper-jwplayer @ http://localhost:5173/src/lib/popcornInit.js:48
[ 1117290ms] [LOG] [popcorn-init] OK: player-module @ http://localhost:5173/src/lib/popcornInit.js:48
[ 1117540ms] [INFO] %cDownload the React DevTools for a better development experience: https://react.dev/link/react-devtools font-weight:bold @ http://localhost:5173/node_modules/.vite/deps/chunk-EEAUBQDT.js?v=fec69e38:20096
[ 1117544ms] [LOG] [App] Initialized in 279.30ms @ http://localhost:5173/src/main.js?t=1787472512357:164
[ 1117544ms] [LOG] [App] Navigating to initial page: video @ http://localhost:5173/src/main.js?t=1787472512357:165
[ 1117544ms] [INFO] [App] Dev auth bypass active — skipping setup popup. @ http://localhost:5173/src/main.js?t=1787472512357:176
[ 1118391ms] [LOG] [popcorn-init] OK: plugin-image @ http://localhost:5173/src/lib/popcornInit.js:48
[ 1118398ms] [WARNING] Clerk: Clerk has been loaded with development keys. Development instances have strict usage limits and should not be used when deploying your application to production. Learn more: https://clerk.com/docs/deployments/overview @ https://clerk.smartvid.app/npm/@clerk/clerk-js@6/dist/clerk.browser.js:11
[ 1118515ms] [ERROR] Failed to load resource: the server responded with a status of 400 () @ https://clerk.smartvid.app/v1/environment?__clerk_api_version=2026-05-12&_clerk_js_version=6.29.2&_method=PATCH:0
[ 1118960ms] [LOG] [popcorn-init] OK: plugin-jsonTransition @ http://localhost:5173/src/lib/popcornInit.js:48
[ 1118977ms] [LOG] [popcorn-init] OK: plugin-lottie-json @ http://localhost:5173/src/lib/popcornInit.js:48
[ 1118997ms] [LOG] [popcorn-init] OK: plugin-json-button @ http://localhost:5173/src/lib/popcornInit.js:48
[ 1119011ms] [LOG] [popcorn-init] OK: plugin-personalizedImage @ http://localhost:5173/src/lib/popcornInit.js:48
[ 1119021ms] [LOG] [popcorn-init] OK: plugin-loopPlugin @ http://localhost:5173/src/lib/popcornInit.js:48
[ 1119031ms] [LOG] [popcorn-init] OK: plugin-pausePlugin @ http://localhost:5173/src/lib/popcornInit.js:48
[ 1119050ms] [LOG] [popcorn-init] OK: plugin-form @ http://localhost:5173/src/lib/popcornInit.js:48
[ 1119067ms] [LOG] [popcorn-init] OK: plugin-retarget @ http://localhost:5173/src/lib/popcornInit.js:48
[ 1119078ms] [LOG] [popcorn-init] OK: plugin-popup @ http://localhost:5173/src/lib/popcornInit.js:48
[ 1119088ms] [LOG] [popcorn-init] OK: plugin-sequencer @ http://localhost:5173/src/lib/popcornInit.js:48
[ 1119096ms] [LOG] [popcorn-init] OK: plugin-skip @ http://localhost:5173/src/lib/popcornInit.js:48
[ 1119139ms] [LOG] [popcorn-init] OK: plugin-text @ http://localhost:5173/src/lib/popcornInit.js:48
[ 1119150ms] [LOG] [popcorn-init] OK: plugin-social @ http://localhost:5173/src/lib/popcornInit.js:48
[ 1119158ms] [LOG] [popcorn-init] OK: plugin-jsonAnimation @ http://localhost:5173/src/lib/popcornInit.js:48
[ 1119169ms] [LOG] [popcorn-init] OK: plugin-videoTransition @ http://localhost:5173/src/lib/popcornInit.js:48
[ 1119176ms] [LOG] [popcorn-init] OK: plugin-seethroughtext @ http://localhost:5173/src/lib/popcornInit.js:48
[ 1119179ms] [LOG] [popcorn-init] OK: plugin-wikipedia @ http://localhost:5173/src/lib/popcornInit.js:48
[ 1119184ms] [LOG] [popcorn-init] OK: plugin-combined @ http://localhost:5173/src/lib/popcornInit.js:48
[ 1119191ms] [LOG] [popcorn-init] OK: plugin-background @ http://localhost:5173/src/lib/popcornInit.js:48
[ 1119191ms] [LOG] [popcorn-init] SUMMARY: 20/20 plugins registered; all plugins registered @ http://localhost:5173/src/lib/popcornInit.js:60
[ 1119191ms] [LOG] [popcorn] function 19 @ http://localhost:5173/src/main.js?t=1787472512357:4
[ 1333192ms] [LOG] [App] Starting initialization... @ http://localhost:5173/src/main.js?t=1787472727262:19
[ 1333225ms] [LOG] [popcorn-init] OK: jquery @ http://localhost:5173/src/lib/popcornInit.js?t=1787472727262:41
[ 1333227ms] [LOG] [popcorn-init] OK: jquery-textfill @ http://localhost:5173/src/lib/popcornInit.js?t=1787472727262:48
[ 1333229ms] [LOG] [popcorn-init] OK: popcorn-core @ http://localhost:5173/src/lib/popcornInit.js?t=1787472727262:48
[ 1333230ms] [LOG] [popcorn-init] OK: popcorn-ie8 @ http://localhost:5173/src/lib/popcornInit.js?t=1787472727262:48
[ 1333231ms] [LOG] [popcorn-init] OK: wrapper-common @ http://localhost:5173/src/lib/popcornInit.js?t=1787472727262:48
[ 1333231ms] [LOG] [popcorn-init] OK: wrapper-html5 @ http://localhost:5173/src/lib/popcornInit.js?t=1787472727262:48
[ 1333232ms] [LOG] [popcorn-init] OK: wrapper-vrview @ http://localhost:5173/src/lib/popcornInit.js?t=1787472727262:48
[ 1333234ms] [LOG] [popcorn-init] OK: wrapper-adaptive @ http://localhost:5173/src/lib/popcornInit.js?t=1787472727262:48
[ 1333235ms] [LOG] [popcorn-init] OK: wrapper-null @ http://localhost:5173/src/lib/popcornInit.js?t=1787472727262:48
[ 1333237ms] [LOG] [popcorn-init] OK: wrapper-soundcloud @ http://localhost:5173/src/lib/popcornInit.js?t=1787472727262:48
[ 1333238ms] [LOG] [popcorn-init] OK: wrapper-vimeo @ http://localhost:5173/src/lib/popcornInit.js?t=1787472727262:48
[ 1333238ms] [LOG] [popcorn-init] OK: wrapper-youtube @ http://localhost:5173/src/lib/popcornInit.js?t=1787472727262:48
[ 1333239ms] [LOG] [popcorn-init] OK: wrapper-jwplayer @ http://localhost:5173/src/lib/popcornInit.js?t=1787472727262:48
[ 1333239ms] [LOG] [popcorn-init] OK: player-module @ http://localhost:5173/src/lib/popcornInit.js?t=1787472727262:48
[ 1333811ms] [INFO] %cDownload the React DevTools for a better development experience: https://react.dev/link/react-devtools font-weight:bold @ http://localhost:5173/node_modules/.vite/deps/chunk-EEAUBQDT.js?v=fec69e38:20096
[ 1333825ms] [LOG] [App] Initialized in 633.50ms @ http://localhost:5173/src/main.js?t=1787472727262:164
[ 1333826ms] [LOG] [App] Navigating to initial page: video @ http://localhost:5173/src/main.js?t=1787472727262:165
[ 1333826ms] [INFO] [App] Dev auth bypass active — skipping setup popup. @ http://localhost:5173/src/main.js?t=1787472727262:176
[ 1334506ms] [LOG] [popcorn-init] OK: plugin-image @ http://localhost:5173/src/lib/popcornInit.js?t=1787472727262:48
[ 1334772ms] [WARNING] Clerk: Clerk has been loaded with development keys. Development instances have strict usage limits and should not be used when deploying your application to production. Learn more: https://clerk.com/docs/deployments/overview @ https://clerk.smartvid.app/npm/@clerk/clerk-js@6/dist/clerk.browser.js:11
[ 1334958ms] [ERROR] Failed to load resource: the server responded with a status of 400 () @ https://clerk.smartvid.app/v1/environment?__clerk_api_version=2026-05-12&_clerk_js_version=6.29.2&_method=PATCH:0
[ 1335041ms] [LOG] [popcorn-init] OK: plugin-jsonTransition @ http://localhost:5173/src/lib/popcornInit.js?t=1787472727262:48
[ 1335138ms] [LOG] [popcorn-init] OK: plugin-lottie-json @ http://localhost:5173/src/lib/popcornInit.js?t=1787472727262:48
[ 1335162ms] [LOG] [popcorn-init] OK: plugin-json-button @ http://localhost:5173/src/lib/popcornInit.js?t=1787472727262:48
[ 1335174ms] [LOG] [popcorn-init] OK: plugin-personalizedImage @ http://localhost:5173/src/lib/popcornInit.js?t=1787472727262:48
[ 1335188ms] [LOG] [popcorn-init] OK: plugin-loopPlugin @ http://localhost:5173/src/lib/popcornInit.js?t=1787472727262:48
[ 1335193ms] [LOG] [popcorn-init] OK: plugin-pausePlugin @ http://localhost:5173/src/lib/popcornInit.js?t=1787472727262:48
[ 1335207ms] [LOG] [popcorn-init] OK: plugin-form @ http://localhost:5173/src/lib/popcornInit.js?t=1787472727262:48
[ 1335249ms] [LOG] [popcorn-init] OK: plugin-retarget @ http://localhost:5173/src/lib/popcornInit.js?t=1787472727262:48
[ 1335255ms] [LOG] [popcorn-init] OK: plugin-popup @ http://localhost:5173/src/lib/popcornInit.js?t=1787472727262:48
[ 1335264ms] [LOG] [popcorn-init] OK: plugin-sequencer @ http://localhost:5173/src/lib/popcornInit.js?t=1787472727262:48
[ 1335269ms] [LOG] [popcorn-init] OK: plugin-skip @ http://localhost:5173/src/lib/popcornInit.js?t=1787472727262:48
[ 1335297ms] [LOG] [popcorn-init] OK: plugin-text @ http://localhost:5173/src/lib/popcornInit.js?t=1787472727262:48
[ 1335307ms] [LOG] [popcorn-init] OK: plugin-social @ http://localhost:5173/src/lib/popcornInit.js?t=1787472727262:48
[ 1335314ms] [LOG] [popcorn-init] OK: plugin-jsonAnimation @ http://localhost:5173/src/lib/popcornInit.js?t=1787472727262:48
[ 1335331ms] [LOG] [popcorn-init] OK: plugin-videoTransition @ http://localhost:5173/src/lib/popcornInit.js?t=1787472727262:48
[ 1335339ms] [LOG] [popcorn-init] OK: plugin-seethroughtext @ http://localhost:5173/src/lib/popcornInit.js?t=1787472727262:48
[ 1335345ms] [LOG] [popcorn-init] OK: plugin-wikipedia @ http://localhost:5173/src/lib/popcornInit.js?t=1787472727262:48
[ 1335352ms] [LOG] [popcorn-init] OK: plugin-combined @ http://localhost:5173/src/lib/popcornInit.js?t=1787472727262:48
[ 1335359ms] [LOG] [popcorn-init] OK: plugin-background @ http://localhost:5173/src/lib/popcornInit.js?t=1787472727262:48
[ 1335359ms] [LOG] [popcorn-init] SUMMARY: 20/20 plugins registered; all plugins registered @ http://localhost:5173/src/lib/popcornInit.js?t=1787472727262:60
[ 1335360ms] [LOG] [popcorn] function 19 @ http://localhost:5173/src/main.js?t=1787472727262:4
[ 1340872ms] [LOG] [App] Starting initialization... @ http://localhost:5173/src/main.js?t=1787472736077:19
[ 1340889ms] [LOG] [popcorn-init] OK: jquery @ http://localhost:5173/src/lib/popcornInit.js?t=1787472727262:41
[ 1340891ms] [LOG] [popcorn-init] OK: jquery-textfill @ http://localhost:5173/src/lib/popcornInit.js?t=1787472727262:48
[ 1340892ms] [LOG] [popcorn-init] OK: popcorn-core @ http://localhost:5173/src/lib/popcornInit.js?t=1787472727262:48
[ 1340893ms] [LOG] [popcorn-init] OK: popcorn-ie8 @ http://localhost:5173/src/lib/popcornInit.js?t=1787472727262:48
[ 1340893ms] [LOG] [popcorn-init] OK: wrapper-common @ http://localhost:5173/src/lib/popcornInit.js?t=1787472727262:48
[ 1340893ms] [LOG] [popcorn-init] OK: wrapper-html5 @ http://localhost:5173/src/lib/popcornInit.js?t=1787472727262:48
[ 1340894ms] [LOG] [popcorn-init] OK: wrapper-vrview @ http://localhost:5173/src/lib/popcornInit.js?t=1787472727262:48
[ 1340894ms] [LOG] [popcorn-init] OK: wrapper-adaptive @ http://localhost:5173/src/lib/popcornInit.js?t=1787472727262:48
[ 1340894ms] [LOG] [popcorn-init] OK: wrapper-null @ http://localhost:5173/src/lib/popcornInit.js?t=1787472727262:48
[ 1340895ms] [LOG] [popcorn-init] OK: wrapper-soundcloud @ http://localhost:5173/src/lib/popcornInit.js?t=1787472727262:48
[ 1340895ms] [LOG] [popcorn-init] OK: wrapper-vimeo @ http://localhost:5173/src/lib/popcornInit.js?t=1787472727262:48
[ 1340895ms] [LOG] [popcorn-init] OK: wrapper-youtube @ http://localhost:5173/src/lib/popcornInit.js?t=1787472727262:48
[ 1340896ms] [LOG] [popcorn-init] OK: wrapper-jwplayer @ http://localhost:5173/src/lib/popcornInit.js?t=1787472727262:48
[ 1340896ms] [LOG] [popcorn-init] OK: player-module @ http://localhost:5173/src/lib/popcornInit.js?t=1787472727262:48
[ 1341033ms] [INFO] %cDownload the React DevTools for a better development experience: https://react.dev/link/react-devtools font-weight:bold @ http://localhost:5173/node_modules/.vite/deps/chunk-EEAUBQDT.js?v=fec69e38:20096
[ 1341037ms] [LOG] [App] Initialized in 165.20ms @ http://localhost:5173/src/main.js?t=1787472736077:164
[ 1341038ms] [LOG] [App] Navigating to initial page: video @ http://localhost:5173/src/main.js?t=1787472736077:165
[ 1341038ms] [INFO] [App] Dev auth bypass active — skipping setup popup. @ http://localhost:5173/src/main.js?t=1787472736077:176
[ 1341737ms] [LOG] [popcorn-init] OK: plugin-image @ http://localhost:5173/src/lib/popcornInit.js?t=1787472727262:48
[ 1341872ms] [WARNING] Clerk: Clerk has been loaded with development keys. Development instances have strict usage limits and should not be used when deploying your application to production. Learn more: https://clerk.com/docs/deployments/overview @ https://clerk.smartvid.app/npm/@clerk/clerk-js@6/dist/clerk.browser.js:11
[ 1342033ms] [ERROR] Failed to load resource: the server responded with a status of 400 () @ https://clerk.smartvid.app/v1/environment?__clerk_api_version=2026-05-12&_clerk_js_version=6.29.2&_method=PATCH:0
[ 1342811ms] [LOG] [popcorn-init] OK: plugin-jsonTransition @ http://localhost:5173/src/lib/popcornInit.js?t=1787472727262:48
[ 1342898ms] [LOG] [popcorn-init] OK: plugin-lottie-json @ http://localhost:5173/src/lib/popcornInit.js?t=1787472727262:48
[ 1342908ms] [LOG] [popcorn-init] OK: plugin-json-button @ http://localhost:5173/src/lib/popcornInit.js?t=1787472727262:48
[ 1342941ms] [LOG] [popcorn-init] OK: plugin-personalizedImage @ http://localhost:5173/src/lib/popcornInit.js?t=1787472727262:48
[ 1342948ms] [LOG] [popcorn-init] OK: plugin-loopPlugin @ http://localhost:5173/src/lib/popcornInit.js?t=1787472727262:48
[ 1342987ms] [LOG] [popcorn-init] OK: plugin-pausePlugin @ http://localhost:5173/src/lib/popcornInit.js?t=1787472727262:48
[ 1343029ms] [LOG] [popcorn-init] OK: plugin-form @ http://localhost:5173/src/lib/popcornInit.js?t=1787472727262:48
[ 1343039ms] [LOG] [popcorn-init] OK: plugin-retarget @ http://localhost:5173/src/lib/popcornInit.js?t=1787472727262:48
[ 1343045ms] [LOG] [popcorn-init] OK: plugin-popup @ http://localhost:5173/src/lib/popcornInit.js?t=1787472727262:48
[ 1343065ms] [LOG] [popcorn-init] OK: plugin-sequencer @ http://localhost:5173/src/lib/popcornInit.js?t=1787472727262:48
[ 1343071ms] [LOG] [popcorn-init] OK: plugin-skip @ http://localhost:5173/src/lib/popcornInit.js?t=1787472727262:48
[ 1343091ms] [LOG] [popcorn-init] OK: plugin-text @ http://localhost:5173/src/lib/popcornInit.js?t=1787472727262:48
[ 1343098ms] [LOG] [popcorn-init] OK: plugin-social @ http://localhost:5173/src/lib/popcornInit.js?t=1787472727262:48
[ 1343103ms] [LOG] [popcorn-init] OK: plugin-jsonAnimation @ http://localhost:5173/src/lib/popcornInit.js?t=1787472727262:48
[ 1343113ms] [LOG] [popcorn-init] OK: plugin-videoTransition @ http://localhost:5173/src/lib/popcornInit.js?t=1787472727262:48
[ 1343120ms] [LOG] [popcorn-init] OK: plugin-seethroughtext @ http://localhost:5173/src/lib/popcornInit.js?t=1787472727262:48
[ 1343124ms] [LOG] [popcorn-init] OK: plugin-wikipedia @ http://localhost:5173/src/lib/popcornInit.js?t=1787472727262:48
[ 1343132ms] [LOG] [popcorn-init] OK: plugin-combined @ http://localhost:5173/src/lib/popcornInit.js?t=1787472727262:48
[ 1343138ms] [LOG] [popcorn-init] OK: plugin-background @ http://localhost:5173/src/lib/popcornInit.js?t=1787472727262:48
[ 1343138ms] [LOG] [popcorn-init] SUMMARY: 20/20 plugins registered; all plugins registered @ http://localhost:5173/src/lib/popcornInit.js?t=1787472727262:60
[ 1343138ms] [LOG] [popcorn] function 19 @ http://localhost:5173/src/main.js?t=1787472736077:4
[ 1349388ms] [LOG] [App] Starting initialization... @ http://localhost:5173/src/main.js?t=1787472744752:19
[ 1349403ms] [LOG] [popcorn-init] OK: jquery @ http://localhost:5173/src/lib/popcornInit.js?t=1787472727262:41
[ 1349405ms] [LOG] [popcorn-init] OK: jquery-textfill @ http://localhost:5173/src/lib/popcornInit.js?t=1787472727262:48
[ 1349407ms] [LOG] [popcorn-init] OK: popcorn-core @ http://localhost:5173/src/lib/popcornInit.js?t=1787472727262:48
[ 1349407ms] [LOG] [popcorn-init] OK: popcorn-ie8 @ http://localhost:5173/src/lib/popcornInit.js?t=1787472727262:48
[ 1349408ms] [LOG] [popcorn-init] OK: wrapper-common @ http://localhost:5173/src/lib/popcornInit.js?t=1787472727262:48
[ 1349408ms] [LOG] [popcorn-init] OK: wrapper-html5 @ http://localhost:5173/src/lib/popcornInit.js?t=1787472727262:48
[ 1349409ms] [LOG] [popcorn-init] OK: wrapper-vrview @ http://localhost:5173/src/lib/popcornInit.js?t=1787472727262:48
[ 1349409ms] [LOG] [popcorn-init] OK: wrapper-adaptive @ http://localhost:5173/src/lib/popcornInit.js?t=1787472727262:48
[ 1349409ms] [LOG] [popcorn-init] OK: wrapper-null @ http://localhost:5173/src/lib/popcornInit.js?t=1787472727262:48
[ 1349410ms] [LOG] [popcorn-init] OK: wrapper-soundcloud @ http://localhost:5173/src/lib/popcornInit.js?t=1787472727262:48
[ 1349410ms] [LOG] [popcorn-init] OK: wrapper-vimeo @ http://localhost:5173/src/lib/popcornInit.js?t=1787472727262:48
[ 1349410ms] [LOG] [popcorn-init] OK: wrapper-youtube @ http://localhost:5173/src/lib/popcornInit.js?t=1787472727262:48
[ 1349411ms] [LOG] [popcorn-init] OK: wrapper-jwplayer @ http://localhost:5173/src/lib/popcornInit.js?t=1787472727262:48
[ 1349411ms] [LOG] [popcorn-init] OK: player-module @ http://localhost:5173/src/lib/popcornInit.js?t=1787472727262:48
[ 1349516ms] [INFO] %cDownload the React DevTools for a better development experience: https://react.dev/link/react-devtools font-weight:bold @ http://localhost:5173/node_modules/.vite/deps/chunk-EEAUBQDT.js?v=fec69e38:20096
[ 1349520ms] [LOG] [App] Initialized in 131.70ms @ http://localhost:5173/src/main.js?t=1787472744752:164
[ 1349520ms] [LOG] [App] Navigating to initial page: video @ http://localhost:5173/src/main.js?t=1787472744752:165
[ 1349520ms] [INFO] [App] Dev auth bypass active — skipping setup popup. @ http://localhost:5173/src/main.js?t=1787472744752:176
[ 1350180ms] [LOG] [popcorn-init] OK: plugin-image @ http://localhost:5173/src/lib/popcornInit.js?t=1787472727262:48
[ 1350240ms] [WARNING] Clerk: Clerk has been loaded with development keys. Development instances have strict usage limits and should not be used when deploying your application to production. Learn more: https://clerk.com/docs/deployments/overview @ https://clerk.smartvid.app/npm/@clerk/clerk-js@6/dist/clerk.browser.js:11
[ 1350346ms] [ERROR] Failed to load resource: the server responded with a status of 400 () @ https://clerk.smartvid.app/v1/environment?__clerk_api_version=2026-05-12&_clerk_js_version=6.29.2&_method=PATCH:0
[ 1350727ms] [LOG] [popcorn-init] OK: plugin-jsonTransition @ http://localhost:5173/src/lib/popcornInit.js?t=1787472727262:48
[ 1350759ms] [LOG] [popcorn-init] OK: plugin-lottie-json @ http://localhost:5173/src/lib/popcornInit.js?t=1787472727262:48
[ 1350776ms] [LOG] [popcorn-init] OK: plugin-json-button @ http://localhost:5173/src/lib/popcornInit.js?t=1787472727262:48
[ 1350789ms] [LOG] [popcorn-init] OK: plugin-personalizedImage @ http://localhost:5173/src/lib/popcornInit.js?t=1787472727262:48
[ 1350795ms] [LOG] [popcorn-init] OK: plugin-loopPlugin @ http://localhost:5173/src/lib/popcornInit.js?t=1787472727262:48
[ 1350800ms] [LOG] [popcorn-init] OK: plugin-pausePlugin @ http://localhost:5173/src/lib/popcornInit.js?t=1787472727262:48
[ 1350809ms] [LOG] [popcorn-init] OK: plugin-form @ http://localhost:5173/src/lib/popcornInit.js?t=1787472727262:48
[ 1350817ms] [LOG] [popcorn-init] OK: plugin-retarget @ http://localhost:5173/src/lib/popcornInit.js?t=1787472727262:48
[ 1350821ms] [LOG] [popcorn-init] OK: plugin-popup @ http://localhost:5173/src/lib/popcornInit.js?t=1787472727262:48
[ 1350826ms] [LOG] [popcorn-init] OK: plugin-sequencer @ http://localhost:5173/src/lib/popcornInit.js?t=1787472727262:48
[ 1350830ms] [LOG] [popcorn-init] OK: plugin-skip @ http://localhost:5173/src/lib/popcornInit.js?t=1787472727262:48
[ 1350847ms] [LOG] [popcorn-init] OK: plugin-text @ http://localhost:5173/src/lib/popcornInit.js?t=1787472727262:48
[ 1350853ms] [LOG] [popcorn-init] OK: plugin-social @ http://localhost:5173/src/lib/popcornInit.js?t=1787472727262:48
[ 1350859ms] [LOG] [popcorn-init] OK: plugin-jsonAnimation @ http://localhost:5173/src/lib/popcornInit.js?t=1787472727262:48
[ 1350868ms] [LOG] [popcorn-init] OK: plugin-videoTransition @ http://localhost:5173/src/lib/popcornInit.js?t=1787472727262:48
[ 1350872ms] [LOG] [popcorn-init] OK: plugin-seethroughtext @ http://localhost:5173/src/lib/popcornInit.js?t=1787472727262:48
[ 1350875ms] [LOG] [popcorn-init] OK: plugin-wikipedia @ http://localhost:5173/src/lib/popcornInit.js?t=1787472727262:48
[ 1350879ms] [LOG] [popcorn-init] OK: plugin-combined @ http://localhost:5173/src/lib/popcornInit.js?t=1787472727262:48
[ 1350884ms] [LOG] [popcorn-init] OK: plugin-background @ http://localhost:5173/src/lib/popcornInit.js?t=1787472727262:48
[ 1350884ms] [LOG] [popcorn-init] SUMMARY: 20/20 plugins registered; all plugins registered @ http://localhost:5173/src/lib/popcornInit.js?t=1787472727262:60
[ 1350884ms] [LOG] [popcorn] function 19 @ http://localhost:5173/src/main.js?t=1787472744752:4
[ 1381748ms] [LOG] [App] Starting initialization... @ http://localhost:5173/src/main.js?t=1787472776700:19
[ 1381762ms] [LOG] [popcorn-init] OK: jquery @ http://localhost:5173/src/lib/popcornInit.js?t=1787472727262:41
[ 1381762ms] [LOG] [popcorn-init] OK: jquery-textfill @ http://localhost:5173/src/lib/popcornInit.js?t=1787472727262:48
[ 1381763ms] [LOG] [popcorn-init] OK: popcorn-core @ http://localhost:5173/src/lib/popcornInit.js?t=1787472727262:48
[ 1381764ms] [LOG] [popcorn-init] OK: popcorn-ie8 @ http://localhost:5173/src/lib/popcornInit.js?t=1787472727262:48
[ 1381764ms] [LOG] [popcorn-init] OK: wrapper-common @ http://localhost:5173/src/lib/popcornInit.js?t=1787472727262:48
[ 1381765ms] [LOG] [popcorn-init] OK: wrapper-html5 @ http://localhost:5173/src/lib/popcornInit.js?t=1787472727262:48
[ 1381765ms] [LOG] [popcorn-init] OK: wrapper-vrview @ http://localhost:5173/src/lib/popcornInit.js?t=1787472727262:48
[ 1381766ms] [LOG] [popcorn-init] OK: wrapper-adaptive @ http://localhost:5173/src/lib/popcornInit.js?t=1787472727262:48
[ 1381766ms] [LOG] [popcorn-init] OK: wrapper-null @ http://localhost:5173/src/lib/popcornInit.js?t=1787472727262:48
[ 1381766ms] [LOG] [popcorn-init] OK: wrapper-soundcloud @ http://localhost:5173/src/lib/popcornInit.js?t=1787472727262:48
[ 1381767ms] [LOG] [popcorn-init] OK: wrapper-vimeo @ http://localhost:5173/src/lib/popcornInit.js?t=1787472727262:48
[ 1381767ms] [LOG] [popcorn-init] OK: wrapper-youtube @ http://localhost:5173/src/lib/popcornInit.js?t=1787472727262:48
[ 1381767ms] [LOG] [popcorn-init] OK: wrapper-jwplayer @ http://localhost:5173/src/lib/popcornInit.js?t=1787472727262:48
[ 1381768ms] [LOG] [popcorn-init] OK: player-module @ http://localhost:5173/src/lib/popcornInit.js?t=1787472727262:48
[ 1381982ms] [INFO] %cDownload the React DevTools for a better development experience: https://react.dev/link/react-devtools font-weight:bold @ http://localhost:5173/node_modules/.vite/deps/chunk-EEAUBQDT.js?v=fec69e38:20096
[ 1381987ms] [LOG] [App] Initialized in 238.80ms @ http://localhost:5173/src/main.js?t=1787472776700:164
[ 1381987ms] [LOG] [App] Navigating to initial page: video @ http://localhost:5173/src/main.js?t=1787472776700:165
[ 1381987ms] [INFO] [App] Dev auth bypass active — skipping setup popup. @ http://localhost:5173/src/main.js?t=1787472776700:176
[ 1382905ms] [LOG] [popcorn-init] OK: plugin-image @ http://localhost:5173/src/lib/popcornInit.js?t=1787472727262:48
[ 1383054ms] [WARNING] Clerk: Clerk has been loaded with development keys. Development instances have strict usage limits and should not be used when deploying your application to production. Learn more: https://clerk.com/docs/deployments/overview @ https://clerk.smartvid.app/npm/@clerk/clerk-js@6/dist/clerk.browser.js:11
[ 1383299ms] [ERROR] Failed to load resource: the server responded with a status of 400 () @ https://clerk.smartvid.app/v1/environment?__clerk_api_version=2026-05-12&_clerk_js_version=6.29.2&_method=PATCH:0
[ 1383756ms] [LOG] [popcorn-init] OK: plugin-jsonTransition @ http://localhost:5173/src/lib/popcornInit.js?t=1787472727262:48
[ 1383771ms] [LOG] [popcorn-init] OK: plugin-lottie-json @ http://localhost:5173/src/lib/popcornInit.js?t=1787472727262:48
[ 1383817ms] [LOG] [popcorn-init] OK: plugin-json-button @ http://localhost:5173/src/lib/popcornInit.js?t=1787472727262:48
[ 1383831ms] [LOG] [popcorn-init] OK: plugin-personalizedImage @ http://localhost:5173/src/lib/popcornInit.js?t=1787472727262:48
[ 1383839ms] [LOG] [popcorn-init] OK: plugin-loopPlugin @ http://localhost:5173/src/lib/popcornInit.js?t=1787472727262:48
[ 1383844ms] [LOG] [popcorn-init] OK: plugin-pausePlugin @ http://localhost:5173/src/lib/popcornInit.js?t=1787472727262:48
[ 1383855ms] [LOG] [popcorn-init] OK: plugin-form @ http://localhost:5173/src/lib/popcornInit.js?t=1787472727262:48
[ 1383866ms] [LOG] [popcorn-init] OK: plugin-retarget @ http://localhost:5173/src/lib/popcornInit.js?t=1787472727262:48
[ 1383870ms] [LOG] [popcorn-init] OK: plugin-popup @ http://localhost:5173/src/lib/popcornInit.js?t=1787472727262:48
[ 1383877ms] [LOG] [popcorn-init] OK: plugin-sequencer @ http://localhost:5173/src/lib/popcornInit.js?t=1787472727262:48
[ 1383883ms] [LOG] [popcorn-init] OK: plugin-skip @ http://localhost:5173/src/lib/popcornInit.js?t=1787472727262:48
[ 1383901ms] [LOG] [popcorn-init] OK: plugin-text @ http://localhost:5173/src/lib/popcornInit.js?t=1787472727262:48
[ 1383909ms] [LOG] [popcorn-init] OK: plugin-social @ http://localhost:5173/src/lib/popcornInit.js?t=1787472727262:48
[ 1383916ms] [LOG] [popcorn-init] OK: plugin-jsonAnimation @ http://localhost:5173/src/lib/popcornInit.js?t=1787472727262:48
[ 1383927ms] [LOG] [popcorn-init] OK: plugin-videoTransition @ http://localhost:5173/src/lib/popcornInit.js?t=1787472727262:48
[ 1383933ms] [LOG] [popcorn-init] OK: plugin-seethroughtext @ http://localhost:5173/src/lib/popcornInit.js?t=1787472727262:48
[ 1383937ms] [LOG] [popcorn-init] OK: plugin-wikipedia @ http://localhost:5173/src/lib/popcornInit.js?t=1787472727262:48
[ 1383943ms] [LOG] [popcorn-init] OK: plugin-combined @ http://localhost:5173/src/lib/popcornInit.js?t=1787472727262:48
[ 1383950ms] [LOG] [popcorn-init] OK: plugin-background @ http://localhost:5173/src/lib/popcornInit.js?t=1787472727262:48
[ 1383950ms] [LOG] [popcorn-init] SUMMARY: 20/20 plugins registered; all plugins registered @ http://localhost:5173/src/lib/popcornInit.js?t=1787472727262:60
[ 1383950ms] [LOG] [popcorn] function 19 @ http://localhost:5173/src/main.js?t=1787472776700:4
[ 1408030ms] [LOG] [App] Starting initialization... @ http://localhost:5173/src/main.js?t=1787472802875:19
[ 1408045ms] [LOG] [popcorn-init] OK: jquery @ http://localhost:5173/src/lib/popcornInit.js?t=1787472727262:41
[ 1408047ms] [LOG] [popcorn-init] OK: jquery-textfill @ http://localhost:5173/src/lib/popcornInit.js?t=1787472727262:48
[ 1408048ms] [LOG] [popcorn-init] OK: popcorn-core @ http://localhost:5173/src/lib/popcornInit.js?t=1787472727262:48
[ 1408049ms] [LOG] [popcorn-init] OK: popcorn-ie8 @ http://localhost:5173/src/lib/popcornInit.js?t=1787472727262:48
[ 1408050ms] [LOG] [popcorn-init] OK: wrapper-common @ http://localhost:5173/src/lib/popcornInit.js?t=1787472727262:48
[ 1408050ms] [LOG] [popcorn-init] OK: wrapper-html5 @ http://localhost:5173/src/lib/popcornInit.js?t=1787472727262:48
[ 1408050ms] [LOG] [popcorn-init] OK: wrapper-vrview @ http://localhost:5173/src/lib/popcornInit.js?t=1787472727262:48
[ 1408051ms] [LOG] [popcorn-init] OK: wrapper-adaptive @ http://localhost:5173/src/lib/popcornInit.js?t=1787472727262:48
[ 1408051ms] [LOG] [popcorn-init] OK: wrapper-null @ http://localhost:5173/src/lib/popcornInit.js?t=1787472727262:48
[ 1408052ms] [LOG] [popcorn-init] OK: wrapper-soundcloud @ http://localhost:5173/src/lib/popcornInit.js?t=1787472727262:48
[ 1408053ms] [LOG] [popcorn-init] OK: wrapper-vimeo @ http://localhost:5173/src/lib/popcornInit.js?t=1787472727262:48
[ 1408053ms] [LOG] [popcorn-init] OK: wrapper-youtube @ http://localhost:5173/src/lib/popcornInit.js?t=1787472727262:48
[ 1408054ms] [LOG] [popcorn-init] OK: wrapper-jwplayer @ http://localhost:5173/src/lib/popcornInit.js?t=1787472727262:48
[ 1408054ms] [LOG] [popcorn-init] OK: player-module @ http://localhost:5173/src/lib/popcornInit.js?t=1787472727262:48
[ 1408159ms] [INFO] %cDownload the React DevTools for a better development experience: https://react.dev/link/react-devtools font-weight:bold @ http://localhost:5173/node_modules/.vite/deps/chunk-EEAUBQDT.js?v=fec69e38:20096
[ 1408163ms] [LOG] [App] Initialized in 133.00ms @ http://localhost:5173/src/main.js?t=1787472802875:164
[ 1408163ms] [LOG] [App] Navigating to initial page: video @ http://localhost:5173/src/main.js?t=1787472802875:165
[ 1408163ms] [INFO] [App] Dev auth bypass active — skipping setup popup. @ http://localhost:5173/src/main.js?t=1787472802875:176
[ 1410108ms] [WARNING] Clerk: Clerk has been loaded with development keys. Development instances have strict usage limits and should not be used when deploying your application to production. Learn more: https://clerk.com/docs/deployments/overview @ https://clerk.smartvid.app/npm/@clerk/clerk-js@6/dist/clerk.browser.js:11
[ 1410197ms] [LOG] [popcorn-init] OK: plugin-image @ http://localhost:5173/src/lib/popcornInit.js?t=1787472727262:48
[ 1410488ms] [ERROR] Failed to load resource: the server responded with a status of 400 () @ https://clerk.smartvid.app/v1/environment?__clerk_api_version=2026-05-12&_clerk_js_version=6.29.2&_method=PATCH:0
[ 1411028ms] [LOG] [popcorn-init] OK: plugin-jsonTransition @ http://localhost:5173/src/lib/popcornInit.js?t=1787472727262:48
[ 1411039ms] [LOG] [popcorn-init] OK: plugin-lottie-json @ http://localhost:5173/src/lib/popcornInit.js?t=1787472727262:48
[ 1411049ms] [LOG] [popcorn-init] OK: plugin-json-button @ http://localhost:5173/src/lib/popcornInit.js?t=1787472727262:48
[ 1411069ms] [LOG] [popcorn-init] OK: plugin-personalizedImage @ http://localhost:5173/src/lib/popcornInit.js?t=1787472727262:48
[ 1411081ms] [LOG] [popcorn-init] OK: plugin-loopPlugin @ http://localhost:5173/src/lib/popcornInit.js?t=1787472727262:48
[ 1411088ms] [LOG] [popcorn-init] OK: plugin-pausePlugin @ http://localhost:5173/src/lib/popcornInit.js?t=1787472727262:48
[ 1411099ms] [LOG] [popcorn-init] OK: plugin-form @ http://localhost:5173/src/lib/popcornInit.js?t=1787472727262:48
[ 1411129ms] [LOG] [popcorn-init] OK: plugin-retarget @ http://localhost:5173/src/lib/popcornInit.js?t=1787472727262:48
[ 1411133ms] [LOG] [popcorn-init] OK: plugin-popup @ http://localhost:5173/src/lib/popcornInit.js?t=1787472727262:48
[ 1411141ms] [LOG] [popcorn-init] OK: plugin-sequencer @ http://localhost:5173/src/lib/popcornInit.js?t=1787472727262:48
[ 1411147ms] [LOG] [popcorn-init] OK: plugin-skip @ http://localhost:5173/src/lib/popcornInit.js?t=1787472727262:48
[ 1411185ms] [LOG] [popcorn-init] OK: plugin-text @ http://localhost:5173/src/lib/popcornInit.js?t=1787472727262:48
[ 1411197ms] [LOG] [popcorn-init] OK: plugin-social @ http://localhost:5173/src/lib/popcornInit.js?t=1787472727262:48
[ 1411205ms] [LOG] [popcorn-init] OK: plugin-jsonAnimation @ http://localhost:5173/src/lib/popcornInit.js?t=1787472727262:48
[ 1411220ms] [LOG] [popcorn-init] OK: plugin-videoTransition @ http://localhost:5173/src/lib/popcornInit.js?t=1787472727262:48
[ 1411227ms] [LOG] [popcorn-init] OK: plugin-seethroughtext @ http://localhost:5173/src/lib/popcornInit.js?t=1787472727262:48
[ 1411231ms] [LOG] [popcorn-init] OK: plugin-wikipedia @ http://localhost:5173/src/lib/popcornInit.js?t=1787472727262:48
[ 1411237ms] [LOG] [popcorn-init] OK: plugin-combined @ http://localhost:5173/src/lib/popcornInit.js?t=1787472727262:48
[ 1411244ms] [LOG] [popcorn-init] OK: plugin-background @ http://localhost:5173/src/lib/popcornInit.js?t=1787472727262:48
[ 1411244ms] [LOG] [popcorn-init] SUMMARY: 20/20 plugins registered; all plugins registered @ http://localhost:5173/src/lib/popcornInit.js?t=1787472727262:60
[ 1411244ms] [LOG] [popcorn] function 19 @ http://localhost:5173/src/main.js?t=1787472802875:4
[ 1428126ms] [LOG] [App] Starting initialization... @ http://localhost:5173/src/main.js?t=1787472823348:19
[ 1428141ms] [LOG] [popcorn-init] OK: jquery @ http://localhost:5173/src/lib/popcornInit.js?t=1787472727262:41
[ 1428143ms] [LOG] [popcorn-init] OK: jquery-textfill @ http://localhost:5173/src/lib/popcornInit.js?t=1787472727262:48
[ 1428145ms] [LOG] [popcorn-init] OK: popcorn-core @ http://localhost:5173/src/lib/popcornInit.js?t=1787472727262:48
[ 1428145ms] [LOG] [popcorn-init] OK: popcorn-ie8 @ http://localhost:5173/src/lib/popcornInit.js?t=1787472727262:48
[ 1428146ms] [LOG] [popcorn-init] OK: wrapper-common @ http://localhost:5173/src/lib/popcornInit.js?t=1787472727262:48
[ 1428146ms] [LOG] [popcorn-init] OK: wrapper-html5 @ http://localhost:5173/src/lib/popcornInit.js?t=1787472727262:48
[ 1428147ms] [LOG] [popcorn-init] OK: wrapper-vrview @ http://localhost:5173/src/lib/popcornInit.js?t=1787472727262:48
[ 1428147ms] [LOG] [popcorn-init] OK: wrapper-adaptive @ http://localhost:5173/src/lib/popcornInit.js?t=1787472727262:48
[ 1428147ms] [LOG] [popcorn-init] OK: wrapper-null @ http://localhost:5173/src/lib/popcornInit.js?t=1787472727262:48
[ 1428148ms] [LOG] [popcorn-init] OK: wrapper-soundcloud @ http://localhost:5173/src/lib/popcornInit.js?t=1787472727262:48
[ 1428148ms] [LOG] [popcorn-init] OK: wrapper-vimeo @ http://localhost:5173/src/lib/popcornInit.js?t=1787472727262:48
[ 1428148ms] [LOG] [popcorn-init] OK: wrapper-youtube @ http://localhost:5173/src/lib/popcornInit.js?t=1787472727262:48
[ 1428149ms] [LOG] [popcorn-init] OK: wrapper-jwplayer @ http://localhost:5173/src/lib/popcornInit.js?t=1787472727262:48
[ 1428149ms] [LOG] [popcorn-init] OK: player-module @ http://localhost:5173/src/lib/popcornInit.js?t=1787472727262:48
[ 1428401ms] [INFO] %cDownload the React DevTools for a better development experience: https://react.dev/link/react-devtools font-weight:bold @ http://localhost:5173/node_modules/.vite/deps/chunk-EEAUBQDT.js?v=fec69e38:20096
[ 1428409ms] [LOG] [App] Initialized in 282.50ms @ http://localhost:5173/src/main.js?t=1787472823348:164
[ 1428409ms] [LOG] [App] Navigating to initial page: video @ http://localhost:5173/src/main.js?t=1787472823348:165
[ 1428409ms] [INFO] [App] Dev auth bypass active — skipping setup popup. @ http://localhost:5173/src/main.js?t=1787472823348:176
[ 1429145ms] [LOG] [popcorn-init] OK: plugin-image @ http://localhost:5173/src/lib/popcornInit.js?t=1787472727262:48
[ 1429249ms] [WARNING] Clerk: Clerk has been loaded with development keys. Development instances have strict usage limits and should not be used when deploying your application to production. Learn more: https://clerk.com/docs/deployments/overview @ https://clerk.smartvid.app/npm/@clerk/clerk-js@6/dist/clerk.browser.js:11
[ 1429359ms] [ERROR] Failed to load resource: the server responded with a status of 400 () @ https://clerk.smartvid.app/v1/environment?__clerk_api_version=2026-05-12&_clerk_js_version=6.29.2&_method=PATCH:0
[ 1429518ms] [LOG] [popcorn-init] OK: plugin-jsonTransition @ http://localhost:5173/src/lib/popcornInit.js?t=1787472727262:48
[ 1429546ms] [LOG] [popcorn-init] OK: plugin-lottie-json @ http://localhost:5173/src/lib/popcornInit.js?t=1787472727262:48
[ 1429564ms] [LOG] [popcorn-init] OK: plugin-json-button @ http://localhost:5173/src/lib/popcornInit.js?t=1787472727262:48
[ 1429571ms] [LOG] [popcorn-init] OK: plugin-personalizedImage @ http://localhost:5173/src/lib/popcornInit.js?t=1787472727262:48
[ 1429576ms] [LOG] [popcorn-init] OK: plugin-loopPlugin @ http://localhost:5173/src/lib/popcornInit.js?t=1787472727262:48
[ 1429580ms] [LOG] [popcorn-init] OK: plugin-pausePlugin @ http://localhost:5173/src/lib/popcornInit.js?t=1787472727262:48
[ 1429590ms] [LOG] [popcorn-init] OK: plugin-form @ http://localhost:5173/src/lib/popcornInit.js?t=1787472727262:48
[ 1429603ms] [LOG] [popcorn-init] OK: plugin-retarget @ http://localhost:5173/src/lib/popcornInit.js?t=1787472727262:48
[ 1429608ms] [LOG] [popcorn-init] OK: plugin-popup @ http://localhost:5173/src/lib/popcornInit.js?t=1787472727262:48
[ 1429614ms] [LOG] [popcorn-init] OK: plugin-sequencer @ http://localhost:5173/src/lib/popcornInit.js?t=1787472727262:48
[ 1429619ms] [LOG] [popcorn-init] OK: plugin-skip @ http://localhost:5173/src/lib/popcornInit.js?t=1787472727262:48
[ 1429637ms] [LOG] [popcorn-init] OK: plugin-text @ http://localhost:5173/src/lib/popcornInit.js?t=1787472727262:48
[ 1429646ms] [LOG] [popcorn-init] OK: plugin-social @ http://localhost:5173/src/lib/popcornInit.js?t=1787472727262:48
[ 1429651ms] [LOG] [popcorn-init] OK: plugin-jsonAnimation @ http://localhost:5173/src/lib/popcornInit.js?t=1787472727262:48
[ 1429661ms] [LOG] [popcorn-init] OK: plugin-videoTransition @ http://localhost:5173/src/lib/popcornInit.js?t=1787472727262:48
[ 1429666ms] [LOG] [popcorn-init] OK: plugin-seethroughtext @ http://localhost:5173/src/lib/popcornInit.js?t=1787472727262:48
[ 1429669ms] [LOG] [popcorn-init] OK: plugin-wikipedia @ http://localhost:5173/src/lib/popcornInit.js?t=1787472727262:48
[ 1429674ms] [LOG] [popcorn-init] OK: plugin-combined @ http://localhost:5173/src/lib/popcornInit.js?t=1787472727262:48
[ 1429680ms] [LOG] [popcorn-init] OK: plugin-background @ http://localhost:5173/src/lib/popcornInit.js?t=1787472727262:48
[ 1429680ms] [LOG] [popcorn-init] SUMMARY: 20/20 plugins registered; all plugins registered @ http://localhost:5173/src/lib/popcornInit.js?t=1787472727262:60
[ 1429680ms] [LOG] [popcorn] function 19 @ http://localhost:5173/src/main.js?t=1787472823348:4
[ 1474642ms] [LOG] [App] Starting initialization... @ http://localhost:5173/src/main.js?t=1787472865510:19
[ 1474659ms] [LOG] [popcorn-init] OK: jquery @ http://localhost:5173/src/lib/popcornInit.js?t=1787472727262:41
[ 1474660ms] [LOG] [popcorn-init] OK: jquery-textfill @ http://localhost:5173/src/lib/popcornInit.js?t=1787472727262:48
[ 1474661ms] [LOG] [popcorn-init] OK: popcorn-core @ http://localhost:5173/src/lib/popcornInit.js?t=1787472727262:48
[ 1474662ms] [LOG] [popcorn-init] OK: popcorn-ie8 @ http://localhost:5173/src/lib/popcornInit.js?t=1787472727262:48
[ 1474663ms] [LOG] [popcorn-init] OK: wrapper-common @ http://localhost:5173/src/lib/popcornInit.js?t=1787472727262:48
[ 1474664ms] [LOG] [popcorn-init] OK: wrapper-html5 @ http://localhost:5173/src/lib/popcornInit.js?t=1787472727262:48
[ 1474665ms] [LOG] [popcorn-init] OK: wrapper-vrview @ http://localhost:5173/src/lib/popcornInit.js?t=1787472727262:48
[ 1474665ms] [LOG] [popcorn-init] OK: wrapper-adaptive @ http://localhost:5173/src/lib/popcornInit.js?t=1787472727262:48
[ 1474665ms] [LOG] [popcorn-init] OK: wrapper-null @ http://localhost:5173/src/lib/popcornInit.js?t=1787472727262:48
[ 1474666ms] [LOG] [popcorn-init] OK: wrapper-soundcloud @ http://localhost:5173/src/lib/popcornInit.js?t=1787472727262:48
[ 1474666ms] [LOG] [popcorn-init] OK: wrapper-vimeo @ http://localhost:5173/src/lib/popcornInit.js?t=1787472727262:48
[ 1474667ms] [LOG] [popcorn-init] OK: wrapper-youtube @ http://localhost:5173/src/lib/popcornInit.js?t=1787472727262:48
[ 1474667ms] [LOG] [popcorn-init] OK: wrapper-jwplayer @ http://localhost:5173/src/lib/popcornInit.js?t=1787472727262:48
[ 1474668ms] [LOG] [popcorn-init] OK: player-module @ http://localhost:5173/src/lib/popcornInit.js?t=1787472727262:48
[ 1475125ms] [INFO] %cDownload the React DevTools for a better development experience: https://react.dev/link/react-devtools font-weight:bold @ http://localhost:5173/node_modules/.vite/deps/chunk-EEAUBQDT.js?v=fec69e38:20096
[ 1475133ms] [LOG] [App] Initialized in 490.40ms @ http://localhost:5173/src/main.js?t=1787472865510:164
[ 1475133ms] [LOG] [App] Navigating to initial page: video @ http://localhost:5173/src/main.js?t=1787472865510:165
[ 1475133ms] [INFO] [App] Dev auth bypass active — skipping setup popup. @ http://localhost:5173/src/main.js?t=1787472865510:176
[ 1477141ms] [WARNING] Clerk: Clerk has been loaded with development keys. Development instances have strict usage limits and should not be used when deploying your application to production. Learn more: https://clerk.com/docs/deployments/overview @ https://clerk.smartvid.app/npm/@clerk/clerk-js@6/dist/clerk.browser.js:11
[ 1477190ms] [LOG] [popcorn-init] OK: plugin-image @ http://localhost:5173/src/lib/popcornInit.js?t=1787472727262:48
[ 1477396ms] [ERROR] Failed to load resource: the server responded with a status of 400 () @ https://clerk.smartvid.app/v1/environment?__clerk_api_version=2026-05-12&_clerk_js_version=6.29.2&_method=PATCH:0
[ 1478628ms] [LOG] [popcorn-init] OK: plugin-jsonTransition @ http://localhost:5173/src/lib/popcornInit.js?t=1787472727262:48
[ 1478658ms] [LOG] [popcorn-init] OK: plugin-lottie-json @ http://localhost:5173/src/lib/popcornInit.js?t=1787472727262:48
[ 1478677ms] [LOG] [popcorn-init] OK: plugin-json-button @ http://localhost:5173/src/lib/popcornInit.js?t=1787472727262:48
[ 1478689ms] [LOG] [popcorn-init] OK: plugin-personalizedImage @ http://localhost:5173/src/lib/popcornInit.js?t=1787472727262:48
[ 1478696ms] [LOG] [popcorn-init] OK: plugin-loopPlugin @ http://localhost:5173/src/lib/popcornInit.js?t=1787472727262:48
[ 1478703ms] [LOG] [popcorn-init] OK: plugin-pausePlugin @ http://localhost:5173/src/lib/popcornInit.js?t=1787472727262:48
[ 1478716ms] [LOG] [popcorn-init] OK: plugin-form @ http://localhost:5173/src/lib/popcornInit.js?t=1787472727262:48
[ 1478733ms] [LOG] [popcorn-init] OK: plugin-retarget @ http://localhost:5173/src/lib/popcornInit.js?t=1787472727262:48
[ 1478739ms] [LOG] [popcorn-init] OK: plugin-popup @ http://localhost:5173/src/lib/popcornInit.js?t=1787472727262:48
[ 1478747ms] [LOG] [popcorn-init] OK: plugin-sequencer @ http://localhost:5173/src/lib/popcornInit.js?t=1787472727262:48
[ 1478753ms] [LOG] [popcorn-init] OK: plugin-skip @ http://localhost:5173/src/lib/popcornInit.js?t=1787472727262:48
[ 1478822ms] [LOG] [popcorn-init] OK: plugin-text @ http://localhost:5173/src/lib/popcornInit.js?t=1787472727262:48
[ 1478832ms] [LOG] [popcorn-init] OK: plugin-social @ http://localhost:5173/src/lib/popcornInit.js?t=1787472727262:48
[ 1478841ms] [LOG] [popcorn-init] OK: plugin-jsonAnimation @ http://localhost:5173/src/lib/popcornInit.js?t=1787472727262:48
[ 1478857ms] [LOG] [popcorn-init] OK: plugin-videoTransition @ http://localhost:5173/src/lib/popcornInit.js?t=1787472727262:48
[ 1478865ms] [LOG] [popcorn-init] OK: plugin-seethroughtext @ http://localhost:5173/src/lib/popcornInit.js?t=1787472727262:48
[ 1478870ms] [LOG] [popcorn-init] OK: plugin-wikipedia @ http://localhost:5173/src/lib/popcornInit.js?t=1787472727262:48
[ 1478880ms] [LOG] [popcorn-init] OK: plugin-combined @ http://localhost:5173/src/lib/popcornInit.js?t=1787472727262:48
[ 1478892ms] [LOG] [popcorn-init] OK: plugin-background @ http://localhost:5173/src/lib/popcornInit.js?t=1787472727262:48
[ 1478892ms] [LOG] [popcorn-init] SUMMARY: 20/20 plugins registered; all plugins registered @ http://localhost:5173/src/lib/popcornInit.js?t=1787472727262:60
[ 1478892ms] [LOG] [popcorn] function 19 @ http://localhost:5173/src/main.js?t=1787472865510:4
[ 1484910ms] [LOG] [App] Starting initialization... @ http://localhost:5173/src/main.js?t=1787472876207:19
[ 1484928ms] [LOG] [popcorn-init] OK: jquery @ http://localhost:5173/src/lib/popcornInit.js?t=1787472727262:41
[ 1484930ms] [LOG] [popcorn-init] OK: jquery-textfill @ http://localhost:5173/src/lib/popcornInit.js?t=1787472727262:48
[ 1484933ms] [LOG] [popcorn-init] OK: popcorn-core @ http://localhost:5173/src/lib/popcornInit.js?t=1787472727262:48
[ 1484934ms] [LOG] [popcorn-init] OK: popcorn-ie8 @ http://localhost:5173/src/lib/popcornInit.js?t=1787472727262:48
[ 1484934ms] [LOG] [popcorn-init] OK: wrapper-common @ http://localhost:5173/src/lib/popcornInit.js?t=1787472727262:48
[ 1484935ms] [LOG] [popcorn-init] OK: wrapper-html5 @ http://localhost:5173/src/lib/popcornInit.js?t=1787472727262:48
[ 1484936ms] [LOG] [popcorn-init] OK: wrapper-vrview @ http://localhost:5173/src/lib/popcornInit.js?t=1787472727262:48
[ 1484936ms] [LOG] [popcorn-init] OK: wrapper-adaptive @ http://localhost:5173/src/lib/popcornInit.js?t=1787472727262:48
[ 1484936ms] [LOG] [popcorn-init] OK: wrapper-null @ http://localhost:5173/src/lib/popcornInit.js?t=1787472727262:48
[ 1484937ms] [LOG] [popcorn-init] OK: wrapper-soundcloud @ http://localhost:5173/src/lib/popcornInit.js?t=1787472727262:48
[ 1484937ms] [LOG] [popcorn-init] OK: wrapper-vimeo @ http://localhost:5173/src/lib/popcornInit.js?t=1787472727262:48
[ 1484938ms] [LOG] [popcorn-init] OK: wrapper-youtube @ http://localhost:5173/src/lib/popcornInit.js?t=1787472727262:48
[ 1484938ms] [LOG] [popcorn-init] OK: wrapper-jwplayer @ http://localhost:5173/src/lib/popcornInit.js?t=1787472727262:48
[ 1484938ms] [LOG] [popcorn-init] OK: player-module @ http://localhost:5173/src/lib/popcornInit.js?t=1787472727262:48
[ 1485053ms] [INFO] %cDownload the React DevTools for a better development experience: https://react.dev/link/react-devtools font-weight:bold @ http://localhost:5173/node_modules/.vite/deps/chunk-EEAUBQDT.js?v=fec69e38:20096
[ 1485058ms] [LOG] [App] Initialized in 147.70ms @ http://localhost:5173/src/main.js?t=1787472876207:164
[ 1485058ms] [LOG] [App] Navigating to initial page: video @ http://localhost:5173/src/main.js?t=1787472876207:165
[ 1485060ms] [INFO] [App] Dev auth bypass active — skipping setup popup. @ http://localhost:5173/src/main.js?t=1787472876207:176
[ 1486484ms] [LOG] [popcorn-init] OK: plugin-image @ http://localhost:5173/src/lib/popcornInit.js?t=1787472727262:48
[ 1486494ms] [WARNING] Clerk: Clerk has been loaded with development keys. Development instances have strict usage limits and should not be used when deploying your application to production. Learn more: https://clerk.com/docs/deployments/overview @ https://clerk.smartvid.app/npm/@clerk/clerk-js@6/dist/clerk.browser.js:11
[ 1486606ms] [ERROR] Failed to load resource: the server responded with a status of 400 () @ https://clerk.smartvid.app/v1/environment?__clerk_api_version=2026-05-12&_clerk_js_version=6.29.2&_method=PATCH:0
[ 1486763ms] [LOG] [popcorn-init] OK: plugin-jsonTransition @ http://localhost:5173/src/lib/popcornInit.js?t=1787472727262:48
[ 1486792ms] [LOG] [popcorn-init] OK: plugin-lottie-json @ http://localhost:5173/src/lib/popcornInit.js?t=1787472727262:48
[ 1486809ms] [LOG] [popcorn-init] OK: plugin-json-button @ http://localhost:5173/src/lib/popcornInit.js?t=1787472727262:48
[ 1486815ms] [LOG] [popcorn-init] OK: plugin-personalizedImage @ http://localhost:5173/src/lib/popcornInit.js?t=1787472727262:48
[ 1486821ms] [LOG] [popcorn-init] OK: plugin-loopPlugin @ http://localhost:5173/src/lib/popcornInit.js?t=1787472727262:48
[ 1486829ms] [LOG] [popcorn-init] OK: plugin-pausePlugin @ http://localhost:5173/src/lib/popcornInit.js?t=1787472727262:48
[ 1486841ms] [LOG] [popcorn-init] OK: plugin-form @ http://localhost:5173/src/lib/popcornInit.js?t=1787472727262:48
[ 1486852ms] [LOG] [popcorn-init] OK: plugin-retarget @ http://localhost:5173/src/lib/popcornInit.js?t=1787472727262:48
[ 1486857ms] [LOG] [popcorn-init] OK: plugin-popup @ http://localhost:5173/src/lib/popcornInit.js?t=1787472727262:48
[ 1486864ms] [LOG] [popcorn-init] OK: plugin-sequencer @ http://localhost:5173/src/lib/popcornInit.js?t=1787472727262:48
[ 1486869ms] [LOG] [popcorn-init] OK: plugin-skip @ http://localhost:5173/src/lib/popcornInit.js?t=1787472727262:48
[ 1486895ms] [LOG] [popcorn-init] OK: plugin-text @ http://localhost:5173/src/lib/popcornInit.js?t=1787472727262:48
[ 1486904ms] [LOG] [popcorn-init] OK: plugin-social @ http://localhost:5173/src/lib/popcornInit.js?t=1787472727262:48
[ 1486911ms] [LOG] [popcorn-init] OK: plugin-jsonAnimation @ http://localhost:5173/src/lib/popcornInit.js?t=1787472727262:48
[ 1486923ms] [LOG] [popcorn-init] OK: plugin-videoTransition @ http://localhost:5173/src/lib/popcornInit.js?t=1787472727262:48
[ 1486928ms] [LOG] [popcorn-init] OK: plugin-seethroughtext @ http://localhost:5173/src/lib/popcornInit.js?t=1787472727262:48
[ 1486932ms] [LOG] [popcorn-init] OK: plugin-wikipedia @ http://localhost:5173/src/lib/popcornInit.js?t=1787472727262:48
[ 1486938ms] [LOG] [popcorn-init] OK: plugin-combined @ http://localhost:5173/src/lib/popcornInit.js?t=1787472727262:48
[ 1486944ms] [LOG] [popcorn-init] OK: plugin-background @ http://localhost:5173/src/lib/popcornInit.js?t=1787472727262:48
[ 1486944ms] [LOG] [popcorn-init] SUMMARY: 20/20 plugins registered; all plugins registered @ http://localhost:5173/src/lib/popcornInit.js?t=1787472727262:60
[ 1486945ms] [LOG] [popcorn] function 19 @ http://localhost:5173/src/main.js?t=1787472876207:4
[ 1511292ms] [LOG] [App] Starting initialization... @ http://localhost:5173/src/main.js?t=1787472903667:19
[ 1511335ms] [LOG] [popcorn-init] OK: jquery @ http://localhost:5173/src/lib/popcornInit.js?t=1787472727262:41
[ 1511339ms] [LOG] [popcorn-init] OK: jquery-textfill @ http://localhost:5173/src/lib/popcornInit.js?t=1787472727262:48
[ 1511344ms] [LOG] [popcorn-init] OK: popcorn-core @ http://localhost:5173/src/lib/popcornInit.js?t=1787472727262:48
[ 1511345ms] [LOG] [popcorn-init] OK: popcorn-ie8 @ http://localhost:5173/src/lib/popcornInit.js?t=1787472727262:48
[ 1511346ms] [LOG] [popcorn-init] OK: wrapper-common @ http://localhost:5173/src/lib/popcornInit.js?t=1787472727262:48
[ 1511348ms] [LOG] [popcorn-init] OK: wrapper-html5 @ http://localhost:5173/src/lib/popcornInit.js?t=1787472727262:48
[ 1511349ms] [LOG] [popcorn-init] OK: wrapper-vrview @ http://localhost:5173/src/lib/popcornInit.js?t=1787472727262:48
[ 1511368ms] [LOG] [popcorn-init] OK: wrapper-adaptive @ http://localhost:5173/src/lib/popcornInit.js?t=1787472727262:48
[ 1511373ms] [LOG] [popcorn-init] OK: wrapper-null @ http://localhost:5173/src/lib/popcornInit.js?t=1787472727262:48
[ 1511376ms] [LOG] [popcorn-init] OK: wrapper-soundcloud @ http://localhost:5173/src/lib/popcornInit.js?t=1787472727262:48
[ 1511378ms] [LOG] [popcorn-init] OK: wrapper-vimeo @ http://localhost:5173/src/lib/popcornInit.js?t=1787472727262:48
[ 1511378ms] [LOG] [popcorn-init] OK: wrapper-youtube @ http://localhost:5173/src/lib/popcornInit.js?t=1787472727262:48
[ 1511379ms] [LOG] [popcorn-init] OK: wrapper-jwplayer @ http://localhost:5173/src/lib/popcornInit.js?t=1787472727262:48
[ 1511380ms] [LOG] [popcorn-init] OK: player-module @ http://localhost:5173/src/lib/popcornInit.js?t=1787472727262:48
[ 1511511ms] [INFO] %cDownload the React DevTools for a better development experience: https://react.dev/link/react-devtools font-weight:bold @ http://localhost:5173/node_modules/.vite/deps/chunk-EEAUBQDT.js?v=fec69e38:20096
[ 1511527ms] [LOG] [App] Initialized in 234.40ms @ http://localhost:5173/src/main.js?t=1787472903667:164
[ 1511528ms] [LOG] [App] Navigating to initial page: video @ http://localhost:5173/src/main.js?t=1787472903667:165
[ 1511528ms] [INFO] [App] Dev auth bypass active — skipping setup popup. @ http://localhost:5173/src/main.js?t=1787472903667:176
[ 1512941ms] [WARNING] Clerk: Clerk has been loaded with development keys. Development instances have strict usage limits and should not be used when deploying your application to production. Learn more: https://clerk.com/docs/deployments/overview @ https://clerk.smartvid.app/npm/@clerk/clerk-js@6/dist/clerk.browser.js:11
[ 1513609ms] [ERROR] Failed to load resource: the server responded with a status of 400 () @ https://clerk.smartvid.app/v1/environment?__clerk_api_version=2026-05-12&_clerk_js_version=6.29.2&_method=PATCH:0
[ 1514437ms] [LOG] [popcorn-init] OK: plugin-image @ http://localhost:5173/src/lib/popcornInit.js?t=1787472727262:48
[ 1515138ms] [LOG] [popcorn-init] OK: plugin-jsonTransition @ http://localhost:5173/src/lib/popcornInit.js?t=1787472727262:48
[ 1515172ms] [LOG] [popcorn-init] OK: plugin-lottie-json @ http://localhost:5173/src/lib/popcornInit.js?t=1787472727262:48
[ 1515187ms] [LOG] [popcorn-init] OK: plugin-json-button @ http://localhost:5173/src/lib/popcornInit.js?t=1787472727262:48
[ 1515196ms] [LOG] [popcorn-init] OK: plugin-personalizedImage @ http://localhost:5173/src/lib/popcornInit.js?t=1787472727262:48
[ 1515203ms] [LOG] [popcorn-init] OK: plugin-loopPlugin @ http://localhost:5173/src/lib/popcornInit.js?t=1787472727262:48
[ 1515211ms] [LOG] [popcorn-init] OK: plugin-pausePlugin @ http://localhost:5173/src/lib/popcornInit.js?t=1787472727262:48
[ 1515232ms] [LOG] [popcorn-init] OK: plugin-form @ http://localhost:5173/src/lib/popcornInit.js?t=1787472727262:48
[ 1515260ms] [LOG] [popcorn-init] OK: plugin-retarget @ http://localhost:5173/src/lib/popcornInit.js?t=1787472727262:48
[ 1515268ms] [LOG] [popcorn-init] OK: plugin-popup @ http://localhost:5173/src/lib/popcornInit.js?t=1787472727262:48
[ 1515283ms] [LOG] [popcorn-init] OK: plugin-sequencer @ http://localhost:5173/src/lib/popcornInit.js?t=1787472727262:48
[ 1515295ms] [LOG] [popcorn-init] OK: plugin-skip @ http://localhost:5173/src/lib/popcornInit.js?t=1787472727262:48
[ 1515329ms] [LOG] [popcorn-init] OK: plugin-text @ http://localhost:5173/src/lib/popcornInit.js?t=1787472727262:48
[ 1515346ms] [LOG] [popcorn-init] OK: plugin-social @ http://localhost:5173/src/lib/popcornInit.js?t=1787472727262:48
[ 1515356ms] [LOG] [popcorn-init] OK: plugin-jsonAnimation @ http://localhost:5173/src/lib/popcornInit.js?t=1787472727262:48
[ 1515379ms] [LOG] [popcorn-init] OK: plugin-videoTransition @ http://localhost:5173/src/lib/popcornInit.js?t=1787472727262:48
[ 1515390ms] [LOG] [popcorn-init] OK: plugin-seethroughtext @ http://localhost:5173/src/lib/popcornInit.js?t=1787472727262:48
[ 1515398ms] [LOG] [popcorn-init] OK: plugin-wikipedia @ http://localhost:5173/src/lib/popcornInit.js?t=1787472727262:48
[ 1515415ms] [LOG] [popcorn-init] OK: plugin-combined @ http://localhost:5173/src/lib/popcornInit.js?t=1787472727262:48
[ 1515435ms] [LOG] [popcorn-init] OK: plugin-background @ http://localhost:5173/src/lib/popcornInit.js?t=1787472727262:48
[ 1515435ms] [LOG] [popcorn-init] SUMMARY: 20/20 plugins registered; all plugins registered @ http://localhost:5173/src/lib/popcornInit.js?t=1787472727262:60
[ 1515437ms] [LOG] [popcorn] function 19 @ http://localhost:5173/src/main.js?t=1787472903667:4
[ 1551610ms] [LOG] [App] Starting initialization... @ http://localhost:5173/src/main.js?t=1787472946263:19
[ 1551635ms] [LOG] [popcorn-init] OK: jquery @ http://localhost:5173/src/lib/popcornInit.js?t=1787472727262:41
[ 1551639ms] [LOG] [popcorn-init] OK: jquery-textfill @ http://localhost:5173/src/lib/popcornInit.js?t=1787472727262:48
[ 1551642ms] [LOG] [popcorn-init] OK: popcorn-core @ http://localhost:5173/src/lib/popcornInit.js?t=1787472727262:48
[ 1551643ms] [LOG] [popcorn-init] OK: popcorn-ie8 @ http://localhost:5173/src/lib/popcornInit.js?t=1787472727262:48
[ 1551644ms] [LOG] [popcorn-init] OK: wrapper-common @ http://localhost:5173/src/lib/popcornInit.js?t=1787472727262:48
[ 1551645ms] [LOG] [popcorn-init] OK: wrapper-html5 @ http://localhost:5173/src/lib/popcornInit.js?t=1787472727262:48
[ 1551646ms] [LOG] [popcorn-init] OK: wrapper-vrview @ http://localhost:5173/src/lib/popcornInit.js?t=1787472727262:48
[ 1551647ms] [LOG] [popcorn-init] OK: wrapper-adaptive @ http://localhost:5173/src/lib/popcornInit.js?t=1787472727262:48
[ 1551647ms] [LOG] [popcorn-init] OK: wrapper-null @ http://localhost:5173/src/lib/popcornInit.js?t=1787472727262:48
[ 1551648ms] [LOG] [popcorn-init] OK: wrapper-soundcloud @ http://localhost:5173/src/lib/popcornInit.js?t=1787472727262:48
[ 1551649ms] [LOG] [popcorn-init] OK: wrapper-vimeo @ http://localhost:5173/src/lib/popcornInit.js?t=1787472727262:48
[ 1551650ms] [LOG] [popcorn-init] OK: wrapper-youtube @ http://localhost:5173/src/lib/popcornInit.js?t=1787472727262:48
[ 1551650ms] [LOG] [popcorn-init] OK: wrapper-jwplayer @ http://localhost:5173/src/lib/popcornInit.js?t=1787472727262:48
[ 1551651ms] [LOG] [popcorn-init] OK: player-module @ http://localhost:5173/src/lib/popcornInit.js?t=1787472727262:48
[ 1552061ms] [INFO] %cDownload the React DevTools for a better development experience: https://react.dev/link/react-devtools font-weight:bold @ http://localhost:5173/node_modules/.vite/deps/chunk-EEAUBQDT.js?v=fec69e38:20096
[ 1552076ms] [LOG] [App] Initialized in 465.30ms @ http://localhost:5173/src/main.js?t=1787472946263:164
[ 1552076ms] [LOG] [App] Navigating to initial page: video @ http://localhost:5173/src/main.js?t=1787472946263:165
[ 1552076ms] [INFO] [App] Dev auth bypass active — skipping setup popup. @ http://localhost:5173/src/main.js?t=1787472946263:176
[ 1552756ms] [LOG] [popcorn-init] OK: plugin-image @ http://localhost:5173/src/lib/popcornInit.js?t=1787472727262:48
[ 1552919ms] [WARNING] Clerk: Clerk has been loaded with development keys. Development instances have strict usage limits and should not be used when deploying your application to production. Learn more: https://clerk.com/docs/deployments/overview @ https://clerk.smartvid.app/npm/@clerk/clerk-js@6/dist/clerk.browser.js:11
[ 1553084ms] [ERROR] Failed to load resource: the server responded with a status of 400 () @ https://clerk.smartvid.app/v1/environment?__clerk_api_version=2026-05-12&_clerk_js_version=6.29.2&_method=PATCH:0
[ 1553382ms] [LOG] [popcorn-init] OK: plugin-jsonTransition @ http://localhost:5173/src/lib/popcornInit.js?t=1787472727262:48
[ 1553410ms] [LOG] [popcorn-init] OK: plugin-lottie-json @ http://localhost:5173/src/lib/popcornInit.js?t=1787472727262:48
[ 1553423ms] [LOG] [popcorn-init] OK: plugin-json-button @ http://localhost:5173/src/lib/popcornInit.js?t=1787472727262:48
[ 1553430ms] [LOG] [popcorn-init] OK: plugin-personalizedImage @ http://localhost:5173/src/lib/popcornInit.js?t=1787472727262:48
[ 1553438ms] [LOG] [popcorn-init] OK: plugin-loopPlugin @ http://localhost:5173/src/lib/popcornInit.js?t=1787472727262:48
[ 1553445ms] [LOG] [popcorn-init] OK: plugin-pausePlugin @ http://localhost:5173/src/lib/popcornInit.js?t=1787472727262:48
[ 1553462ms] [LOG] [popcorn-init] OK: plugin-form @ http://localhost:5173/src/lib/popcornInit.js?t=1787472727262:48
[ 1553480ms] [LOG] [popcorn-init] OK: plugin-retarget @ http://localhost:5173/src/lib/popcornInit.js?t=1787472727262:48
[ 1553487ms] [LOG] [popcorn-init] OK: plugin-popup @ http://localhost:5173/src/lib/popcornInit.js?t=1787472727262:48
[ 1553494ms] [LOG] [popcorn-init] OK: plugin-sequencer @ http://localhost:5173/src/lib/popcornInit.js?t=1787472727262:48
[ 1553500ms] [LOG] [popcorn-init] OK: plugin-skip @ http://localhost:5173/src/lib/popcornInit.js?t=1787472727262:48
[ 1553524ms] [LOG] [popcorn-init] OK: plugin-text @ http://localhost:5173/src/lib/popcornInit.js?t=1787472727262:48
[ 1553539ms] [LOG] [popcorn-init] OK: plugin-social @ http://localhost:5173/src/lib/popcornInit.js?t=1787472727262:48
[ 1553547ms] [LOG] [popcorn-init] OK: plugin-jsonAnimation @ http://localhost:5173/src/lib/popcornInit.js?t=1787472727262:48
[ 1553560ms] [LOG] [popcorn-init] OK: plugin-videoTransition @ http://localhost:5173/src/lib/popcornInit.js?t=1787472727262:48
[ 1553567ms] [LOG] [popcorn-init] OK: plugin-seethroughtext @ http://localhost:5173/src/lib/popcornInit.js?t=1787472727262:48
[ 1553571ms] [LOG] [popcorn-init] OK: plugin-wikipedia @ http://localhost:5173/src/lib/popcornInit.js?t=1787472727262:48
[ 1553577ms] [LOG] [popcorn-init] OK: plugin-combined @ http://localhost:5173/src/lib/popcornInit.js?t=1787472727262:48
[ 1553583ms] [LOG] [popcorn-init] OK: plugin-background @ http://localhost:5173/src/lib/popcornInit.js?t=1787472727262:48
[ 1553583ms] [LOG] [popcorn-init] SUMMARY: 20/20 plugins registered; all plugins registered @ http://localhost:5173/src/lib/popcornInit.js?t=1787472727262:60
[ 1553584ms] [LOG] [popcorn] function 19 @ http://localhost:5173/src/main.js?t=1787472946263:4
[ 1583360ms] [LOG] [App] Starting initialization... @ http://localhost:5173/src/main.js?t=1787472977635:19
[ 1583380ms] [LOG] [popcorn-init] OK: jquery @ http://localhost:5173/src/lib/popcornInit.js?t=1787472727262:41
[ 1583383ms] [LOG] [popcorn-init] OK: jquery-textfill @ http://localhost:5173/src/lib/popcornInit.js?t=1787472727262:48
[ 1583386ms] [LOG] [popcorn-init] OK: popcorn-core @ http://localhost:5173/src/lib/popcornInit.js?t=1787472727262:48
[ 1583387ms] [LOG] [popcorn-init] OK: popcorn-ie8 @ http://localhost:5173/src/lib/popcornInit.js?t=1787472727262:48
[ 1583387ms] [LOG] [popcorn-init] OK: wrapper-common @ http://localhost:5173/src/lib/popcornInit.js?t=1787472727262:48
[ 1583388ms] [LOG] [popcorn-init] OK: wrapper-html5 @ http://localhost:5173/src/lib/popcornInit.js?t=1787472727262:48
[ 1583389ms] [LOG] [popcorn-init] OK: wrapper-vrview @ http://localhost:5173/src/lib/popcornInit.js?t=1787472727262:48
[ 1583389ms] [LOG] [popcorn-init] OK: wrapper-adaptive @ http://localhost:5173/src/lib/popcornInit.js?t=1787472727262:48
[ 1583389ms] [LOG] [popcorn-init] OK: wrapper-null @ http://localhost:5173/src/lib/popcornInit.js?t=1787472727262:48
[ 1583390ms] [LOG] [popcorn-init] OK: wrapper-soundcloud @ http://localhost:5173/src/lib/popcornInit.js?t=1787472727262:48
[ 1583390ms] [LOG] [popcorn-init] OK: wrapper-vimeo @ http://localhost:5173/src/lib/popcornInit.js?t=1787472727262:48
[ 1583391ms] [LOG] [popcorn-init] OK: wrapper-youtube @ http://localhost:5173/src/lib/popcornInit.js?t=1787472727262:48
[ 1583391ms] [LOG] [popcorn-init] OK: wrapper-jwplayer @ http://localhost:5173/src/lib/popcornInit.js?t=1787472727262:48
[ 1583392ms] [LOG] [popcorn-init] OK: player-module @ http://localhost:5173/src/lib/popcornInit.js?t=1787472727262:48
[ 1583626ms] [INFO] %cDownload the React DevTools for a better development experience: https://react.dev/link/react-devtools font-weight:bold @ http://localhost:5173/node_modules/.vite/deps/chunk-EEAUBQDT.js?v=fec69e38:20096
[ 1583631ms] [LOG] [App] Initialized in 271.50ms @ http://localhost:5173/src/main.js?t=1787472977635:164
[ 1583631ms] [LOG] [App] Navigating to initial page: video @ http://localhost:5173/src/main.js?t=1787472977635:165
[ 1583632ms] [INFO] [App] Dev auth bypass active — skipping setup popup. @ http://localhost:5173/src/main.js?t=1787472977635:176
[ 1585038ms] [WARNING] Clerk: Clerk has been loaded with development keys. Development instances have strict usage limits and should not be used when deploying your application to production. Learn more: https://clerk.com/docs/deployments/overview @ https://clerk.smartvid.app/npm/@clerk/clerk-js@6/dist/clerk.browser.js:11
[ 1585272ms] [ERROR] Failed to load resource: the server responded with a status of 400 () @ https://clerk.smartvid.app/v1/environment?__clerk_api_version=2026-05-12&_clerk_js_version=6.29.2&_method=PATCH:0
[ 1585423ms] [LOG] [popcorn-init] OK: plugin-image @ http://localhost:5173/src/lib/popcornInit.js?t=1787472727262:48
[ 1586529ms] [LOG] [popcorn-init] OK: plugin-jsonTransition @ http://localhost:5173/src/lib/popcornInit.js?t=1787472727262:48
[ 1586545ms] [LOG] [popcorn-init] OK: plugin-lottie-json @ http://localhost:5173/src/lib/popcornInit.js?t=1787472727262:48
[ 1586561ms] [LOG] [popcorn-init] OK: plugin-json-button @ http://localhost:5173/src/lib/popcornInit.js?t=1787472727262:48
[ 1586569ms] [LOG] [popcorn-init] OK: plugin-personalizedImage @ http://localhost:5173/src/lib/popcornInit.js?t=1787472727262:48
[ 1586576ms] [LOG] [popcorn-init] OK: plugin-loopPlugin @ http://localhost:5173/src/lib/popcornInit.js?t=1787472727262:48
[ 1586583ms] [LOG] [popcorn-init] OK: plugin-pausePlugin @ http://localhost:5173/src/lib/popcornInit.js?t=1787472727262:48
[ 1586594ms] [LOG] [popcorn-init] OK: plugin-form @ http://localhost:5173/src/lib/popcornInit.js?t=1787472727262:48
[ 1586607ms] [LOG] [popcorn-init] OK: plugin-retarget @ http://localhost:5173/src/lib/popcornInit.js?t=1787472727262:48
[ 1586614ms] [LOG] [popcorn-init] OK: plugin-popup @ http://localhost:5173/src/lib/popcornInit.js?t=1787472727262:48
[ 1586622ms] [LOG] [popcorn-init] OK: plugin-sequencer @ http://localhost:5173/src/lib/popcornInit.js?t=1787472727262:48
[ 1586630ms] [LOG] [popcorn-init] OK: plugin-skip @ http://localhost:5173/src/lib/popcornInit.js?t=1787472727262:48
[ 1586652ms] [LOG] [popcorn-init] OK: plugin-text @ http://localhost:5173/src/lib/popcornInit.js?t=1787472727262:48
[ 1586663ms] [LOG] [popcorn-init] OK: plugin-social @ http://localhost:5173/src/lib/popcornInit.js?t=1787472727262:48
[ 1586671ms] [LOG] [popcorn-init] OK: plugin-jsonAnimation @ http://localhost:5173/src/lib/popcornInit.js?t=1787472727262:48
[ 1586688ms] [LOG] [popcorn-init] OK: plugin-videoTransition @ http://localhost:5173/src/lib/popcornInit.js?t=1787472727262:48
[ 1586699ms] [LOG] [popcorn-init] OK: plugin-seethroughtext @ http://localhost:5173/src/lib/popcornInit.js?t=1787472727262:48
[ 1586705ms] [LOG] [popcorn-init] OK: plugin-wikipedia @ http://localhost:5173/src/lib/popcornInit.js?t=1787472727262:48
[ 1586964ms] [LOG] [popcorn-init] OK: plugin-combined @ http://localhost:5173/src/lib/popcornInit.js?t=1787472727262:48
[ 1587041ms] [LOG] [popcorn-init] OK: plugin-background @ http://localhost:5173/src/lib/popcornInit.js?t=1787472727262:48
[ 1587041ms] [LOG] [popcorn-init] SUMMARY: 20/20 plugins registered; all plugins registered @ http://localhost:5173/src/lib/popcornInit.js?t=1787472727262:60
[ 1587041ms] [LOG] [popcorn] function 19 @ http://localhost:5173/src/main.js?t=1787472977635:4
[ 2384636ms] [LOG] [App] Starting initialization... @ http://localhost:5173/src/main.js?t=1787473776580:19
[ 2384675ms] [LOG] [popcorn-init] OK: jquery @ http://localhost:5173/src/lib/popcornInit.js?t=1787472727262:41
[ 2384676ms] [LOG] [popcorn-init] OK: jquery-textfill @ http://localhost:5173/src/lib/popcornInit.js?t=1787472727262:48
[ 2384682ms] [LOG] [popcorn-init] OK: popcorn-core @ http://localhost:5173/src/lib/popcornInit.js?t=1787472727262:48
[ 2384684ms] [LOG] [popcorn-init] OK: popcorn-ie8 @ http://localhost:5173/src/lib/popcornInit.js?t=1787472727262:48
[ 2384685ms] [LOG] [popcorn-init] OK: wrapper-common @ http://localhost:5173/src/lib/popcornInit.js?t=1787472727262:48
[ 2384688ms] [LOG] [popcorn-init] OK: wrapper-html5 @ http://localhost:5173/src/lib/popcornInit.js?t=1787472727262:48
[ 2384689ms] [LOG] [popcorn-init] OK: wrapper-vrview @ http://localhost:5173/src/lib/popcornInit.js?t=1787472727262:48
[ 2384690ms] [LOG] [popcorn-init] OK: wrapper-adaptive @ http://localhost:5173/src/lib/popcornInit.js?t=1787472727262:48
[ 2384693ms] [LOG] [popcorn-init] OK: wrapper-null @ http://localhost:5173/src/lib/popcornInit.js?t=1787472727262:48
[ 2384695ms] [LOG] [popcorn-init] OK: wrapper-soundcloud @ http://localhost:5173/src/lib/popcornInit.js?t=1787472727262:48
[ 2384695ms] [LOG] [popcorn-init] OK: wrapper-vimeo @ http://localhost:5173/src/lib/popcornInit.js?t=1787472727262:48
[ 2384696ms] [LOG] [popcorn-init] OK: wrapper-youtube @ http://localhost:5173/src/lib/popcornInit.js?t=1787472727262:48
[ 2384696ms] [LOG] [popcorn-init] OK: wrapper-jwplayer @ http://localhost:5173/src/lib/popcornInit.js?t=1787472727262:48
[ 2384700ms] [LOG] [popcorn-init] OK: player-module @ http://localhost:5173/src/lib/popcornInit.js?t=1787472727262:48
[ 2389574ms] [INFO] %cDownload the React DevTools for a better development experience: https://react.dev/link/react-devtools font-weight:bold @ http://localhost:5173/node_modules/.vite/deps/chunk-EEAUBQDT.js?v=fec69e38:20096
[ 2389586ms] [LOG] [App] Initialized in 4950.00ms @ http://localhost:5173/src/main.js?t=1787473776580:164
[ 2389586ms] [LOG] [App] Navigating to initial page: video @ http://localhost:5173/src/main.js?t=1787473776580:165
[ 2389586ms] [INFO] [App] Dev auth bypass active — skipping setup popup. @ http://localhost:5173/src/main.js?t=1787473776580:176
[ 2389902ms] [WARNING] Clerk: Clerk has been loaded with development keys. Development instances have strict usage limits and should not be used when deploying your application to production. Learn more: https://clerk.com/docs/deployments/overview @ https://clerk.smartvid.app/npm/@clerk/clerk-js@6/dist/clerk.browser.js:11
[ 2390055ms] [ERROR] Failed to load resource: the server responded with a status of 400 () @ https://clerk.smartvid.app/v1/environment?__clerk_api_version=2026-05-12&_clerk_js_version=6.29.2&_method=PATCH:0
[ 2395937ms] [LOG] [popcorn-init] OK: plugin-image @ http://localhost:5173/src/lib/popcornInit.js?t=1787472727262:48
[ 2398211ms] [LOG] [popcorn-init] OK: plugin-jsonTransition @ http://localhost:5173/src/lib/popcornInit.js?t=1787472727262:48
[ 2398448ms] [LOG] [popcorn-init] OK: plugin-lottie-json @ http://localhost:5173/src/lib/popcornInit.js?t=1787472727262:48
[ 2398532ms] [LOG] [popcorn-init] OK: plugin-json-button @ http://localhost:5173/src/lib/popcornInit.js?t=1787472727262:48
[ 2398823ms] [LOG] [popcorn-init] OK: plugin-personalizedImage @ http://localhost:5173/src/lib/popcornInit.js?t=1787472727262:48
[ 2398874ms] [LOG] [popcorn-init] OK: plugin-loopPlugin @ http://localhost:5173/src/lib/popcornInit.js?t=1787472727262:48
[ 2398899ms] [LOG] [popcorn-init] OK: plugin-pausePlugin @ http://localhost:5173/src/lib/popcornInit.js?t=1787472727262:48
[ 2399181ms] [LOG] [popcorn-init] OK: plugin-form @ http://localhost:5173/src/lib/popcornInit.js?t=1787472727262:48
[ 2399439ms] [LOG] [popcorn-init] OK: plugin-retarget @ http://localhost:5173/src/lib/popcornInit.js?t=1787472727262:48
[ 2399568ms] [LOG] [popcorn-init] OK: plugin-popup @ http://localhost:5173/src/lib/popcornInit.js?t=1787472727262:48
[ 2399749ms] [LOG] [popcorn-init] OK: plugin-sequencer @ http://localhost:5173/src/lib/popcornInit.js?t=1787472727262:48
[ 2399764ms] [LOG] [popcorn-init] OK: plugin-skip @ http://localhost:5173/src/lib/popcornInit.js?t=1787472727262:48
[ 2399916ms] [LOG] [popcorn-init] OK: plugin-text @ http://localhost:5173/src/lib/popcornInit.js?t=1787472727262:48
[ 2399985ms] [LOG] [popcorn-init] OK: plugin-social @ http://localhost:5173/src/lib/popcornInit.js?t=1787472727262:48
[ 2400021ms] [LOG] [popcorn-init] OK: plugin-jsonAnimation @ http://localhost:5173/src/lib/popcornInit.js?t=1787472727262:48
[ 2400077ms] [LOG] [popcorn-init] OK: plugin-videoTransition @ http://localhost:5173/src/lib/popcornInit.js?t=1787472727262:48
[ 2400120ms] [LOG] [popcorn-init] OK: plugin-seethroughtext @ http://localhost:5173/src/lib/popcornInit.js?t=1787472727262:48
[ 2400163ms] [LOG] [popcorn-init] OK: plugin-wikipedia @ http://localhost:5173/src/lib/popcornInit.js?t=1787472727262:48
[ 2400191ms] [LOG] [popcorn-init] OK: plugin-combined @ http://localhost:5173/src/lib/popcornInit.js?t=1787472727262:48
[ 2400230ms] [LOG] [popcorn-init] OK: plugin-background @ http://localhost:5173/src/lib/popcornInit.js?t=1787472727262:48
[ 2400230ms] [LOG] [popcorn-init] SUMMARY: 20/20 plugins registered; all plugins registered @ http://localhost:5173/src/lib/popcornInit.js?t=1787472727262:60
[ 2400230ms] [LOG] [popcorn] function 19 @ http://localhost:5173/src/main.js?t=1787473776580:4
[ 2423103ms] [LOG] [App] Starting initialization... @ http://localhost:5173/src/main.js?t=1787473816354:19
[ 2423122ms] [LOG] [popcorn-init] OK: jquery @ http://localhost:5173/src/lib/popcornInit.js?t=1787472727262:41
[ 2423123ms] [LOG] [popcorn-init] OK: jquery-textfill @ http://localhost:5173/src/lib/popcornInit.js?t=1787472727262:48
[ 2423124ms] [LOG] [popcorn-init] OK: popcorn-core @ http://localhost:5173/src/lib/popcornInit.js?t=1787472727262:48
[ 2423125ms] [LOG] [popcorn-init] OK: popcorn-ie8 @ http://localhost:5173/src/lib/popcornInit.js?t=1787472727262:48
[ 2423126ms] [LOG] [popcorn-init] OK: wrapper-common @ http://localhost:5173/src/lib/popcornInit.js?t=1787472727262:48
[ 2423126ms] [LOG] [popcorn-init] OK: wrapper-html5 @ http://localhost:5173/src/lib/popcornInit.js?t=1787472727262:48
[ 2423127ms] [LOG] [popcorn-init] OK: wrapper-vrview @ http://localhost:5173/src/lib/popcornInit.js?t=1787472727262:48
[ 2423127ms] [LOG] [popcorn-init] OK: wrapper-adaptive @ http://localhost:5173/src/lib/popcornInit.js?t=1787472727262:48
[ 2423128ms] [LOG] [popcorn-init] OK: wrapper-null @ http://localhost:5173/src/lib/popcornInit.js?t=1787472727262:48
[ 2423128ms] [LOG] [popcorn-init] OK: wrapper-soundcloud @ http://localhost:5173/src/lib/popcornInit.js?t=1787472727262:48
[ 2423128ms] [LOG] [popcorn-init] OK: wrapper-vimeo @ http://localhost:5173/src/lib/popcornInit.js?t=1787472727262:48
[ 2423129ms] [LOG] [popcorn-init] OK: wrapper-youtube @ http://localhost:5173/src/lib/popcornInit.js?t=1787472727262:48
[ 2423129ms] [LOG] [popcorn-init] OK: wrapper-jwplayer @ http://localhost:5173/src/lib/popcornInit.js?t=1787472727262:48
[ 2423129ms] [LOG] [popcorn-init] OK: player-module @ http://localhost:5173/src/lib/popcornInit.js?t=1787472727262:48
[ 2426804ms] [INFO] %cDownload the React DevTools for a better development experience: https://react.dev/link/react-devtools font-weight:bold @ http://localhost:5173/node_modules/.vite/deps/chunk-EEAUBQDT.js?v=fec69e38:20096
[ 2426810ms] [LOG] [App] Initialized in 3706.90ms @ http://localhost:5173/src/main.js?t=1787473816354:164
[ 2426811ms] [LOG] [App] Navigating to initial page: video @ http://localhost:5173/src/main.js?t=1787473816354:165
[ 2426811ms] [INFO] [App] Dev auth bypass active — skipping setup popup. @ http://localhost:5173/src/main.js?t=1787473816354:176
[ 2427025ms] [WARNING] Clerk: Clerk has been loaded with development keys. Development instances have strict usage limits and should not be used when deploying your application to production. Learn more: https://clerk.com/docs/deployments/overview @ https://clerk.smartvid.app/npm/@clerk/clerk-js@6/dist/clerk.browser.js:11
[ 2427121ms] [ERROR] Failed to load resource: the server responded with a status of 400 () @ https://clerk.smartvid.app/v1/environment?__clerk_api_version=2026-05-12&_clerk_js_version=6.29.2&_method=PATCH:0
[ 2429210ms] [LOG] [popcorn-init] OK: plugin-image @ http://localhost:5173/src/lib/popcornInit.js?t=1787472727262:48
[ 2429751ms] [LOG] [popcorn-init] OK: plugin-jsonTransition @ http://localhost:5173/src/lib/popcornInit.js?t=1787472727262:48
[ 2429855ms] [LOG] [popcorn-init] OK: plugin-lottie-json @ http://localhost:5173/src/lib/popcornInit.js?t=1787472727262:48
[ 2429956ms] [LOG] [popcorn-init] OK: plugin-json-button @ http://localhost:5173/src/lib/popcornInit.js?t=1787472727262:48
[ 2430039ms] [LOG] [popcorn-init] OK: plugin-personalizedImage @ http://localhost:5173/src/lib/popcornInit.js?t=1787472727262:48
[ 2430118ms] [LOG] [popcorn-init] OK: plugin-loopPlugin @ http://localhost:5173/src/lib/popcornInit.js?t=1787472727262:48
[ 2430139ms] [LOG] [popcorn-init] OK: plugin-pausePlugin @ http://localhost:5173/src/lib/popcornInit.js?t=1787472727262:48
[ 2430237ms] [LOG] [popcorn-init] OK: plugin-form @ http://localhost:5173/src/lib/popcornInit.js?t=1787472727262:48
[ 2430306ms] [LOG] [popcorn-init] OK: plugin-retarget @ http://localhost:5173/src/lib/popcornInit.js?t=1787472727262:48
[ 2430358ms] [LOG] [popcorn-init] OK: plugin-popup @ http://localhost:5173/src/lib/popcornInit.js?t=1787472727262:48
[ 2430606ms] [LOG] [popcorn-init] OK: plugin-sequencer @ http://localhost:5173/src/lib/popcornInit.js?t=1787472727262:48
[ 2430691ms] [LOG] [popcorn-init] OK: plugin-skip @ http://localhost:5173/src/lib/popcornInit.js?t=1787472727262:48
[ 2430832ms] [LOG] [popcorn-init] OK: plugin-text @ http://localhost:5173/src/lib/popcornInit.js?t=1787472727262:48
[ 2430910ms] [LOG] [popcorn-init] OK: plugin-social @ http://localhost:5173/src/lib/popcornInit.js?t=1787472727262:48
[ 2430952ms] [LOG] [popcorn-init] OK: plugin-jsonAnimation @ http://localhost:5173/src/lib/popcornInit.js?t=1787472727262:48
[ 2431006ms] [LOG] [popcorn-init] OK: plugin-videoTransition @ http://localhost:5173/src/lib/popcornInit.js?t=1787472727262:48
[ 2431039ms] [LOG] [popcorn-init] OK: plugin-seethroughtext @ http://localhost:5173/src/lib/popcornInit.js?t=1787472727262:48
[ 2431072ms] [LOG] [popcorn-init] OK: plugin-wikipedia @ http://localhost:5173/src/lib/popcornInit.js?t=1787472727262:48
[ 2431096ms] [LOG] [popcorn-init] OK: plugin-combined @ http://localhost:5173/src/lib/popcornInit.js?t=1787472727262:48
[ 2431118ms] [LOG] [popcorn-init] OK: plugin-background @ http://localhost:5173/src/lib/popcornInit.js?t=1787472727262:48
[ 2431118ms] [LOG] [popcorn-init] SUMMARY: 20/20 plugins registered; all plugins registered @ http://localhost:5173/src/lib/popcornInit.js?t=1787472727262:60
[ 2431118ms] [LOG] [popcorn] function 19 @ http://localhost:5173/src/main.js?t=1787473816354:4
[ 4406797ms] [ERROR] Failed to load resource: the server responded with a status of 504 (Outdated Request) @ http://localhost:5173/components/modals/RetargetOptInModal.jsx?t=1787475800096:0
[ 4406817ms] [ERROR] Failed to load resource: the server responded with a status of 504 (Outdated Request) @ http://localhost:5173/src/style.css?t=1787475800096:0
[ 4406817ms] [ERROR] Failed to load resource: the server responded with a status of 504 (Outdated Request) @ http://localhost:5173/src/components/modals/modal-styles.css?t=1787475800307:0
[ 4406817ms] [ERROR] Failed to load resource: the server responded with a status of 504 (Outdated Request) @ http://localhost:5173/src/style.css?t=1787475800307:0
[ 4406820ms] [ERROR] Failed to load resource: the server responded with a status of 504 (Outdated Request) @ http://localhost:5173/src/style.css?t=1787475800347:0
[ 4407270ms] [ERROR] Failed to load resource: the server responded with a status of 504 () @ chrome-error://chromewebdata/:0
[ 4408597ms] [ERROR] Failed to load resource: the server responded with a status of 504 () @ chrome-error://chromewebdata/:0
