[     153ms] [LOG] [App] Starting initialization... @ http://localhost:3100/src/main.js?t=1787461285526:19
[     185ms] [LOG] [popcorn-init] OK: jquery @ http://localhost:3100/src/lib/popcornInit.js?t=1787461285526:41
[     188ms] [LOG] [popcorn-init] OK: jquery-textfill @ http://localhost:3100/src/lib/popcornInit.js?t=1787461285526:48
[     190ms] [LOG] [popcorn-init] OK: popcorn-core @ http://localhost:3100/src/lib/popcornInit.js?t=1787461285526:48
[     191ms] [LOG] [popcorn-init] OK: popcorn-ie8 @ http://localhost:3100/src/lib/popcornInit.js?t=1787461285526:48
[     191ms] [LOG] [popcorn-init] OK: wrapper-common @ http://localhost:3100/src/lib/popcornInit.js?t=1787461285526:48
[     191ms] [LOG] [popcorn-init] OK: wrapper-html5 @ http://localhost:3100/src/lib/popcornInit.js?t=1787461285526:48
[     192ms] [LOG] [popcorn-init] OK: wrapper-vrview @ http://localhost:3100/src/lib/popcornInit.js?t=1787461285526:48
[     192ms] [LOG] [popcorn-init] OK: wrapper-adaptive @ http://localhost:3100/src/lib/popcornInit.js?t=1787461285526:48
[     192ms] [LOG] [popcorn-init] OK: wrapper-null @ http://localhost:3100/src/lib/popcornInit.js?t=1787461285526:48
[     193ms] [LOG] [popcorn-init] OK: wrapper-soundcloud @ http://localhost:3100/src/lib/popcornInit.js?t=1787461285526:48
[     193ms] [LOG] [popcorn-init] OK: wrapper-vimeo @ http://localhost:3100/src/lib/popcornInit.js?t=1787461285526:48
[     193ms] [LOG] [popcorn-init] OK: wrapper-youtube @ http://localhost:3100/src/lib/popcornInit.js?t=1787461285526:48
[     193ms] [LOG] [popcorn-init] OK: wrapper-jwplayer @ http://localhost:3100/src/lib/popcornInit.js?t=1787461285526:48
[     194ms] [LOG] [popcorn-init] OK: player-module @ http://localhost:3100/src/lib/popcornInit.js?t=1787461285526:48
[     402ms] [INFO] %cDownload the React DevTools for a better development experience: https://react.dev/link/react-devtools font-weight:bold @ http://localhost:3100/node_modules/.vite/deps/chunk-EEAUBQDT.js?v=f1e7275e:20096
[     405ms] [LOG] [App] Initialized in 251.40ms @ http://localhost:3100/src/main.js?t=1787461285526:164
[     405ms] [LOG] [App] Navigating to initial page: video @ http://localhost:3100/src/main.js?t=1787461285526:165
[     405ms] [INFO] [App] Dev auth bypass active — skipping setup popup. @ http://localhost:3100/src/main.js?t=1787461285526:176
[    1201ms] [ERROR] [popcorn-init] FAILED at: plugin-image TypeError: Class constructor SortableElement cannot be invoked without 'new'
    at http://localhost:3100/components/modals/RetargetOptInModal.jsx?t=1787461285526:26:22 @ http://localhost:3100/src/lib/popcornInit.js?t=1787461285526:55
[    1202ms] [ERROR] [ModalSystem] mount failed TypeError: Class constructor SortableElement cannot be invoked without 'new'
    at http://localhost:3100/components/modals/RetargetOptInModal.jsx?t=1787461285526:26:22 @ http://localhost:3100/src/main.js?t=1787461285526:329
[    1372ms] [ERROR] [popcorn-init] FAILED at: plugin-jsonTransition TypeError: Class constructor SortableElement cannot be invoked without 'new'
    at http://localhost:3100/components/modals/RetargetOptInModal.jsx?t=1787461285526:26:22 @ http://localhost:3100/src/lib/popcornInit.js?t=1787461285526:55
[    1386ms] [ERROR] [VideoStudio] demo rail failed TypeError: Cannot read properties of undefined (reading 'filter')
    at http://localhost:3100/src/components/VideoStudio.js?t=1787461285526:702:36 @ http://localhost:3100/src/components/VideoStudio.js?t=1787461285526:714
[    1409ms] [WARNING] Clerk: Clerk has been loaded with development keys. Development instances have strict usage limits and should not be used when deploying your application to production. Learn more: https://clerk.com/docs/deployments/overview @ https://clerk.smartvid.app/npm/@clerk/clerk-js@6/dist/clerk.browser.js:11
[    1419ms] [ERROR] [popcorn-init] FAILED at: plugin-lottie-json TypeError: Class constructor SortableElement cannot be invoked without 'new'
    at http://localhost:3100/components/modals/RetargetOptInModal.jsx?t=1787461285526:26:22 @ http://localhost:3100/src/lib/popcornInit.js?t=1787461285526:55
[    1520ms] [ERROR] Failed to load resource: the server responded with a status of 400 () @ https://clerk.smartvid.app/v1/environment?__clerk_api_version=2026-05-12&_clerk_js_version=6.29.2&_method=PATCH:0
[    1527ms] [LOG] [popcorn-init] OK: plugin-json-button @ http://localhost:3100/src/lib/popcornInit.js?t=1787461285526:48
[    1547ms] [ERROR] [popcorn-init] FAILED at: plugin-personalizedImage TypeError: Class constructor SortableElement cannot be invoked without 'new'
    at http://localhost:3100/components/modals/RetargetOptInModal.jsx?t=1787461285526:26:22 @ http://localhost:3100/src/lib/popcornInit.js?t=1787461285526:55
[    1559ms] [ERROR] [popcorn-init] FAILED at: plugin-loopPlugin TypeError: Class constructor SortableElement cannot be invoked without 'new'
    at http://localhost:3100/components/modals/RetargetOptInModal.jsx?t=1787461285526:26:22 @ http://localhost:3100/src/lib/popcornInit.js?t=1787461285526:55
[    1572ms] [ERROR] [popcorn-init] FAILED at: plugin-pausePlugin TypeError: Class constructor SortableElement cannot be invoked without 'new'
    at http://localhost:3100/components/modals/RetargetOptInModal.jsx?t=1787461285526:26:22 @ http://localhost:3100/src/lib/popcornInit.js?t=1787461285526:55
[    1587ms] [ERROR] [popcorn-init] FAILED at: plugin-form TypeError: Class constructor SortableElement cannot be invoked without 'new'
    at http://localhost:3100/components/modals/RetargetOptInModal.jsx?t=1787461285526:26:22 @ http://localhost:3100/src/lib/popcornInit.js?t=1787461285526:55
[    1603ms] [ERROR] [popcorn-init] FAILED at: plugin-retarget TypeError: Class constructor SortableElement cannot be invoked without 'new'
    at http://localhost:3100/components/modals/RetargetOptInModal.jsx?t=1787461285526:26:22 @ http://localhost:3100/src/lib/popcornInit.js?t=1787461285526:55
[    1622ms] [LOG] [popcorn-init] OK: plugin-popup @ http://localhost:3100/src/lib/popcornInit.js?t=1787461285526:48
[    1638ms] [ERROR] [popcorn-init] FAILED at: plugin-sequencer TypeError: Class constructor SortableElement cannot be invoked without 'new'
    at http://localhost:3100/components/modals/RetargetOptInModal.jsx?t=1787461285526:26:22 @ http://localhost:3100/src/lib/popcornInit.js?t=1787461285526:55
[    1644ms] [ERROR] [popcorn-init] FAILED at: plugin-skip TypeError: Class constructor SortableElement cannot be invoked without 'new'
    at http://localhost:3100/components/modals/RetargetOptInModal.jsx?t=1787461285526:26:22 @ http://localhost:3100/src/lib/popcornInit.js?t=1787461285526:55
[    1668ms] [ERROR] [popcorn-init] FAILED at: plugin-text TypeError: Class constructor SortableElement cannot be invoked without 'new'
    at http://localhost:3100/components/modals/RetargetOptInModal.jsx?t=1787461285526:26:22 @ http://localhost:3100/src/lib/popcornInit.js?t=1787461285526:55
[    1678ms] [LOG] [popcorn-init] OK: plugin-social @ http://localhost:3100/src/lib/popcornInit.js?t=1787461285526:48
[    1685ms] [ERROR] [popcorn-init] FAILED at: plugin-jsonAnimation TypeError: Class constructor SortableElement cannot be invoked without 'new'
    at http://localhost:3100/components/modals/RetargetOptInModal.jsx?t=1787461285526:26:22 @ http://localhost:3100/src/lib/popcornInit.js?t=1787461285526:55
[    1697ms] [LOG] [popcorn-init] OK: plugin-videoTransition @ http://localhost:3100/src/lib/popcornInit.js?t=1787461285526:48
[    1703ms] [ERROR] [popcorn-init] FAILED at: plugin-seethroughtext TypeError: Class constructor SortableElement cannot be invoked without 'new'
    at http://localhost:3100/components/modals/RetargetOptInModal.jsx?t=1787461285526:26:22 @ http://localhost:3100/src/lib/popcornInit.js?t=1787461285526:55
[    1708ms] [LOG] [popcorn-init] OK: plugin-wikipedia @ http://localhost:3100/src/lib/popcornInit.js?t=1787461285526:48
[    1714ms] [ERROR] [popcorn-init] FAILED at: plugin-combined TypeError: Class constructor SortableElement cannot be invoked without 'new'
    at http://localhost:3100/components/modals/RetargetOptInModal.jsx?t=1787461285526:26:22 @ http://localhost:3100/src/lib/popcornInit.js?t=1787461285526:55
[    1720ms] [ERROR] [popcorn-init] FAILED at: plugin-background TypeError: Class constructor SortableElement cannot be invoked without 'new'
    at http://localhost:3100/components/modals/RetargetOptInModal.jsx?t=1787461285526:26:22 @ http://localhost:3100/src/lib/popcornInit.js?t=1787461285526:55
[    1720ms] [LOG] [popcorn-init] SUMMARY: 5/20 plugins registered; FAILED: plugin-image, plugin-jsonTransition, plugin-lottie-json, plugin-personalizedImage, plugin-loopPlugin, plugin-pausePlugin, plugin-form, plugin-retarget, plugin-sequencer, plugin-skip, plugin-text, plugin-jsonAnimation, plugin-seethroughtext, plugin-combined, plugin-background @ http://localhost:3100/src/lib/popcornInit.js?t=1787461285526:60
[    1720ms] [LOG] [popcorn] function 5 @ http://localhost:3100/src/main.js?t=1787461285526:4
[   71604ms] [LOG] [App] Starting initialization... @ http://localhost:3100/src/main.js?t=1787461535553:19
[   71636ms] [LOG] [popcorn-init] OK: jquery @ http://localhost:3100/src/lib/popcornInit.js?t=1787461285526:41
[   71639ms] [LOG] [popcorn-init] OK: jquery-textfill @ http://localhost:3100/src/lib/popcornInit.js?t=1787461285526:48
[   71643ms] [LOG] [popcorn-init] OK: popcorn-core @ http://localhost:3100/src/lib/popcornInit.js?t=1787461285526:48
[   71644ms] [LOG] [popcorn-init] OK: popcorn-ie8 @ http://localhost:3100/src/lib/popcornInit.js?t=1787461285526:48
[   71646ms] [LOG] [popcorn-init] OK: wrapper-common @ http://localhost:3100/src/lib/popcornInit.js?t=1787461285526:48
[   71646ms] [LOG] [popcorn-init] OK: wrapper-html5 @ http://localhost:3100/src/lib/popcornInit.js?t=1787461285526:48
[   71647ms] [LOG] [popcorn-init] OK: wrapper-vrview @ http://localhost:3100/src/lib/popcornInit.js?t=1787461285526:48
[   71647ms] [LOG] [popcorn-init] OK: wrapper-adaptive @ http://localhost:3100/src/lib/popcornInit.js?t=1787461285526:48
[   71648ms] [LOG] [popcorn-init] OK: wrapper-null @ http://localhost:3100/src/lib/popcornInit.js?t=1787461285526:48
[   71648ms] [LOG] [popcorn-init] OK: wrapper-soundcloud @ http://localhost:3100/src/lib/popcornInit.js?t=1787461285526:48
[   71650ms] [LOG] [popcorn-init] OK: wrapper-vimeo @ http://localhost:3100/src/lib/popcornInit.js?t=1787461285526:48
[   71657ms] [LOG] [popcorn-init] OK: wrapper-youtube @ http://localhost:3100/src/lib/popcornInit.js?t=1787461285526:48
[   71659ms] [LOG] [popcorn-init] OK: wrapper-jwplayer @ http://localhost:3100/src/lib/popcornInit.js?t=1787461285526:48
[   71662ms] [LOG] [popcorn-init] OK: player-module @ http://localhost:3100/src/lib/popcornInit.js?t=1787461285526:48
[   71835ms] [INFO] %cDownload the React DevTools for a better development experience: https://react.dev/link/react-devtools font-weight:bold @ http://localhost:3100/node_modules/.vite/deps/chunk-EEAUBQDT.js?v=f1e7275e:20096
[   71843ms] [LOG] [App] Initialized in 238.60ms @ http://localhost:3100/src/main.js?t=1787461535553:164
[   71844ms] [LOG] [App] Navigating to initial page: video @ http://localhost:3100/src/main.js?t=1787461535553:165
[   71844ms] [INFO] [App] Dev auth bypass active — skipping setup popup. @ http://localhost:3100/src/main.js?t=1787461535553:176
[   72491ms] [ERROR] [popcorn-init] FAILED at: plugin-image TypeError: Class constructor SortableElement cannot be invoked without 'new'
    at http://localhost:3100/components/modals/RetargetOptInModal.jsx?t=1787461285526:26:22 @ http://localhost:3100/src/lib/popcornInit.js?t=1787461285526:55
[   72492ms] [ERROR] [ModalSystem] mount failed TypeError: Class constructor SortableElement cannot be invoked without 'new'
    at http://localhost:3100/components/modals/RetargetOptInModal.jsx?t=1787461285526:26:22 @ http://localhost:3100/src/main.js?t=1787461535553:329
[   72592ms] [WARNING] Clerk: Clerk has been loaded with development keys. Development instances have strict usage limits and should not be used when deploying your application to production. Learn more: https://clerk.com/docs/deployments/overview @ https://clerk.smartvid.app/npm/@clerk/clerk-js@6/dist/clerk.browser.js:11
[   72614ms] [ERROR] [VideoStudio] demo rail failed TypeError: Cannot read properties of undefined (reading 'filter')
    at http://localhost:3100/src/components/VideoStudio.js?t=1787461285526:702:36 @ http://localhost:3100/src/components/VideoStudio.js?t=1787461285526:714
[   72618ms] [ERROR] [popcorn-init] FAILED at: plugin-jsonTransition TypeError: Class constructor SortableElement cannot be invoked without 'new'
    at http://localhost:3100/components/modals/RetargetOptInModal.jsx?t=1787461285526:26:22 @ http://localhost:3100/src/lib/popcornInit.js?t=1787461285526:55
[   72635ms] [ERROR] [popcorn-init] FAILED at: plugin-lottie-json TypeError: Class constructor SortableElement cannot be invoked without 'new'
    at http://localhost:3100/components/modals/RetargetOptInModal.jsx?t=1787461285526:26:22 @ http://localhost:3100/src/lib/popcornInit.js?t=1787461285526:55
[   72723ms] [ERROR] Failed to load resource: the server responded with a status of 400 () @ https://clerk.smartvid.app/v1/environment?__clerk_api_version=2026-05-12&_clerk_js_version=6.29.2&_method=PATCH:0
[   72867ms] [LOG] [popcorn-init] OK: plugin-json-button @ http://localhost:3100/src/lib/popcornInit.js?t=1787461285526:48
[   72878ms] [ERROR] [popcorn-init] FAILED at: plugin-personalizedImage TypeError: Class constructor SortableElement cannot be invoked without 'new'
    at http://localhost:3100/components/modals/RetargetOptInModal.jsx?t=1787461285526:26:22 @ http://localhost:3100/src/lib/popcornInit.js?t=1787461285526:55
[   72893ms] [ERROR] [popcorn-init] FAILED at: plugin-loopPlugin TypeError: Class constructor SortableElement cannot be invoked without 'new'
    at http://localhost:3100/components/modals/RetargetOptInModal.jsx?t=1787461285526:26:22 @ http://localhost:3100/src/lib/popcornInit.js?t=1787461285526:55
[   72900ms] [ERROR] [popcorn-init] FAILED at: plugin-pausePlugin TypeError: Class constructor SortableElement cannot be invoked without 'new'
    at http://localhost:3100/components/modals/RetargetOptInModal.jsx?t=1787461285526:26:22 @ http://localhost:3100/src/lib/popcornInit.js?t=1787461285526:55
[   72918ms] [ERROR] [popcorn-init] FAILED at: plugin-form TypeError: Class constructor SortableElement cannot be invoked without 'new'
    at http://localhost:3100/components/modals/RetargetOptInModal.jsx?t=1787461285526:26:22 @ http://localhost:3100/src/lib/popcornInit.js?t=1787461285526:55
[   72938ms] [ERROR] [popcorn-init] FAILED at: plugin-retarget TypeError: Class constructor SortableElement cannot be invoked without 'new'
    at http://localhost:3100/components/modals/RetargetOptInModal.jsx?t=1787461285526:26:22 @ http://localhost:3100/src/lib/popcornInit.js?t=1787461285526:55
[   72953ms] [LOG] [popcorn-init] OK: plugin-popup @ http://localhost:3100/src/lib/popcornInit.js?t=1787461285526:48
[   72964ms] [ERROR] [popcorn-init] FAILED at: plugin-sequencer TypeError: Class constructor SortableElement cannot be invoked without 'new'
    at http://localhost:3100/components/modals/RetargetOptInModal.jsx?t=1787461285526:26:22 @ http://localhost:3100/src/lib/popcornInit.js?t=1787461285526:55
[   72969ms] [ERROR] [popcorn-init] FAILED at: plugin-skip TypeError: Class constructor SortableElement cannot be invoked without 'new'
    at http://localhost:3100/components/modals/RetargetOptInModal.jsx?t=1787461285526:26:22 @ http://localhost:3100/src/lib/popcornInit.js?t=1787461285526:55
[   72993ms] [ERROR] [popcorn-init] FAILED at: plugin-text TypeError: Class constructor SortableElement cannot be invoked without 'new'
    at http://localhost:3100/components/modals/RetargetOptInModal.jsx?t=1787461285526:26:22 @ http://localhost:3100/src/lib/popcornInit.js?t=1787461285526:55
[   73000ms] [LOG] [popcorn-init] OK: plugin-social @ http://localhost:3100/src/lib/popcornInit.js?t=1787461285526:48
[   73007ms] [ERROR] [popcorn-init] FAILED at: plugin-jsonAnimation TypeError: Class constructor SortableElement cannot be invoked without 'new'
    at http://localhost:3100/components/modals/RetargetOptInModal.jsx?t=1787461285526:26:22 @ http://localhost:3100/src/lib/popcornInit.js?t=1787461285526:55
[   73018ms] [LOG] [popcorn-init] OK: plugin-videoTransition @ http://localhost:3100/src/lib/popcornInit.js?t=1787461285526:48
[   73025ms] [ERROR] [popcorn-init] FAILED at: plugin-seethroughtext TypeError: Class constructor SortableElement cannot be invoked without 'new'
    at http://localhost:3100/components/modals/RetargetOptInModal.jsx?t=1787461285526:26:22 @ http://localhost:3100/src/lib/popcornInit.js?t=1787461285526:55
[   73029ms] [LOG] [popcorn-init] OK: plugin-wikipedia @ http://localhost:3100/src/lib/popcornInit.js?t=1787461285526:48
[   73035ms] [ERROR] [popcorn-init] FAILED at: plugin-combined TypeError: Class constructor SortableElement cannot be invoked without 'new'
    at http://localhost:3100/components/modals/RetargetOptInModal.jsx?t=1787461285526:26:22 @ http://localhost:3100/src/lib/popcornInit.js?t=1787461285526:55
[   73042ms] [ERROR] [popcorn-init] FAILED at: plugin-background TypeError: Class constructor SortableElement cannot be invoked without 'new'
    at http://localhost:3100/components/modals/RetargetOptInModal.jsx?t=1787461285526:26:22 @ http://localhost:3100/src/lib/popcornInit.js?t=1787461285526:55
[   73043ms] [LOG] [popcorn-init] SUMMARY: 5/20 plugins registered; FAILED: plugin-image, plugin-jsonTransition, plugin-lottie-json, plugin-personalizedImage, plugin-loopPlugin, plugin-pausePlugin, plugin-form, plugin-retarget, plugin-sequencer, plugin-skip, plugin-text, plugin-jsonAnimation, plugin-seethroughtext, plugin-combined, plugin-background @ http://localhost:3100/src/lib/popcornInit.js?t=1787461285526:60
[   73043ms] [LOG] [popcorn] function 5 @ http://localhost:3100/src/main.js?t=1787461535553:4
[   75920ms] [LOG] [App] Starting initialization... @ http://localhost:3100/src/main.js?t=1787461540805:19
[   75934ms] [LOG] [popcorn-init] OK: jquery @ http://localhost:3100/src/lib/popcornInit.js?t=1787461285526:41
[   75937ms] [LOG] [popcorn-init] OK: jquery-textfill @ http://localhost:3100/src/lib/popcornInit.js?t=1787461285526:48
[   75939ms] [LOG] [popcorn-init] OK: popcorn-core @ http://localhost:3100/src/lib/popcornInit.js?t=1787461285526:48
[   75940ms] [LOG] [popcorn-init] OK: popcorn-ie8 @ http://localhost:3100/src/lib/popcornInit.js?t=1787461285526:48
[   75940ms] [LOG] [popcorn-init] OK: wrapper-common @ http://localhost:3100/src/lib/popcornInit.js?t=1787461285526:48
[   75940ms] [LOG] [popcorn-init] OK: wrapper-html5 @ http://localhost:3100/src/lib/popcornInit.js?t=1787461285526:48
[   75941ms] [LOG] [popcorn-init] OK: wrapper-vrview @ http://localhost:3100/src/lib/popcornInit.js?t=1787461285526:48
[   75941ms] [LOG] [popcorn-init] OK: wrapper-adaptive @ http://localhost:3100/src/lib/popcornInit.js?t=1787461285526:48
[   75942ms] [LOG] [popcorn-init] OK: wrapper-null @ http://localhost:3100/src/lib/popcornInit.js?t=1787461285526:48
[   75942ms] [LOG] [popcorn-init] OK: wrapper-soundcloud @ http://localhost:3100/src/lib/popcornInit.js?t=1787461285526:48
[   75942ms] [LOG] [popcorn-init] OK: wrapper-vimeo @ http://localhost:3100/src/lib/popcornInit.js?t=1787461285526:48
[   75943ms] [LOG] [popcorn-init] OK: wrapper-youtube @ http://localhost:3100/src/lib/popcornInit.js?t=1787461285526:48
[   75943ms] [LOG] [popcorn-init] OK: wrapper-jwplayer @ http://localhost:3100/src/lib/popcornInit.js?t=1787461285526:48
[   75943ms] [LOG] [popcorn-init] OK: player-module @ http://localhost:3100/src/lib/popcornInit.js?t=1787461285526:48
[   76178ms] [INFO] %cDownload the React DevTools for a better development experience: https://react.dev/link/react-devtools font-weight:bold @ http://localhost:3100/node_modules/.vite/deps/chunk-EEAUBQDT.js?v=f1e7275e:20096
[   76182ms] [LOG] [App] Initialized in 262.00ms @ http://localhost:3100/src/main.js?t=1787461540805:164
[   76182ms] [LOG] [App] Navigating to initial page: video @ http://localhost:3100/src/main.js?t=1787461540805:165
[   76182ms] [INFO] [App] Dev auth bypass active — skipping setup popup. @ http://localhost:3100/src/main.js?t=1787461540805:176
[   76857ms] [ERROR] [ModalSystem] mount failed TypeError: Class constructor SortableElement cannot be invoked without 'new'
    at http://localhost:3100/components/modals/RetargetOptInModal.jsx?t=1787461285526:26:22 @ http://localhost:3100/src/main.js?t=1787461540805:329
[   76860ms] [ERROR] [popcorn-init] FAILED at: plugin-image TypeError: Class constructor SortableElement cannot be invoked without 'new'
    at http://localhost:3100/components/modals/RetargetOptInModal.jsx?t=1787461285526:26:22 @ http://localhost:3100/src/lib/popcornInit.js?t=1787461285526:55
[   76961ms] [ERROR] [VideoStudio] demo rail failed TypeError: Cannot read properties of undefined (reading 'filter')
    at http://localhost:3100/src/components/VideoStudio.js?t=1787461285526:702:36 @ http://localhost:3100/src/components/VideoStudio.js?t=1787461285526:714
[   76967ms] [ERROR] [popcorn-init] FAILED at: plugin-jsonTransition TypeError: Class constructor SortableElement cannot be invoked without 'new'
    at http://localhost:3100/components/modals/RetargetOptInModal.jsx?t=1787461285526:26:22 @ http://localhost:3100/src/lib/popcornInit.js?t=1787461285526:55
[   76999ms] [WARNING] Clerk: Clerk has been loaded with development keys. Development instances have strict usage limits and should not be used when deploying your application to production. Learn more: https://clerk.com/docs/deployments/overview @ https://clerk.smartvid.app/npm/@clerk/clerk-js@6/dist/clerk.browser.js:11
[   77194ms] [ERROR] Failed to load resource: the server responded with a status of 400 () @ https://clerk.smartvid.app/v1/environment?__clerk_api_version=2026-05-12&_clerk_js_version=6.29.2&_method=PATCH:0
[   77220ms] [ERROR] [popcorn-init] FAILED at: plugin-lottie-json TypeError: Class constructor SortableElement cannot be invoked without 'new'
    at http://localhost:3100/components/modals/RetargetOptInModal.jsx?t=1787461285526:26:22 @ http://localhost:3100/src/lib/popcornInit.js?t=1787461285526:55
[   77252ms] [LOG] [popcorn-init] OK: plugin-json-button @ http://localhost:3100/src/lib/popcornInit.js?t=1787461285526:48
[   77264ms] [ERROR] [popcorn-init] FAILED at: plugin-personalizedImage TypeError: Class constructor SortableElement cannot be invoked without 'new'
    at http://localhost:3100/components/modals/RetargetOptInModal.jsx?t=1787461285526:26:22 @ http://localhost:3100/src/lib/popcornInit.js?t=1787461285526:55
[   77274ms] [ERROR] [popcorn-init] FAILED at: plugin-loopPlugin TypeError: Class constructor SortableElement cannot be invoked without 'new'
    at http://localhost:3100/components/modals/RetargetOptInModal.jsx?t=1787461285526:26:22 @ http://localhost:3100/src/lib/popcornInit.js?t=1787461285526:55
[   77298ms] [ERROR] [popcorn-init] FAILED at: plugin-pausePlugin TypeError: Class constructor SortableElement cannot be invoked without 'new'
    at http://localhost:3100/components/modals/RetargetOptInModal.jsx?t=1787461285526:26:22 @ http://localhost:3100/src/lib/popcornInit.js?t=1787461285526:55
[   77312ms] [ERROR] [popcorn-init] FAILED at: plugin-form TypeError: Class constructor SortableElement cannot be invoked without 'new'
    at http://localhost:3100/components/modals/RetargetOptInModal.jsx?t=1787461285526:26:22 @ http://localhost:3100/src/lib/popcornInit.js?t=1787461285526:55
[   77323ms] [ERROR] [popcorn-init] FAILED at: plugin-retarget TypeError: Class constructor SortableElement cannot be invoked without 'new'
    at http://localhost:3100/components/modals/RetargetOptInModal.jsx?t=1787461285526:26:22 @ http://localhost:3100/src/lib/popcornInit.js?t=1787461285526:55
[   77351ms] [LOG] [popcorn-init] OK: plugin-popup @ http://localhost:3100/src/lib/popcornInit.js?t=1787461285526:48
[   77363ms] [ERROR] [popcorn-init] FAILED at: plugin-sequencer TypeError: Class constructor SortableElement cannot be invoked without 'new'
    at http://localhost:3100/components/modals/RetargetOptInModal.jsx?t=1787461285526:26:22 @ http://localhost:3100/src/lib/popcornInit.js?t=1787461285526:55
[   77368ms] [ERROR] [popcorn-init] FAILED at: plugin-skip TypeError: Class constructor SortableElement cannot be invoked without 'new'
    at http://localhost:3100/components/modals/RetargetOptInModal.jsx?t=1787461285526:26:22 @ http://localhost:3100/src/lib/popcornInit.js?t=1787461285526:55
[   77396ms] [ERROR] [popcorn-init] FAILED at: plugin-text TypeError: Class constructor SortableElement cannot be invoked without 'new'
    at http://localhost:3100/components/modals/RetargetOptInModal.jsx?t=1787461285526:26:22 @ http://localhost:3100/src/lib/popcornInit.js?t=1787461285526:55
[   77404ms] [LOG] [popcorn-init] OK: plugin-social @ http://localhost:3100/src/lib/popcornInit.js?t=1787461285526:48
[   77412ms] [ERROR] [popcorn-init] FAILED at: plugin-jsonAnimation TypeError: Class constructor SortableElement cannot be invoked without 'new'
    at http://localhost:3100/components/modals/RetargetOptInModal.jsx?t=1787461285526:26:22 @ http://localhost:3100/src/lib/popcornInit.js?t=1787461285526:55
[   77426ms] [LOG] [popcorn-init] OK: plugin-videoTransition @ http://localhost:3100/src/lib/popcornInit.js?t=1787461285526:48
[   77431ms] [ERROR] [popcorn-init] FAILED at: plugin-seethroughtext TypeError: Class constructor SortableElement cannot be invoked without 'new'
    at http://localhost:3100/components/modals/RetargetOptInModal.jsx?t=1787461285526:26:22 @ http://localhost:3100/src/lib/popcornInit.js?t=1787461285526:55
[   77434ms] [LOG] [popcorn-init] OK: plugin-wikipedia @ http://localhost:3100/src/lib/popcornInit.js?t=1787461285526:48
[   77443ms] [ERROR] [popcorn-init] FAILED at: plugin-combined TypeError: Class constructor SortableElement cannot be invoked without 'new'
    at http://localhost:3100/components/modals/RetargetOptInModal.jsx?t=1787461285526:26:22 @ http://localhost:3100/src/lib/popcornInit.js?t=1787461285526:55
[   77451ms] [ERROR] [popcorn-init] FAILED at: plugin-background TypeError: Class constructor SortableElement cannot be invoked without 'new'
    at http://localhost:3100/components/modals/RetargetOptInModal.jsx?t=1787461285526:26:22 @ http://localhost:3100/src/lib/popcornInit.js?t=1787461285526:55
[   77451ms] [LOG] [popcorn-init] SUMMARY: 5/20 plugins registered; FAILED: plugin-image, plugin-jsonTransition, plugin-lottie-json, plugin-personalizedImage, plugin-loopPlugin, plugin-pausePlugin, plugin-form, plugin-retarget, plugin-sequencer, plugin-skip, plugin-text, plugin-jsonAnimation, plugin-seethroughtext, plugin-combined, plugin-background @ http://localhost:3100/src/lib/popcornInit.js?t=1787461285526:60
[   77451ms] [LOG] [popcorn] function 5 @ http://localhost:3100/src/main.js?t=1787461540805:4
[   78514ms] [WARNING] Track not found:  @ http://localhost:3100/src/lib/monetizationCurriculum.js:1790
[  171647ms] [LOG] [App] Starting initialization... @ http://localhost:3100/src/main.js?t=1787461636096:19
[  171668ms] [LOG] [popcorn-init] OK: jquery @ http://localhost:3100/src/lib/popcornInit.js?t=1787461636096:41
[  171669ms] [LOG] [popcorn-init] OK: jquery-textfill @ http://localhost:3100/src/lib/popcornInit.js?t=1787461636096:48
[  171673ms] [LOG] [popcorn-init] OK: popcorn-core @ http://localhost:3100/src/lib/popcornInit.js?t=1787461636096:48
[  171675ms] [LOG] [popcorn-init] OK: popcorn-ie8 @ http://localhost:3100/src/lib/popcornInit.js?t=1787461636096:48
[  171676ms] [LOG] [popcorn-init] OK: wrapper-common @ http://localhost:3100/src/lib/popcornInit.js?t=1787461636096:48
[  171678ms] [LOG] [popcorn-init] OK: wrapper-html5 @ http://localhost:3100/src/lib/popcornInit.js?t=1787461636096:48
[  171679ms] [LOG] [popcorn-init] OK: wrapper-vrview @ http://localhost:3100/src/lib/popcornInit.js?t=1787461636096:48
[  171680ms] [LOG] [popcorn-init] OK: wrapper-adaptive @ http://localhost:3100/src/lib/popcornInit.js?t=1787461636096:48
[  171680ms] [LOG] [popcorn-init] OK: wrapper-null @ http://localhost:3100/src/lib/popcornInit.js?t=1787461636096:48
[  171681ms] [LOG] [popcorn-init] OK: wrapper-soundcloud @ http://localhost:3100/src/lib/popcornInit.js?t=1787461636096:48
[  171681ms] [LOG] [popcorn-init] OK: wrapper-vimeo @ http://localhost:3100/src/lib/popcornInit.js?t=1787461636096:48
[  171682ms] [LOG] [popcorn-init] OK: wrapper-youtube @ http://localhost:3100/src/lib/popcornInit.js?t=1787461636096:48
[  171682ms] [LOG] [popcorn-init] OK: wrapper-jwplayer @ http://localhost:3100/src/lib/popcornInit.js?t=1787461636096:48
[  171683ms] [LOG] [popcorn-init] OK: player-module @ http://localhost:3100/src/lib/popcornInit.js?t=1787461636096:48
[  172885ms] [INFO] %cDownload the React DevTools for a better development experience: https://react.dev/link/react-devtools font-weight:bold @ http://localhost:3100/node_modules/.vite/deps/chunk-EEAUBQDT.js?v=f1e7275e:20096
[  172891ms] [LOG] [App] Initialized in 1244.00ms @ http://localhost:3100/src/main.js?t=1787461636096:164
[  172892ms] [LOG] [App] Navigating to initial page: video @ http://localhost:3100/src/main.js?t=1787461636096:165
[  172892ms] [INFO] [App] Dev auth bypass active — skipping setup popup. @ http://localhost:3100/src/main.js?t=1787461636096:176
[  173259ms] [ERROR] [ModalSystem] mount failed TypeError: Class constructor SortableElement cannot be invoked without 'new'
    at http://localhost:3100/components/modals/RetargetOptInModal.jsx?t=1787461636096:26:22 @ http://localhost:3100/src/main.js?t=1787461636096:329
[  173261ms] [ERROR] [popcorn-init] FAILED at: plugin-image TypeError: Class constructor SortableElement cannot be invoked without 'new'
    at http://localhost:3100/components/modals/RetargetOptInModal.jsx?t=1787461636096:26:22 @ http://localhost:3100/src/lib/popcornInit.js?t=1787461636096:55
[  173299ms] [WARNING] Clerk: Clerk has been loaded with development keys. Development instances have strict usage limits and should not be used when deploying your application to production. Learn more: https://clerk.com/docs/deployments/overview @ https://clerk.smartvid.app/npm/@clerk/clerk-js@6/dist/clerk.browser.js:11
[  173402ms] [ERROR] Failed to load resource: the server responded with a status of 400 () @ https://clerk.smartvid.app/v1/environment?__clerk_api_version=2026-05-12&_clerk_js_version=6.29.2&_method=PATCH:0
[  173497ms] [ERROR] [popcorn-init] FAILED at: plugin-jsonTransition TypeError: Class constructor SortableElement cannot be invoked without 'new'
    at http://localhost:3100/components/modals/RetargetOptInModal.jsx?t=1787461636096:26:22 @ http://localhost:3100/src/lib/popcornInit.js?t=1787461636096:55
[  173579ms] [ERROR] [popcorn-init] FAILED at: plugin-lottie-json TypeError: Class constructor SortableElement cannot be invoked without 'new'
    at http://localhost:3100/components/modals/RetargetOptInModal.jsx?t=1787461636096:26:22 @ http://localhost:3100/src/lib/popcornInit.js?t=1787461636096:55
[  173794ms] [LOG] [popcorn-init] OK: plugin-json-button @ http://localhost:3100/src/lib/popcornInit.js?t=1787461636096:48
[  173927ms] [ERROR] [VideoStudio] demo rail failed TypeError: Cannot read properties of undefined (reading 'filter')
    at http://localhost:3100/src/components/VideoStudio.js?t=1787461636096:702:36 @ http://localhost:3100/src/components/VideoStudio.js?t=1787461636096:714
[  173942ms] [ERROR] [popcorn-init] FAILED at: plugin-personalizedImage TypeError: Class constructor SortableElement cannot be invoked without 'new'
    at http://localhost:3100/components/modals/RetargetOptInModal.jsx?t=1787461636096:26:22 @ http://localhost:3100/src/lib/popcornInit.js?t=1787461636096:55
[  173963ms] [ERROR] [popcorn-init] FAILED at: plugin-loopPlugin TypeError: Class constructor SortableElement cannot be invoked without 'new'
    at http://localhost:3100/components/modals/RetargetOptInModal.jsx?t=1787461636096:26:22 @ http://localhost:3100/src/lib/popcornInit.js?t=1787461636096:55
[  174137ms] [ERROR] [popcorn-init] FAILED at: plugin-pausePlugin TypeError: Class constructor SortableElement cannot be invoked without 'new'
    at http://localhost:3100/components/modals/RetargetOptInModal.jsx?t=1787461636096:26:22 @ http://localhost:3100/src/lib/popcornInit.js?t=1787461636096:55
[  174161ms] [ERROR] [popcorn-init] FAILED at: plugin-form TypeError: Class constructor SortableElement cannot be invoked without 'new'
    at http://localhost:3100/components/modals/RetargetOptInModal.jsx?t=1787461636096:26:22 @ http://localhost:3100/src/lib/popcornInit.js?t=1787461636096:55
[  174182ms] [ERROR] [popcorn-init] FAILED at: plugin-retarget TypeError: Class constructor SortableElement cannot be invoked without 'new'
    at http://localhost:3100/components/modals/RetargetOptInModal.jsx?t=1787461636096:26:22 @ http://localhost:3100/src/lib/popcornInit.js?t=1787461636096:55
[  174192ms] [LOG] [popcorn-init] OK: plugin-popup @ http://localhost:3100/src/lib/popcornInit.js?t=1787461636096:48
[  174204ms] [ERROR] [popcorn-init] FAILED at: plugin-sequencer TypeError: Class constructor SortableElement cannot be invoked without 'new'
    at http://localhost:3100/components/modals/RetargetOptInModal.jsx?t=1787461636096:26:22 @ http://localhost:3100/src/lib/popcornInit.js?t=1787461636096:55
[  174213ms] [ERROR] [popcorn-init] FAILED at: plugin-skip TypeError: Class constructor SortableElement cannot be invoked without 'new'
    at http://localhost:3100/components/modals/RetargetOptInModal.jsx?t=1787461636096:26:22 @ http://localhost:3100/src/lib/popcornInit.js?t=1787461636096:55
[  174290ms] [ERROR] [popcorn-init] FAILED at: plugin-text TypeError: Class constructor SortableElement cannot be invoked without 'new'
    at http://localhost:3100/components/modals/RetargetOptInModal.jsx?t=1787461636096:26:22 @ http://localhost:3100/src/lib/popcornInit.js?t=1787461636096:55
[  174305ms] [LOG] [popcorn-init] OK: plugin-social @ http://localhost:3100/src/lib/popcornInit.js?t=1787461636096:48
[  174314ms] [ERROR] [popcorn-init] FAILED at: plugin-jsonAnimation TypeError: Class constructor SortableElement cannot be invoked without 'new'
    at http://localhost:3100/components/modals/RetargetOptInModal.jsx?t=1787461636096:26:22 @ http://localhost:3100/src/lib/popcornInit.js?t=1787461636096:55
[  174328ms] [LOG] [popcorn-init] OK: plugin-videoTransition @ http://localhost:3100/src/lib/popcornInit.js?t=1787461636096:48
[  174335ms] [ERROR] [popcorn-init] FAILED at: plugin-seethroughtext TypeError: Class constructor SortableElement cannot be invoked without 'new'
    at http://localhost:3100/components/modals/RetargetOptInModal.jsx?t=1787461636096:26:22 @ http://localhost:3100/src/lib/popcornInit.js?t=1787461636096:55
[  174343ms] [LOG] [popcorn-init] OK: plugin-wikipedia @ http://localhost:3100/src/lib/popcornInit.js?t=1787461636096:48
[  174355ms] [ERROR] [popcorn-init] FAILED at: plugin-combined TypeError: Class constructor SortableElement cannot be invoked without 'new'
    at http://localhost:3100/components/modals/RetargetOptInModal.jsx?t=1787461636096:26:22 @ http://localhost:3100/src/lib/popcornInit.js?t=1787461636096:55
[  174473ms] [ERROR] [popcorn-init] FAILED at: plugin-background TypeError: Class constructor SortableElement cannot be invoked without 'new'
    at http://localhost:3100/components/modals/RetargetOptInModal.jsx?t=1787461636096:26:22 @ http://localhost:3100/src/lib/popcornInit.js?t=1787461636096:55
[  174474ms] [LOG] [popcorn-init] SUMMARY: 5/20 plugins registered; FAILED: plugin-image, plugin-jsonTransition, plugin-lottie-json, plugin-personalizedImage, plugin-loopPlugin, plugin-pausePlugin, plugin-form, plugin-retarget, plugin-sequencer, plugin-skip, plugin-text, plugin-jsonAnimation, plugin-seethroughtext, plugin-combined, plugin-background @ http://localhost:3100/src/lib/popcornInit.js?t=1787461636096:60
[  174474ms] [LOG] [popcorn] function 5 @ http://localhost:3100/src/main.js?t=1787461636096:4
[  257307ms] [LOG] [App] Starting initialization... @ http://localhost:3100/src/main.js?t=1787461720752:19
[  257327ms] [LOG] [popcorn-init] OK: jquery @ http://localhost:3100/src/lib/popcornInit.js?t=1787461636096:41
[  257331ms] [LOG] [popcorn-init] OK: jquery-textfill @ http://localhost:3100/src/lib/popcornInit.js?t=1787461636096:48
[  257333ms] [LOG] [popcorn-init] OK: popcorn-core @ http://localhost:3100/src/lib/popcornInit.js?t=1787461636096:48
[  257334ms] [LOG] [popcorn-init] OK: popcorn-ie8 @ http://localhost:3100/src/lib/popcornInit.js?t=1787461636096:48
[  257335ms] [LOG] [popcorn-init] OK: wrapper-common @ http://localhost:3100/src/lib/popcornInit.js?t=1787461636096:48
[  257336ms] [LOG] [popcorn-init] OK: wrapper-html5 @ http://localhost:3100/src/lib/popcornInit.js?t=1787461636096:48
[  257336ms] [LOG] [popcorn-init] OK: wrapper-vrview @ http://localhost:3100/src/lib/popcornInit.js?t=1787461636096:48
[  257336ms] [LOG] [popcorn-init] OK: wrapper-adaptive @ http://localhost:3100/src/lib/popcornInit.js?t=1787461636096:48
[  257337ms] [LOG] [popcorn-init] OK: wrapper-null @ http://localhost:3100/src/lib/popcornInit.js?t=1787461636096:48
[  257337ms] [LOG] [popcorn-init] OK: wrapper-soundcloud @ http://localhost:3100/src/lib/popcornInit.js?t=1787461636096:48
[  257338ms] [LOG] [popcorn-init] OK: wrapper-vimeo @ http://localhost:3100/src/lib/popcornInit.js?t=1787461636096:48
[  257338ms] [LOG] [popcorn-init] OK: wrapper-youtube @ http://localhost:3100/src/lib/popcornInit.js?t=1787461636096:48
[  257339ms] [LOG] [popcorn-init] OK: wrapper-jwplayer @ http://localhost:3100/src/lib/popcornInit.js?t=1787461636096:48
[  257339ms] [LOG] [popcorn-init] OK: player-module @ http://localhost:3100/src/lib/popcornInit.js?t=1787461636096:48
[  257643ms] [INFO] %cDownload the React DevTools for a better development experience: https://react.dev/link/react-devtools font-weight:bold @ http://localhost:3100/node_modules/.vite/deps/chunk-EEAUBQDT.js?v=f1e7275e:20096
[  257656ms] [LOG] [App] Initialized in 349.20ms @ http://localhost:3100/src/main.js?t=1787461720752:164
[  257656ms] [LOG] [App] Navigating to initial page: video @ http://localhost:3100/src/main.js?t=1787461720752:165
[  257656ms] [INFO] [App] Dev auth bypass active — skipping setup popup. @ http://localhost:3100/src/main.js?t=1787461720752:176
[  258518ms] [ERROR] [popcorn-init] FAILED at: plugin-image TypeError: Class constructor SortableElement cannot be invoked without 'new'
    at http://localhost:3100/components/modals/RetargetOptInModal.jsx?t=1787461636096:26:22 @ http://localhost:3100/src/lib/popcornInit.js?t=1787461636096:55
[  258518ms] [ERROR] [ModalSystem] mount failed TypeError: Class constructor SortableElement cannot be invoked without 'new'
    at http://localhost:3100/components/modals/RetargetOptInModal.jsx?t=1787461636096:26:22 @ http://localhost:3100/src/main.js?t=1787461720752:329
[  258791ms] [ERROR] [popcorn-init] FAILED at: plugin-jsonTransition TypeError: Class constructor SortableElement cannot be invoked without 'new'
    at http://localhost:3100/components/modals/RetargetOptInModal.jsx?t=1787461636096:26:22 @ http://localhost:3100/src/lib/popcornInit.js?t=1787461636096:55
[  258811ms] [ERROR] [VideoStudio] demo rail failed TypeError: Cannot read properties of undefined (reading 'filter')
    at http://localhost:3100/src/components/VideoStudio.js?t=1787461636096:702:36 @ http://localhost:3100/src/components/VideoStudio.js?t=1787461636096:714
[  258831ms] [ERROR] [popcorn-init] FAILED at: plugin-lottie-json TypeError: Class constructor SortableElement cannot be invoked without 'new'
    at http://localhost:3100/components/modals/RetargetOptInModal.jsx?t=1787461636096:26:22 @ http://localhost:3100/src/lib/popcornInit.js?t=1787461636096:55
[  258909ms] [WARNING] Clerk: Clerk has been loaded with development keys. Development instances have strict usage limits and should not be used when deploying your application to production. Learn more: https://clerk.com/docs/deployments/overview @ https://clerk.smartvid.app/npm/@clerk/clerk-js@6/dist/clerk.browser.js:11
[  258945ms] [LOG] [popcorn-init] OK: plugin-json-button @ http://localhost:3100/src/lib/popcornInit.js?t=1787461636096:48
[  258958ms] [ERROR] [popcorn-init] FAILED at: plugin-personalizedImage TypeError: Class constructor SortableElement cannot be invoked without 'new'
    at http://localhost:3100/components/modals/RetargetOptInModal.jsx?t=1787461636096:26:22 @ http://localhost:3100/src/lib/popcornInit.js?t=1787461636096:55
[  258968ms] [ERROR] [popcorn-init] FAILED at: plugin-loopPlugin TypeError: Class constructor SortableElement cannot be invoked without 'new'
    at http://localhost:3100/components/modals/RetargetOptInModal.jsx?t=1787461636096:26:22 @ http://localhost:3100/src/lib/popcornInit.js?t=1787461636096:55
[  258973ms] [ERROR] [popcorn-init] FAILED at: plugin-pausePlugin TypeError: Class constructor SortableElement cannot be invoked without 'new'
    at http://localhost:3100/components/modals/RetargetOptInModal.jsx?t=1787461636096:26:22 @ http://localhost:3100/src/lib/popcornInit.js?t=1787461636096:55
[  258991ms] [ERROR] [popcorn-init] FAILED at: plugin-form TypeError: Class constructor SortableElement cannot be invoked without 'new'
    at http://localhost:3100/components/modals/RetargetOptInModal.jsx?t=1787461636096:26:22 @ http://localhost:3100/src/lib/popcornInit.js?t=1787461636096:55
[  259003ms] [ERROR] [popcorn-init] FAILED at: plugin-retarget TypeError: Class constructor SortableElement cannot be invoked without 'new'
    at http://localhost:3100/components/modals/RetargetOptInModal.jsx?t=1787461636096:26:22 @ http://localhost:3100/src/lib/popcornInit.js?t=1787461636096:55
[  259007ms] [ERROR] Failed to load resource: the server responded with a status of 400 () @ https://clerk.smartvid.app/v1/environment?__clerk_api_version=2026-05-12&_clerk_js_version=6.29.2&_method=PATCH:0
[  259010ms] [LOG] [popcorn-init] OK: plugin-popup @ http://localhost:3100/src/lib/popcornInit.js?t=1787461636096:48
[  259018ms] [ERROR] [popcorn-init] FAILED at: plugin-sequencer TypeError: Class constructor SortableElement cannot be invoked without 'new'
    at http://localhost:3100/components/modals/RetargetOptInModal.jsx?t=1787461636096:26:22 @ http://localhost:3100/src/lib/popcornInit.js?t=1787461636096:55
[  259024ms] [ERROR] [popcorn-init] FAILED at: plugin-skip TypeError: Class constructor SortableElement cannot be invoked without 'new'
    at http://localhost:3100/components/modals/RetargetOptInModal.jsx?t=1787461636096:26:22 @ http://localhost:3100/src/lib/popcornInit.js?t=1787461636096:55
[  259086ms] [ERROR] [popcorn-init] FAILED at: plugin-text TypeError: Class constructor SortableElement cannot be invoked without 'new'
    at http://localhost:3100/components/modals/RetargetOptInModal.jsx?t=1787461636096:26:22 @ http://localhost:3100/src/lib/popcornInit.js?t=1787461636096:55
[  259106ms] [LOG] [popcorn-init] OK: plugin-social @ http://localhost:3100/src/lib/popcornInit.js?t=1787461636096:48
[  259112ms] [ERROR] [popcorn-init] FAILED at: plugin-jsonAnimation TypeError: Class constructor SortableElement cannot be invoked without 'new'
    at http://localhost:3100/components/modals/RetargetOptInModal.jsx?t=1787461636096:26:22 @ http://localhost:3100/src/lib/popcornInit.js?t=1787461636096:55
[  259134ms] [LOG] [popcorn-init] OK: plugin-videoTransition @ http://localhost:3100/src/lib/popcornInit.js?t=1787461636096:48
[  259152ms] [ERROR] [popcorn-init] FAILED at: plugin-seethroughtext TypeError: Class constructor SortableElement cannot be invoked without 'new'
    at http://localhost:3100/components/modals/RetargetOptInModal.jsx?t=1787461636096:26:22 @ http://localhost:3100/src/lib/popcornInit.js?t=1787461636096:55
[  259159ms] [LOG] [popcorn-init] OK: plugin-wikipedia @ http://localhost:3100/src/lib/popcornInit.js?t=1787461636096:48
[  259173ms] [ERROR] [popcorn-init] FAILED at: plugin-combined TypeError: Class constructor SortableElement cannot be invoked without 'new'
    at http://localhost:3100/components/modals/RetargetOptInModal.jsx?t=1787461636096:26:22 @ http://localhost:3100/src/lib/popcornInit.js?t=1787461636096:55
[  259185ms] [ERROR] [popcorn-init] FAILED at: plugin-background TypeError: Class constructor SortableElement cannot be invoked without 'new'
    at http://localhost:3100/components/modals/RetargetOptInModal.jsx?t=1787461636096:26:22 @ http://localhost:3100/src/lib/popcornInit.js?t=1787461636096:55
[  259185ms] [LOG] [popcorn-init] SUMMARY: 5/20 plugins registered; FAILED: plugin-image, plugin-jsonTransition, plugin-lottie-json, plugin-personalizedImage, plugin-loopPlugin, plugin-pausePlugin, plugin-form, plugin-retarget, plugin-sequencer, plugin-skip, plugin-text, plugin-jsonAnimation, plugin-seethroughtext, plugin-combined, plugin-background @ http://localhost:3100/src/lib/popcornInit.js?t=1787461636096:60
[  259185ms] [LOG] [popcorn] function 5 @ http://localhost:3100/src/main.js?t=1787461720752:4
[  317151ms] [LOG] [App] Starting initialization... @ http://localhost:3100/src/main.js?t=1787461781306:19
[  317171ms] [LOG] [popcorn-init] OK: jquery @ http://localhost:3100/src/lib/popcornInit.js?t=1787461781306:41
[  317173ms] [LOG] [popcorn-init] OK: jquery-textfill @ http://localhost:3100/src/lib/popcornInit.js?t=1787461781306:48
[  317177ms] [LOG] [popcorn-init] OK: popcorn-core @ http://localhost:3100/src/lib/popcornInit.js?t=1787461781306:48
[  317180ms] [LOG] [popcorn-init] OK: popcorn-ie8 @ http://localhost:3100/src/lib/popcornInit.js?t=1787461781306:48
[  317180ms] [LOG] [popcorn-init] OK: wrapper-common @ http://localhost:3100/src/lib/popcornInit.js?t=1787461781306:48
[  317181ms] [LOG] [popcorn-init] OK: wrapper-html5 @ http://localhost:3100/src/lib/popcornInit.js?t=1787461781306:48
[  317182ms] [LOG] [popcorn-init] OK: wrapper-vrview @ http://localhost:3100/src/lib/popcornInit.js?t=1787461781306:48
[  317182ms] [LOG] [popcorn-init] OK: wrapper-adaptive @ http://localhost:3100/src/lib/popcornInit.js?t=1787461781306:48
[  317183ms] [LOG] [popcorn-init] OK: wrapper-null @ http://localhost:3100/src/lib/popcornInit.js?t=1787461781306:48
[  317184ms] [LOG] [popcorn-init] OK: wrapper-soundcloud @ http://localhost:3100/src/lib/popcornInit.js?t=1787461781306:48
[  317184ms] [LOG] [popcorn-init] OK: wrapper-vimeo @ http://localhost:3100/src/lib/popcornInit.js?t=1787461781306:48
[  317185ms] [LOG] [popcorn-init] OK: wrapper-youtube @ http://localhost:3100/src/lib/popcornInit.js?t=1787461781306:48
[  317186ms] [LOG] [popcorn-init] OK: wrapper-jwplayer @ http://localhost:3100/src/lib/popcornInit.js?t=1787461781306:48
[  317186ms] [LOG] [popcorn-init] OK: player-module @ http://localhost:3100/src/lib/popcornInit.js?t=1787461781306:48
[  318319ms] [INFO] %cDownload the React DevTools for a better development experience: https://react.dev/link/react-devtools font-weight:bold @ http://localhost:3100/node_modules/.vite/deps/chunk-EEAUBQDT.js?v=f1e7275e:20096
[  318328ms] [LOG] [App] Initialized in 1177.10ms @ http://localhost:3100/src/main.js?t=1787461781306:164
[  318328ms] [LOG] [App] Navigating to initial page: video @ http://localhost:3100/src/main.js?t=1787461781306:165
[  318328ms] [INFO] [App] Dev auth bypass active — skipping setup popup. @ http://localhost:3100/src/main.js?t=1787461781306:176
[  318477ms] [ERROR] [ModalSystem] mount failed TypeError: Class constructor SortableElement cannot be invoked without 'new'
    at http://localhost:3100/components/modals/RetargetOptInModal.jsx?t=1787461781306:26:22 @ http://localhost:3100/src/main.js?t=1787461781306:329
[  318479ms] [ERROR] [popcorn-init] FAILED at: plugin-image TypeError: Class constructor SortableElement cannot be invoked without 'new'
    at http://localhost:3100/components/modals/RetargetOptInModal.jsx?t=1787461781306:26:22 @ http://localhost:3100/src/lib/popcornInit.js?t=1787461781306:55
[  318518ms] [ERROR] [popcorn-init] FAILED at: plugin-jsonTransition TypeError: Class constructor SortableElement cannot be invoked without 'new'
    at http://localhost:3100/components/modals/RetargetOptInModal.jsx?t=1787461781306:26:22 @ http://localhost:3100/src/lib/popcornInit.js?t=1787461781306:55
[  318680ms] [ERROR] [popcorn-init] FAILED at: plugin-lottie-json TypeError: Class constructor SortableElement cannot be invoked without 'new'
    at http://localhost:3100/components/modals/RetargetOptInModal.jsx?t=1787461781306:26:22 @ http://localhost:3100/src/lib/popcornInit.js?t=1787461781306:55
[  318736ms] [WARNING] Clerk: Clerk has been loaded with development keys. Development instances have strict usage limits and should not be used when deploying your application to production. Learn more: https://clerk.com/docs/deployments/overview @ https://clerk.smartvid.app/npm/@clerk/clerk-js@6/dist/clerk.browser.js:11
[  318776ms] [LOG] [popcorn-init] OK: plugin-json-button @ http://localhost:3100/src/lib/popcornInit.js?t=1787461781306:48
[  318895ms] [ERROR] Failed to load resource: the server responded with a status of 400 () @ https://clerk.smartvid.app/v1/environment?__clerk_api_version=2026-05-12&_clerk_js_version=6.29.2&_method=PATCH:0
[  318911ms] [ERROR] [VideoStudio] demo rail failed TypeError: Cannot read properties of undefined (reading 'filter')
    at http://localhost:3100/src/components/VideoStudio.js?t=1787461781306:702:36 @ http://localhost:3100/src/components/VideoStudio.js?t=1787461781306:714
[  319033ms] [ERROR] [popcorn-init] FAILED at: plugin-personalizedImage TypeError: Class constructor SortableElement cannot be invoked without 'new'
    at http://localhost:3100/components/modals/RetargetOptInModal.jsx?t=1787461781306:26:22 @ http://localhost:3100/src/lib/popcornInit.js?t=1787461781306:55
[  319096ms] [ERROR] [popcorn-init] FAILED at: plugin-loopPlugin TypeError: Class constructor SortableElement cannot be invoked without 'new'
    at http://localhost:3100/components/modals/RetargetOptInModal.jsx?t=1787461781306:26:22 @ http://localhost:3100/src/lib/popcornInit.js?t=1787461781306:55
[  319140ms] [ERROR] [popcorn-init] FAILED at: plugin-pausePlugin TypeError: Class constructor SortableElement cannot be invoked without 'new'
    at http://localhost:3100/components/modals/RetargetOptInModal.jsx?t=1787461781306:26:22 @ http://localhost:3100/src/lib/popcornInit.js?t=1787461781306:55
[  319294ms] [ERROR] [popcorn-init] FAILED at: plugin-form TypeError: Class constructor SortableElement cannot be invoked without 'new'
    at http://localhost:3100/components/modals/RetargetOptInModal.jsx?t=1787461781306:26:22 @ http://localhost:3100/src/lib/popcornInit.js?t=1787461781306:55
[  319318ms] [ERROR] [popcorn-init] FAILED at: plugin-retarget TypeError: Class constructor SortableElement cannot be invoked without 'new'
    at http://localhost:3100/components/modals/RetargetOptInModal.jsx?t=1787461781306:26:22 @ http://localhost:3100/src/lib/popcornInit.js?t=1787461781306:55
[  319331ms] [LOG] [popcorn-init] OK: plugin-popup @ http://localhost:3100/src/lib/popcornInit.js?t=1787461781306:48
[  319345ms] [ERROR] [popcorn-init] FAILED at: plugin-sequencer TypeError: Class constructor SortableElement cannot be invoked without 'new'
    at http://localhost:3100/components/modals/RetargetOptInModal.jsx?t=1787461781306:26:22 @ http://localhost:3100/src/lib/popcornInit.js?t=1787461781306:55
[  319401ms] [ERROR] [popcorn-init] FAILED at: plugin-skip TypeError: Class constructor SortableElement cannot be invoked without 'new'
    at http://localhost:3100/components/modals/RetargetOptInModal.jsx?t=1787461781306:26:22 @ http://localhost:3100/src/lib/popcornInit.js?t=1787461781306:55
[  319474ms] [ERROR] [popcorn-init] FAILED at: plugin-text TypeError: Class constructor SortableElement cannot be invoked without 'new'
    at http://localhost:3100/components/modals/RetargetOptInModal.jsx?t=1787461781306:26:22 @ http://localhost:3100/src/lib/popcornInit.js?t=1787461781306:55
[  319494ms] [LOG] [popcorn-init] OK: plugin-social @ http://localhost:3100/src/lib/popcornInit.js?t=1787461781306:48
[  319503ms] [ERROR] [popcorn-init] FAILED at: plugin-jsonAnimation TypeError: Class constructor SortableElement cannot be invoked without 'new'
    at http://localhost:3100/components/modals/RetargetOptInModal.jsx?t=1787461781306:26:22 @ http://localhost:3100/src/lib/popcornInit.js?t=1787461781306:55
[  319530ms] [LOG] [popcorn-init] OK: plugin-videoTransition @ http://localhost:3100/src/lib/popcornInit.js?t=1787461781306:48
[  319543ms] [ERROR] [popcorn-init] FAILED at: plugin-seethroughtext TypeError: Class constructor SortableElement cannot be invoked without 'new'
    at http://localhost:3100/components/modals/RetargetOptInModal.jsx?t=1787461781306:26:22 @ http://localhost:3100/src/lib/popcornInit.js?t=1787461781306:55
[  319549ms] [LOG] [popcorn-init] OK: plugin-wikipedia @ http://localhost:3100/src/lib/popcornInit.js?t=1787461781306:48
[  319561ms] [ERROR] [popcorn-init] FAILED at: plugin-combined TypeError: Class constructor SortableElement cannot be invoked without 'new'
    at http://localhost:3100/components/modals/RetargetOptInModal.jsx?t=1787461781306:26:22 @ http://localhost:3100/src/lib/popcornInit.js?t=1787461781306:55
[  319567ms] [ERROR] [popcorn-init] FAILED at: plugin-background TypeError: Class constructor SortableElement cannot be invoked without 'new'
    at http://localhost:3100/components/modals/RetargetOptInModal.jsx?t=1787461781306:26:22 @ http://localhost:3100/src/lib/popcornInit.js?t=1787461781306:55
[  319567ms] [LOG] [popcorn-init] SUMMARY: 5/20 plugins registered; FAILED: plugin-image, plugin-jsonTransition, plugin-lottie-json, plugin-personalizedImage, plugin-loopPlugin, plugin-pausePlugin, plugin-form, plugin-retarget, plugin-sequencer, plugin-skip, plugin-text, plugin-jsonAnimation, plugin-seethroughtext, plugin-combined, plugin-background @ http://localhost:3100/src/lib/popcornInit.js?t=1787461781306:60
[  319567ms] [LOG] [popcorn] function 5 @ http://localhost:3100/src/main.js?t=1787461781306:4
[  460534ms] [LOG] [App] Starting initialization... @ http://localhost:3100/src/main.js?t=1787461924040:19
[  460580ms] [LOG] [popcorn-init] OK: jquery @ http://localhost:3100/src/lib/popcornInit.js?t=1787461924040:41
[  460584ms] [LOG] [popcorn-init] OK: jquery-textfill @ http://localhost:3100/src/lib/popcornInit.js?t=1787461924040:48
[  460587ms] [LOG] [popcorn-init] OK: popcorn-core @ http://localhost:3100/src/lib/popcornInit.js?t=1787461924040:48
[  460589ms] [LOG] [popcorn-init] OK: popcorn-ie8 @ http://localhost:3100/src/lib/popcornInit.js?t=1787461924040:48
[  460590ms] [LOG] [popcorn-init] OK: wrapper-common @ http://localhost:3100/src/lib/popcornInit.js?t=1787461924040:48
[  460591ms] [LOG] [popcorn-init] OK: wrapper-html5 @ http://localhost:3100/src/lib/popcornInit.js?t=1787461924040:48
[  460592ms] [LOG] [popcorn-init] OK: wrapper-vrview @ http://localhost:3100/src/lib/popcornInit.js?t=1787461924040:48
[  460593ms] [LOG] [popcorn-init] OK: wrapper-adaptive @ http://localhost:3100/src/lib/popcornInit.js?t=1787461924040:48
[  460594ms] [LOG] [popcorn-init] OK: wrapper-null @ http://localhost:3100/src/lib/popcornInit.js?t=1787461924040:48
[  460595ms] [LOG] [popcorn-init] OK: wrapper-soundcloud @ http://localhost:3100/src/lib/popcornInit.js?t=1787461924040:48
[  460596ms] [LOG] [popcorn-init] OK: wrapper-vimeo @ http://localhost:3100/src/lib/popcornInit.js?t=1787461924040:48
[  460596ms] [LOG] [popcorn-init] OK: wrapper-youtube @ http://localhost:3100/src/lib/popcornInit.js?t=1787461924040:48
[  460597ms] [LOG] [popcorn-init] OK: wrapper-jwplayer @ http://localhost:3100/src/lib/popcornInit.js?t=1787461924040:48
[  460598ms] [LOG] [popcorn-init] OK: player-module @ http://localhost:3100/src/lib/popcornInit.js?t=1787461924040:48
[  460899ms] [INFO] %cDownload the React DevTools for a better development experience: https://react.dev/link/react-devtools font-weight:bold @ http://localhost:3100/node_modules/.vite/deps/chunk-EEAUBQDT.js?v=f1e7275e:20096
[  460913ms] [LOG] [App] Initialized in 379.10ms @ http://localhost:3100/src/main.js?t=1787461924040:164
[  460913ms] [LOG] [App] Navigating to initial page: video @ http://localhost:3100/src/main.js?t=1787461924040:165
[  460913ms] [INFO] [App] Dev auth bypass active — skipping setup popup. @ http://localhost:3100/src/main.js?t=1787461924040:176
[  461605ms] [ERROR] [ModalSystem] mount failed TypeError: Class constructor SortableElement cannot be invoked without 'new'
    at http://localhost:3100/components/modals/RetargetOptInModal.jsx?t=1787461924040:26:22 @ http://localhost:3100/src/main.js?t=1787461924040:329
[  461614ms] [ERROR] [popcorn-init] FAILED at: plugin-image TypeError: Class constructor SortableElement cannot be invoked without 'new'
    at http://localhost:3100/components/modals/RetargetOptInModal.jsx?t=1787461924040:26:22 @ http://localhost:3100/src/lib/popcornInit.js?t=1787461924040:55
[  461642ms] [ERROR] [popcorn-init] FAILED at: plugin-jsonTransition TypeError: Class constructor SortableElement cannot be invoked without 'new'
    at http://localhost:3100/components/modals/RetargetOptInModal.jsx?t=1787461924040:26:22 @ http://localhost:3100/src/lib/popcornInit.js?t=1787461924040:55
[  461830ms] [WARNING] Clerk: Clerk has been loaded with development keys. Development instances have strict usage limits and should not be used when deploying your application to production. Learn more: https://clerk.com/docs/deployments/overview @ https://clerk.smartvid.app/npm/@clerk/clerk-js@6/dist/clerk.browser.js:11
[  461947ms] [ERROR] [VideoStudio] demo rail failed TypeError: Cannot read properties of undefined (reading 'filter')
    at http://localhost:3100/src/components/VideoStudio.js?t=1787461924040:702:36 @ http://localhost:3100/src/components/VideoStudio.js?t=1787461924040:714
[  461957ms] [ERROR] [popcorn-init] FAILED at: plugin-lottie-json TypeError: Class constructor SortableElement cannot be invoked without 'new'
    at http://localhost:3100/components/modals/RetargetOptInModal.jsx?t=1787461924040:26:22 @ http://localhost:3100/src/lib/popcornInit.js?t=1787461924040:55
[  461987ms] [ERROR] Failed to load resource: the server responded with a status of 400 () @ https://clerk.smartvid.app/v1/environment?__clerk_api_version=2026-05-12&_clerk_js_version=6.29.2&_method=PATCH:0
[  462103ms] [LOG] [popcorn-init] OK: plugin-json-button @ http://localhost:3100/src/lib/popcornInit.js?t=1787461924040:48
[  462111ms] [ERROR] [popcorn-init] FAILED at: plugin-personalizedImage TypeError: Class constructor SortableElement cannot be invoked without 'new'
    at http://localhost:3100/components/modals/RetargetOptInModal.jsx?t=1787461924040:26:22 @ http://localhost:3100/src/lib/popcornInit.js?t=1787461924040:55
[  462121ms] [ERROR] [popcorn-init] FAILED at: plugin-loopPlugin TypeError: Class constructor SortableElement cannot be invoked without 'new'
    at http://localhost:3100/components/modals/RetargetOptInModal.jsx?t=1787461924040:26:22 @ http://localhost:3100/src/lib/popcornInit.js?t=1787461924040:55
[  462133ms] [ERROR] [popcorn-init] FAILED at: plugin-pausePlugin TypeError: Class constructor SortableElement cannot be invoked without 'new'
    at http://localhost:3100/components/modals/RetargetOptInModal.jsx?t=1787461924040:26:22 @ http://localhost:3100/src/lib/popcornInit.js?t=1787461924040:55
[  462159ms] [ERROR] [popcorn-init] FAILED at: plugin-form TypeError: Class constructor SortableElement cannot be invoked without 'new'
    at http://localhost:3100/components/modals/RetargetOptInModal.jsx?t=1787461924040:26:22 @ http://localhost:3100/src/lib/popcornInit.js?t=1787461924040:55
[  462173ms] [ERROR] [popcorn-init] FAILED at: plugin-retarget TypeError: Class constructor SortableElement cannot be invoked without 'new'
    at http://localhost:3100/components/modals/RetargetOptInModal.jsx?t=1787461924040:26:22 @ http://localhost:3100/src/lib/popcornInit.js?t=1787461924040:55
[  462179ms] [LOG] [popcorn-init] OK: plugin-popup @ http://localhost:3100/src/lib/popcornInit.js?t=1787461924040:48
[  462187ms] [ERROR] [popcorn-init] FAILED at: plugin-sequencer TypeError: Class constructor SortableElement cannot be invoked without 'new'
    at http://localhost:3100/components/modals/RetargetOptInModal.jsx?t=1787461924040:26:22 @ http://localhost:3100/src/lib/popcornInit.js?t=1787461924040:55
[  462197ms] [ERROR] [popcorn-init] FAILED at: plugin-skip TypeError: Class constructor SortableElement cannot be invoked without 'new'
    at http://localhost:3100/components/modals/RetargetOptInModal.jsx?t=1787461924040:26:22 @ http://localhost:3100/src/lib/popcornInit.js?t=1787461924040:55
[  462224ms] [ERROR] [popcorn-init] FAILED at: plugin-text TypeError: Class constructor SortableElement cannot be invoked without 'new'
    at http://localhost:3100/components/modals/RetargetOptInModal.jsx?t=1787461924040:26:22 @ http://localhost:3100/src/lib/popcornInit.js?t=1787461924040:55
[  462234ms] [LOG] [popcorn-init] OK: plugin-social @ http://localhost:3100/src/lib/popcornInit.js?t=1787461924040:48
[  462241ms] [ERROR] [popcorn-init] FAILED at: plugin-jsonAnimation TypeError: Class constructor SortableElement cannot be invoked without 'new'
    at http://localhost:3100/components/modals/RetargetOptInModal.jsx?t=1787461924040:26:22 @ http://localhost:3100/src/lib/popcornInit.js?t=1787461924040:55
[  462256ms] [LOG] [popcorn-init] OK: plugin-videoTransition @ http://localhost:3100/src/lib/popcornInit.js?t=1787461924040:48
[  462263ms] [ERROR] [popcorn-init] FAILED at: plugin-seethroughtext TypeError: Class constructor SortableElement cannot be invoked without 'new'
    at http://localhost:3100/components/modals/RetargetOptInModal.jsx?t=1787461924040:26:22 @ http://localhost:3100/src/lib/popcornInit.js?t=1787461924040:55
[  462268ms] [LOG] [popcorn-init] OK: plugin-wikipedia @ http://localhost:3100/src/lib/popcornInit.js?t=1787461924040:48
[  462275ms] [ERROR] [popcorn-init] FAILED at: plugin-combined TypeError: Class constructor SortableElement cannot be invoked without 'new'
    at http://localhost:3100/components/modals/RetargetOptInModal.jsx?t=1787461924040:26:22 @ http://localhost:3100/src/lib/popcornInit.js?t=1787461924040:55
[  462283ms] [ERROR] [popcorn-init] FAILED at: plugin-background TypeError: Class constructor SortableElement cannot be invoked without 'new'
    at http://localhost:3100/components/modals/RetargetOptInModal.jsx?t=1787461924040:26:22 @ http://localhost:3100/src/lib/popcornInit.js?t=1787461924040:55
[  462283ms] [LOG] [popcorn-init] SUMMARY: 5/20 plugins registered; FAILED: plugin-image, plugin-jsonTransition, plugin-lottie-json, plugin-personalizedImage, plugin-loopPlugin, plugin-pausePlugin, plugin-form, plugin-retarget, plugin-sequencer, plugin-skip, plugin-text, plugin-jsonAnimation, plugin-seethroughtext, plugin-combined, plugin-background @ http://localhost:3100/src/lib/popcornInit.js?t=1787461924040:60
[  462283ms] [LOG] [popcorn] function 5 @ http://localhost:3100/src/main.js?t=1787461924040:4
[  510004ms] [LOG] [App] Starting initialization... @ http://localhost:3100/src/main.js?t=1787461974870:19
[  510026ms] [LOG] [popcorn-init] OK: jquery @ http://localhost:3100/src/lib/popcornInit.js?t=1787461974870:41
[  510028ms] [LOG] [popcorn-init] OK: jquery-textfill @ http://localhost:3100/src/lib/popcornInit.js?t=1787461974870:48
[  510030ms] [LOG] [popcorn-init] OK: popcorn-core @ http://localhost:3100/src/lib/popcornInit.js?t=1787461974870:48
[  510031ms] [LOG] [popcorn-init] OK: popcorn-ie8 @ http://localhost:3100/src/lib/popcornInit.js?t=1787461974870:48
[  510032ms] [LOG] [popcorn-init] OK: wrapper-common @ http://localhost:3100/src/lib/popcornInit.js?t=1787461974870:48
[  510033ms] [LOG] [popcorn-init] OK: wrapper-html5 @ http://localhost:3100/src/lib/popcornInit.js?t=1787461974870:48
[  510033ms] [LOG] [popcorn-init] OK: wrapper-vrview @ http://localhost:3100/src/lib/popcornInit.js?t=1787461974870:48
[  510034ms] [LOG] [popcorn-init] OK: wrapper-adaptive @ http://localhost:3100/src/lib/popcornInit.js?t=1787461974870:48
[  510035ms] [LOG] [popcorn-init] OK: wrapper-null @ http://localhost:3100/src/lib/popcornInit.js?t=1787461974870:48
[  510035ms] [LOG] [popcorn-init] OK: wrapper-soundcloud @ http://localhost:3100/src/lib/popcornInit.js?t=1787461974870:48
[  510035ms] [LOG] [popcorn-init] OK: wrapper-vimeo @ http://localhost:3100/src/lib/popcornInit.js?t=1787461974870:48
[  510036ms] [LOG] [popcorn-init] OK: wrapper-youtube @ http://localhost:3100/src/lib/popcornInit.js?t=1787461974870:48
[  510036ms] [LOG] [popcorn-init] OK: wrapper-jwplayer @ http://localhost:3100/src/lib/popcornInit.js?t=1787461974870:48
[  510037ms] [LOG] [popcorn-init] OK: player-module @ http://localhost:3100/src/lib/popcornInit.js?t=1787461974870:48
[  510303ms] [INFO] %cDownload the React DevTools for a better development experience: https://react.dev/link/react-devtools font-weight:bold @ http://localhost:3100/node_modules/.vite/deps/chunk-EEAUBQDT.js?v=f1e7275e:20096
[  510309ms] [LOG] [App] Initialized in 305.20ms @ http://localhost:3100/src/main.js?t=1787461974870:164
[  510309ms] [LOG] [App] Navigating to initial page: video @ http://localhost:3100/src/main.js?t=1787461974870:165
[  510310ms] [INFO] [App] Dev auth bypass active — skipping setup popup. @ http://localhost:3100/src/main.js?t=1787461974870:176
[  511519ms] [WARNING] Clerk: Clerk has been loaded with development keys. Development instances have strict usage limits and should not be used when deploying your application to production. Learn more: https://clerk.com/docs/deployments/overview @ https://clerk.smartvid.app/npm/@clerk/clerk-js@6/dist/clerk.browser.js:11
[  511837ms] [ERROR] Failed to load resource: the server responded with a status of 400 () @ https://clerk.smartvid.app/v1/environment?__clerk_api_version=2026-05-12&_clerk_js_version=6.29.2&_method=PATCH:0
[  511892ms] [ERROR] [popcorn-init] FAILED at: plugin-image TypeError: Class constructor SortableElement cannot be invoked without 'new'
    at http://localhost:3100/components/modals/RetargetOptInModal.jsx?t=1787461974870:26:22 @ http://localhost:3100/src/lib/popcornInit.js?t=1787461974870:55
[  511893ms] [ERROR] [ModalSystem] mount failed TypeError: Class constructor SortableElement cannot be invoked without 'new'
    at http://localhost:3100/components/modals/RetargetOptInModal.jsx?t=1787461974870:26:22 @ http://localhost:3100/src/main.js?t=1787461974870:329
[  511894ms] [ERROR] [VideoStudio] demo rail failed TypeError: Cannot read properties of undefined (reading 'filter')
    at http://localhost:3100/src/components/VideoStudio.js?t=1787461974870:702:36 @ http://localhost:3100/src/components/VideoStudio.js?t=1787461974870:714
[  512608ms] [ERROR] [popcorn-init] FAILED at: plugin-jsonTransition TypeError: Class constructor SortableElement cannot be invoked without 'new'
    at http://localhost:3100/components/modals/RetargetOptInModal.jsx?t=1787461974870:26:22 @ http://localhost:3100/src/lib/popcornInit.js?t=1787461974870:55
[  512625ms] [ERROR] [popcorn-init] FAILED at: plugin-lottie-json TypeError: Class constructor SortableElement cannot be invoked without 'new'
    at http://localhost:3100/components/modals/RetargetOptInModal.jsx?t=1787461974870:26:22 @ http://localhost:3100/src/lib/popcornInit.js?t=1787461974870:55
[  512643ms] [LOG] [popcorn-init] OK: plugin-json-button @ http://localhost:3100/src/lib/popcornInit.js?t=1787461974870:48
[  512654ms] [ERROR] [popcorn-init] FAILED at: plugin-personalizedImage TypeError: Class constructor SortableElement cannot be invoked without 'new'
    at http://localhost:3100/components/modals/RetargetOptInModal.jsx?t=1787461974870:26:22 @ http://localhost:3100/src/lib/popcornInit.js?t=1787461974870:55
[  512663ms] [ERROR] [popcorn-init] FAILED at: plugin-loopPlugin TypeError: Class constructor SortableElement cannot be invoked without 'new'
    at http://localhost:3100/components/modals/RetargetOptInModal.jsx?t=1787461974870:26:22 @ http://localhost:3100/src/lib/popcornInit.js?t=1787461974870:55
[  512674ms] [ERROR] [popcorn-init] FAILED at: plugin-pausePlugin TypeError: Class constructor SortableElement cannot be invoked without 'new'
    at http://localhost:3100/components/modals/RetargetOptInModal.jsx?t=1787461974870:26:22 @ http://localhost:3100/src/lib/popcornInit.js?t=1787461974870:55
[  512706ms] [ERROR] [popcorn-init] FAILED at: plugin-form TypeError: Class constructor SortableElement cannot be invoked without 'new'
    at http://localhost:3100/components/modals/RetargetOptInModal.jsx?t=1787461974870:26:22 @ http://localhost:3100/src/lib/popcornInit.js?t=1787461974870:55
[  512786ms] [ERROR] [popcorn-init] FAILED at: plugin-retarget TypeError: Class constructor SortableElement cannot be invoked without 'new'
    at http://localhost:3100/components/modals/RetargetOptInModal.jsx?t=1787461974870:26:22 @ http://localhost:3100/src/lib/popcornInit.js?t=1787461974870:55
[  512825ms] [LOG] [popcorn-init] OK: plugin-popup @ http://localhost:3100/src/lib/popcornInit.js?t=1787461974870:48
[  512873ms] [ERROR] [popcorn-init] FAILED at: plugin-sequencer TypeError: Class constructor SortableElement cannot be invoked without 'new'
    at http://localhost:3100/components/modals/RetargetOptInModal.jsx?t=1787461974870:26:22 @ http://localhost:3100/src/lib/popcornInit.js?t=1787461974870:55
[  512896ms] [ERROR] [popcorn-init] FAILED at: plugin-skip TypeError: Class constructor SortableElement cannot be invoked without 'new'
    at http://localhost:3100/components/modals/RetargetOptInModal.jsx?t=1787461974870:26:22 @ http://localhost:3100/src/lib/popcornInit.js?t=1787461974870:55
[  512930ms] [ERROR] [popcorn-init] FAILED at: plugin-text TypeError: Class constructor SortableElement cannot be invoked without 'new'
    at http://localhost:3100/components/modals/RetargetOptInModal.jsx?t=1787461974870:26:22 @ http://localhost:3100/src/lib/popcornInit.js?t=1787461974870:55
[  512940ms] [LOG] [popcorn-init] OK: plugin-social @ http://localhost:3100/src/lib/popcornInit.js?t=1787461974870:48
[  512946ms] [ERROR] [popcorn-init] FAILED at: plugin-jsonAnimation TypeError: Class constructor SortableElement cannot be invoked without 'new'
    at http://localhost:3100/components/modals/RetargetOptInModal.jsx?t=1787461974870:26:22 @ http://localhost:3100/src/lib/popcornInit.js?t=1787461974870:55
[  512963ms] [LOG] [popcorn-init] OK: plugin-videoTransition @ http://localhost:3100/src/lib/popcornInit.js?t=1787461974870:48
[  512974ms] [ERROR] [popcorn-init] FAILED at: plugin-seethroughtext TypeError: Class constructor SortableElement cannot be invoked without 'new'
    at http://localhost:3100/components/modals/RetargetOptInModal.jsx?t=1787461974870:26:22 @ http://localhost:3100/src/lib/popcornInit.js?t=1787461974870:55
[  512978ms] [LOG] [popcorn-init] OK: plugin-wikipedia @ http://localhost:3100/src/lib/popcornInit.js?t=1787461974870:48
[  512990ms] [ERROR] [popcorn-init] FAILED at: plugin-combined TypeError: Class constructor SortableElement cannot be invoked without 'new'
    at http://localhost:3100/components/modals/RetargetOptInModal.jsx?t=1787461974870:26:22 @ http://localhost:3100/src/lib/popcornInit.js?t=1787461974870:55
[  512997ms] [ERROR] [popcorn-init] FAILED at: plugin-background TypeError: Class constructor SortableElement cannot be invoked without 'new'
    at http://localhost:3100/components/modals/RetargetOptInModal.jsx?t=1787461974870:26:22 @ http://localhost:3100/src/lib/popcornInit.js?t=1787461974870:55
[  512997ms] [LOG] [popcorn-init] SUMMARY: 5/20 plugins registered; FAILED: plugin-image, plugin-jsonTransition, plugin-lottie-json, plugin-personalizedImage, plugin-loopPlugin, plugin-pausePlugin, plugin-form, plugin-retarget, plugin-sequencer, plugin-skip, plugin-text, plugin-jsonAnimation, plugin-seethroughtext, plugin-combined, plugin-background @ http://localhost:3100/src/lib/popcornInit.js?t=1787461974870:60
[  512997ms] [LOG] [popcorn] function 5 @ http://localhost:3100/src/main.js?t=1787461974870:4
[  584647ms] [LOG] [App] Starting initialization... @ http://localhost:3100/src/main.js?t=1787462046872:19
[  584676ms] [LOG] [popcorn-init] OK: jquery @ http://localhost:3100/src/lib/popcornInit.js?t=1787461974870:41
[  584677ms] [LOG] [popcorn-init] OK: jquery-textfill @ http://localhost:3100/src/lib/popcornInit.js?t=1787461974870:48
[  584679ms] [LOG] [popcorn-init] OK: popcorn-core @ http://localhost:3100/src/lib/popcornInit.js?t=1787461974870:48
[  584680ms] [LOG] [popcorn-init] OK: popcorn-ie8 @ http://localhost:3100/src/lib/popcornInit.js?t=1787461974870:48
[  584680ms] [LOG] [popcorn-init] OK: wrapper-common @ http://localhost:3100/src/lib/popcornInit.js?t=1787461974870:48
[  584681ms] [LOG] [popcorn-init] OK: wrapper-html5 @ http://localhost:3100/src/lib/popcornInit.js?t=1787461974870:48
[  584682ms] [LOG] [popcorn-init] OK: wrapper-vrview @ http://localhost:3100/src/lib/popcornInit.js?t=1787461974870:48
[  584683ms] [LOG] [popcorn-init] OK: wrapper-adaptive @ http://localhost:3100/src/lib/popcornInit.js?t=1787461974870:48
[  584684ms] [LOG] [popcorn-init] OK: wrapper-null @ http://localhost:3100/src/lib/popcornInit.js?t=1787461974870:48
[  584684ms] [LOG] [popcorn-init] OK: wrapper-soundcloud @ http://localhost:3100/src/lib/popcornInit.js?t=1787461974870:48
[  584685ms] [LOG] [popcorn-init] OK: wrapper-vimeo @ http://localhost:3100/src/lib/popcornInit.js?t=1787461974870:48
[  584685ms] [LOG] [popcorn-init] OK: wrapper-youtube @ http://localhost:3100/src/lib/popcornInit.js?t=1787461974870:48
[  584686ms] [LOG] [popcorn-init] OK: wrapper-jwplayer @ http://localhost:3100/src/lib/popcornInit.js?t=1787461974870:48
[  584687ms] [LOG] [popcorn-init] OK: player-module @ http://localhost:3100/src/lib/popcornInit.js?t=1787461974870:48
[  585055ms] [INFO] %cDownload the React DevTools for a better development experience: https://react.dev/link/react-devtools font-weight:bold @ http://localhost:3100/node_modules/.vite/deps/chunk-EEAUBQDT.js?v=f1e7275e:20096
[  585063ms] [LOG] [App] Initialized in 415.00ms @ http://localhost:3100/src/main.js?t=1787462046872:164
[  585063ms] [LOG] [App] Navigating to initial page: video @ http://localhost:3100/src/main.js?t=1787462046872:165
[  585063ms] [INFO] [App] Dev auth bypass active — skipping setup popup. @ http://localhost:3100/src/main.js?t=1787462046872:176
[  586573ms] [WARNING] Clerk: Clerk has been loaded with development keys. Development instances have strict usage limits and should not be used when deploying your application to production. Learn more: https://clerk.com/docs/deployments/overview @ https://clerk.smartvid.app/npm/@clerk/clerk-js@6/dist/clerk.browser.js:11
[  586754ms] [ERROR] Failed to load resource: the server responded with a status of 400 () @ https://clerk.smartvid.app/v1/environment?__clerk_api_version=2026-05-12&_clerk_js_version=6.29.2&_method=PATCH:0
[  586794ms] [ERROR] [VideoStudio] demo rail failed TypeError: Cannot read properties of undefined (reading 'filter')
    at http://localhost:3100/src/components/VideoStudio.js?t=1787461974870:702:36 @ http://localhost:3100/src/components/VideoStudio.js?t=1787461974870:714
[  586805ms] [ERROR] [ModalSystem] mount failed TypeError: Class constructor SortableElement cannot be invoked without 'new'
    at http://localhost:3100/components/modals/RetargetOptInModal.jsx?t=1787461974870:26:22 @ http://localhost:3100/src/main.js?t=1787462046872:329
[  586810ms] [ERROR] [popcorn-init] FAILED at: plugin-image TypeError: Class constructor SortableElement cannot be invoked without 'new'
    at http://localhost:3100/components/modals/RetargetOptInModal.jsx?t=1787461974870:26:22 @ http://localhost:3100/src/lib/popcornInit.js?t=1787461974870:55
[  587212ms] [ERROR] [popcorn-init] FAILED at: plugin-jsonTransition TypeError: Class constructor SortableElement cannot be invoked without 'new'
    at http://localhost:3100/components/modals/RetargetOptInModal.jsx?t=1787461974870:26:22 @ http://localhost:3100/src/lib/popcornInit.js?t=1787461974870:55
[  587277ms] [ERROR] [popcorn-init] FAILED at: plugin-lottie-json TypeError: Class constructor SortableElement cannot be invoked without 'new'
    at http://localhost:3100/components/modals/RetargetOptInModal.jsx?t=1787461974870:26:22 @ http://localhost:3100/src/lib/popcornInit.js?t=1787461974870:55
[  587316ms] [LOG] [popcorn-init] OK: plugin-json-button @ http://localhost:3100/src/lib/popcornInit.js?t=1787461974870:48
[  587328ms] [ERROR] [popcorn-init] FAILED at: plugin-personalizedImage TypeError: Class constructor SortableElement cannot be invoked without 'new'
    at http://localhost:3100/components/modals/RetargetOptInModal.jsx?t=1787461974870:26:22 @ http://localhost:3100/src/lib/popcornInit.js?t=1787461974870:55
[  587345ms] [ERROR] [popcorn-init] FAILED at: plugin-loopPlugin TypeError: Class constructor SortableElement cannot be invoked without 'new'
    at http://localhost:3100/components/modals/RetargetOptInModal.jsx?t=1787461974870:26:22 @ http://localhost:3100/src/lib/popcornInit.js?t=1787461974870:55
[  587353ms] [ERROR] [popcorn-init] FAILED at: plugin-pausePlugin TypeError: Class constructor SortableElement cannot be invoked without 'new'
    at http://localhost:3100/components/modals/RetargetOptInModal.jsx?t=1787461974870:26:22 @ http://localhost:3100/src/lib/popcornInit.js?t=1787461974870:55
[  587369ms] [ERROR] [popcorn-init] FAILED at: plugin-form TypeError: Class constructor SortableElement cannot be invoked without 'new'
    at http://localhost:3100/components/modals/RetargetOptInModal.jsx?t=1787461974870:26:22 @ http://localhost:3100/src/lib/popcornInit.js?t=1787461974870:55
[  587387ms] [ERROR] [popcorn-init] FAILED at: plugin-retarget TypeError: Class constructor SortableElement cannot be invoked without 'new'
    at http://localhost:3100/components/modals/RetargetOptInModal.jsx?t=1787461974870:26:22 @ http://localhost:3100/src/lib/popcornInit.js?t=1787461974870:55
[  587403ms] [LOG] [popcorn-init] OK: plugin-popup @ http://localhost:3100/src/lib/popcornInit.js?t=1787461974870:48
[  587419ms] [ERROR] [popcorn-init] FAILED at: plugin-sequencer TypeError: Class constructor SortableElement cannot be invoked without 'new'
    at http://localhost:3100/components/modals/RetargetOptInModal.jsx?t=1787461974870:26:22 @ http://localhost:3100/src/lib/popcornInit.js?t=1787461974870:55
[  587437ms] [ERROR] [popcorn-init] FAILED at: plugin-skip TypeError: Class constructor SortableElement cannot be invoked without 'new'
    at http://localhost:3100/components/modals/RetargetOptInModal.jsx?t=1787461974870:26:22 @ http://localhost:3100/src/lib/popcornInit.js?t=1787461974870:55
[  587491ms] [ERROR] [popcorn-init] FAILED at: plugin-text TypeError: Class constructor SortableElement cannot be invoked without 'new'
    at http://localhost:3100/components/modals/RetargetOptInModal.jsx?t=1787461974870:26:22 @ http://localhost:3100/src/lib/popcornInit.js?t=1787461974870:55
[  587504ms] [LOG] [popcorn-init] OK: plugin-social @ http://localhost:3100/src/lib/popcornInit.js?t=1787461974870:48
[  587512ms] [ERROR] [popcorn-init] FAILED at: plugin-jsonAnimation TypeError: Class constructor SortableElement cannot be invoked without 'new'
    at http://localhost:3100/components/modals/RetargetOptInModal.jsx?t=1787461974870:26:22 @ http://localhost:3100/src/lib/popcornInit.js?t=1787461974870:55
[  587530ms] [LOG] [popcorn-init] OK: plugin-videoTransition @ http://localhost:3100/src/lib/popcornInit.js?t=1787461974870:48
[  587538ms] [ERROR] [popcorn-init] FAILED at: plugin-seethroughtext TypeError: Class constructor SortableElement cannot be invoked without 'new'
    at http://localhost:3100/components/modals/RetargetOptInModal.jsx?t=1787461974870:26:22 @ http://localhost:3100/src/lib/popcornInit.js?t=1787461974870:55
[  587546ms] [LOG] [popcorn-init] OK: plugin-wikipedia @ http://localhost:3100/src/lib/popcornInit.js?t=1787461974870:48
[  587554ms] [ERROR] [popcorn-init] FAILED at: plugin-combined TypeError: Class constructor SortableElement cannot be invoked without 'new'
    at http://localhost:3100/components/modals/RetargetOptInModal.jsx?t=1787461974870:26:22 @ http://localhost:3100/src/lib/popcornInit.js?t=1787461974870:55
[  587563ms] [ERROR] [popcorn-init] FAILED at: plugin-background TypeError: Class constructor SortableElement cannot be invoked without 'new'
    at http://localhost:3100/components/modals/RetargetOptInModal.jsx?t=1787461974870:26:22 @ http://localhost:3100/src/lib/popcornInit.js?t=1787461974870:55
[  587563ms] [LOG] [popcorn-init] SUMMARY: 5/20 plugins registered; FAILED: plugin-image, plugin-jsonTransition, plugin-lottie-json, plugin-personalizedImage, plugin-loopPlugin, plugin-pausePlugin, plugin-form, plugin-retarget, plugin-sequencer, plugin-skip, plugin-text, plugin-jsonAnimation, plugin-seethroughtext, plugin-combined, plugin-background @ http://localhost:3100/src/lib/popcornInit.js?t=1787461974870:60
[  587564ms] [LOG] [popcorn] function 5 @ http://localhost:3100/src/main.js?t=1787462046872:4
[ 1193716ms] [LOG] [vite] server connection lost. Polling for restart... @ http://localhost:3100/@vite/client:559
[ 1193750ms] [ERROR] Failed to load resource: net::ERR_CONNECTION_REFUSED @ http://localhost:3100/:0
[ 1194762ms] [ERROR] Failed to load resource: net::ERR_CONNECTION_REFUSED @ http://localhost:3100/:0
[ 1195771ms] [ERROR] Failed to load resource: net::ERR_CONNECTION_REFUSED @ http://localhost:3100/:0
[ 1196774ms] [ERROR] Failed to load resource: net::ERR_CONNECTION_REFUSED @ http://localhost:3100/:0
[ 1197777ms] [ERROR] Failed to load resource: net::ERR_CONNECTION_REFUSED @ http://localhost:3100/:0
[ 1198784ms] [ERROR] Failed to load resource: net::ERR_CONNECTION_REFUSED @ http://localhost:3100/:0
[ 1199790ms] [ERROR] Failed to load resource: net::ERR_CONNECTION_REFUSED @ http://localhost:3100/:0
[ 1200799ms] [ERROR] Failed to load resource: net::ERR_CONNECTION_REFUSED @ http://localhost:3100/:0
[ 1201803ms] [ERROR] Failed to load resource: net::ERR_CONNECTION_REFUSED @ http://localhost:3100/:0
[ 1202811ms] [ERROR] Failed to load resource: net::ERR_CONNECTION_REFUSED @ http://localhost:3100/:0
[ 1203815ms] [ERROR] Failed to load resource: net::ERR_CONNECTION_REFUSED @ http://localhost:3100/:0
[ 1204818ms] [ERROR] Failed to load resource: net::ERR_CONNECTION_REFUSED @ http://localhost:3100/:0
[ 1205820ms] [ERROR] Failed to load resource: net::ERR_CONNECTION_REFUSED @ http://localhost:3100/:0
[ 1206826ms] [ERROR] Failed to load resource: net::ERR_CONNECTION_REFUSED @ http://localhost:3100/:0
[ 1207828ms] [ERROR] Failed to load resource: net::ERR_CONNECTION_REFUSED @ http://localhost:3100/:0
[ 1208833ms] [ERROR] Failed to load resource: net::ERR_CONNECTION_REFUSED @ http://localhost:3100/:0
[ 1209842ms] [ERROR] Failed to load resource: net::ERR_CONNECTION_REFUSED @ http://localhost:3100/:0
[ 1210849ms] [ERROR] Failed to load resource: net::ERR_CONNECTION_REFUSED @ http://localhost:3100/:0
[ 1211852ms] [ERROR] Failed to load resource: net::ERR_CONNECTION_REFUSED @ http://localhost:3100/:0
[ 1212855ms] [ERROR] Failed to load resource: net::ERR_CONNECTION_REFUSED @ http://localhost:3100/:0
[ 1213858ms] [ERROR] Failed to load resource: net::ERR_CONNECTION_REFUSED @ http://localhost:3100/:0
[ 1214863ms] [ERROR] Failed to load resource: net::ERR_CONNECTION_REFUSED @ http://localhost:3100/:0
[ 1215869ms] [ERROR] Failed to load resource: net::ERR_CONNECTION_REFUSED @ http://localhost:3100/:0
[ 1216873ms] [ERROR] Failed to load resource: net::ERR_CONNECTION_REFUSED @ http://localhost:3100/:0
[ 1217876ms] [ERROR] Failed to load resource: net::ERR_CONNECTION_REFUSED @ http://localhost:3100/:0
[ 1218879ms] [ERROR] Failed to load resource: net::ERR_CONNECTION_REFUSED @ http://localhost:3100/:0
[ 1219882ms] [ERROR] Failed to load resource: net::ERR_CONNECTION_REFUSED @ http://localhost:3100/:0
[ 1220884ms] [ERROR] Failed to load resource: net::ERR_CONNECTION_REFUSED @ http://localhost:3100/:0
[ 1221889ms] [ERROR] Failed to load resource: net::ERR_CONNECTION_REFUSED @ http://localhost:3100/:0
[ 1222894ms] [ERROR] Failed to load resource: net::ERR_CONNECTION_REFUSED @ http://localhost:3100/:0
[ 1223898ms] [ERROR] Failed to load resource: net::ERR_CONNECTION_REFUSED @ http://localhost:3100/:0
[ 1224902ms] [ERROR] Failed to load resource: net::ERR_CONNECTION_REFUSED @ http://localhost:3100/:0
[ 1225906ms] [ERROR] Failed to load resource: net::ERR_CONNECTION_REFUSED @ http://localhost:3100/:0
[ 1226912ms] [ERROR] Failed to load resource: net::ERR_CONNECTION_REFUSED @ http://localhost:3100/:0
[ 1227914ms] [ERROR] Failed to load resource: net::ERR_CONNECTION_REFUSED @ http://localhost:3100/:0
[ 1228918ms] [ERROR] Failed to load resource: net::ERR_CONNECTION_REFUSED @ http://localhost:3100/:0
[ 1229925ms] [ERROR] Failed to load resource: net::ERR_CONNECTION_REFUSED @ http://localhost:3100/:0
[ 1230928ms] [ERROR] Failed to load resource: net::ERR_CONNECTION_REFUSED @ http://localhost:3100/:0
[ 1231932ms] [ERROR] Failed to load resource: net::ERR_CONNECTION_REFUSED @ http://localhost:3100/:0
[ 1232940ms] [ERROR] Failed to load resource: net::ERR_CONNECTION_REFUSED @ http://localhost:3100/:0
[ 1233944ms] [ERROR] Failed to load resource: net::ERR_CONNECTION_REFUSED @ http://localhost:3100/:0
[ 1234947ms] [ERROR] Failed to load resource: net::ERR_CONNECTION_REFUSED @ http://localhost:3100/:0
[ 1235952ms] [ERROR] Failed to load resource: net::ERR_CONNECTION_REFUSED @ http://localhost:3100/:0
[ 1236958ms] [ERROR] Failed to load resource: net::ERR_CONNECTION_REFUSED @ http://localhost:3100/:0
[ 1237962ms] [ERROR] Failed to load resource: net::ERR_CONNECTION_REFUSED @ http://localhost:3100/:0
[ 1238966ms] [ERROR] Failed to load resource: net::ERR_CONNECTION_REFUSED @ http://localhost:3100/:0
[ 1239971ms] [ERROR] Failed to load resource: net::ERR_CONNECTION_REFUSED @ http://localhost:3100/:0
[ 1240975ms] [ERROR] Failed to load resource: net::ERR_CONNECTION_REFUSED @ http://localhost:3100/:0
[ 1241977ms] [ERROR] Failed to load resource: net::ERR_CONNECTION_REFUSED @ http://localhost:3100/:0
[ 1242981ms] [ERROR] Failed to load resource: net::ERR_CONNECTION_REFUSED @ http://localhost:3100/:0
[ 1243984ms] [ERROR] Failed to load resource: net::ERR_CONNECTION_REFUSED @ http://localhost:3100/:0
[ 1244992ms] [ERROR] Failed to load resource: net::ERR_CONNECTION_REFUSED @ http://localhost:3100/:0
[ 1245997ms] [ERROR] Failed to load resource: net::ERR_CONNECTION_REFUSED @ http://localhost:3100/:0
[ 1247001ms] [ERROR] Failed to load resource: net::ERR_CONNECTION_REFUSED @ http://localhost:3100/:0
[ 1248004ms] [ERROR] Failed to load resource: net::ERR_CONNECTION_REFUSED @ http://localhost:3100/:0
[ 1249007ms] [ERROR] Failed to load resource: net::ERR_CONNECTION_REFUSED @ http://localhost:3100/:0
[ 1250012ms] [ERROR] Failed to load resource: net::ERR_CONNECTION_REFUSED @ http://localhost:3100/:0
[ 1251047ms] [ERROR] Failed to load resource: net::ERR_CONNECTION_REFUSED @ http://localhost:3100/:0
[ 1252051ms] [ERROR] Failed to load resource: net::ERR_CONNECTION_REFUSED @ http://localhost:3100/:0
[ 1253054ms] [ERROR] Failed to load resource: net::ERR_CONNECTION_REFUSED @ http://localhost:3100/:0
[ 1254059ms] [ERROR] Failed to load resource: net::ERR_CONNECTION_REFUSED @ http://localhost:3100/:0
[ 1255065ms] [ERROR] Failed to load resource: net::ERR_CONNECTION_REFUSED @ http://localhost:3100/:0
[ 1256070ms] [ERROR] Failed to load resource: net::ERR_CONNECTION_REFUSED @ http://localhost:3100/:0
[ 1257072ms] [ERROR] Failed to load resource: net::ERR_CONNECTION_REFUSED @ http://localhost:3100/:0
[ 1258076ms] [ERROR] Failed to load resource: net::ERR_CONNECTION_REFUSED @ http://localhost:3100/:0
[ 1259079ms] [ERROR] Failed to load resource: net::ERR_CONNECTION_REFUSED @ http://localhost:3100/:0
[ 1260082ms] [ERROR] Failed to load resource: net::ERR_CONNECTION_REFUSED @ http://localhost:3100/:0
[ 1261087ms] [ERROR] Failed to load resource: net::ERR_CONNECTION_REFUSED @ http://localhost:3100/:0
[ 1262090ms] [ERROR] Failed to load resource: net::ERR_CONNECTION_REFUSED @ http://localhost:3100/:0
[ 1263094ms] [ERROR] Failed to load resource: net::ERR_CONNECTION_REFUSED @ http://localhost:3100/:0
[ 1264097ms] [ERROR] Failed to load resource: net::ERR_CONNECTION_REFUSED @ http://localhost:3100/:0
[ 1265105ms] [ERROR] Failed to load resource: net::ERR_CONNECTION_REFUSED @ http://localhost:3100/:0
[ 1266108ms] [ERROR] Failed to load resource: net::ERR_CONNECTION_REFUSED @ http://localhost:3100/:0
[ 1267112ms] [ERROR] Failed to load resource: net::ERR_CONNECTION_REFUSED @ http://localhost:3100/:0
[ 1268116ms] [ERROR] Failed to load resource: net::ERR_CONNECTION_REFUSED @ http://localhost:3100/:0
[ 1269120ms] [ERROR] Failed to load resource: net::ERR_CONNECTION_REFUSED @ http://localhost:3100/:0
[ 1270124ms] [ERROR] Failed to load resource: net::ERR_CONNECTION_REFUSED @ http://localhost:3100/:0
[ 1271129ms] [ERROR] Failed to load resource: net::ERR_CONNECTION_REFUSED @ http://localhost:3100/:0
[ 1272135ms] [ERROR] Failed to load resource: net::ERR_CONNECTION_REFUSED @ http://localhost:3100/:0
[ 1273139ms] [ERROR] Failed to load resource: net::ERR_CONNECTION_REFUSED @ http://localhost:3100/:0
[ 1274145ms] [ERROR] Failed to load resource: net::ERR_CONNECTION_REFUSED @ http://localhost:3100/:0
[ 1275148ms] [ERROR] Failed to load resource: net::ERR_CONNECTION_REFUSED @ http://localhost:3100/:0
[ 1276152ms] [ERROR] Failed to load resource: net::ERR_CONNECTION_REFUSED @ http://localhost:3100/:0
[ 1277156ms] [ERROR] Failed to load resource: net::ERR_CONNECTION_REFUSED @ http://localhost:3100/:0
[ 1278160ms] [ERROR] Failed to load resource: net::ERR_CONNECTION_REFUSED @ http://localhost:3100/:0
[ 1279165ms] [ERROR] Failed to load resource: net::ERR_CONNECTION_REFUSED @ http://localhost:3100/:0
[ 1280169ms] [ERROR] Failed to load resource: net::ERR_CONNECTION_REFUSED @ http://localhost:3100/:0
[ 1281173ms] [ERROR] Failed to load resource: net::ERR_CONNECTION_REFUSED @ http://localhost:3100/:0
[ 1282176ms] [ERROR] Failed to load resource: net::ERR_CONNECTION_REFUSED @ http://localhost:3100/:0
[ 1283180ms] [ERROR] Failed to load resource: net::ERR_CONNECTION_REFUSED @ http://localhost:3100/:0
[ 1284189ms] [ERROR] Failed to load resource: net::ERR_CONNECTION_REFUSED @ http://localhost:3100/:0
[ 1285192ms] [ERROR] Failed to load resource: net::ERR_CONNECTION_REFUSED @ http://localhost:3100/:0
[ 1286199ms] [ERROR] Failed to load resource: net::ERR_CONNECTION_REFUSED @ http://localhost:3100/:0
[ 1287202ms] [ERROR] Failed to load resource: net::ERR_CONNECTION_REFUSED @ http://localhost:3100/:0
[ 1288208ms] [ERROR] Failed to load resource: net::ERR_CONNECTION_REFUSED @ http://localhost:3100/:0
[ 1289213ms] [ERROR] Failed to load resource: net::ERR_CONNECTION_REFUSED @ http://localhost:3100/:0
[ 1290221ms] [ERROR] Failed to load resource: net::ERR_CONNECTION_REFUSED @ http://localhost:3100/:0
[ 1291225ms] [ERROR] Failed to load resource: net::ERR_CONNECTION_REFUSED @ http://localhost:3100/:0
[ 1292230ms] [ERROR] Failed to load resource: net::ERR_CONNECTION_REFUSED @ http://localhost:3100/:0
[ 1293235ms] [ERROR] Failed to load resource: net::ERR_CONNECTION_REFUSED @ http://localhost:3100/:0
[ 1294239ms] [ERROR] Failed to load resource: net::ERR_CONNECTION_REFUSED @ http://localhost:3100/:0
[ 1295242ms] [ERROR] Failed to load resource: net::ERR_CONNECTION_REFUSED @ http://localhost:3100/:0
[ 1296245ms] [ERROR] Failed to load resource: net::ERR_CONNECTION_REFUSED @ http://localhost:3100/:0
[ 1297252ms] [ERROR] Failed to load resource: net::ERR_CONNECTION_REFUSED @ http://localhost:3100/:0
[ 1298256ms] [ERROR] Failed to load resource: net::ERR_CONNECTION_REFUSED @ http://localhost:3100/:0
[ 1299260ms] [ERROR] Failed to load resource: net::ERR_CONNECTION_REFUSED @ http://localhost:3100/:0
[ 1300268ms] [ERROR] Failed to load resource: net::ERR_CONNECTION_REFUSED @ http://localhost:3100/:0
[ 1301271ms] [ERROR] Failed to load resource: net::ERR_CONNECTION_REFUSED @ http://localhost:3100/:0
[ 1302275ms] [ERROR] Failed to load resource: net::ERR_CONNECTION_REFUSED @ http://localhost:3100/:0
[ 1303278ms] [ERROR] Failed to load resource: net::ERR_CONNECTION_REFUSED @ http://localhost:3100/:0
[ 1304282ms] [ERROR] Failed to load resource: net::ERR_CONNECTION_REFUSED @ http://localhost:3100/:0
[ 1305285ms] [ERROR] Failed to load resource: net::ERR_CONNECTION_REFUSED @ http://localhost:3100/:0
[ 1306288ms] [ERROR] Failed to load resource: net::ERR_CONNECTION_REFUSED @ http://localhost:3100/:0
[ 1307292ms] [ERROR] Failed to load resource: net::ERR_CONNECTION_REFUSED @ http://localhost:3100/:0
[ 1308294ms] [ERROR] Failed to load resource: net::ERR_CONNECTION_REFUSED @ http://localhost:3100/:0
[ 1309301ms] [ERROR] Failed to load resource: net::ERR_CONNECTION_REFUSED @ http://localhost:3100/:0
[ 1310306ms] [ERROR] Failed to load resource: net::ERR_CONNECTION_REFUSED @ http://localhost:3100/:0
[ 1311311ms] [ERROR] Failed to load resource: net::ERR_CONNECTION_REFUSED @ http://localhost:3100/:0
[ 1312315ms] [ERROR] Failed to load resource: net::ERR_CONNECTION_REFUSED @ http://localhost:3100/:0
[ 1313319ms] [ERROR] Failed to load resource: net::ERR_CONNECTION_REFUSED @ http://localhost:3100/:0
[ 1314324ms] [ERROR] Failed to load resource: net::ERR_CONNECTION_REFUSED @ http://localhost:3100/:0
[ 1315331ms] [ERROR] Failed to load resource: net::ERR_CONNECTION_REFUSED @ http://localhost:3100/:0
[ 1316334ms] [ERROR] Failed to load resource: net::ERR_CONNECTION_REFUSED @ http://localhost:3100/:0
[ 1317336ms] [ERROR] Failed to load resource: net::ERR_CONNECTION_REFUSED @ http://localhost:3100/:0
[ 1318339ms] [ERROR] Failed to load resource: net::ERR_CONNECTION_REFUSED @ http://localhost:3100/:0
[ 1319344ms] [ERROR] Failed to load resource: net::ERR_CONNECTION_REFUSED @ http://localhost:3100/:0
[ 1320347ms] [ERROR] Failed to load resource: net::ERR_CONNECTION_REFUSED @ http://localhost:3100/:0
[ 1321350ms] [ERROR] Failed to load resource: net::ERR_CONNECTION_REFUSED @ http://localhost:3100/:0
[ 1322354ms] [ERROR] Failed to load resource: net::ERR_CONNECTION_REFUSED @ http://localhost:3100/:0
[ 1323358ms] [ERROR] Failed to load resource: net::ERR_CONNECTION_REFUSED @ http://localhost:3100/:0
[ 1324363ms] [ERROR] Failed to load resource: net::ERR_CONNECTION_REFUSED @ http://localhost:3100/:0
[ 1325367ms] [ERROR] Failed to load resource: net::ERR_CONNECTION_REFUSED @ http://localhost:3100/:0
[ 1326372ms] [ERROR] Failed to load resource: net::ERR_CONNECTION_REFUSED @ http://localhost:3100/:0
[ 1327376ms] [ERROR] Failed to load resource: net::ERR_CONNECTION_REFUSED @ http://localhost:3100/:0
[ 1328381ms] [ERROR] Failed to load resource: net::ERR_CONNECTION_REFUSED @ http://localhost:3100/:0
[ 1329384ms] [ERROR] Failed to load resource: net::ERR_CONNECTION_REFUSED @ http://localhost:3100/:0
[ 1330388ms] [ERROR] Failed to load resource: net::ERR_CONNECTION_REFUSED @ http://localhost:3100/:0
[ 1331394ms] [ERROR] Failed to load resource: net::ERR_CONNECTION_REFUSED @ http://localhost:3100/:0
[ 1332400ms] [ERROR] Failed to load resource: net::ERR_CONNECTION_REFUSED @ http://localhost:3100/:0
[ 1333407ms] [ERROR] Failed to load resource: net::ERR_CONNECTION_REFUSED @ http://localhost:3100/:0
[ 1334409ms] [ERROR] Failed to load resource: net::ERR_CONNECTION_REFUSED @ http://localhost:3100/:0
[ 1335413ms] [ERROR] Failed to load resource: net::ERR_CONNECTION_REFUSED @ http://localhost:3100/:0
[ 1336417ms] [ERROR] Failed to load resource: net::ERR_CONNECTION_REFUSED @ http://localhost:3100/:0
[ 1337419ms] [ERROR] Failed to load resource: net::ERR_CONNECTION_REFUSED @ http://localhost:3100/:0
[ 1338421ms] [ERROR] Failed to load resource: net::ERR_CONNECTION_REFUSED @ http://localhost:3100/:0
[ 1339424ms] [ERROR] Failed to load resource: net::ERR_CONNECTION_REFUSED @ http://localhost:3100/:0
[ 1340430ms] [ERROR] Failed to load resource: net::ERR_CONNECTION_REFUSED @ http://localhost:3100/:0
[ 1341433ms] [ERROR] Failed to load resource: net::ERR_CONNECTION_REFUSED @ http://localhost:3100/:0
[ 1342437ms] [ERROR] Failed to load resource: net::ERR_CONNECTION_REFUSED @ http://localhost:3100/:0
[ 1343441ms] [ERROR] Failed to load resource: net::ERR_CONNECTION_REFUSED @ http://localhost:3100/:0
[ 1344445ms] [ERROR] Failed to load resource: net::ERR_CONNECTION_REFUSED @ http://localhost:3100/:0
[ 1345448ms] [ERROR] Failed to load resource: net::ERR_CONNECTION_REFUSED @ http://localhost:3100/:0
[ 1346453ms] [ERROR] Failed to load resource: net::ERR_CONNECTION_REFUSED @ http://localhost:3100/:0
[ 1347465ms] [ERROR] Failed to load resource: net::ERR_CONNECTION_REFUSED @ http://localhost:3100/:0
[ 1348468ms] [ERROR] Failed to load resource: net::ERR_CONNECTION_REFUSED @ http://localhost:3100/:0
[ 1349472ms] [ERROR] Failed to load resource: net::ERR_CONNECTION_REFUSED @ http://localhost:3100/:0
[ 1350474ms] [ERROR] Failed to load resource: net::ERR_CONNECTION_REFUSED @ http://localhost:3100/:0
[ 1351480ms] [ERROR] Failed to load resource: net::ERR_CONNECTION_REFUSED @ http://localhost:3100/:0
[ 1352482ms] [ERROR] Failed to load resource: net::ERR_CONNECTION_REFUSED @ http://localhost:3100/:0
[ 1353484ms] [ERROR] Failed to load resource: net::ERR_CONNECTION_REFUSED @ http://localhost:3100/:0
[ 1354487ms] [ERROR] Failed to load resource: net::ERR_CONNECTION_REFUSED @ http://localhost:3100/:0
[ 1355493ms] [ERROR] Failed to load resource: net::ERR_CONNECTION_REFUSED @ http://localhost:3100/:0
[ 1356496ms] [ERROR] Failed to load resource: net::ERR_CONNECTION_REFUSED @ http://localhost:3100/:0
[ 1357500ms] [ERROR] Failed to load resource: net::ERR_CONNECTION_REFUSED @ http://localhost:3100/:0
[ 1358504ms] [ERROR] Failed to load resource: net::ERR_CONNECTION_REFUSED @ http://localhost:3100/:0
[ 1359509ms] [ERROR] Failed to load resource: net::ERR_CONNECTION_REFUSED @ http://localhost:3100/:0
[ 1360513ms] [ERROR] Failed to load resource: net::ERR_CONNECTION_REFUSED @ http://localhost:3100/:0
[ 1361516ms] [ERROR] Failed to load resource: net::ERR_CONNECTION_REFUSED @ http://localhost:3100/:0
[ 1362521ms] [ERROR] Failed to load resource: net::ERR_CONNECTION_REFUSED @ http://localhost:3100/:0
[ 1363524ms] [ERROR] Failed to load resource: net::ERR_CONNECTION_REFUSED @ http://localhost:3100/:0
[ 1364528ms] [ERROR] Failed to load resource: net::ERR_CONNECTION_REFUSED @ http://localhost:3100/:0
[ 1365533ms] [ERROR] Failed to load resource: net::ERR_CONNECTION_REFUSED @ http://localhost:3100/:0
[ 1366537ms] [ERROR] Failed to load resource: net::ERR_CONNECTION_REFUSED @ http://localhost:3100/:0
[ 1367539ms] [ERROR] Failed to load resource: net::ERR_CONNECTION_REFUSED @ http://localhost:3100/:0
[ 1368543ms] [ERROR] Failed to load resource: net::ERR_CONNECTION_REFUSED @ http://localhost:3100/:0
[ 1369547ms] [ERROR] Failed to load resource: net::ERR_CONNECTION_REFUSED @ http://localhost:3100/:0
[ 1370552ms] [ERROR] Failed to load resource: net::ERR_CONNECTION_REFUSED @ http://localhost:3100/:0
[ 1371556ms] [ERROR] Failed to load resource: net::ERR_CONNECTION_REFUSED @ http://localhost:3100/:0
[ 1372561ms] [ERROR] Failed to load resource: net::ERR_CONNECTION_REFUSED @ http://localhost:3100/:0
[ 1373565ms] [ERROR] Failed to load resource: net::ERR_CONNECTION_REFUSED @ http://localhost:3100/:0
[ 1374569ms] [ERROR] Failed to load resource: net::ERR_CONNECTION_REFUSED @ http://localhost:3100/:0
[ 1375573ms] [ERROR] Failed to load resource: net::ERR_CONNECTION_REFUSED @ http://localhost:3100/:0
[ 1376576ms] [ERROR] Failed to load resource: net::ERR_CONNECTION_REFUSED @ http://localhost:3100/:0
[ 1377579ms] [ERROR] Failed to load resource: net::ERR_CONNECTION_REFUSED @ http://localhost:3100/:0
[ 1378582ms] [ERROR] Failed to load resource: net::ERR_CONNECTION_REFUSED @ http://localhost:3100/:0
[ 1379587ms] [ERROR] Failed to load resource: net::ERR_CONNECTION_REFUSED @ http://localhost:3100/:0
[ 1380591ms] [ERROR] Failed to load resource: net::ERR_CONNECTION_REFUSED @ http://localhost:3100/:0
[ 1381594ms] [ERROR] Failed to load resource: net::ERR_CONNECTION_REFUSED @ http://localhost:3100/:0
[ 1382597ms] [ERROR] Failed to load resource: net::ERR_CONNECTION_REFUSED @ http://localhost:3100/:0
[ 1383601ms] [ERROR] Failed to load resource: net::ERR_CONNECTION_REFUSED @ http://localhost:3100/:0
[ 1384603ms] [ERROR] Failed to load resource: net::ERR_CONNECTION_REFUSED @ http://localhost:3100/:0
[ 1385609ms] [ERROR] Failed to load resource: net::ERR_CONNECTION_REFUSED @ http://localhost:3100/:0
[ 1386632ms] [ERROR] Failed to load resource: net::ERR_CONNECTION_REFUSED @ http://localhost:3100/:0
[ 1387639ms] [ERROR] Failed to load resource: net::ERR_CONNECTION_REFUSED @ http://localhost:3100/:0
[ 1388644ms] [ERROR] Failed to load resource: net::ERR_CONNECTION_REFUSED @ http://localhost:3100/:0
[ 1389649ms] [ERROR] Failed to load resource: net::ERR_CONNECTION_REFUSED @ http://localhost:3100/:0
[ 1390655ms] [ERROR] Failed to load resource: net::ERR_CONNECTION_REFUSED @ http://localhost:3100/:0
[ 1391660ms] [ERROR] Failed to load resource: net::ERR_CONNECTION_REFUSED @ http://localhost:3100/:0
[ 1392665ms] [ERROR] Failed to load resource: net::ERR_CONNECTION_REFUSED @ http://localhost:3100/:0
[ 1393668ms] [ERROR] Failed to load resource: net::ERR_CONNECTION_REFUSED @ http://localhost:3100/:0
[ 1394672ms] [ERROR] Failed to load resource: net::ERR_CONNECTION_REFUSED @ http://localhost:3100/:0
[ 1395676ms] [ERROR] Failed to load resource: net::ERR_CONNECTION_REFUSED @ http://localhost:3100/:0
[ 1396679ms] [ERROR] Failed to load resource: net::ERR_CONNECTION_REFUSED @ http://localhost:3100/:0
[ 1397682ms] [ERROR] Failed to load resource: net::ERR_CONNECTION_REFUSED @ http://localhost:3100/:0
[ 1398688ms] [ERROR] Failed to load resource: net::ERR_CONNECTION_REFUSED @ http://localhost:3100/:0
[ 1399694ms] [ERROR] Failed to load resource: net::ERR_CONNECTION_REFUSED @ http://localhost:3100/:0
[ 1400699ms] [ERROR] Failed to load resource: net::ERR_CONNECTION_REFUSED @ http://localhost:3100/:0
[ 1401703ms] [ERROR] Failed to load resource: net::ERR_CONNECTION_REFUSED @ http://localhost:3100/:0
[ 1402708ms] [ERROR] Failed to load resource: net::ERR_CONNECTION_REFUSED @ http://localhost:3100/:0
[ 1403713ms] [ERROR] Failed to load resource: net::ERR_CONNECTION_REFUSED @ http://localhost:3100/:0
[ 1404717ms] [ERROR] Failed to load resource: net::ERR_CONNECTION_REFUSED @ http://localhost:3100/:0
[ 1405721ms] [ERROR] Failed to load resource: net::ERR_CONNECTION_REFUSED @ http://localhost:3100/:0
[ 1406725ms] [ERROR] Failed to load resource: net::ERR_CONNECTION_REFUSED @ http://localhost:3100/:0
[ 1407728ms] [ERROR] Failed to load resource: net::ERR_CONNECTION_REFUSED @ http://localhost:3100/:0
[ 1408732ms] [ERROR] Failed to load resource: net::ERR_CONNECTION_REFUSED @ http://localhost:3100/:0
[ 1409736ms] [ERROR] Failed to load resource: net::ERR_CONNECTION_REFUSED @ http://localhost:3100/:0
[ 1410742ms] [ERROR] Failed to load resource: net::ERR_CONNECTION_REFUSED @ http://localhost:3100/:0
[ 1411749ms] [ERROR] Failed to load resource: net::ERR_CONNECTION_REFUSED @ http://localhost:3100/:0
[ 1412754ms] [ERROR] Failed to load resource: net::ERR_CONNECTION_REFUSED @ http://localhost:3100/:0
[ 1413760ms] [ERROR] Failed to load resource: net::ERR_CONNECTION_REFUSED @ http://localhost:3100/:0
[ 1414767ms] [ERROR] Failed to load resource: net::ERR_CONNECTION_REFUSED @ http://localhost:3100/:0
[ 1415772ms] [ERROR] Failed to load resource: net::ERR_CONNECTION_REFUSED @ http://localhost:3100/:0
[ 1416781ms] [ERROR] Failed to load resource: net::ERR_CONNECTION_REFUSED @ http://localhost:3100/:0
[ 1417791ms] [ERROR] Failed to load resource: net::ERR_CONNECTION_REFUSED @ http://localhost:3100/:0
[ 1418794ms] [ERROR] Failed to load resource: net::ERR_CONNECTION_REFUSED @ http://localhost:3100/:0
[ 1419798ms] [ERROR] Failed to load resource: net::ERR_CONNECTION_REFUSED @ http://localhost:3100/:0
[ 1420802ms] [ERROR] Failed to load resource: net::ERR_CONNECTION_REFUSED @ http://localhost:3100/:0
[ 1421808ms] [ERROR] Failed to load resource: net::ERR_CONNECTION_REFUSED @ http://localhost:3100/:0
[ 1422811ms] [ERROR] Failed to load resource: net::ERR_CONNECTION_REFUSED @ http://localhost:3100/:0
[ 1423816ms] [ERROR] Failed to load resource: net::ERR_CONNECTION_REFUSED @ http://localhost:3100/:0
[ 1424821ms] [ERROR] Failed to load resource: net::ERR_CONNECTION_REFUSED @ http://localhost:3100/:0
[ 1425826ms] [ERROR] Failed to load resource: net::ERR_CONNECTION_REFUSED @ http://localhost:3100/:0
[ 1426831ms] [ERROR] Failed to load resource: net::ERR_CONNECTION_REFUSED @ http://localhost:3100/:0
[ 1427835ms] [ERROR] Failed to load resource: net::ERR_CONNECTION_REFUSED @ http://localhost:3100/:0
[ 1428842ms] [ERROR] Failed to load resource: net::ERR_CONNECTION_REFUSED @ http://localhost:3100/:0
[ 1429845ms] [ERROR] Failed to load resource: net::ERR_CONNECTION_REFUSED @ http://localhost:3100/:0
[ 1430850ms] [ERROR] Failed to load resource: net::ERR_CONNECTION_REFUSED @ http://localhost:3100/:0
[ 1431857ms] [ERROR] Failed to load resource: net::ERR_CONNECTION_REFUSED @ http://localhost:3100/:0
[ 1432860ms] [ERROR] Failed to load resource: net::ERR_CONNECTION_REFUSED @ http://localhost:3100/:0
[ 1433863ms] [ERROR] Failed to load resource: net::ERR_CONNECTION_REFUSED @ http://localhost:3100/:0
[ 1434871ms] [ERROR] Failed to load resource: net::ERR_CONNECTION_REFUSED @ http://localhost:3100/:0
[ 1435934ms] [ERROR] Failed to load resource: net::ERR_CONNECTION_REFUSED @ http://localhost:3100/:0
[ 1436938ms] [ERROR] Failed to load resource: net::ERR_CONNECTION_REFUSED @ http://localhost:3100/:0
[ 1437942ms] [ERROR] Failed to load resource: net::ERR_CONNECTION_REFUSED @ http://localhost:3100/:0
[ 1438945ms] [ERROR] Failed to load resource: net::ERR_CONNECTION_REFUSED @ http://localhost:3100/:0
[ 1439949ms] [ERROR] Failed to load resource: net::ERR_CONNECTION_REFUSED @ http://localhost:3100/:0
[ 1440954ms] [ERROR] Failed to load resource: net::ERR_CONNECTION_REFUSED @ http://localhost:3100/:0
[ 1441956ms] [ERROR] Failed to load resource: net::ERR_CONNECTION_REFUSED @ http://localhost:3100/:0
[ 1442964ms] [ERROR] Failed to load resource: net::ERR_CONNECTION_REFUSED @ http://localhost:3100/:0
[ 1443968ms] [ERROR] Failed to load resource: net::ERR_CONNECTION_REFUSED @ http://localhost:3100/:0
[ 1444979ms] [ERROR] Failed to load resource: net::ERR_CONNECTION_REFUSED @ http://localhost:3100/:0
[ 1445984ms] [ERROR] Failed to load resource: net::ERR_CONNECTION_REFUSED @ http://localhost:3100/:0
[ 1446987ms] [ERROR] Failed to load resource: net::ERR_CONNECTION_REFUSED @ http://localhost:3100/:0
[ 1447991ms] [ERROR] Failed to load resource: net::ERR_CONNECTION_REFUSED @ http://localhost:3100/:0
[ 1448994ms] [ERROR] Failed to load resource: net::ERR_CONNECTION_REFUSED @ http://localhost:3100/:0
[ 1449996ms] [ERROR] Failed to load resource: net::ERR_CONNECTION_REFUSED @ http://localhost:3100/:0
[ 1450999ms] [ERROR] Failed to load resource: net::ERR_CONNECTION_REFUSED @ http://localhost:3100/:0
[ 1452002ms] [ERROR] Failed to load resource: net::ERR_CONNECTION_REFUSED @ http://localhost:3100/:0
[ 1453007ms] [ERROR] Failed to load resource: net::ERR_CONNECTION_REFUSED @ http://localhost:3100/:0
[ 1454010ms] [ERROR] Failed to load resource: net::ERR_CONNECTION_REFUSED @ http://localhost:3100/:0
[ 1455015ms] [ERROR] Failed to load resource: net::ERR_CONNECTION_REFUSED @ http://localhost:3100/:0
[ 1456023ms] [ERROR] Failed to load resource: net::ERR_CONNECTION_REFUSED @ http://localhost:3100/:0
[ 1457029ms] [ERROR] Failed to load resource: net::ERR_CONNECTION_REFUSED @ http://localhost:3100/:0
[ 1458033ms] [ERROR] Failed to load resource: net::ERR_CONNECTION_REFUSED @ http://localhost:3100/:0
[ 1459036ms] [ERROR] Failed to load resource: net::ERR_CONNECTION_REFUSED @ http://localhost:3100/:0
[ 1460039ms] [ERROR] Failed to load resource: net::ERR_CONNECTION_REFUSED @ http://localhost:3100/:0
[ 1461045ms] [ERROR] Failed to load resource: net::ERR_CONNECTION_REFUSED @ http://localhost:3100/:0
[ 1462048ms] [ERROR] Failed to load resource: net::ERR_CONNECTION_REFUSED @ http://localhost:3100/:0
[ 1463054ms] [ERROR] Failed to load resource: net::ERR_CONNECTION_REFUSED @ http://localhost:3100/:0
[ 1464057ms] [ERROR] Failed to load resource: net::ERR_CONNECTION_REFUSED @ http://localhost:3100/:0
[ 1465061ms] [ERROR] Failed to load resource: net::ERR_CONNECTION_REFUSED @ http://localhost:3100/:0
[ 1466064ms] [ERROR] Failed to load resource: net::ERR_CONNECTION_REFUSED @ http://localhost:3100/:0
[ 1467072ms] [ERROR] Failed to load resource: net::ERR_CONNECTION_REFUSED @ http://localhost:3100/:0
[ 1468077ms] [ERROR] Failed to load resource: net::ERR_CONNECTION_REFUSED @ http://localhost:3100/:0
[ 1469081ms] [ERROR] Failed to load resource: net::ERR_CONNECTION_REFUSED @ http://localhost:3100/:0
[ 1470087ms] [ERROR] Failed to load resource: net::ERR_CONNECTION_REFUSED @ http://localhost:3100/:0
[ 1471090ms] [ERROR] Failed to load resource: net::ERR_CONNECTION_REFUSED @ http://localhost:3100/:0
[ 1472094ms] [ERROR] Failed to load resource: net::ERR_CONNECTION_REFUSED @ http://localhost:3100/:0
[ 1473098ms] [ERROR] Failed to load resource: net::ERR_CONNECTION_REFUSED @ http://localhost:3100/:0
[ 1474104ms] [ERROR] Failed to load resource: net::ERR_CONNECTION_REFUSED @ http://localhost:3100/:0
[ 1475108ms] [ERROR] Failed to load resource: net::ERR_CONNECTION_REFUSED @ http://localhost:3100/:0
[ 1476112ms] [ERROR] Failed to load resource: net::ERR_CONNECTION_REFUSED @ http://localhost:3100/:0
[ 1477116ms] [ERROR] Failed to load resource: net::ERR_CONNECTION_REFUSED @ http://localhost:3100/:0
[ 1478121ms] [ERROR] Failed to load resource: net::ERR_CONNECTION_REFUSED @ http://localhost:3100/:0
[ 1479125ms] [ERROR] Failed to load resource: net::ERR_CONNECTION_REFUSED @ http://localhost:3100/:0
[ 1480129ms] [ERROR] Failed to load resource: net::ERR_CONNECTION_REFUSED @ http://localhost:3100/:0
[ 1481132ms] [ERROR] Failed to load resource: net::ERR_CONNECTION_REFUSED @ http://localhost:3100/:0
[ 1482136ms] [ERROR] Failed to load resource: net::ERR_CONNECTION_REFUSED @ http://localhost:3100/:0
[ 1483141ms] [ERROR] Failed to load resource: net::ERR_CONNECTION_REFUSED @ http://localhost:3100/:0
[ 1484147ms] [ERROR] Failed to load resource: net::ERR_CONNECTION_REFUSED @ http://localhost:3100/:0
[ 1485152ms] [ERROR] Failed to load resource: net::ERR_CONNECTION_REFUSED @ http://localhost:3100/:0
[ 1486156ms] [ERROR] Failed to load resource: net::ERR_CONNECTION_REFUSED @ http://localhost:3100/:0
[ 1487159ms] [ERROR] Failed to load resource: net::ERR_CONNECTION_REFUSED @ http://localhost:3100/:0
[ 1488163ms] [ERROR] Failed to load resource: net::ERR_CONNECTION_REFUSED @ http://localhost:3100/:0
[ 1489166ms] [ERROR] Failed to load resource: net::ERR_CONNECTION_REFUSED @ http://localhost:3100/:0
[ 1490169ms] [ERROR] Failed to load resource: net::ERR_CONNECTION_REFUSED @ http://localhost:3100/:0
[ 1491172ms] [ERROR] Failed to load resource: net::ERR_CONNECTION_REFUSED @ http://localhost:3100/:0
[ 1492176ms] [ERROR] Failed to load resource: net::ERR_CONNECTION_REFUSED @ http://localhost:3100/:0
[ 1493180ms] [ERROR] Failed to load resource: net::ERR_CONNECTION_REFUSED @ http://localhost:3100/:0
[ 1494187ms] [ERROR] Failed to load resource: net::ERR_CONNECTION_REFUSED @ http://localhost:3100/:0
[ 1495191ms] [ERROR] Failed to load resource: net::ERR_CONNECTION_REFUSED @ http://localhost:3100/:0
[ 1496195ms] [ERROR] Failed to load resource: net::ERR_CONNECTION_REFUSED @ http://localhost:3100/:0
[ 1497200ms] [ERROR] Failed to load resource: net::ERR_CONNECTION_REFUSED @ http://localhost:3100/:0
[ 1498207ms] [ERROR] Failed to load resource: net::ERR_CONNECTION_REFUSED @ http://localhost:3100/:0
[ 1499211ms] [ERROR] Failed to load resource: net::ERR_CONNECTION_REFUSED @ http://localhost:3100/:0
[ 1500215ms] [ERROR] Failed to load resource: net::ERR_CONNECTION_REFUSED @ http://localhost:3100/:0
[ 1501217ms] [ERROR] Failed to load resource: net::ERR_CONNECTION_REFUSED @ http://localhost:3100/:0
[ 1502221ms] [ERROR] Failed to load resource: net::ERR_CONNECTION_REFUSED @ http://localhost:3100/:0
[ 1503224ms] [ERROR] Failed to load resource: net::ERR_CONNECTION_REFUSED @ http://localhost:3100/:0
[ 1504232ms] [ERROR] Failed to load resource: net::ERR_CONNECTION_REFUSED @ http://localhost:3100/:0
[ 1505236ms] [ERROR] Failed to load resource: net::ERR_CONNECTION_REFUSED @ http://localhost:3100/:0
[ 1506239ms] [ERROR] Failed to load resource: net::ERR_CONNECTION_REFUSED @ http://localhost:3100/:0
[ 1507244ms] [ERROR] Failed to load resource: net::ERR_CONNECTION_REFUSED @ http://localhost:3100/:0
[ 1508250ms] [ERROR] Failed to load resource: net::ERR_CONNECTION_REFUSED @ http://localhost:3100/:0
[ 1509253ms] [ERROR] Failed to load resource: net::ERR_CONNECTION_REFUSED @ http://localhost:3100/:0
[ 1510259ms] [ERROR] Failed to load resource: net::ERR_CONNECTION_REFUSED @ http://localhost:3100/:0
[ 1511266ms] [ERROR] Failed to load resource: net::ERR_CONNECTION_REFUSED @ http://localhost:3100/:0
[ 1512270ms] [ERROR] Failed to load resource: net::ERR_CONNECTION_REFUSED @ http://localhost:3100/:0
[ 1513274ms] [ERROR] Failed to load resource: net::ERR_CONNECTION_REFUSED @ http://localhost:3100/:0
[ 1514278ms] [ERROR] Failed to load resource: net::ERR_CONNECTION_REFUSED @ http://localhost:3100/:0
[ 1515283ms] [ERROR] Failed to load resource: net::ERR_CONNECTION_REFUSED @ http://localhost:3100/:0
[ 1516288ms] [ERROR] Failed to load resource: net::ERR_CONNECTION_REFUSED @ http://localhost:3100/:0
[ 1517290ms] [ERROR] Failed to load resource: net::ERR_CONNECTION_REFUSED @ http://localhost:3100/:0
[ 1518294ms] [ERROR] Failed to load resource: net::ERR_CONNECTION_REFUSED @ http://localhost:3100/:0
[ 1519300ms] [ERROR] Failed to load resource: net::ERR_CONNECTION_REFUSED @ http://localhost:3100/:0
[ 1520303ms] [ERROR] Failed to load resource: net::ERR_CONNECTION_REFUSED @ http://localhost:3100/:0
[ 1521308ms] [ERROR] Failed to load resource: net::ERR_CONNECTION_REFUSED @ http://localhost:3100/:0
[ 1522311ms] [ERROR] Failed to load resource: net::ERR_CONNECTION_REFUSED @ http://localhost:3100/:0
[ 1523316ms] [ERROR] Failed to load resource: net::ERR_CONNECTION_REFUSED @ http://localhost:3100/:0
[ 1524319ms] [ERROR] Failed to load resource: net::ERR_CONNECTION_REFUSED @ http://localhost:3100/:0
[ 1525324ms] [ERROR] Failed to load resource: net::ERR_CONNECTION_REFUSED @ http://localhost:3100/:0
[ 1526328ms] [ERROR] Failed to load resource: net::ERR_CONNECTION_REFUSED @ http://localhost:3100/:0
[ 1527331ms] [ERROR] Failed to load resource: net::ERR_CONNECTION_REFUSED @ http://localhost:3100/:0
[ 1528336ms] [ERROR] Failed to load resource: net::ERR_CONNECTION_REFUSED @ http://localhost:3100/:0
[ 1529339ms] [ERROR] Failed to load resource: net::ERR_CONNECTION_REFUSED @ http://localhost:3100/:0
[ 1530345ms] [ERROR] Failed to load resource: net::ERR_CONNECTION_REFUSED @ http://localhost:3100/:0
[ 1531349ms] [ERROR] Failed to load resource: net::ERR_CONNECTION_REFUSED @ http://localhost:3100/:0
[ 1532352ms] [ERROR] Failed to load resource: net::ERR_CONNECTION_REFUSED @ http://localhost:3100/:0
[ 1533354ms] [ERROR] Failed to load resource: net::ERR_CONNECTION_REFUSED @ http://localhost:3100/:0
[ 1534358ms] [ERROR] Failed to load resource: net::ERR_CONNECTION_REFUSED @ http://localhost:3100/:0
[ 1535363ms] [ERROR] Failed to load resource: net::ERR_CONNECTION_REFUSED @ http://localhost:3100/:0
[ 1536368ms] [ERROR] Failed to load resource: net::ERR_CONNECTION_REFUSED @ http://localhost:3100/:0
[ 1537371ms] [ERROR] Failed to load resource: net::ERR_CONNECTION_REFUSED @ http://localhost:3100/:0
[ 1538375ms] [ERROR] Failed to load resource: net::ERR_CONNECTION_REFUSED @ http://localhost:3100/:0
[ 1539380ms] [ERROR] Failed to load resource: net::ERR_CONNECTION_REFUSED @ http://localhost:3100/:0
[ 1540384ms] [ERROR] Failed to load resource: net::ERR_CONNECTION_REFUSED @ http://localhost:3100/:0
[ 1541389ms] [ERROR] Failed to load resource: net::ERR_CONNECTION_REFUSED @ http://localhost:3100/:0
[ 1542391ms] [ERROR] Failed to load resource: net::ERR_CONNECTION_REFUSED @ http://localhost:3100/:0
[ 1543396ms] [ERROR] Failed to load resource: net::ERR_CONNECTION_REFUSED @ http://localhost:3100/:0
[ 1544401ms] [ERROR] Failed to load resource: net::ERR_CONNECTION_REFUSED @ http://localhost:3100/:0
[ 1545405ms] [ERROR] Failed to load resource: net::ERR_CONNECTION_REFUSED @ http://localhost:3100/:0
[ 1546409ms] [ERROR] Failed to load resource: net::ERR_CONNECTION_REFUSED @ http://localhost:3100/:0
[ 1547412ms] [ERROR] Failed to load resource: net::ERR_CONNECTION_REFUSED @ http://localhost:3100/:0
[ 1548416ms] [ERROR] Failed to load resource: net::ERR_CONNECTION_REFUSED @ http://localhost:3100/:0
[ 1549420ms] [ERROR] Failed to load resource: net::ERR_CONNECTION_REFUSED @ http://localhost:3100/:0
[ 1550423ms] [ERROR] Failed to load resource: net::ERR_CONNECTION_REFUSED @ http://localhost:3100/:0
[ 1551427ms] [ERROR] Failed to load resource: net::ERR_CONNECTION_REFUSED @ http://localhost:3100/:0
[ 1552431ms] [ERROR] Failed to load resource: net::ERR_CONNECTION_REFUSED @ http://localhost:3100/:0
[ 1553436ms] [ERROR] Failed to load resource: net::ERR_CONNECTION_REFUSED @ http://localhost:3100/:0
[ 1554439ms] [ERROR] Failed to load resource: net::ERR_CONNECTION_REFUSED @ http://localhost:3100/:0
[ 1555444ms] [ERROR] Failed to load resource: net::ERR_CONNECTION_REFUSED @ http://localhost:3100/:0
[ 1556448ms] [ERROR] Failed to load resource: net::ERR_CONNECTION_REFUSED @ http://localhost:3100/:0
[ 1557453ms] [ERROR] Failed to load resource: net::ERR_CONNECTION_REFUSED @ http://localhost:3100/:0
[ 1558457ms] [ERROR] Failed to load resource: net::ERR_CONNECTION_REFUSED @ http://localhost:3100/:0
[ 1559461ms] [ERROR] Failed to load resource: net::ERR_CONNECTION_REFUSED @ http://localhost:3100/:0
[ 1560465ms] [ERROR] Failed to load resource: net::ERR_CONNECTION_REFUSED @ http://localhost:3100/:0
[ 1561472ms] [ERROR] Failed to load resource: net::ERR_CONNECTION_REFUSED @ http://localhost:3100/:0
[ 1562478ms] [ERROR] Failed to load resource: net::ERR_CONNECTION_REFUSED @ http://localhost:3100/:0
[ 1563485ms] [ERROR] Failed to load resource: net::ERR_CONNECTION_REFUSED @ http://localhost:3100/:0
[ 1564489ms] [ERROR] Failed to load resource: net::ERR_CONNECTION_REFUSED @ http://localhost:3100/:0
[ 1565492ms] [ERROR] Failed to load resource: net::ERR_CONNECTION_REFUSED @ http://localhost:3100/:0
[ 1566496ms] [ERROR] Failed to load resource: net::ERR_CONNECTION_REFUSED @ http://localhost:3100/:0
[ 1567501ms] [ERROR] Failed to load resource: net::ERR_CONNECTION_REFUSED @ http://localhost:3100/:0
[ 1568504ms] [ERROR] Failed to load resource: net::ERR_CONNECTION_REFUSED @ http://localhost:3100/:0
[ 1569506ms] [ERROR] Failed to load resource: net::ERR_CONNECTION_REFUSED @ http://localhost:3100/:0
[ 1570513ms] [ERROR] Failed to load resource: net::ERR_CONNECTION_REFUSED @ http://localhost:3100/:0
[ 1571518ms] [ERROR] Failed to load resource: net::ERR_CONNECTION_REFUSED @ http://localhost:3100/:0
[ 1572522ms] [ERROR] Failed to load resource: net::ERR_CONNECTION_REFUSED @ http://localhost:3100/:0
[ 1573525ms] [ERROR] Failed to load resource: net::ERR_CONNECTION_REFUSED @ http://localhost:3100/:0
[ 1574530ms] [ERROR] Failed to load resource: net::ERR_CONNECTION_REFUSED @ http://localhost:3100/:0
[ 1575535ms] [ERROR] Failed to load resource: net::ERR_CONNECTION_REFUSED @ http://localhost:3100/:0
[ 1576540ms] [ERROR] Failed to load resource: net::ERR_CONNECTION_REFUSED @ http://localhost:3100/:0
[ 1577543ms] [ERROR] Failed to load resource: net::ERR_CONNECTION_REFUSED @ http://localhost:3100/:0
[ 1578547ms] [ERROR] Failed to load resource: net::ERR_CONNECTION_REFUSED @ http://localhost:3100/:0
[ 1579551ms] [ERROR] Failed to load resource: net::ERR_CONNECTION_REFUSED @ http://localhost:3100/:0
[ 1580555ms] [ERROR] Failed to load resource: net::ERR_CONNECTION_REFUSED @ http://localhost:3100/:0
[ 1581560ms] [ERROR] Failed to load resource: net::ERR_CONNECTION_REFUSED @ http://localhost:3100/:0
[ 1582562ms] [ERROR] Failed to load resource: net::ERR_CONNECTION_REFUSED @ http://localhost:3100/:0
[ 1583566ms] [ERROR] Failed to load resource: net::ERR_CONNECTION_REFUSED @ http://localhost:3100/:0
[ 1584569ms] [ERROR] Failed to load resource: net::ERR_CONNECTION_REFUSED @ http://localhost:3100/:0
[ 1585572ms] [ERROR] Failed to load resource: net::ERR_CONNECTION_REFUSED @ http://localhost:3100/:0
[ 1586575ms] [ERROR] Failed to load resource: net::ERR_CONNECTION_REFUSED @ http://localhost:3100/:0
[ 1587577ms] [ERROR] Failed to load resource: net::ERR_CONNECTION_REFUSED @ http://localhost:3100/:0
[ 1588586ms] [ERROR] Failed to load resource: net::ERR_CONNECTION_REFUSED @ http://localhost:3100/:0
[ 1589590ms] [ERROR] Failed to load resource: net::ERR_CONNECTION_REFUSED @ http://localhost:3100/:0
[ 1590594ms] [ERROR] Failed to load resource: net::ERR_CONNECTION_REFUSED @ http://localhost:3100/:0
[ 1591598ms] [ERROR] Failed to load resource: net::ERR_CONNECTION_REFUSED @ http://localhost:3100/:0
[ 1592603ms] [ERROR] Failed to load resource: net::ERR_CONNECTION_REFUSED @ http://localhost:3100/:0
[ 1593605ms] [ERROR] Failed to load resource: net::ERR_CONNECTION_REFUSED @ http://localhost:3100/:0
[ 1594608ms] [ERROR] Failed to load resource: net::ERR_CONNECTION_REFUSED @ http://localhost:3100/:0
[ 1595613ms] [ERROR] Failed to load resource: net::ERR_CONNECTION_REFUSED @ http://localhost:3100/:0
[ 1596616ms] [ERROR] Failed to load resource: net::ERR_CONNECTION_REFUSED @ http://localhost:3100/:0
[ 1597623ms] [ERROR] Failed to load resource: net::ERR_CONNECTION_REFUSED @ http://localhost:3100/:0
[ 1598627ms] [ERROR] Failed to load resource: net::ERR_CONNECTION_REFUSED @ http://localhost:3100/:0
[ 1599630ms] [ERROR] Failed to load resource: net::ERR_CONNECTION_REFUSED @ http://localhost:3100/:0
[ 1600635ms] [ERROR] Failed to load resource: net::ERR_CONNECTION_REFUSED @ http://localhost:3100/:0
[ 1601637ms] [ERROR] Failed to load resource: net::ERR_CONNECTION_REFUSED @ http://localhost:3100/:0
[ 1602643ms] [ERROR] Failed to load resource: net::ERR_CONNECTION_REFUSED @ http://localhost:3100/:0
[ 1603651ms] [ERROR] Failed to load resource: net::ERR_CONNECTION_REFUSED @ http://localhost:3100/:0
[ 1604654ms] [ERROR] Failed to load resource: net::ERR_CONNECTION_REFUSED @ http://localhost:3100/:0
[ 1605658ms] [ERROR] Failed to load resource: net::ERR_CONNECTION_REFUSED @ http://localhost:3100/:0
[ 1606666ms] [ERROR] Failed to load resource: net::ERR_CONNECTION_REFUSED @ http://localhost:3100/:0
[ 1607671ms] [ERROR] Failed to load resource: net::ERR_CONNECTION_REFUSED @ http://localhost:3100/:0
[ 1608674ms] [ERROR] Failed to load resource: net::ERR_CONNECTION_REFUSED @ http://localhost:3100/:0
[ 1609680ms] [ERROR] Failed to load resource: net::ERR_CONNECTION_REFUSED @ http://localhost:3100/:0
[ 1610684ms] [ERROR] Failed to load resource: net::ERR_CONNECTION_REFUSED @ http://localhost:3100/:0
[ 1611691ms] [ERROR] Failed to load resource: net::ERR_CONNECTION_REFUSED @ http://localhost:3100/:0
[ 1612696ms] [ERROR] Failed to load resource: net::ERR_CONNECTION_REFUSED @ http://localhost:3100/:0
[ 1613701ms] [ERROR] Failed to load resource: net::ERR_CONNECTION_REFUSED @ http://localhost:3100/:0
[ 1614707ms] [ERROR] Failed to load resource: net::ERR_CONNECTION_REFUSED @ http://localhost:3100/:0
[ 1615710ms] [ERROR] Failed to load resource: net::ERR_CONNECTION_REFUSED @ http://localhost:3100/:0
[ 1616715ms] [ERROR] Failed to load resource: net::ERR_CONNECTION_REFUSED @ http://localhost:3100/:0
[ 1617720ms] [ERROR] Failed to load resource: net::ERR_CONNECTION_REFUSED @ http://localhost:3100/:0
[ 1618725ms] [ERROR] Failed to load resource: net::ERR_CONNECTION_REFUSED @ http://localhost:3100/:0
[ 1619729ms] [ERROR] Failed to load resource: net::ERR_CONNECTION_REFUSED @ http://localhost:3100/:0
[ 1620734ms] [ERROR] Failed to load resource: net::ERR_CONNECTION_REFUSED @ http://localhost:3100/:0
[ 1621739ms] [ERROR] Failed to load resource: net::ERR_CONNECTION_REFUSED @ http://localhost:3100/:0
[ 1622743ms] [ERROR] Failed to load resource: net::ERR_CONNECTION_REFUSED @ http://localhost:3100/:0
[ 1623749ms] [ERROR] Failed to load resource: net::ERR_CONNECTION_REFUSED @ http://localhost:3100/:0
[ 1624754ms] [ERROR] Failed to load resource: net::ERR_CONNECTION_REFUSED @ http://localhost:3100/:0
[ 1625758ms] [ERROR] Failed to load resource: net::ERR_CONNECTION_REFUSED @ http://localhost:3100/:0
[ 1626769ms] [ERROR] Failed to load resource: net::ERR_CONNECTION_REFUSED @ http://localhost:3100/:0
[ 1627774ms] [ERROR] Failed to load resource: net::ERR_CONNECTION_REFUSED @ http://localhost:3100/:0
[ 1628778ms] [ERROR] Failed to load resource: net::ERR_CONNECTION_REFUSED @ http://localhost:3100/:0
[ 1629783ms] [ERROR] Failed to load resource: net::ERR_CONNECTION_REFUSED @ http://localhost:3100/:0
[ 1630787ms] [ERROR] Failed to load resource: net::ERR_CONNECTION_REFUSED @ http://localhost:3100/:0
[ 1631791ms] [ERROR] Failed to load resource: net::ERR_CONNECTION_REFUSED @ http://localhost:3100/:0
[ 1632795ms] [ERROR] Failed to load resource: net::ERR_CONNECTION_REFUSED @ http://localhost:3100/:0
[ 1633799ms] [ERROR] Failed to load resource: net::ERR_CONNECTION_REFUSED @ http://localhost:3100/:0
[ 1634807ms] [ERROR] Failed to load resource: net::ERR_CONNECTION_REFUSED @ http://localhost:3100/:0
[ 1635811ms] [ERROR] Failed to load resource: net::ERR_CONNECTION_REFUSED @ http://localhost:3100/:0
[ 1636814ms] [ERROR] Failed to load resource: net::ERR_CONNECTION_REFUSED @ http://localhost:3100/:0
[ 1637896ms] [ERROR] Failed to load resource: net::ERR_CONNECTION_REFUSED @ http://localhost:3100/:0
[ 1638900ms] [ERROR] Failed to load resource: net::ERR_CONNECTION_REFUSED @ http://localhost:3100/:0
[ 1639904ms] [ERROR] Failed to load resource: net::ERR_CONNECTION_REFUSED @ http://localhost:3100/:0
[ 1640907ms] [ERROR] Failed to load resource: net::ERR_CONNECTION_REFUSED @ http://localhost:3100/:0
[ 1641911ms] [ERROR] Failed to load resource: net::ERR_CONNECTION_REFUSED @ http://localhost:3100/:0
[ 1642914ms] [ERROR] Failed to load resource: net::ERR_CONNECTION_REFUSED @ http://localhost:3100/:0
[ 1643916ms] [ERROR] Failed to load resource: net::ERR_CONNECTION_REFUSED @ http://localhost:3100/:0
[ 1644919ms] [ERROR] Failed to load resource: net::ERR_CONNECTION_REFUSED @ http://localhost:3100/:0
[ 1645923ms] [ERROR] Failed to load resource: net::ERR_CONNECTION_REFUSED @ http://localhost:3100/:0
[ 1646927ms] [ERROR] Failed to load resource: net::ERR_CONNECTION_REFUSED @ http://localhost:3100/:0
[ 1647933ms] [ERROR] Failed to load resource: net::ERR_CONNECTION_REFUSED @ http://localhost:3100/:0
[ 1648937ms] [ERROR] Failed to load resource: net::ERR_CONNECTION_REFUSED @ http://localhost:3100/:0
[ 1649944ms] [ERROR] Failed to load resource: net::ERR_CONNECTION_REFUSED @ http://localhost:3100/:0
[ 1650950ms] [ERROR] Failed to load resource: net::ERR_CONNECTION_REFUSED @ http://localhost:3100/:0
[ 1651956ms] [ERROR] Failed to load resource: net::ERR_CONNECTION_REFUSED @ http://localhost:3100/:0
[ 1652960ms] [ERROR] Failed to load resource: net::ERR_CONNECTION_REFUSED @ http://localhost:3100/:0
[ 1653964ms] [ERROR] Failed to load resource: net::ERR_CONNECTION_REFUSED @ http://localhost:3100/:0
[ 1654967ms] [ERROR] Failed to load resource: net::ERR_CONNECTION_REFUSED @ http://localhost:3100/:0
[ 1655970ms] [ERROR] Failed to load resource: net::ERR_CONNECTION_REFUSED @ http://localhost:3100/:0
[ 1656974ms] [ERROR] Failed to load resource: net::ERR_CONNECTION_REFUSED @ http://localhost:3100/:0
[ 1657978ms] [ERROR] Failed to load resource: net::ERR_CONNECTION_REFUSED @ http://localhost:3100/:0
[ 1658981ms] [ERROR] Failed to load resource: net::ERR_CONNECTION_REFUSED @ http://localhost:3100/:0
[ 1659985ms] [ERROR] Failed to load resource: net::ERR_CONNECTION_REFUSED @ http://localhost:3100/:0
[ 1660992ms] [ERROR] Failed to load resource: net::ERR_CONNECTION_REFUSED @ http://localhost:3100/:0
[ 1661996ms] [ERROR] Failed to load resource: net::ERR_CONNECTION_REFUSED @ http://localhost:3100/:0
[ 1663000ms] [ERROR] Failed to load resource: net::ERR_CONNECTION_REFUSED @ http://localhost:3100/:0
[ 1664003ms] [ERROR] Failed to load resource: net::ERR_CONNECTION_REFUSED @ http://localhost:3100/:0
[ 1665008ms] [ERROR] Failed to load resource: net::ERR_CONNECTION_REFUSED @ http://localhost:3100/:0
[ 1666012ms] [ERROR] Failed to load resource: net::ERR_CONNECTION_REFUSED @ http://localhost:3100/:0
[ 1667018ms] [ERROR] Failed to load resource: net::ERR_CONNECTION_REFUSED @ http://localhost:3100/:0
[ 1668022ms] [ERROR] Failed to load resource: net::ERR_CONNECTION_REFUSED @ http://localhost:3100/:0
[ 1669024ms] [ERROR] Failed to load resource: net::ERR_CONNECTION_REFUSED @ http://localhost:3100/:0
[ 1670027ms] [ERROR] Failed to load resource: net::ERR_CONNECTION_REFUSED @ http://localhost:3100/:0
[ 1671033ms] [ERROR] Failed to load resource: net::ERR_CONNECTION_REFUSED @ http://localhost:3100/:0
[ 1672037ms] [ERROR] Failed to load resource: net::ERR_CONNECTION_REFUSED @ http://localhost:3100/:0
[ 1673041ms] [ERROR] Failed to load resource: net::ERR_CONNECTION_REFUSED @ http://localhost:3100/:0
[ 1674044ms] [ERROR] Failed to load resource: net::ERR_CONNECTION_REFUSED @ http://localhost:3100/:0
[ 1675049ms] [ERROR] Failed to load resource: net::ERR_CONNECTION_REFUSED @ http://localhost:3100/:0
[ 1676054ms] [ERROR] Failed to load resource: net::ERR_CONNECTION_REFUSED @ http://localhost:3100/:0
[ 1677058ms] [ERROR] Failed to load resource: net::ERR_CONNECTION_REFUSED @ http://localhost:3100/:0
[ 1678061ms] [ERROR] Failed to load resource: net::ERR_CONNECTION_REFUSED @ http://localhost:3100/:0
[ 1679064ms] [ERROR] Failed to load resource: net::ERR_CONNECTION_REFUSED @ http://localhost:3100/:0
[ 1680069ms] [ERROR] Failed to load resource: net::ERR_CONNECTION_REFUSED @ http://localhost:3100/:0
[ 1681072ms] [ERROR] Failed to load resource: net::ERR_CONNECTION_REFUSED @ http://localhost:3100/:0
[ 1682076ms] [ERROR] Failed to load resource: net::ERR_CONNECTION_REFUSED @ http://localhost:3100/:0
[ 1683081ms] [ERROR] Failed to load resource: net::ERR_CONNECTION_REFUSED @ http://localhost:3100/:0
[ 1684086ms] [ERROR] Failed to load resource: net::ERR_CONNECTION_REFUSED @ http://localhost:3100/:0
[ 1685090ms] [ERROR] Failed to load resource: net::ERR_CONNECTION_REFUSED @ http://localhost:3100/:0
[ 1686095ms] [ERROR] Failed to load resource: net::ERR_CONNECTION_REFUSED @ http://localhost:3100/:0
[ 1687099ms] [ERROR] Failed to load resource: net::ERR_CONNECTION_REFUSED @ http://localhost:3100/:0
[ 1688104ms] [ERROR] Failed to load resource: net::ERR_CONNECTION_REFUSED @ http://localhost:3100/:0
[ 1689109ms] [ERROR] Failed to load resource: net::ERR_CONNECTION_REFUSED @ http://localhost:3100/:0
[ 1690115ms] [ERROR] Failed to load resource: net::ERR_CONNECTION_REFUSED @ http://localhost:3100/:0
[ 1691119ms] [ERROR] Failed to load resource: net::ERR_CONNECTION_REFUSED @ http://localhost:3100/:0
[ 1692123ms] [ERROR] Failed to load resource: net::ERR_CONNECTION_REFUSED @ http://localhost:3100/:0
[ 1693126ms] [ERROR] Failed to load resource: net::ERR_CONNECTION_REFUSED @ http://localhost:3100/:0
[ 1694132ms] [ERROR] Failed to load resource: net::ERR_CONNECTION_REFUSED @ http://localhost:3100/:0
[ 1695137ms] [ERROR] Failed to load resource: net::ERR_CONNECTION_REFUSED @ http://localhost:3100/:0
[ 1696141ms] [ERROR] Failed to load resource: net::ERR_CONNECTION_REFUSED @ http://localhost:3100/:0
[ 1697147ms] [ERROR] Failed to load resource: net::ERR_CONNECTION_REFUSED @ http://localhost:3100/:0
[ 1698149ms] [ERROR] Failed to load resource: net::ERR_CONNECTION_REFUSED @ http://localhost:3100/:0
[ 1699154ms] [ERROR] Failed to load resource: net::ERR_CONNECTION_REFUSED @ http://localhost:3100/:0
[ 1700159ms] [ERROR] Failed to load resource: net::ERR_CONNECTION_REFUSED @ http://localhost:3100/:0
[ 1701163ms] [ERROR] Failed to load resource: net::ERR_CONNECTION_REFUSED @ http://localhost:3100/:0
[ 1702167ms] [ERROR] Failed to load resource: net::ERR_CONNECTION_REFUSED @ http://localhost:3100/:0
[ 1703171ms] [ERROR] Failed to load resource: net::ERR_CONNECTION_REFUSED @ http://localhost:3100/:0
[ 1704174ms] [ERROR] Failed to load resource: net::ERR_CONNECTION_REFUSED @ http://localhost:3100/:0
[ 1705179ms] [ERROR] Failed to load resource: net::ERR_CONNECTION_REFUSED @ http://localhost:3100/:0
[ 1706185ms] [ERROR] Failed to load resource: net::ERR_CONNECTION_REFUSED @ http://localhost:3100/:0
[ 1707189ms] [ERROR] Failed to load resource: net::ERR_CONNECTION_REFUSED @ http://localhost:3100/:0
[ 1708195ms] [ERROR] Failed to load resource: net::ERR_CONNECTION_REFUSED @ http://localhost:3100/:0
[ 1709201ms] [ERROR] Failed to load resource: net::ERR_CONNECTION_REFUSED @ http://localhost:3100/:0
[ 1710209ms] [ERROR] Failed to load resource: net::ERR_CONNECTION_REFUSED @ http://localhost:3100/:0
[ 1711217ms] [ERROR] Failed to load resource: net::ERR_CONNECTION_REFUSED @ http://localhost:3100/:0
[ 1712227ms] [ERROR] Failed to load resource: net::ERR_CONNECTION_REFUSED @ http://localhost:3100/:0
[ 1713233ms] [ERROR] Failed to load resource: net::ERR_CONNECTION_REFUSED @ http://localhost:3100/:0
[ 1714237ms] [ERROR] Failed to load resource: net::ERR_CONNECTION_REFUSED @ http://localhost:3100/:0
[ 1715241ms] [ERROR] Failed to load resource: net::ERR_CONNECTION_REFUSED @ http://localhost:3100/:0
[ 1716248ms] [ERROR] Failed to load resource: net::ERR_CONNECTION_REFUSED @ http://localhost:3100/:0
[ 1717251ms] [ERROR] Failed to load resource: net::ERR_CONNECTION_REFUSED @ http://localhost:3100/:0
[ 1718255ms] [ERROR] Failed to load resource: net::ERR_CONNECTION_REFUSED @ http://localhost:3100/:0
[ 1719259ms] [ERROR] Failed to load resource: net::ERR_CONNECTION_REFUSED @ http://localhost:3100/:0
[ 1720263ms] [ERROR] Failed to load resource: net::ERR_CONNECTION_REFUSED @ http://localhost:3100/:0
[ 1721267ms] [ERROR] Failed to load resource: net::ERR_CONNECTION_REFUSED @ http://localhost:3100/:0
[ 1722271ms] [ERROR] Failed to load resource: net::ERR_CONNECTION_REFUSED @ http://localhost:3100/:0
[ 1723275ms] [ERROR] Failed to load resource: net::ERR_CONNECTION_REFUSED @ http://localhost:3100/:0
[ 1724279ms] [ERROR] Failed to load resource: net::ERR_CONNECTION_REFUSED @ http://localhost:3100/:0
[ 1725283ms] [ERROR] Failed to load resource: net::ERR_CONNECTION_REFUSED @ http://localhost:3100/:0
[ 1726286ms] [ERROR] Failed to load resource: net::ERR_CONNECTION_REFUSED @ http://localhost:3100/:0
[ 1727292ms] [ERROR] Failed to load resource: net::ERR_CONNECTION_REFUSED @ http://localhost:3100/:0
[ 1728296ms] [ERROR] Failed to load resource: net::ERR_CONNECTION_REFUSED @ http://localhost:3100/:0
[ 1729301ms] [ERROR] Failed to load resource: net::ERR_CONNECTION_REFUSED @ http://localhost:3100/:0
[ 1730305ms] [ERROR] Failed to load resource: net::ERR_CONNECTION_REFUSED @ http://localhost:3100/:0
[ 1731309ms] [ERROR] Failed to load resource: net::ERR_CONNECTION_REFUSED @ http://localhost:3100/:0
[ 1732312ms] [ERROR] Failed to load resource: net::ERR_CONNECTION_REFUSED @ http://localhost:3100/:0
[ 1733315ms] [ERROR] Failed to load resource: net::ERR_CONNECTION_REFUSED @ http://localhost:3100/:0
[ 1734321ms] [ERROR] Failed to load resource: net::ERR_CONNECTION_REFUSED @ http://localhost:3100/:0
[ 1735324ms] [ERROR] Failed to load resource: net::ERR_CONNECTION_REFUSED @ http://localhost:3100/:0
[ 1736328ms] [ERROR] Failed to load resource: net::ERR_CONNECTION_REFUSED @ http://localhost:3100/:0
[ 1737333ms] [ERROR] Failed to load resource: net::ERR_CONNECTION_REFUSED @ http://localhost:3100/:0
[ 1738336ms] [ERROR] Failed to load resource: net::ERR_CONNECTION_REFUSED @ http://localhost:3100/:0
[ 1739339ms] [ERROR] Failed to load resource: net::ERR_CONNECTION_REFUSED @ http://localhost:3100/:0
[ 1740344ms] [ERROR] Failed to load resource: net::ERR_CONNECTION_REFUSED @ http://localhost:3100/:0
[ 1741347ms] [ERROR] Failed to load resource: net::ERR_CONNECTION_REFUSED @ http://localhost:3100/:0
[ 1742354ms] [ERROR] Failed to load resource: net::ERR_CONNECTION_REFUSED @ http://localhost:3100/:0
[ 1743357ms] [ERROR] Failed to load resource: net::ERR_CONNECTION_REFUSED @ http://localhost:3100/:0
[ 1744359ms] [ERROR] Failed to load resource: net::ERR_CONNECTION_REFUSED @ http://localhost:3100/:0
[ 1745367ms] [ERROR] Failed to load resource: net::ERR_CONNECTION_REFUSED @ http://localhost:3100/:0
[ 1746371ms] [ERROR] Failed to load resource: net::ERR_CONNECTION_REFUSED @ http://localhost:3100/:0
[ 1747374ms] [ERROR] Failed to load resource: net::ERR_CONNECTION_REFUSED @ http://localhost:3100/:0
[ 1748378ms] [ERROR] Failed to load resource: net::ERR_CONNECTION_REFUSED @ http://localhost:3100/:0
[ 1749382ms] [ERROR] Failed to load resource: net::ERR_CONNECTION_REFUSED @ http://localhost:3100/:0
[ 1750386ms] [ERROR] Failed to load resource: net::ERR_CONNECTION_REFUSED @ http://localhost:3100/:0
[ 1751388ms] [ERROR] Failed to load resource: net::ERR_CONNECTION_REFUSED @ http://localhost:3100/:0
[ 1752392ms] [ERROR] Failed to load resource: net::ERR_CONNECTION_REFUSED @ http://localhost:3100/:0
[ 1753395ms] [ERROR] Failed to load resource: net::ERR_CONNECTION_REFUSED @ http://localhost:3100/:0
[ 1754399ms] [ERROR] Failed to load resource: net::ERR_CONNECTION_REFUSED @ http://localhost:3100/:0
[ 1755407ms] [ERROR] Failed to load resource: net::ERR_CONNECTION_REFUSED @ http://localhost:3100/:0
[ 1756414ms] [ERROR] Failed to load resource: net::ERR_CONNECTION_REFUSED @ http://localhost:3100/:0
[ 1757418ms] [ERROR] Failed to load resource: net::ERR_CONNECTION_REFUSED @ http://localhost:3100/:0
[ 1758421ms] [ERROR] Failed to load resource: net::ERR_CONNECTION_REFUSED @ http://localhost:3100/:0
[ 1759427ms] [ERROR] Failed to load resource: net::ERR_CONNECTION_REFUSED @ http://localhost:3100/:0
[ 1760432ms] [ERROR] Failed to load resource: net::ERR_CONNECTION_REFUSED @ http://localhost:3100/:0
[ 1761435ms] [ERROR] Failed to load resource: net::ERR_CONNECTION_REFUSED @ http://localhost:3100/:0
[ 1762447ms] [ERROR] Failed to load resource: net::ERR_CONNECTION_REFUSED @ http://localhost:3100/:0
[ 1763452ms] [ERROR] Failed to load resource: net::ERR_CONNECTION_REFUSED @ http://localhost:3100/:0
[ 1764458ms] [ERROR] Failed to load resource: net::ERR_CONNECTION_REFUSED @ http://localhost:3100/:0
[ 1765464ms] [ERROR] Failed to load resource: net::ERR_CONNECTION_REFUSED @ http://localhost:3100/:0
[ 1766468ms] [ERROR] Failed to load resource: net::ERR_CONNECTION_REFUSED @ http://localhost:3100/:0
[ 1767471ms] [ERROR] Failed to load resource: net::ERR_CONNECTION_REFUSED @ http://localhost:3100/:0
[ 1768476ms] [ERROR] Failed to load resource: net::ERR_CONNECTION_REFUSED @ http://localhost:3100/:0
[ 1769482ms] [ERROR] Failed to load resource: net::ERR_CONNECTION_REFUSED @ http://localhost:3100/:0
[ 1770487ms] [ERROR] Failed to load resource: net::ERR_CONNECTION_REFUSED @ http://localhost:3100/:0
[ 1771490ms] [ERROR] Failed to load resource: net::ERR_CONNECTION_REFUSED @ http://localhost:3100/:0
[ 1772494ms] [ERROR] Failed to load resource: net::ERR_CONNECTION_REFUSED @ http://localhost:3100/:0
[ 1773498ms] [ERROR] Failed to load resource: net::ERR_CONNECTION_REFUSED @ http://localhost:3100/:0
[ 1774503ms] [ERROR] Failed to load resource: net::ERR_CONNECTION_REFUSED @ http://localhost:3100/:0
[ 1775507ms] [ERROR] Failed to load resource: net::ERR_CONNECTION_REFUSED @ http://localhost:3100/:0
[ 1776513ms] [ERROR] Failed to load resource: net::ERR_CONNECTION_REFUSED @ http://localhost:3100/:0
[ 1777518ms] [ERROR] Failed to load resource: net::ERR_CONNECTION_REFUSED @ http://localhost:3100/:0
[ 1778522ms] [ERROR] Failed to load resource: net::ERR_CONNECTION_REFUSED @ http://localhost:3100/:0
[ 1779528ms] [ERROR] Failed to load resource: net::ERR_CONNECTION_REFUSED @ http://localhost:3100/:0
[ 1780533ms] [ERROR] Failed to load resource: net::ERR_CONNECTION_REFUSED @ http://localhost:3100/:0
[ 1781537ms] [ERROR] Failed to load resource: net::ERR_CONNECTION_REFUSED @ http://localhost:3100/:0
[ 1782539ms] [ERROR] Failed to load resource: net::ERR_CONNECTION_REFUSED @ http://localhost:3100/:0
[ 1783544ms] [ERROR] Failed to load resource: net::ERR_CONNECTION_REFUSED @ http://localhost:3100/:0
[ 1784547ms] [ERROR] Failed to load resource: net::ERR_CONNECTION_REFUSED @ http://localhost:3100/:0
[ 1785553ms] [ERROR] Failed to load resource: net::ERR_CONNECTION_REFUSED @ http://localhost:3100/:0
[ 1786557ms] [ERROR] Failed to load resource: net::ERR_CONNECTION_REFUSED @ http://localhost:3100/:0
[ 1787562ms] [ERROR] Failed to load resource: net::ERR_CONNECTION_REFUSED @ http://localhost:3100/:0
[ 1788565ms] [ERROR] Failed to load resource: net::ERR_CONNECTION_REFUSED @ http://localhost:3100/:0
[ 1789568ms] [ERROR] Failed to load resource: net::ERR_CONNECTION_REFUSED @ http://localhost:3100/:0
[ 1790571ms] [ERROR] Failed to load resource: net::ERR_CONNECTION_REFUSED @ http://localhost:3100/:0
[ 1791577ms] [ERROR] Failed to load resource: net::ERR_CONNECTION_REFUSED @ http://localhost:3100/:0
[ 1792580ms] [ERROR] Failed to load resource: net::ERR_CONNECTION_REFUSED @ http://localhost:3100/:0
[ 1793583ms] [ERROR] Failed to load resource: net::ERR_CONNECTION_REFUSED @ http://localhost:3100/:0
[ 1794593ms] [ERROR] Failed to load resource: net::ERR_CONNECTION_REFUSED @ http://localhost:3100/:0
[ 1795596ms] [ERROR] Failed to load resource: net::ERR_CONNECTION_REFUSED @ http://localhost:3100/:0
[ 1796601ms] [ERROR] Failed to load resource: net::ERR_CONNECTION_REFUSED @ http://localhost:3100/:0
[ 1797606ms] [ERROR] Failed to load resource: net::ERR_CONNECTION_REFUSED @ http://localhost:3100/:0
[ 1798612ms] [ERROR] Failed to load resource: net::ERR_CONNECTION_REFUSED @ http://localhost:3100/:0
[ 1799616ms] [ERROR] Failed to load resource: net::ERR_CONNECTION_REFUSED @ http://localhost:3100/:0
[ 1800621ms] [ERROR] Failed to load resource: net::ERR_CONNECTION_REFUSED @ http://localhost:3100/:0
[ 1801626ms] [ERROR] Failed to load resource: net::ERR_CONNECTION_REFUSED @ http://localhost:3100/:0
[ 1802628ms] [ERROR] Failed to load resource: net::ERR_CONNECTION_REFUSED @ http://localhost:3100/:0
[ 1803634ms] [ERROR] Failed to load resource: net::ERR_CONNECTION_REFUSED @ http://localhost:3100/:0
[ 1804638ms] [ERROR] Failed to load resource: net::ERR_CONNECTION_REFUSED @ http://localhost:3100/:0
[ 1805644ms] [ERROR] Failed to load resource: net::ERR_CONNECTION_REFUSED @ http://localhost:3100/:0
[ 1806650ms] [ERROR] Failed to load resource: net::ERR_CONNECTION_REFUSED @ http://localhost:3100/:0
[ 1807654ms] [ERROR] Failed to load resource: net::ERR_CONNECTION_REFUSED @ http://localhost:3100/:0
[ 1808657ms] [ERROR] Failed to load resource: net::ERR_CONNECTION_REFUSED @ http://localhost:3100/:0
[ 1809659ms] [ERROR] Failed to load resource: net::ERR_CONNECTION_REFUSED @ http://localhost:3100/:0
[ 1810663ms] [ERROR] Failed to load resource: net::ERR_CONNECTION_REFUSED @ http://localhost:3100/:0
[ 1811667ms] [ERROR] Failed to load resource: net::ERR_CONNECTION_REFUSED @ http://localhost:3100/:0
[ 1812674ms] [ERROR] Failed to load resource: net::ERR_CONNECTION_REFUSED @ http://localhost:3100/:0
[ 1813677ms] [ERROR] Failed to load resource: net::ERR_CONNECTION_REFUSED @ http://localhost:3100/:0
[ 1814680ms] [ERROR] Failed to load resource: net::ERR_CONNECTION_REFUSED @ http://localhost:3100/:0
[ 1815686ms] [ERROR] Failed to load resource: net::ERR_CONNECTION_REFUSED @ http://localhost:3100/:0
[ 1816691ms] [ERROR] Failed to load resource: net::ERR_CONNECTION_REFUSED @ http://localhost:3100/:0
[ 1817695ms] [ERROR] Failed to load resource: net::ERR_CONNECTION_REFUSED @ http://localhost:3100/:0
[ 1818700ms] [ERROR] Failed to load resource: net::ERR_CONNECTION_REFUSED @ http://localhost:3100/:0
[ 1819704ms] [ERROR] Failed to load resource: net::ERR_CONNECTION_REFUSED @ http://localhost:3100/:0
[ 1820713ms] [ERROR] Failed to load resource: net::ERR_CONNECTION_REFUSED @ http://localhost:3100/:0
[ 1821717ms] [ERROR] Failed to load resource: net::ERR_CONNECTION_REFUSED @ http://localhost:3100/:0
[ 1822722ms] [ERROR] Failed to load resource: net::ERR_CONNECTION_REFUSED @ http://localhost:3100/:0
[ 1823727ms] [ERROR] Failed to load resource: net::ERR_CONNECTION_REFUSED @ http://localhost:3100/:0
[ 1824730ms] [ERROR] Failed to load resource: net::ERR_CONNECTION_REFUSED @ http://localhost:3100/:0
[ 1825734ms] [ERROR] Failed to load resource: net::ERR_CONNECTION_REFUSED @ http://localhost:3100/:0
[ 1826743ms] [ERROR] Failed to load resource: net::ERR_CONNECTION_REFUSED @ http://localhost:3100/:0
[ 1827746ms] [ERROR] Failed to load resource: net::ERR_CONNECTION_REFUSED @ http://localhost:3100/:0
[ 1828750ms] [ERROR] Failed to load resource: net::ERR_CONNECTION_REFUSED @ http://localhost:3100/:0
[ 1829752ms] [ERROR] Failed to load resource: net::ERR_CONNECTION_REFUSED @ http://localhost:3100/:0
[ 1830757ms] [ERROR] Failed to load resource: net::ERR_CONNECTION_REFUSED @ http://localhost:3100/:0
[ 1831760ms] [ERROR] Failed to load resource: net::ERR_CONNECTION_REFUSED @ http://localhost:3100/:0
[ 1832764ms] [ERROR] Failed to load resource: net::ERR_CONNECTION_REFUSED @ http://localhost:3100/:0
[ 1833839ms] [ERROR] Failed to load resource: net::ERR_CONNECTION_REFUSED @ http://localhost:3100/:0
[ 1834843ms] [ERROR] Failed to load resource: net::ERR_CONNECTION_REFUSED @ http://localhost:3100/:0
[ 1835847ms] [ERROR] Failed to load resource: net::ERR_CONNECTION_REFUSED @ http://localhost:3100/:0
[ 1836852ms] [ERROR] Failed to load resource: net::ERR_CONNECTION_REFUSED @ http://localhost:3100/:0
[ 1837857ms] [ERROR] Failed to load resource: net::ERR_CONNECTION_REFUSED @ http://localhost:3100/:0
[ 1838863ms] [ERROR] Failed to load resource: net::ERR_CONNECTION_REFUSED @ http://localhost:3100/:0
[ 1839867ms] [ERROR] Failed to load resource: net::ERR_CONNECTION_REFUSED @ http://localhost:3100/:0
[ 1840874ms] [ERROR] Failed to load resource: net::ERR_CONNECTION_REFUSED @ http://localhost:3100/:0
[ 1841878ms] [ERROR] Failed to load resource: net::ERR_CONNECTION_REFUSED @ http://localhost:3100/:0
[ 1842884ms] [ERROR] Failed to load resource: net::ERR_CONNECTION_REFUSED @ http://localhost:3100/:0
[ 1843889ms] [ERROR] Failed to load resource: net::ERR_CONNECTION_REFUSED @ http://localhost:3100/:0
[ 1844892ms] [ERROR] Failed to load resource: net::ERR_CONNECTION_REFUSED @ http://localhost:3100/:0
[ 1845897ms] [ERROR] Failed to load resource: net::ERR_CONNECTION_REFUSED @ http://localhost:3100/:0
[ 1846902ms] [ERROR] Failed to load resource: net::ERR_CONNECTION_REFUSED @ http://localhost:3100/:0
[ 1847905ms] [ERROR] Failed to load resource: net::ERR_CONNECTION_REFUSED @ http://localhost:3100/:0
[ 1848909ms] [ERROR] Failed to load resource: net::ERR_CONNECTION_REFUSED @ http://localhost:3100/:0
[ 1849914ms] [ERROR] Failed to load resource: net::ERR_CONNECTION_REFUSED @ http://localhost:3100/:0
[ 1850920ms] [ERROR] Failed to load resource: net::ERR_CONNECTION_REFUSED @ http://localhost:3100/:0
[ 1851923ms] [ERROR] Failed to load resource: net::ERR_CONNECTION_REFUSED @ http://localhost:3100/:0
[ 1852931ms] [ERROR] Failed to load resource: net::ERR_CONNECTION_REFUSED @ http://localhost:3100/:0
[ 1853938ms] [ERROR] Failed to load resource: net::ERR_CONNECTION_REFUSED @ http://localhost:3100/:0
[ 1854942ms] [ERROR] Failed to load resource: net::ERR_CONNECTION_REFUSED @ http://localhost:3100/:0
[ 1855945ms] [ERROR] Failed to load resource: net::ERR_CONNECTION_REFUSED @ http://localhost:3100/:0
[ 1856949ms] [ERROR] Failed to load resource: net::ERR_CONNECTION_REFUSED @ http://localhost:3100/:0
[ 1857955ms] [ERROR] Failed to load resource: net::ERR_CONNECTION_REFUSED @ http://localhost:3100/:0
[ 1858959ms] [ERROR] Failed to load resource: net::ERR_CONNECTION_REFUSED @ http://localhost:3100/:0
[ 1859963ms] [ERROR] Failed to load resource: net::ERR_CONNECTION_REFUSED @ http://localhost:3100/:0
[ 1860968ms] [ERROR] Failed to load resource: net::ERR_CONNECTION_REFUSED @ http://localhost:3100/:0
[ 1861971ms] [ERROR] Failed to load resource: net::ERR_CONNECTION_REFUSED @ http://localhost:3100/:0
[ 1862976ms] [ERROR] Failed to load resource: net::ERR_CONNECTION_REFUSED @ http://localhost:3100/:0
[ 1863981ms] [ERROR] Failed to load resource: net::ERR_CONNECTION_REFUSED @ http://localhost:3100/:0
[ 1864986ms] [ERROR] Failed to load resource: net::ERR_CONNECTION_REFUSED @ http://localhost:3100/:0
[ 1865993ms] [ERROR] Failed to load resource: net::ERR_CONNECTION_REFUSED @ http://localhost:3100/:0
[ 1866997ms] [ERROR] Failed to load resource: net::ERR_CONNECTION_REFUSED @ http://localhost:3100/:0
[ 1868002ms] [ERROR] Failed to load resource: net::ERR_CONNECTION_REFUSED @ http://localhost:3100/:0
[ 1869006ms] [ERROR] Failed to load resource: net::ERR_CONNECTION_REFUSED @ http://localhost:3100/:0
[ 1870010ms] [ERROR] Failed to load resource: net::ERR_CONNECTION_REFUSED @ http://localhost:3100/:0
[ 1871015ms] [ERROR] Failed to load resource: net::ERR_CONNECTION_REFUSED @ http://localhost:3100/:0
[ 1872020ms] [ERROR] Failed to load resource: net::ERR_CONNECTION_REFUSED @ http://localhost:3100/:0
[ 1873026ms] [ERROR] Failed to load resource: net::ERR_CONNECTION_REFUSED @ http://localhost:3100/:0
[ 1874028ms] [ERROR] Failed to load resource: net::ERR_CONNECTION_REFUSED @ http://localhost:3100/:0
[ 1875032ms] [ERROR] Failed to load resource: net::ERR_CONNECTION_REFUSED @ http://localhost:3100/:0
[ 1876038ms] [ERROR] Failed to load resource: net::ERR_CONNECTION_REFUSED @ http://localhost:3100/:0
[ 1877040ms] [ERROR] Failed to load resource: net::ERR_CONNECTION_REFUSED @ http://localhost:3100/:0
[ 1878045ms] [ERROR] Failed to load resource: net::ERR_CONNECTION_REFUSED @ http://localhost:3100/:0
[ 1879050ms] [ERROR] Failed to load resource: net::ERR_CONNECTION_REFUSED @ http://localhost:3100/:0
[ 1880057ms] [ERROR] Failed to load resource: net::ERR_CONNECTION_REFUSED @ http://localhost:3100/:0
[ 1881061ms] [ERROR] Failed to load resource: net::ERR_CONNECTION_REFUSED @ http://localhost:3100/:0
[ 1882067ms] [ERROR] Failed to load resource: net::ERR_CONNECTION_REFUSED @ http://localhost:3100/:0
[ 1883070ms] [ERROR] Failed to load resource: net::ERR_CONNECTION_REFUSED @ http://localhost:3100/:0
[ 1884075ms] [ERROR] Failed to load resource: net::ERR_CONNECTION_REFUSED @ http://localhost:3100/:0
[ 1885078ms] [ERROR] Failed to load resource: net::ERR_CONNECTION_REFUSED @ http://localhost:3100/:0
[ 1886084ms] [ERROR] Failed to load resource: net::ERR_CONNECTION_REFUSED @ http://localhost:3100/:0
[ 1887089ms] [ERROR] Failed to load resource: net::ERR_CONNECTION_REFUSED @ http://localhost:3100/:0
[ 1888094ms] [ERROR] Failed to load resource: net::ERR_CONNECTION_REFUSED @ http://localhost:3100/:0
[ 1889099ms] [ERROR] Failed to load resource: net::ERR_CONNECTION_REFUSED @ http://localhost:3100/:0
[ 1890104ms] [ERROR] Failed to load resource: net::ERR_CONNECTION_REFUSED @ http://localhost:3100/:0
[ 1891107ms] [ERROR] Failed to load resource: net::ERR_CONNECTION_REFUSED @ http://localhost:3100/:0
[ 1892112ms] [ERROR] Failed to load resource: net::ERR_CONNECTION_REFUSED @ http://localhost:3100/:0
[ 1893118ms] [ERROR] Failed to load resource: net::ERR_CONNECTION_REFUSED @ http://localhost:3100/:0
[ 1894121ms] [ERROR] Failed to load resource: net::ERR_CONNECTION_REFUSED @ http://localhost:3100/:0
[ 1895124ms] [ERROR] Failed to load resource: net::ERR_CONNECTION_REFUSED @ http://localhost:3100/:0
[ 1896127ms] [ERROR] Failed to load resource: net::ERR_CONNECTION_REFUSED @ http://localhost:3100/:0
[ 1897133ms] [ERROR] Failed to load resource: net::ERR_CONNECTION_REFUSED @ http://localhost:3100/:0
[ 1898138ms] [ERROR] Failed to load resource: net::ERR_CONNECTION_REFUSED @ http://localhost:3100/:0
[ 1899143ms] [ERROR] Failed to load resource: net::ERR_CONNECTION_REFUSED @ http://localhost:3100/:0
[ 1900147ms] [ERROR] Failed to load resource: net::ERR_CONNECTION_REFUSED @ http://localhost:3100/:0
[ 1901152ms] [ERROR] Failed to load resource: net::ERR_CONNECTION_REFUSED @ http://localhost:3100/:0
[ 1902157ms] [ERROR] Failed to load resource: net::ERR_CONNECTION_REFUSED @ http://localhost:3100/:0
[ 1903160ms] [ERROR] Failed to load resource: net::ERR_CONNECTION_REFUSED @ http://localhost:3100/:0
[ 1904164ms] [ERROR] Failed to load resource: net::ERR_CONNECTION_REFUSED @ http://localhost:3100/:0
[ 1905170ms] [ERROR] Failed to load resource: net::ERR_CONNECTION_REFUSED @ http://localhost:3100/:0
[ 1906175ms] [ERROR] Failed to load resource: net::ERR_CONNECTION_REFUSED @ http://localhost:3100/:0
[ 1907178ms] [ERROR] Failed to load resource: net::ERR_CONNECTION_REFUSED @ http://localhost:3100/:0
[ 1908182ms] [ERROR] Failed to load resource: net::ERR_CONNECTION_REFUSED @ http://localhost:3100/:0
[ 1909184ms] [ERROR] Failed to load resource: net::ERR_CONNECTION_REFUSED @ http://localhost:3100/:0
[ 1910186ms] [ERROR] Failed to load resource: net::ERR_CONNECTION_REFUSED @ http://localhost:3100/:0
[ 1911192ms] [ERROR] Failed to load resource: net::ERR_CONNECTION_REFUSED @ http://localhost:3100/:0
[ 1912196ms] [ERROR] Failed to load resource: net::ERR_CONNECTION_REFUSED @ http://localhost:3100/:0
[ 1913199ms] [ERROR] Failed to load resource: net::ERR_CONNECTION_REFUSED @ http://localhost:3100/:0
[ 1914201ms] [ERROR] Failed to load resource: net::ERR_CONNECTION_REFUSED @ http://localhost:3100/:0
[ 1915208ms] [ERROR] Failed to load resource: net::ERR_CONNECTION_REFUSED @ http://localhost:3100/:0
[ 1916217ms] [ERROR] Failed to load resource: net::ERR_CONNECTION_REFUSED @ http://localhost:3100/:0
[ 1917221ms] [ERROR] Failed to load resource: net::ERR_CONNECTION_REFUSED @ http://localhost:3100/:0
[ 1918228ms] [ERROR] Failed to load resource: net::ERR_CONNECTION_REFUSED @ http://localhost:3100/:0
[ 1919235ms] [ERROR] Failed to load resource: net::ERR_CONNECTION_REFUSED @ http://localhost:3100/:0
[ 1920240ms] [ERROR] Failed to load resource: net::ERR_CONNECTION_REFUSED @ http://localhost:3100/:0
[ 1921244ms] [ERROR] Failed to load resource: net::ERR_CONNECTION_REFUSED @ http://localhost:3100/:0
[ 1922250ms] [ERROR] Failed to load resource: net::ERR_CONNECTION_REFUSED @ http://localhost:3100/:0
[ 1923255ms] [ERROR] Failed to load resource: net::ERR_CONNECTION_REFUSED @ http://localhost:3100/:0
[ 1924258ms] [ERROR] Failed to load resource: net::ERR_CONNECTION_REFUSED @ http://localhost:3100/:0
[ 1925262ms] [ERROR] Failed to load resource: net::ERR_CONNECTION_REFUSED @ http://localhost:3100/:0
[ 1926268ms] [ERROR] Failed to load resource: net::ERR_CONNECTION_REFUSED @ http://localhost:3100/:0
[ 1927272ms] [ERROR] Failed to load resource: net::ERR_CONNECTION_REFUSED @ http://localhost:3100/:0
[ 1928279ms] [ERROR] Failed to load resource: net::ERR_CONNECTION_REFUSED @ http://localhost:3100/:0
[ 1929283ms] [ERROR] Failed to load resource: net::ERR_CONNECTION_REFUSED @ http://localhost:3100/:0
[ 1930287ms] [ERROR] Failed to load resource: net::ERR_CONNECTION_REFUSED @ http://localhost:3100/:0
[ 1931291ms] [ERROR] Failed to load resource: net::ERR_CONNECTION_REFUSED @ http://localhost:3100/:0
[ 1932293ms] [ERROR] Failed to load resource: net::ERR_CONNECTION_REFUSED @ http://localhost:3100/:0
[ 1933300ms] [ERROR] Failed to load resource: net::ERR_CONNECTION_REFUSED @ http://localhost:3100/:0
[ 1934305ms] [ERROR] Failed to load resource: net::ERR_CONNECTION_REFUSED @ http://localhost:3100/:0
[ 1935307ms] [ERROR] Failed to load resource: net::ERR_CONNECTION_REFUSED @ http://localhost:3100/:0
[ 1936312ms] [ERROR] Failed to load resource: net::ERR_CONNECTION_REFUSED @ http://localhost:3100/:0
[ 1937316ms] [ERROR] Failed to load resource: net::ERR_CONNECTION_REFUSED @ http://localhost:3100/:0
[ 1938320ms] [ERROR] Failed to load resource: net::ERR_CONNECTION_REFUSED @ http://localhost:3100/:0
[ 1939323ms] [ERROR] Failed to load resource: net::ERR_CONNECTION_REFUSED @ http://localhost:3100/:0
[ 1940326ms] [ERROR] Failed to load resource: net::ERR_CONNECTION_REFUSED @ http://localhost:3100/:0
[ 1941329ms] [ERROR] Failed to load resource: net::ERR_CONNECTION_REFUSED @ http://localhost:3100/:0
[ 1942333ms] [ERROR] Failed to load resource: net::ERR_CONNECTION_REFUSED @ http://localhost:3100/:0
[ 1943336ms] [ERROR] Failed to load resource: net::ERR_CONNECTION_REFUSED @ http://localhost:3100/:0
[ 1944338ms] [ERROR] Failed to load resource: net::ERR_CONNECTION_REFUSED @ http://localhost:3100/:0
[ 1945341ms] [ERROR] Failed to load resource: net::ERR_CONNECTION_REFUSED @ http://localhost:3100/:0
[ 1946349ms] [ERROR] Failed to load resource: net::ERR_CONNECTION_REFUSED @ http://localhost:3100/:0
[ 1947353ms] [ERROR] Failed to load resource: net::ERR_CONNECTION_REFUSED @ http://localhost:3100/:0
[ 1948360ms] [ERROR] Failed to load resource: net::ERR_CONNECTION_REFUSED @ http://localhost:3100/:0
[ 1949364ms] [ERROR] Failed to load resource: net::ERR_CONNECTION_REFUSED @ http://localhost:3100/:0
[ 1950370ms] [ERROR] Failed to load resource: net::ERR_CONNECTION_REFUSED @ http://localhost:3100/:0
[ 1951373ms] [ERROR] Failed to load resource: net::ERR_CONNECTION_REFUSED @ http://localhost:3100/:0
[ 1952377ms] [ERROR] Failed to load resource: net::ERR_CONNECTION_REFUSED @ http://localhost:3100/:0
[ 1953383ms] [ERROR] Failed to load resource: net::ERR_CONNECTION_REFUSED @ http://localhost:3100/:0
[ 1954386ms] [ERROR] Failed to load resource: net::ERR_CONNECTION_REFUSED @ http://localhost:3100/:0
[ 1955389ms] [ERROR] Failed to load resource: net::ERR_CONNECTION_REFUSED @ http://localhost:3100/:0
[ 1956392ms] [ERROR] Failed to load resource: net::ERR_CONNECTION_REFUSED @ http://localhost:3100/:0
[ 1957397ms] [ERROR] Failed to load resource: net::ERR_CONNECTION_REFUSED @ http://localhost:3100/:0
[ 1958403ms] [ERROR] Failed to load resource: net::ERR_CONNECTION_REFUSED @ http://localhost:3100/:0
[ 1959408ms] [ERROR] Failed to load resource: net::ERR_CONNECTION_REFUSED @ http://localhost:3100/:0
[ 1960413ms] [ERROR] Failed to load resource: net::ERR_CONNECTION_REFUSED @ http://localhost:3100/:0
[ 1961419ms] [ERROR] Failed to load resource: net::ERR_CONNECTION_REFUSED @ http://localhost:3100/:0
[ 1962423ms] [ERROR] Failed to load resource: net::ERR_CONNECTION_REFUSED @ http://localhost:3100/:0
[ 1963427ms] [ERROR] Failed to load resource: net::ERR_CONNECTION_REFUSED @ http://localhost:3100/:0
[ 1964432ms] [ERROR] Failed to load resource: net::ERR_CONNECTION_REFUSED @ http://localhost:3100/:0
[ 1965435ms] [ERROR] Failed to load resource: net::ERR_CONNECTION_REFUSED @ http://localhost:3100/:0
[ 1966438ms] [ERROR] Failed to load resource: net::ERR_CONNECTION_REFUSED @ http://localhost:3100/:0
[ 1967441ms] [ERROR] Failed to load resource: net::ERR_CONNECTION_REFUSED @ http://localhost:3100/:0
[ 1968445ms] [ERROR] Failed to load resource: net::ERR_CONNECTION_REFUSED @ http://localhost:3100/:0
[ 1969451ms] [ERROR] Failed to load resource: net::ERR_CONNECTION_REFUSED @ http://localhost:3100/:0
[ 1970456ms] [ERROR] Failed to load resource: net::ERR_CONNECTION_REFUSED @ http://localhost:3100/:0
[ 1971461ms] [ERROR] Failed to load resource: net::ERR_CONNECTION_REFUSED @ http://localhost:3100/:0
[ 1972466ms] [ERROR] Failed to load resource: net::ERR_CONNECTION_REFUSED @ http://localhost:3100/:0
[ 1973469ms] [ERROR] Failed to load resource: net::ERR_CONNECTION_REFUSED @ http://localhost:3100/:0
[ 1974472ms] [ERROR] Failed to load resource: net::ERR_CONNECTION_REFUSED @ http://localhost:3100/:0
[ 1975477ms] [ERROR] Failed to load resource: net::ERR_CONNECTION_REFUSED @ http://localhost:3100/:0
[ 1976481ms] [ERROR] Failed to load resource: net::ERR_CONNECTION_REFUSED @ http://localhost:3100/:0
[ 1977484ms] [ERROR] Failed to load resource: net::ERR_CONNECTION_REFUSED @ http://localhost:3100/:0
[ 1978489ms] [ERROR] Failed to load resource: net::ERR_CONNECTION_REFUSED @ http://localhost:3100/:0
[ 1979495ms] [ERROR] Failed to load resource: net::ERR_CONNECTION_REFUSED @ http://localhost:3100/:0
[ 1980501ms] [ERROR] Failed to load resource: net::ERR_CONNECTION_REFUSED @ http://localhost:3100/:0
[ 1981506ms] [ERROR] Failed to load resource: net::ERR_CONNECTION_REFUSED @ http://localhost:3100/:0
[ 1982512ms] [ERROR] Failed to load resource: net::ERR_CONNECTION_REFUSED @ http://localhost:3100/:0
[ 1983518ms] [ERROR] Failed to load resource: net::ERR_CONNECTION_REFUSED @ http://localhost:3100/:0
[ 1984529ms] [ERROR] Failed to load resource: net::ERR_CONNECTION_REFUSED @ http://localhost:3100/:0
[ 1985532ms] [ERROR] Failed to load resource: net::ERR_CONNECTION_REFUSED @ http://localhost:3100/:0
[ 1986537ms] [ERROR] Failed to load resource: net::ERR_CONNECTION_REFUSED @ http://localhost:3100/:0
[ 1987543ms] [ERROR] Failed to load resource: net::ERR_CONNECTION_REFUSED @ http://localhost:3100/:0
[ 1988549ms] [ERROR] Failed to load resource: net::ERR_CONNECTION_REFUSED @ http://localhost:3100/:0
[ 1989552ms] [ERROR] Failed to load resource: net::ERR_CONNECTION_REFUSED @ http://localhost:3100/:0
[ 1990559ms] [ERROR] Failed to load resource: net::ERR_CONNECTION_REFUSED @ http://localhost:3100/:0
[ 1991563ms] [ERROR] Failed to load resource: net::ERR_CONNECTION_REFUSED @ http://localhost:3100/:0
[ 1992567ms] [ERROR] Failed to load resource: net::ERR_CONNECTION_REFUSED @ http://localhost:3100/:0
[ 1993572ms] [ERROR] Failed to load resource: net::ERR_CONNECTION_REFUSED @ http://localhost:3100/:0
[ 1994578ms] [ERROR] Failed to load resource: net::ERR_CONNECTION_REFUSED @ http://localhost:3100/:0
[ 1995583ms] [ERROR] Failed to load resource: net::ERR_CONNECTION_REFUSED @ http://localhost:3100/:0
[ 1996587ms] [ERROR] Failed to load resource: net::ERR_CONNECTION_REFUSED @ http://localhost:3100/:0
[ 1997591ms] [ERROR] Failed to load resource: net::ERR_CONNECTION_REFUSED @ http://localhost:3100/:0
[ 1998593ms] [ERROR] Failed to load resource: net::ERR_CONNECTION_REFUSED @ http://localhost:3100/:0
[ 1999597ms] [ERROR] Failed to load resource: net::ERR_CONNECTION_REFUSED @ http://localhost:3100/:0
[ 2000600ms] [ERROR] Failed to load resource: net::ERR_CONNECTION_REFUSED @ http://localhost:3100/:0
[ 2001605ms] [ERROR] Failed to load resource: net::ERR_CONNECTION_REFUSED @ http://localhost:3100/:0
[ 2002609ms] [ERROR] Failed to load resource: net::ERR_CONNECTION_REFUSED @ http://localhost:3100/:0
[ 2003613ms] [ERROR] Failed to load resource: net::ERR_CONNECTION_REFUSED @ http://localhost:3100/:0
[ 2004615ms] [ERROR] Failed to load resource: net::ERR_CONNECTION_REFUSED @ http://localhost:3100/:0
[ 2005620ms] [ERROR] Failed to load resource: net::ERR_CONNECTION_REFUSED @ http://localhost:3100/:0
[ 2006624ms] [ERROR] Failed to load resource: net::ERR_CONNECTION_REFUSED @ http://localhost:3100/:0
[ 2007626ms] [ERROR] Failed to load resource: net::ERR_CONNECTION_REFUSED @ http://localhost:3100/:0
[ 2008630ms] [ERROR] Failed to load resource: net::ERR_CONNECTION_REFUSED @ http://localhost:3100/:0
[ 2009634ms] [ERROR] Failed to load resource: net::ERR_CONNECTION_REFUSED @ http://localhost:3100/:0
[ 2010638ms] [ERROR] Failed to load resource: net::ERR_CONNECTION_REFUSED @ http://localhost:3100/:0
[ 2011640ms] [ERROR] Failed to load resource: net::ERR_CONNECTION_REFUSED @ http://localhost:3100/:0
[ 2012644ms] [ERROR] Failed to load resource: net::ERR_CONNECTION_REFUSED @ http://localhost:3100/:0
[ 2013648ms] [ERROR] Failed to load resource: net::ERR_CONNECTION_REFUSED @ http://localhost:3100/:0
[ 2014652ms] [ERROR] Failed to load resource: net::ERR_CONNECTION_REFUSED @ http://localhost:3100/:0
[ 2015662ms] [ERROR] Failed to load resource: net::ERR_CONNECTION_REFUSED @ http://localhost:3100/:0
[ 2016666ms] [ERROR] Failed to load resource: net::ERR_CONNECTION_REFUSED @ http://localhost:3100/:0
[ 2017671ms] [ERROR] Failed to load resource: net::ERR_CONNECTION_REFUSED @ http://localhost:3100/:0
[ 2018678ms] [ERROR] Failed to load resource: net::ERR_CONNECTION_REFUSED @ http://localhost:3100/:0
[ 2019686ms] [ERROR] Failed to load resource: net::ERR_CONNECTION_REFUSED @ http://localhost:3100/:0
[ 2020693ms] [ERROR] Failed to load resource: net::ERR_CONNECTION_REFUSED @ http://localhost:3100/:0
[ 2021697ms] [ERROR] Failed to load resource: net::ERR_CONNECTION_REFUSED @ http://localhost:3100/:0
[ 2022703ms] [ERROR] Failed to load resource: net::ERR_CONNECTION_REFUSED @ http://localhost:3100/:0
[ 2023708ms] [ERROR] Failed to load resource: net::ERR_CONNECTION_REFUSED @ http://localhost:3100/:0
[ 2024711ms] [ERROR] Failed to load resource: net::ERR_CONNECTION_REFUSED @ http://localhost:3100/:0
[ 2025717ms] [ERROR] Failed to load resource: net::ERR_CONNECTION_REFUSED @ http://localhost:3100/:0
[ 2026721ms] [ERROR] Failed to load resource: net::ERR_CONNECTION_REFUSED @ http://localhost:3100/:0
[ 2027726ms] [ERROR] Failed to load resource: net::ERR_CONNECTION_REFUSED @ http://localhost:3100/:0
[ 2028731ms] [ERROR] Failed to load resource: net::ERR_CONNECTION_REFUSED @ http://localhost:3100/:0
[ 2029734ms] [ERROR] Failed to load resource: net::ERR_CONNECTION_REFUSED @ http://localhost:3100/:0
[ 2030739ms] [ERROR] Failed to load resource: net::ERR_CONNECTION_REFUSED @ http://localhost:3100/:0
[ 2031744ms] [ERROR] Failed to load resource: net::ERR_CONNECTION_REFUSED @ http://localhost:3100/:0
[ 2032750ms] [ERROR] Failed to load resource: net::ERR_CONNECTION_REFUSED @ http://localhost:3100/:0
[ 2033754ms] [ERROR] Failed to load resource: net::ERR_CONNECTION_REFUSED @ http://localhost:3100/:0
[ 2034760ms] [ERROR] Failed to load resource: net::ERR_CONNECTION_REFUSED @ http://localhost:3100/:0
[ 2035764ms] [ERROR] Failed to load resource: net::ERR_CONNECTION_REFUSED @ http://localhost:3100/:0
[ 2036770ms] [ERROR] Failed to load resource: net::ERR_CONNECTION_REFUSED @ http://localhost:3100/:0
[ 2037773ms] [ERROR] Failed to load resource: net::ERR_CONNECTION_REFUSED @ http://localhost:3100/:0
[ 2038778ms] [ERROR] Failed to load resource: net::ERR_CONNECTION_REFUSED @ http://localhost:3100/:0
[ 2039783ms] [ERROR] Failed to load resource: net::ERR_CONNECTION_REFUSED @ http://localhost:3100/:0
[ 2040788ms] [ERROR] Failed to load resource: net::ERR_CONNECTION_REFUSED @ http://localhost:3100/:0
[ 2041796ms] [ERROR] Failed to load resource: net::ERR_CONNECTION_REFUSED @ http://localhost:3100/:0
[ 2042802ms] [ERROR] Failed to load resource: net::ERR_CONNECTION_REFUSED @ http://localhost:3100/:0
[ 2043808ms] [ERROR] Failed to load resource: net::ERR_CONNECTION_REFUSED @ http://localhost:3100/:0
[ 2044815ms] [ERROR] Failed to load resource: net::ERR_CONNECTION_REFUSED @ http://localhost:3100/:0
[ 2045823ms] [ERROR] Failed to load resource: net::ERR_CONNECTION_REFUSED @ http://localhost:3100/:0
[ 2046827ms] [ERROR] Failed to load resource: net::ERR_CONNECTION_REFUSED @ http://localhost:3100/:0
[ 2047832ms] [ERROR] Failed to load resource: net::ERR_CONNECTION_REFUSED @ http://localhost:3100/:0
[ 2048837ms] [ERROR] Failed to load resource: net::ERR_CONNECTION_REFUSED @ http://localhost:3100/:0
[ 2049845ms] [ERROR] Failed to load resource: net::ERR_CONNECTION_REFUSED @ http://localhost:3100/:0
[ 2050848ms] [ERROR] Failed to load resource: net::ERR_CONNECTION_REFUSED @ http://localhost:3100/:0
[ 2051852ms] [ERROR] Failed to load resource: net::ERR_CONNECTION_REFUSED @ http://localhost:3100/:0
[ 2052856ms] [ERROR] Failed to load resource: net::ERR_CONNECTION_REFUSED @ http://localhost:3100/:0
[ 2053859ms] [ERROR] Failed to load resource: net::ERR_CONNECTION_REFUSED @ http://localhost:3100/:0
[ 2054865ms] [ERROR] Failed to load resource: net::ERR_CONNECTION_REFUSED @ http://localhost:3100/:0
[ 2055870ms] [ERROR] Failed to load resource: net::ERR_CONNECTION_REFUSED @ http://localhost:3100/:0
[ 2056874ms] [ERROR] Failed to load resource: net::ERR_CONNECTION_REFUSED @ http://localhost:3100/:0
[ 2057879ms] [ERROR] Failed to load resource: net::ERR_CONNECTION_REFUSED @ http://localhost:3100/:0
[ 2058883ms] [ERROR] Failed to load resource: net::ERR_CONNECTION_REFUSED @ http://localhost:3100/:0
[ 2059887ms] [ERROR] Failed to load resource: net::ERR_CONNECTION_REFUSED @ http://localhost:3100/:0
[ 2060893ms] [ERROR] Failed to load resource: net::ERR_CONNECTION_REFUSED @ http://localhost:3100/:0
[ 2061899ms] [ERROR] Failed to load resource: net::ERR_CONNECTION_REFUSED @ http://localhost:3100/:0
[ 2062906ms] [ERROR] Failed to load resource: net::ERR_CONNECTION_REFUSED @ http://localhost:3100/:0
[ 2063912ms] [ERROR] Failed to load resource: net::ERR_CONNECTION_REFUSED @ http://localhost:3100/:0
[ 2064917ms] [ERROR] Failed to load resource: net::ERR_CONNECTION_REFUSED @ http://localhost:3100/:0
[ 2065923ms] [ERROR] Failed to load resource: net::ERR_CONNECTION_REFUSED @ http://localhost:3100/:0
[ 2066930ms] [ERROR] Failed to load resource: net::ERR_CONNECTION_REFUSED @ http://localhost:3100/:0
[ 2067933ms] [ERROR] Failed to load resource: net::ERR_CONNECTION_REFUSED @ http://localhost:3100/:0
[ 2068938ms] [ERROR] Failed to load resource: net::ERR_CONNECTION_REFUSED @ http://localhost:3100/:0
[ 2069944ms] [ERROR] Failed to load resource: net::ERR_CONNECTION_REFUSED @ http://localhost:3100/:0
[ 2070949ms] [ERROR] Failed to load resource: net::ERR_CONNECTION_REFUSED @ http://localhost:3100/:0
[ 2071952ms] [ERROR] Failed to load resource: net::ERR_CONNECTION_REFUSED @ http://localhost:3100/:0
[ 2072956ms] [ERROR] Failed to load resource: net::ERR_CONNECTION_REFUSED @ http://localhost:3100/:0
[ 2073960ms] [ERROR] Failed to load resource: net::ERR_CONNECTION_REFUSED @ http://localhost:3100/:0
[ 2074965ms] [ERROR] Failed to load resource: net::ERR_CONNECTION_REFUSED @ http://localhost:3100/:0
[ 2075970ms] [ERROR] Failed to load resource: net::ERR_CONNECTION_REFUSED @ http://localhost:3100/:0
[ 2076975ms] [ERROR] Failed to load resource: net::ERR_CONNECTION_REFUSED @ http://localhost:3100/:0
[ 2077979ms] [ERROR] Failed to load resource: net::ERR_CONNECTION_REFUSED @ http://localhost:3100/:0
[ 2078982ms] [ERROR] Failed to load resource: net::ERR_CONNECTION_REFUSED @ http://localhost:3100/:0
[ 2079986ms] [ERROR] Failed to load resource: net::ERR_CONNECTION_REFUSED @ http://localhost:3100/:0
[ 2080989ms] [ERROR] Failed to load resource: net::ERR_CONNECTION_REFUSED @ http://localhost:3100/:0
[ 2081995ms] [ERROR] Failed to load resource: net::ERR_CONNECTION_REFUSED @ http://localhost:3100/:0
[ 2082998ms] [ERROR] Failed to load resource: net::ERR_CONNECTION_REFUSED @ http://localhost:3100/:0
[ 2084005ms] [ERROR] Failed to load resource: net::ERR_CONNECTION_REFUSED @ http://localhost:3100/:0
[ 2085011ms] [ERROR] Failed to load resource: net::ERR_CONNECTION_REFUSED @ http://localhost:3100/:0
[ 2086019ms] [ERROR] Failed to load resource: net::ERR_CONNECTION_REFUSED @ http://localhost:3100/:0
[ 2087022ms] [ERROR] Failed to load resource: net::ERR_CONNECTION_REFUSED @ http://localhost:3100/:0
[ 2088028ms] [ERROR] Failed to load resource: net::ERR_CONNECTION_REFUSED @ http://localhost:3100/:0
[ 2089034ms] [ERROR] Failed to load resource: net::ERR_CONNECTION_REFUSED @ http://localhost:3100/:0
[ 2090038ms] [ERROR] Failed to load resource: net::ERR_CONNECTION_REFUSED @ http://localhost:3100/:0
[ 2091043ms] [ERROR] Failed to load resource: net::ERR_CONNECTION_REFUSED @ http://localhost:3100/:0
[ 2092048ms] [ERROR] Failed to load resource: net::ERR_CONNECTION_REFUSED @ http://localhost:3100/:0
[ 2093053ms] [ERROR] Failed to load resource: net::ERR_CONNECTION_REFUSED @ http://localhost:3100/:0
[ 2094056ms] [ERROR] Failed to load resource: net::ERR_CONNECTION_REFUSED @ http://localhost:3100/:0
[ 2095063ms] [ERROR] Failed to load resource: net::ERR_CONNECTION_REFUSED @ http://localhost:3100/:0
[ 2096069ms] [ERROR] Failed to load resource: net::ERR_CONNECTION_REFUSED @ http://localhost:3100/:0
[ 2097073ms] [ERROR] Failed to load resource: net::ERR_CONNECTION_REFUSED @ http://localhost:3100/:0
[ 2098075ms] [ERROR] Failed to load resource: net::ERR_CONNECTION_REFUSED @ http://localhost:3100/:0
[ 2099081ms] [ERROR] Failed to load resource: net::ERR_CONNECTION_REFUSED @ http://localhost:3100/:0
[ 2100086ms] [ERROR] Failed to load resource: net::ERR_CONNECTION_REFUSED @ http://localhost:3100/:0
[ 2101092ms] [ERROR] Failed to load resource: net::ERR_CONNECTION_REFUSED @ http://localhost:3100/:0
[ 2102099ms] [ERROR] Failed to load resource: net::ERR_CONNECTION_REFUSED @ http://localhost:3100/:0
[ 2103104ms] [ERROR] Failed to load resource: net::ERR_CONNECTION_REFUSED @ http://localhost:3100/:0
[ 2104110ms] [ERROR] Failed to load resource: net::ERR_CONNECTION_REFUSED @ http://localhost:3100/:0
[ 2105114ms] [ERROR] Failed to load resource: net::ERR_CONNECTION_REFUSED @ http://localhost:3100/:0
[ 2106118ms] [ERROR] Failed to load resource: net::ERR_CONNECTION_REFUSED @ http://localhost:3100/:0
[ 2107121ms] [ERROR] Failed to load resource: net::ERR_CONNECTION_REFUSED @ http://localhost:3100/:0
[ 2108125ms] [ERROR] Failed to load resource: net::ERR_CONNECTION_REFUSED @ http://localhost:3100/:0
[ 2109130ms] [ERROR] Failed to load resource: net::ERR_CONNECTION_REFUSED @ http://localhost:3100/:0
[ 2110135ms] [ERROR] Failed to load resource: net::ERR_CONNECTION_REFUSED @ http://localhost:3100/:0
[ 2111140ms] [ERROR] Failed to load resource: net::ERR_CONNECTION_REFUSED @ http://localhost:3100/:0
[ 2112144ms] [ERROR] Failed to load resource: net::ERR_CONNECTION_REFUSED @ http://localhost:3100/:0
[ 2113151ms] [ERROR] Failed to load resource: net::ERR_CONNECTION_REFUSED @ http://localhost:3100/:0
[ 2114157ms] [ERROR] Failed to load resource: net::ERR_CONNECTION_REFUSED @ http://localhost:3100/:0
[ 2115161ms] [ERROR] Failed to load resource: net::ERR_CONNECTION_REFUSED @ http://localhost:3100/:0
[ 2116165ms] [ERROR] Failed to load resource: net::ERR_CONNECTION_REFUSED @ http://localhost:3100/:0
[ 2117168ms] [ERROR] Failed to load resource: net::ERR_CONNECTION_REFUSED @ http://localhost:3100/:0
[ 2118171ms] [ERROR] Failed to load resource: net::ERR_CONNECTION_REFUSED @ http://localhost:3100/:0
[ 2119174ms] [ERROR] Failed to load resource: net::ERR_CONNECTION_REFUSED @ http://localhost:3100/:0
[ 2120176ms] [ERROR] Failed to load resource: net::ERR_CONNECTION_REFUSED @ http://localhost:3100/:0
[ 2121181ms] [ERROR] Failed to load resource: net::ERR_CONNECTION_REFUSED @ http://localhost:3100/:0
[ 2122185ms] [ERROR] Failed to load resource: net::ERR_CONNECTION_REFUSED @ http://localhost:3100/:0
[ 2123189ms] [ERROR] Failed to load resource: net::ERR_CONNECTION_REFUSED @ http://localhost:3100/:0
[ 2124192ms] [ERROR] Failed to load resource: net::ERR_CONNECTION_REFUSED @ http://localhost:3100/:0
[ 2125198ms] [ERROR] Failed to load resource: net::ERR_CONNECTION_REFUSED @ http://localhost:3100/:0
[ 2126201ms] [ERROR] Failed to load resource: net::ERR_CONNECTION_REFUSED @ http://localhost:3100/:0
[ 2127208ms] [ERROR] Failed to load resource: net::ERR_CONNECTION_REFUSED @ http://localhost:3100/:0
[ 2128212ms] [ERROR] Failed to load resource: net::ERR_CONNECTION_REFUSED @ http://localhost:3100/:0
[ 2129215ms] [ERROR] Failed to load resource: net::ERR_CONNECTION_REFUSED @ http://localhost:3100/:0
[ 2130219ms] [ERROR] Failed to load resource: net::ERR_CONNECTION_REFUSED @ http://localhost:3100/:0
[ 2131223ms] [ERROR] Failed to load resource: net::ERR_CONNECTION_REFUSED @ http://localhost:3100/:0
[ 2132227ms] [ERROR] Failed to load resource: net::ERR_CONNECTION_REFUSED @ http://localhost:3100/:0
[ 2133234ms] [ERROR] Failed to load resource: net::ERR_CONNECTION_REFUSED @ http://localhost:3100/:0
[ 2134237ms] [ERROR] Failed to load resource: net::ERR_CONNECTION_REFUSED @ http://localhost:3100/:0
[ 2135243ms] [ERROR] Failed to load resource: net::ERR_CONNECTION_REFUSED @ http://localhost:3100/:0
[ 2136250ms] [ERROR] Failed to load resource: net::ERR_CONNECTION_REFUSED @ http://localhost:3100/:0
[ 2137255ms] [ERROR] Failed to load resource: net::ERR_CONNECTION_REFUSED @ http://localhost:3100/:0
[ 2138261ms] [ERROR] Failed to load resource: net::ERR_CONNECTION_REFUSED @ http://localhost:3100/:0
[ 2139267ms] [ERROR] Failed to load resource: net::ERR_CONNECTION_REFUSED @ http://localhost:3100/:0
[ 2140274ms] [ERROR] Failed to load resource: net::ERR_CONNECTION_REFUSED @ http://localhost:3100/:0
[ 2141279ms] [ERROR] Failed to load resource: net::ERR_CONNECTION_REFUSED @ http://localhost:3100/:0
[ 2142285ms] [ERROR] Failed to load resource: net::ERR_CONNECTION_REFUSED @ http://localhost:3100/:0
[ 2143290ms] [ERROR] Failed to load resource: net::ERR_CONNECTION_REFUSED @ http://localhost:3100/:0
[ 2144297ms] [ERROR] Failed to load resource: net::ERR_CONNECTION_REFUSED @ http://localhost:3100/:0
[ 2145302ms] [ERROR] Failed to load resource: net::ERR_CONNECTION_REFUSED @ http://localhost:3100/:0
[ 2146305ms] [ERROR] Failed to load resource: net::ERR_CONNECTION_REFUSED @ http://localhost:3100/:0
[ 2147308ms] [ERROR] Failed to load resource: net::ERR_CONNECTION_REFUSED @ http://localhost:3100/:0
[ 2148310ms] [ERROR] Failed to load resource: net::ERR_CONNECTION_REFUSED @ http://localhost:3100/:0
[ 2149312ms] [ERROR] Failed to load resource: net::ERR_CONNECTION_REFUSED @ http://localhost:3100/:0
[ 2150316ms] [ERROR] Failed to load resource: net::ERR_CONNECTION_REFUSED @ http://localhost:3100/:0
[ 2151320ms] [ERROR] Failed to load resource: net::ERR_CONNECTION_REFUSED @ http://localhost:3100/:0
[ 2152323ms] [ERROR] Failed to load resource: net::ERR_CONNECTION_REFUSED @ http://localhost:3100/:0
[ 2153327ms] [ERROR] Failed to load resource: net::ERR_CONNECTION_REFUSED @ http://localhost:3100/:0
[ 2154329ms] [ERROR] Failed to load resource: net::ERR_CONNECTION_REFUSED @ http://localhost:3100/:0
[ 2155331ms] [ERROR] Failed to load resource: net::ERR_CONNECTION_REFUSED @ http://localhost:3100/:0
[ 2156337ms] [ERROR] Failed to load resource: net::ERR_CONNECTION_REFUSED @ http://localhost:3100/:0
[ 2157342ms] [ERROR] Failed to load resource: net::ERR_CONNECTION_REFUSED @ http://localhost:3100/:0
[ 2158347ms] [ERROR] Failed to load resource: net::ERR_CONNECTION_REFUSED @ http://localhost:3100/:0
[ 2159351ms] [ERROR] Failed to load resource: net::ERR_CONNECTION_REFUSED @ http://localhost:3100/:0
[ 2160358ms] [ERROR] Failed to load resource: net::ERR_CONNECTION_REFUSED @ http://localhost:3100/:0
[ 2161364ms] [ERROR] Failed to load resource: net::ERR_CONNECTION_REFUSED @ http://localhost:3100/:0
[ 2162367ms] [ERROR] Failed to load resource: net::ERR_CONNECTION_REFUSED @ http://localhost:3100/:0
[ 2163370ms] [ERROR] Failed to load resource: net::ERR_CONNECTION_REFUSED @ http://localhost:3100/:0
[ 2164373ms] [ERROR] Failed to load resource: net::ERR_CONNECTION_REFUSED @ http://localhost:3100/:0
[ 2165375ms] [ERROR] Failed to load resource: net::ERR_CONNECTION_REFUSED @ http://localhost:3100/:0
[ 2166380ms] [ERROR] Failed to load resource: net::ERR_CONNECTION_REFUSED @ http://localhost:3100/:0
[ 2167383ms] [ERROR] Failed to load resource: net::ERR_CONNECTION_REFUSED @ http://localhost:3100/:0
[ 2168385ms] [ERROR] Failed to load resource: net::ERR_CONNECTION_REFUSED @ http://localhost:3100/:0
[ 2169388ms] [ERROR] Failed to load resource: net::ERR_CONNECTION_REFUSED @ http://localhost:3100/:0
[ 2170392ms] [ERROR] Failed to load resource: net::ERR_CONNECTION_REFUSED @ http://localhost:3100/:0
[ 2171395ms] [ERROR] Failed to load resource: net::ERR_CONNECTION_REFUSED @ http://localhost:3100/:0
[ 2172399ms] [ERROR] Failed to load resource: net::ERR_CONNECTION_REFUSED @ http://localhost:3100/:0
[ 2173405ms] [ERROR] Failed to load resource: net::ERR_CONNECTION_REFUSED @ http://localhost:3100/:0
[ 2174412ms] [ERROR] Failed to load resource: net::ERR_CONNECTION_REFUSED @ http://localhost:3100/:0
[ 2175414ms] [ERROR] Failed to load resource: net::ERR_CONNECTION_REFUSED @ http://localhost:3100/:0
[ 2176418ms] [ERROR] Failed to load resource: net::ERR_CONNECTION_REFUSED @ http://localhost:3100/:0
[ 2177425ms] [ERROR] Failed to load resource: net::ERR_CONNECTION_REFUSED @ http://localhost:3100/:0
[ 2178429ms] [ERROR] Failed to load resource: net::ERR_CONNECTION_REFUSED @ http://localhost:3100/:0
[ 2179434ms] [ERROR] Failed to load resource: net::ERR_CONNECTION_REFUSED @ http://localhost:3100/:0
[ 2180440ms] [ERROR] Failed to load resource: net::ERR_CONNECTION_REFUSED @ http://localhost:3100/:0
[ 2181445ms] [ERROR] Failed to load resource: net::ERR_CONNECTION_REFUSED @ http://localhost:3100/:0
[ 2182449ms] [ERROR] Failed to load resource: net::ERR_CONNECTION_REFUSED @ http://localhost:3100/:0
[ 2183453ms] [ERROR] Failed to load resource: net::ERR_CONNECTION_REFUSED @ http://localhost:3100/:0
[ 2184460ms] [ERROR] Failed to load resource: net::ERR_CONNECTION_REFUSED @ http://localhost:3100/:0
[ 2185463ms] [ERROR] Failed to load resource: net::ERR_CONNECTION_REFUSED @ http://localhost:3100/:0
[ 2186466ms] [ERROR] Failed to load resource: net::ERR_CONNECTION_REFUSED @ http://localhost:3100/:0
[ 2187470ms] [ERROR] Failed to load resource: net::ERR_CONNECTION_REFUSED @ http://localhost:3100/:0
[ 2188475ms] [ERROR] Failed to load resource: net::ERR_CONNECTION_REFUSED @ http://localhost:3100/:0
[ 2189481ms] [ERROR] Failed to load resource: net::ERR_CONNECTION_REFUSED @ http://localhost:3100/:0
[ 2190486ms] [ERROR] Failed to load resource: net::ERR_CONNECTION_REFUSED @ http://localhost:3100/:0
[ 2191494ms] [ERROR] Failed to load resource: net::ERR_CONNECTION_REFUSED @ http://localhost:3100/:0
[ 2192499ms] [ERROR] Failed to load resource: net::ERR_CONNECTION_REFUSED @ http://localhost:3100/:0
[ 2193503ms] [ERROR] Failed to load resource: net::ERR_CONNECTION_REFUSED @ http://localhost:3100/:0
[ 2194510ms] [ERROR] Failed to load resource: net::ERR_CONNECTION_REFUSED @ http://localhost:3100/:0
[ 2195514ms] [ERROR] Failed to load resource: net::ERR_CONNECTION_REFUSED @ http://localhost:3100/:0
[ 2196518ms] [ERROR] Failed to load resource: net::ERR_CONNECTION_REFUSED @ http://localhost:3100/:0
[ 2197523ms] [ERROR] Failed to load resource: net::ERR_CONNECTION_REFUSED @ http://localhost:3100/:0
[ 2198527ms] [ERROR] Failed to load resource: net::ERR_CONNECTION_REFUSED @ http://localhost:3100/:0
[ 2199531ms] [ERROR] Failed to load resource: net::ERR_CONNECTION_REFUSED @ http://localhost:3100/:0
[ 2200535ms] [ERROR] Failed to load resource: net::ERR_CONNECTION_REFUSED @ http://localhost:3100/:0
[ 2201540ms] [ERROR] Failed to load resource: net::ERR_CONNECTION_REFUSED @ http://localhost:3100/:0
[ 2202544ms] [ERROR] Failed to load resource: net::ERR_CONNECTION_REFUSED @ http://localhost:3100/:0
[ 2203548ms] [ERROR] Failed to load resource: net::ERR_CONNECTION_REFUSED @ http://localhost:3100/:0
[ 2204552ms] [ERROR] Failed to load resource: net::ERR_CONNECTION_REFUSED @ http://localhost:3100/:0
[ 2205556ms] [ERROR] Failed to load resource: net::ERR_CONNECTION_REFUSED @ http://localhost:3100/:0
[ 2206560ms] [ERROR] Failed to load resource: net::ERR_CONNECTION_REFUSED @ http://localhost:3100/:0
[ 2207565ms] [ERROR] Failed to load resource: net::ERR_CONNECTION_REFUSED @ http://localhost:3100/:0
[ 2208579ms] [ERROR] Failed to load resource: net::ERR_CONNECTION_REFUSED @ http://localhost:3100/:0
[ 2209584ms] [ERROR] Failed to load resource: net::ERR_CONNECTION_REFUSED @ http://localhost:3100/:0
[ 2210590ms] [ERROR] Failed to load resource: net::ERR_CONNECTION_REFUSED @ http://localhost:3100/:0
[ 2211595ms] [ERROR] Failed to load resource: net::ERR_CONNECTION_REFUSED @ http://localhost:3100/:0
[ 2212600ms] [ERROR] Failed to load resource: net::ERR_CONNECTION_REFUSED @ http://localhost:3100/:0
[ 2213609ms] [ERROR] Failed to load resource: net::ERR_CONNECTION_REFUSED @ http://localhost:3100/:0
[ 2214613ms] [ERROR] Failed to load resource: net::ERR_CONNECTION_REFUSED @ http://localhost:3100/:0
[ 2215617ms] [ERROR] Failed to load resource: net::ERR_CONNECTION_REFUSED @ http://localhost:3100/:0
[ 2216621ms] [ERROR] Failed to load resource: net::ERR_CONNECTION_REFUSED @ http://localhost:3100/:0
[ 2217626ms] [ERROR] Failed to load resource: net::ERR_CONNECTION_REFUSED @ http://localhost:3100/:0
[ 2218632ms] [ERROR] Failed to load resource: net::ERR_CONNECTION_REFUSED @ http://localhost:3100/:0
[ 2219634ms] [ERROR] Failed to load resource: net::ERR_CONNECTION_REFUSED @ http://localhost:3100/:0
[ 2220640ms] [ERROR] Failed to load resource: net::ERR_CONNECTION_REFUSED @ http://localhost:3100/:0
[ 2221646ms] [ERROR] Failed to load resource: net::ERR_CONNECTION_REFUSED @ http://localhost:3100/:0
[ 2222655ms] [ERROR] Failed to load resource: net::ERR_CONNECTION_REFUSED @ http://localhost:3100/:0
[ 2223660ms] [ERROR] Failed to load resource: net::ERR_CONNECTION_REFUSED @ http://localhost:3100/:0
[ 2224667ms] [ERROR] Failed to load resource: net::ERR_CONNECTION_REFUSED @ http://localhost:3100/:0
[ 2225672ms] [ERROR] Failed to load resource: net::ERR_CONNECTION_REFUSED @ http://localhost:3100/:0
[ 2226680ms] [ERROR] Failed to load resource: net::ERR_CONNECTION_REFUSED @ http://localhost:3100/:0
[ 2227721ms] [ERROR] Failed to load resource: net::ERR_CONNECTION_REFUSED @ http://localhost:3100/:0
[ 2228727ms] [ERROR] Failed to load resource: net::ERR_CONNECTION_REFUSED @ http://localhost:3100/:0
[ 2229732ms] [ERROR] Failed to load resource: net::ERR_CONNECTION_REFUSED @ http://localhost:3100/:0
[ 2230734ms] [ERROR] Failed to load resource: net::ERR_CONNECTION_REFUSED @ http://localhost:3100/:0
[ 2231739ms] [ERROR] Failed to load resource: net::ERR_CONNECTION_REFUSED @ http://localhost:3100/:0
[ 2232742ms] [ERROR] Failed to load resource: net::ERR_CONNECTION_REFUSED @ http://localhost:3100/:0
[ 2233747ms] [ERROR] Failed to load resource: net::ERR_CONNECTION_REFUSED @ http://localhost:3100/:0
[ 2234752ms] [ERROR] Failed to load resource: net::ERR_CONNECTION_REFUSED @ http://localhost:3100/:0
[ 2235759ms] [ERROR] Failed to load resource: net::ERR_CONNECTION_REFUSED @ http://localhost:3100/:0
[ 2236763ms] [ERROR] Failed to load resource: net::ERR_CONNECTION_REFUSED @ http://localhost:3100/:0
[ 2237770ms] [ERROR] Failed to load resource: net::ERR_CONNECTION_REFUSED @ http://localhost:3100/:0
[ 2238775ms] [ERROR] Failed to load resource: net::ERR_CONNECTION_REFUSED @ http://localhost:3100/:0
[ 2239779ms] [ERROR] Failed to load resource: net::ERR_CONNECTION_REFUSED @ http://localhost:3100/:0
[ 2240783ms] [ERROR] Failed to load resource: net::ERR_CONNECTION_REFUSED @ http://localhost:3100/:0
[ 2241788ms] [ERROR] Failed to load resource: net::ERR_CONNECTION_REFUSED @ http://localhost:3100/:0
[ 2242795ms] [ERROR] Failed to load resource: net::ERR_CONNECTION_REFUSED @ http://localhost:3100/:0
[ 2243799ms] [ERROR] Failed to load resource: net::ERR_CONNECTION_REFUSED @ http://localhost:3100/:0
[ 2244803ms] [ERROR] Failed to load resource: net::ERR_CONNECTION_REFUSED @ http://localhost:3100/:0
[ 2245807ms] [ERROR] Failed to load resource: net::ERR_CONNECTION_REFUSED @ http://localhost:3100/:0
[ 2246810ms] [ERROR] Failed to load resource: net::ERR_CONNECTION_REFUSED @ http://localhost:3100/:0
[ 2247816ms] [ERROR] Failed to load resource: net::ERR_CONNECTION_REFUSED @ http://localhost:3100/:0
[ 2248822ms] [ERROR] Failed to load resource: net::ERR_CONNECTION_REFUSED @ http://localhost:3100/:0
[ 2249827ms] [ERROR] Failed to load resource: net::ERR_CONNECTION_REFUSED @ http://localhost:3100/:0
[ 2250830ms] [ERROR] Failed to load resource: net::ERR_CONNECTION_REFUSED @ http://localhost:3100/:0
[ 2251836ms] [ERROR] Failed to load resource: net::ERR_CONNECTION_REFUSED @ http://localhost:3100/:0
[ 2252842ms] [ERROR] Failed to load resource: net::ERR_CONNECTION_REFUSED @ http://localhost:3100/:0
[ 2253845ms] [ERROR] Failed to load resource: net::ERR_CONNECTION_REFUSED @ http://localhost:3100/:0
[ 2254850ms] [ERROR] Failed to load resource: net::ERR_CONNECTION_REFUSED @ http://localhost:3100/:0
[ 2255856ms] [ERROR] Failed to load resource: net::ERR_CONNECTION_REFUSED @ http://localhost:3100/:0
[ 2256862ms] [ERROR] Failed to load resource: net::ERR_CONNECTION_REFUSED @ http://localhost:3100/:0
[ 2257868ms] [ERROR] Failed to load resource: net::ERR_CONNECTION_REFUSED @ http://localhost:3100/:0
[ 2258873ms] [ERROR] Failed to load resource: net::ERR_CONNECTION_REFUSED @ http://localhost:3100/:0
[ 2259878ms] [ERROR] Failed to load resource: net::ERR_CONNECTION_REFUSED @ http://localhost:3100/:0
[ 2260882ms] [ERROR] Failed to load resource: net::ERR_CONNECTION_REFUSED @ http://localhost:3100/:0
[ 2261884ms] [ERROR] Failed to load resource: net::ERR_CONNECTION_REFUSED @ http://localhost:3100/:0
[ 2262892ms] [ERROR] Failed to load resource: net::ERR_CONNECTION_REFUSED @ http://localhost:3100/:0
[ 2263896ms] [ERROR] Failed to load resource: net::ERR_CONNECTION_REFUSED @ http://localhost:3100/:0
[ 2264900ms] [ERROR] Failed to load resource: net::ERR_CONNECTION_REFUSED @ http://localhost:3100/:0
[ 2265905ms] [ERROR] Failed to load resource: net::ERR_CONNECTION_REFUSED @ http://localhost:3100/:0
[ 2266909ms] [ERROR] Failed to load resource: net::ERR_CONNECTION_REFUSED @ http://localhost:3100/:0
[ 2267914ms] [ERROR] Failed to load resource: net::ERR_CONNECTION_REFUSED @ http://localhost:3100/:0
[ 2268919ms] [ERROR] Failed to load resource: net::ERR_CONNECTION_REFUSED @ http://localhost:3100/:0
[ 2269929ms] [ERROR] Failed to load resource: net::ERR_CONNECTION_REFUSED @ http://localhost:3100/:0
[ 2270937ms] [ERROR] Failed to load resource: net::ERR_CONNECTION_REFUSED @ http://localhost:3100/:0
[ 2271941ms] [ERROR] Failed to load resource: net::ERR_CONNECTION_REFUSED @ http://localhost:3100/:0
[ 2272944ms] [ERROR] Failed to load resource: net::ERR_CONNECTION_REFUSED @ http://localhost:3100/:0
[ 2273948ms] [ERROR] Failed to load resource: net::ERR_CONNECTION_REFUSED @ http://localhost:3100/:0
[ 2274953ms] [ERROR] Failed to load resource: net::ERR_CONNECTION_REFUSED @ http://localhost:3100/:0
[ 2275959ms] [ERROR] Failed to load resource: net::ERR_CONNECTION_REFUSED @ http://localhost:3100/:0
[ 2276963ms] [ERROR] Failed to load resource: net::ERR_CONNECTION_REFUSED @ http://localhost:3100/:0
[ 2277965ms] [ERROR] Failed to load resource: net::ERR_CONNECTION_REFUSED @ http://localhost:3100/:0
[ 2278968ms] [ERROR] Failed to load resource: net::ERR_CONNECTION_REFUSED @ http://localhost:3100/:0
[ 2279971ms] [ERROR] Failed to load resource: net::ERR_CONNECTION_REFUSED @ http://localhost:3100/:0
[ 2280975ms] [ERROR] Failed to load resource: net::ERR_CONNECTION_REFUSED @ http://localhost:3100/:0
[ 2281982ms] [ERROR] Failed to load resource: net::ERR_CONNECTION_REFUSED @ http://localhost:3100/:0
[ 2282986ms] [ERROR] Failed to load resource: net::ERR_CONNECTION_REFUSED @ http://localhost:3100/:0
[ 2283990ms] [ERROR] Failed to load resource: net::ERR_CONNECTION_REFUSED @ http://localhost:3100/:0
[ 2284995ms] [ERROR] Failed to load resource: net::ERR_CONNECTION_REFUSED @ http://localhost:3100/:0
[ 2285999ms] [ERROR] Failed to load resource: net::ERR_CONNECTION_REFUSED @ http://localhost:3100/:0
[ 2287003ms] [ERROR] Failed to load resource: net::ERR_CONNECTION_REFUSED @ http://localhost:3100/:0
[ 2288007ms] [ERROR] Failed to load resource: net::ERR_CONNECTION_REFUSED @ http://localhost:3100/:0
[ 2289011ms] [ERROR] Failed to load resource: net::ERR_CONNECTION_REFUSED @ http://localhost:3100/:0
[ 2290017ms] [ERROR] Failed to load resource: net::ERR_CONNECTION_REFUSED @ http://localhost:3100/:0
[ 2291022ms] [ERROR] Failed to load resource: net::ERR_CONNECTION_REFUSED @ http://localhost:3100/:0
[ 2292028ms] [ERROR] Failed to load resource: net::ERR_CONNECTION_REFUSED @ http://localhost:3100/:0
[ 2293032ms] [ERROR] Failed to load resource: net::ERR_CONNECTION_REFUSED @ http://localhost:3100/:0
[ 2294037ms] [ERROR] Failed to load resource: net::ERR_CONNECTION_REFUSED @ http://localhost:3100/:0
[ 2295043ms] [ERROR] Failed to load resource: net::ERR_CONNECTION_REFUSED @ http://localhost:3100/:0
[ 2296047ms] [ERROR] Failed to load resource: net::ERR_CONNECTION_REFUSED @ http://localhost:3100/:0
[ 2297051ms] [ERROR] Failed to load resource: net::ERR_CONNECTION_REFUSED @ http://localhost:3100/:0
[ 2298053ms] [ERROR] Failed to load resource: net::ERR_CONNECTION_REFUSED @ http://localhost:3100/:0
[ 2299055ms] [ERROR] Failed to load resource: net::ERR_CONNECTION_REFUSED @ http://localhost:3100/:0
[ 2300060ms] [ERROR] Failed to load resource: net::ERR_CONNECTION_REFUSED @ http://localhost:3100/:0
[ 2301065ms] [ERROR] Failed to load resource: net::ERR_CONNECTION_REFUSED @ http://localhost:3100/:0
[ 2302068ms] [ERROR] Failed to load resource: net::ERR_CONNECTION_REFUSED @ http://localhost:3100/:0
[ 2303072ms] [ERROR] Failed to load resource: net::ERR_CONNECTION_REFUSED @ http://localhost:3100/:0
[ 2304075ms] [ERROR] Failed to load resource: net::ERR_CONNECTION_REFUSED @ http://localhost:3100/:0
[ 2305080ms] [ERROR] Failed to load resource: net::ERR_CONNECTION_REFUSED @ http://localhost:3100/:0
[ 2306085ms] [ERROR] Failed to load resource: net::ERR_CONNECTION_REFUSED @ http://localhost:3100/:0
[ 2307089ms] [ERROR] Failed to load resource: net::ERR_CONNECTION_REFUSED @ http://localhost:3100/:0
[ 2308092ms] [ERROR] Failed to load resource: net::ERR_CONNECTION_REFUSED @ http://localhost:3100/:0
[ 2309096ms] [ERROR] Failed to load resource: net::ERR_CONNECTION_REFUSED @ http://localhost:3100/:0
[ 2310100ms] [ERROR] Failed to load resource: net::ERR_CONNECTION_REFUSED @ http://localhost:3100/:0
[ 2311104ms] [ERROR] Failed to load resource: net::ERR_CONNECTION_REFUSED @ http://localhost:3100/:0
[ 2312107ms] [ERROR] Failed to load resource: net::ERR_CONNECTION_REFUSED @ http://localhost:3100/:0
[ 2313111ms] [ERROR] Failed to load resource: net::ERR_CONNECTION_REFUSED @ http://localhost:3100/:0
[ 2314117ms] [ERROR] Failed to load resource: net::ERR_CONNECTION_REFUSED @ http://localhost:3100/:0
[ 2315126ms] [ERROR] Failed to load resource: net::ERR_CONNECTION_REFUSED @ http://localhost:3100/:0
[ 2316132ms] [ERROR] Failed to load resource: net::ERR_CONNECTION_REFUSED @ http://localhost:3100/:0
[ 2317136ms] [ERROR] Failed to load resource: net::ERR_CONNECTION_REFUSED @ http://localhost:3100/:0
[ 2318144ms] [ERROR] Failed to load resource: net::ERR_CONNECTION_REFUSED @ http://localhost:3100/:0
[ 2319151ms] [ERROR] Failed to load resource: net::ERR_CONNECTION_REFUSED @ http://localhost:3100/:0
[ 2320166ms] [ERROR] Failed to load resource: net::ERR_CONNECTION_REFUSED @ http://localhost:3100/:0
[ 2321170ms] [ERROR] Failed to load resource: net::ERR_CONNECTION_REFUSED @ http://localhost:3100/:0
[ 2322175ms] [ERROR] Failed to load resource: net::ERR_CONNECTION_REFUSED @ http://localhost:3100/:0
[ 2323178ms] [ERROR] Failed to load resource: net::ERR_CONNECTION_REFUSED @ http://localhost:3100/:0
[ 2324180ms] [ERROR] Failed to load resource: net::ERR_CONNECTION_REFUSED @ http://localhost:3100/:0
[ 2325187ms] [ERROR] Failed to load resource: net::ERR_CONNECTION_REFUSED @ http://localhost:3100/:0
[ 2326190ms] [ERROR] Failed to load resource: net::ERR_CONNECTION_REFUSED @ http://localhost:3100/:0
[ 2327192ms] [ERROR] Failed to load resource: net::ERR_CONNECTION_REFUSED @ http://localhost:3100/:0
[ 2328199ms] [ERROR] Failed to load resource: net::ERR_CONNECTION_REFUSED @ http://localhost:3100/:0
[ 2329206ms] [ERROR] Failed to load resource: net::ERR_CONNECTION_REFUSED @ http://localhost:3100/:0
[ 2330210ms] [ERROR] Failed to load resource: net::ERR_CONNECTION_REFUSED @ http://localhost:3100/:0
[ 2331217ms] [ERROR] Failed to load resource: net::ERR_CONNECTION_REFUSED @ http://localhost:3100/:0
[ 2332222ms] [ERROR] Failed to load resource: net::ERR_CONNECTION_REFUSED @ http://localhost:3100/:0
[ 2333230ms] [ERROR] Failed to load resource: net::ERR_CONNECTION_REFUSED @ http://localhost:3100/:0
[ 2334234ms] [ERROR] Failed to load resource: net::ERR_CONNECTION_REFUSED @ http://localhost:3100/:0
[ 2335239ms] [ERROR] Failed to load resource: net::ERR_CONNECTION_REFUSED @ http://localhost:3100/:0
[ 2336246ms] [ERROR] Failed to load resource: net::ERR_CONNECTION_REFUSED @ http://localhost:3100/:0
[ 2337256ms] [ERROR] Failed to load resource: net::ERR_CONNECTION_REFUSED @ http://localhost:3100/:0
[ 2338264ms] [ERROR] Failed to load resource: net::ERR_CONNECTION_REFUSED @ http://localhost:3100/:0
[ 2339269ms] [ERROR] Failed to load resource: net::ERR_CONNECTION_REFUSED @ http://localhost:3100/:0
[ 2340274ms] [ERROR] Failed to load resource: net::ERR_CONNECTION_REFUSED @ http://localhost:3100/:0
[ 2341280ms] [ERROR] Failed to load resource: net::ERR_CONNECTION_REFUSED @ http://localhost:3100/:0
[ 2342285ms] [ERROR] Failed to load resource: net::ERR_CONNECTION_REFUSED @ http://localhost:3100/:0
[ 2343291ms] [ERROR] Failed to load resource: net::ERR_CONNECTION_REFUSED @ http://localhost:3100/:0
[ 2344295ms] [ERROR] Failed to load resource: net::ERR_CONNECTION_REFUSED @ http://localhost:3100/:0
[ 2345300ms] [ERROR] Failed to load resource: net::ERR_CONNECTION_REFUSED @ http://localhost:3100/:0
[ 2346307ms] [ERROR] Failed to load resource: net::ERR_CONNECTION_REFUSED @ http://localhost:3100/:0
[ 2347312ms] [ERROR] Failed to load resource: net::ERR_CONNECTION_REFUSED @ http://localhost:3100/:0
[ 2348316ms] [ERROR] Failed to load resource: net::ERR_CONNECTION_REFUSED @ http://localhost:3100/:0
[ 2349319ms] [ERROR] Failed to load resource: net::ERR_CONNECTION_REFUSED @ http://localhost:3100/:0
[ 2350323ms] [ERROR] Failed to load resource: net::ERR_CONNECTION_REFUSED @ http://localhost:3100/:0
[ 2351330ms] [ERROR] Failed to load resource: net::ERR_CONNECTION_REFUSED @ http://localhost:3100/:0
[ 2352333ms] [ERROR] Failed to load resource: net::ERR_CONNECTION_REFUSED @ http://localhost:3100/:0
[ 2353337ms] [ERROR] Failed to load resource: net::ERR_CONNECTION_REFUSED @ http://localhost:3100/:0
[ 2354340ms] [ERROR] Failed to load resource: net::ERR_CONNECTION_REFUSED @ http://localhost:3100/:0
[ 2355344ms] [ERROR] Failed to load resource: net::ERR_CONNECTION_REFUSED @ http://localhost:3100/:0
[ 2356349ms] [ERROR] Failed to load resource: net::ERR_CONNECTION_REFUSED @ http://localhost:3100/:0
[ 2357354ms] [ERROR] Failed to load resource: net::ERR_CONNECTION_REFUSED @ http://localhost:3100/:0
[ 2358362ms] [ERROR] Failed to load resource: net::ERR_CONNECTION_REFUSED @ http://localhost:3100/:0
[ 2359367ms] [ERROR] Failed to load resource: net::ERR_CONNECTION_REFUSED @ http://localhost:3100/:0
[ 2360371ms] [ERROR] Failed to load resource: net::ERR_CONNECTION_REFUSED @ http://localhost:3100/:0
[ 2361379ms] [ERROR] Failed to load resource: net::ERR_CONNECTION_REFUSED @ http://localhost:3100/:0
[ 2362383ms] [ERROR] Failed to load resource: net::ERR_CONNECTION_REFUSED @ http://localhost:3100/:0
[ 2363391ms] [ERROR] Failed to load resource: net::ERR_CONNECTION_REFUSED @ http://localhost:3100/:0
[ 2364396ms] [ERROR] Failed to load resource: net::ERR_CONNECTION_REFUSED @ http://localhost:3100/:0
[ 2365404ms] [ERROR] Failed to load resource: net::ERR_CONNECTION_REFUSED @ http://localhost:3100/:0
[ 2366408ms] [ERROR] Failed to load resource: net::ERR_CONNECTION_REFUSED @ http://localhost:3100/:0
[ 2367413ms] [ERROR] Failed to load resource: net::ERR_CONNECTION_REFUSED @ http://localhost:3100/:0
[ 2368418ms] [ERROR] Failed to load resource: net::ERR_CONNECTION_REFUSED @ http://localhost:3100/:0
[ 2369421ms] [ERROR] Failed to load resource: net::ERR_CONNECTION_REFUSED @ http://localhost:3100/:0
[ 2370431ms] [ERROR] Failed to load resource: net::ERR_CONNECTION_REFUSED @ http://localhost:3100/:0
[ 2371434ms] [ERROR] Failed to load resource: net::ERR_CONNECTION_REFUSED @ http://localhost:3100/:0
[ 2372437ms] [ERROR] Failed to load resource: net::ERR_CONNECTION_REFUSED @ http://localhost:3100/:0
[ 2373445ms] [ERROR] Failed to load resource: net::ERR_CONNECTION_REFUSED @ http://localhost:3100/:0
[ 2374449ms] [ERROR] Failed to load resource: net::ERR_CONNECTION_REFUSED @ http://localhost:3100/:0
[ 2375455ms] [ERROR] Failed to load resource: net::ERR_CONNECTION_REFUSED @ http://localhost:3100/:0
[ 2376461ms] [ERROR] Failed to load resource: net::ERR_CONNECTION_REFUSED @ http://localhost:3100/:0
[ 2377465ms] [ERROR] Failed to load resource: net::ERR_CONNECTION_REFUSED @ http://localhost:3100/:0
[ 2378468ms] [ERROR] Failed to load resource: net::ERR_CONNECTION_REFUSED @ http://localhost:3100/:0
[ 2379472ms] [ERROR] Failed to load resource: net::ERR_CONNECTION_REFUSED @ http://localhost:3100/:0
[ 2380476ms] [ERROR] Failed to load resource: net::ERR_CONNECTION_REFUSED @ http://localhost:3100/:0
[ 2381480ms] [ERROR] Failed to load resource: net::ERR_CONNECTION_REFUSED @ http://localhost:3100/:0
[ 2382486ms] [ERROR] Failed to load resource: net::ERR_CONNECTION_REFUSED @ http://localhost:3100/:0
[ 2383492ms] [ERROR] Failed to load resource: net::ERR_CONNECTION_REFUSED @ http://localhost:3100/:0
[ 2384495ms] [ERROR] Failed to load resource: net::ERR_CONNECTION_REFUSED @ http://localhost:3100/:0
[ 2385502ms] [ERROR] Failed to load resource: net::ERR_CONNECTION_REFUSED @ http://localhost:3100/:0
[ 2386506ms] [ERROR] Failed to load resource: net::ERR_CONNECTION_REFUSED @ http://localhost:3100/:0
[ 2387514ms] [ERROR] Failed to load resource: net::ERR_CONNECTION_REFUSED @ http://localhost:3100/:0
[ 2388518ms] [ERROR] Failed to load resource: net::ERR_CONNECTION_REFUSED @ http://localhost:3100/:0
[ 2389523ms] [ERROR] Failed to load resource: net::ERR_CONNECTION_REFUSED @ http://localhost:3100/:0
[ 2390528ms] [ERROR] Failed to load resource: net::ERR_CONNECTION_REFUSED @ http://localhost:3100/:0
[ 2391531ms] [ERROR] Failed to load resource: net::ERR_CONNECTION_REFUSED @ http://localhost:3100/:0
[ 2392537ms] [ERROR] Failed to load resource: net::ERR_CONNECTION_REFUSED @ http://localhost:3100/:0
[ 2393545ms] [ERROR] Failed to load resource: net::ERR_CONNECTION_REFUSED @ http://localhost:3100/:0
[ 2394551ms] [ERROR] Failed to load resource: net::ERR_CONNECTION_REFUSED @ http://localhost:3100/:0
[ 2395554ms] [ERROR] Failed to load resource: net::ERR_CONNECTION_REFUSED @ http://localhost:3100/:0
[ 2396559ms] [ERROR] Failed to load resource: net::ERR_CONNECTION_REFUSED @ http://localhost:3100/:0
[ 2397566ms] [ERROR] Failed to load resource: net::ERR_CONNECTION_REFUSED @ http://localhost:3100/:0
[ 2398571ms] [ERROR] Failed to load resource: net::ERR_CONNECTION_REFUSED @ http://localhost:3100/:0
[ 2399575ms] [ERROR] Failed to load resource: net::ERR_CONNECTION_REFUSED @ http://localhost:3100/:0
[ 2400577ms] [ERROR] Failed to load resource: net::ERR_CONNECTION_REFUSED @ http://localhost:3100/:0
[ 2401581ms] [ERROR] Failed to load resource: net::ERR_CONNECTION_REFUSED @ http://localhost:3100/:0
[ 2402585ms] [ERROR] Failed to load resource: net::ERR_CONNECTION_REFUSED @ http://localhost:3100/:0
[ 2403589ms] [ERROR] Failed to load resource: net::ERR_CONNECTION_REFUSED @ http://localhost:3100/:0
[ 2404596ms] [ERROR] Failed to load resource: net::ERR_CONNECTION_REFUSED @ http://localhost:3100/:0
[ 2405600ms] [ERROR] Failed to load resource: net::ERR_CONNECTION_REFUSED @ http://localhost:3100/:0
[ 2406605ms] [ERROR] Failed to load resource: net::ERR_CONNECTION_REFUSED @ http://localhost:3100/:0
[ 2407610ms] [ERROR] Failed to load resource: net::ERR_CONNECTION_REFUSED @ http://localhost:3100/:0
[ 2408615ms] [ERROR] Failed to load resource: net::ERR_CONNECTION_REFUSED @ http://localhost:3100/:0
[ 2409620ms] [ERROR] Failed to load resource: net::ERR_CONNECTION_REFUSED @ http://localhost:3100/:0
[ 2410624ms] [ERROR] Failed to load resource: net::ERR_CONNECTION_REFUSED @ http://localhost:3100/:0
[ 2411629ms] [ERROR] Failed to load resource: net::ERR_CONNECTION_REFUSED @ http://localhost:3100/:0
[ 2412631ms] [ERROR] Failed to load resource: net::ERR_CONNECTION_REFUSED @ http://localhost:3100/:0
[ 2413637ms] [ERROR] Failed to load resource: net::ERR_CONNECTION_REFUSED @ http://localhost:3100/:0
[ 2414641ms] [ERROR] Failed to load resource: net::ERR_CONNECTION_REFUSED @ http://localhost:3100/:0
[ 2415646ms] [ERROR] Failed to load resource: net::ERR_CONNECTION_REFUSED @ http://localhost:3100/:0
[ 2416650ms] [ERROR] Failed to load resource: net::ERR_CONNECTION_REFUSED @ http://localhost:3100/:0
[ 2417654ms] [ERROR] Failed to load resource: net::ERR_CONNECTION_REFUSED @ http://localhost:3100/:0
[ 2418658ms] [ERROR] Failed to load resource: net::ERR_CONNECTION_REFUSED @ http://localhost:3100/:0
[ 2419662ms] [ERROR] Failed to load resource: net::ERR_CONNECTION_REFUSED @ http://localhost:3100/:0
[ 2420667ms] [ERROR] Failed to load resource: net::ERR_CONNECTION_REFUSED @ http://localhost:3100/:0
[ 2421670ms] [ERROR] Failed to load resource: net::ERR_CONNECTION_REFUSED @ http://localhost:3100/:0
[ 2422675ms] [ERROR] Failed to load resource: net::ERR_CONNECTION_REFUSED @ http://localhost:3100/:0
[ 2423679ms] [ERROR] Failed to load resource: net::ERR_CONNECTION_REFUSED @ http://localhost:3100/:0
[ 2424683ms] [ERROR] Failed to load resource: net::ERR_CONNECTION_REFUSED @ http://localhost:3100/:0
[ 2425688ms] [ERROR] Failed to load resource: net::ERR_CONNECTION_REFUSED @ http://localhost:3100/:0
[ 2426694ms] [ERROR] Failed to load resource: net::ERR_CONNECTION_REFUSED @ http://localhost:3100/:0
[ 2427697ms] [ERROR] Failed to load resource: net::ERR_CONNECTION_REFUSED @ http://localhost:3100/:0
[ 2428701ms] [ERROR] Failed to load resource: net::ERR_CONNECTION_REFUSED @ http://localhost:3100/:0
[ 2429708ms] [ERROR] Failed to load resource: net::ERR_CONNECTION_REFUSED @ http://localhost:3100/:0
[ 2430714ms] [ERROR] Failed to load resource: net::ERR_CONNECTION_REFUSED @ http://localhost:3100/:0
[ 2431717ms] [ERROR] Failed to load resource: net::ERR_CONNECTION_REFUSED @ http://localhost:3100/:0
[ 2432721ms] [ERROR] Failed to load resource: net::ERR_CONNECTION_REFUSED @ http://localhost:3100/:0
[ 2433726ms] [ERROR] Failed to load resource: net::ERR_CONNECTION_REFUSED @ http://localhost:3100/:0
[ 2434730ms] [ERROR] Failed to load resource: net::ERR_CONNECTION_REFUSED @ http://localhost:3100/:0
[ 2435733ms] [ERROR] Failed to load resource: net::ERR_CONNECTION_REFUSED @ http://localhost:3100/:0
[ 2436738ms] [ERROR] Failed to load resource: net::ERR_CONNECTION_REFUSED @ http://localhost:3100/:0
[ 2437742ms] [ERROR] Failed to load resource: net::ERR_CONNECTION_REFUSED @ http://localhost:3100/:0
[ 2438745ms] [ERROR] Failed to load resource: net::ERR_CONNECTION_REFUSED @ http://localhost:3100/:0
[ 2439747ms] [ERROR] Failed to load resource: net::ERR_CONNECTION_REFUSED @ http://localhost:3100/:0
[ 2440753ms] [ERROR] Failed to load resource: net::ERR_CONNECTION_REFUSED @ http://localhost:3100/:0
[ 2441756ms] [ERROR] Failed to load resource: net::ERR_CONNECTION_REFUSED @ http://localhost:3100/:0
[ 2442762ms] [ERROR] Failed to load resource: net::ERR_CONNECTION_REFUSED @ http://localhost:3100/:0
[ 2443764ms] [ERROR] Failed to load resource: net::ERR_CONNECTION_REFUSED @ http://localhost:3100/:0
[ 2444767ms] [ERROR] Failed to load resource: net::ERR_CONNECTION_REFUSED @ http://localhost:3100/:0
[ 2445773ms] [ERROR] Failed to load resource: net::ERR_CONNECTION_REFUSED @ http://localhost:3100/:0
[ 2446778ms] [ERROR] Failed to load resource: net::ERR_CONNECTION_REFUSED @ http://localhost:3100/:0
[ 2447781ms] [ERROR] Failed to load resource: net::ERR_CONNECTION_REFUSED @ http://localhost:3100/:0
[ 2448789ms] [ERROR] Failed to load resource: net::ERR_CONNECTION_REFUSED @ http://localhost:3100/:0
[ 2449793ms] [ERROR] Failed to load resource: net::ERR_CONNECTION_REFUSED @ http://localhost:3100/:0
[ 2450797ms] [ERROR] Failed to load resource: net::ERR_CONNECTION_REFUSED @ http://localhost:3100/:0
[ 2451800ms] [ERROR] Failed to load resource: net::ERR_CONNECTION_REFUSED @ http://localhost:3100/:0
[ 2452805ms] [ERROR] Failed to load resource: net::ERR_CONNECTION_REFUSED @ http://localhost:3100/:0
[ 2453809ms] [ERROR] Failed to load resource: net::ERR_CONNECTION_REFUSED @ http://localhost:3100/:0
[ 2454813ms] [ERROR] Failed to load resource: net::ERR_CONNECTION_REFUSED @ http://localhost:3100/:0
[ 2455817ms] [ERROR] Failed to load resource: net::ERR_CONNECTION_REFUSED @ http://localhost:3100/:0
[ 2456822ms] [ERROR] Failed to load resource: net::ERR_CONNECTION_REFUSED @ http://localhost:3100/:0
[ 2457825ms] [ERROR] Failed to load resource: net::ERR_CONNECTION_REFUSED @ http://localhost:3100/:0
[ 2458831ms] [ERROR] Failed to load resource: net::ERR_CONNECTION_REFUSED @ http://localhost:3100/:0
[ 2459837ms] [ERROR] Failed to load resource: net::ERR_CONNECTION_REFUSED @ http://localhost:3100/:0
[ 2460840ms] [ERROR] Failed to load resource: net::ERR_CONNECTION_REFUSED @ http://localhost:3100/:0
[ 2461844ms] [ERROR] Failed to load resource: net::ERR_CONNECTION_REFUSED @ http://localhost:3100/:0
[ 2462846ms] [ERROR] Failed to load resource: net::ERR_CONNECTION_REFUSED @ http://localhost:3100/:0
[ 2463849ms] [ERROR] Failed to load resource: net::ERR_CONNECTION_REFUSED @ http://localhost:3100/:0
[ 2464853ms] [ERROR] Failed to load resource: net::ERR_CONNECTION_REFUSED @ http://localhost:3100/:0
[ 2465857ms] [ERROR] Failed to load resource: net::ERR_CONNECTION_REFUSED @ http://localhost:3100/:0
[ 2466861ms] [ERROR] Failed to load resource: net::ERR_CONNECTION_REFUSED @ http://localhost:3100/:0
[ 2467866ms] [ERROR] Failed to load resource: net::ERR_CONNECTION_REFUSED @ http://localhost:3100/:0
[ 2468871ms] [ERROR] Failed to load resource: net::ERR_CONNECTION_REFUSED @ http://localhost:3100/:0
[ 2469874ms] [ERROR] Failed to load resource: net::ERR_CONNECTION_REFUSED @ http://localhost:3100/:0
[ 2470879ms] [ERROR] Failed to load resource: net::ERR_CONNECTION_REFUSED @ http://localhost:3100/:0
[ 2471882ms] [ERROR] Failed to load resource: net::ERR_CONNECTION_REFUSED @ http://localhost:3100/:0
[ 2472894ms] [ERROR] Failed to load resource: net::ERR_CONNECTION_REFUSED @ http://localhost:3100/:0
[ 2473898ms] [ERROR] Failed to load resource: net::ERR_CONNECTION_REFUSED @ http://localhost:3100/:0
[ 2474904ms] [ERROR] Failed to load resource: net::ERR_CONNECTION_REFUSED @ http://localhost:3100/:0
[ 2475909ms] [ERROR] Failed to load resource: net::ERR_CONNECTION_REFUSED @ http://localhost:3100/:0
[ 2476912ms] [ERROR] Failed to load resource: net::ERR_CONNECTION_REFUSED @ http://localhost:3100/:0
[ 2477917ms] [ERROR] Failed to load resource: net::ERR_CONNECTION_REFUSED @ http://localhost:3100/:0
[ 2478921ms] [ERROR] Failed to load resource: net::ERR_CONNECTION_REFUSED @ http://localhost:3100/:0
[ 2479925ms] [ERROR] Failed to load resource: net::ERR_CONNECTION_REFUSED @ http://localhost:3100/:0
[ 2480932ms] [ERROR] Failed to load resource: net::ERR_CONNECTION_REFUSED @ http://localhost:3100/:0
[ 2481936ms] [ERROR] Failed to load resource: net::ERR_CONNECTION_REFUSED @ http://localhost:3100/:0
[ 2482940ms] [ERROR] Failed to load resource: net::ERR_CONNECTION_REFUSED @ http://localhost:3100/:0
[ 2483942ms] [ERROR] Failed to load resource: net::ERR_CONNECTION_REFUSED @ http://localhost:3100/:0
[ 2484948ms] [ERROR] Failed to load resource: net::ERR_CONNECTION_REFUSED @ http://localhost:3100/:0
[ 2485950ms] [ERROR] Failed to load resource: net::ERR_CONNECTION_REFUSED @ http://localhost:3100/:0
[ 2486956ms] [ERROR] Failed to load resource: net::ERR_CONNECTION_REFUSED @ http://localhost:3100/:0
[ 2487959ms] [ERROR] Failed to load resource: net::ERR_CONNECTION_REFUSED @ http://localhost:3100/:0
[ 2488965ms] [ERROR] Failed to load resource: net::ERR_CONNECTION_REFUSED @ http://localhost:3100/:0
[ 2489970ms] [ERROR] Failed to load resource: net::ERR_CONNECTION_REFUSED @ http://localhost:3100/:0
[ 2490973ms] [ERROR] Failed to load resource: net::ERR_CONNECTION_REFUSED @ http://localhost:3100/:0
[ 2491978ms] [ERROR] Failed to load resource: net::ERR_CONNECTION_REFUSED @ http://localhost:3100/:0
[ 2492985ms] [ERROR] Failed to load resource: net::ERR_CONNECTION_REFUSED @ http://localhost:3100/:0
[ 2493990ms] [ERROR] Failed to load resource: net::ERR_CONNECTION_REFUSED @ http://localhost:3100/:0
[ 2494992ms] [ERROR] Failed to load resource: net::ERR_CONNECTION_REFUSED @ http://localhost:3100/:0
[ 2495996ms] [ERROR] Failed to load resource: net::ERR_CONNECTION_REFUSED @ http://localhost:3100/:0
[ 2497001ms] [ERROR] Failed to load resource: net::ERR_CONNECTION_REFUSED @ http://localhost:3100/:0
[ 2498032ms] [ERROR] Failed to load resource: net::ERR_CONNECTION_REFUSED @ http://localhost:3100/:0
[ 2499037ms] [ERROR] Failed to load resource: net::ERR_CONNECTION_REFUSED @ http://localhost:3100/:0
[ 2500041ms] [ERROR] Failed to load resource: net::ERR_CONNECTION_REFUSED @ http://localhost:3100/:0
[ 2501044ms] [ERROR] Failed to load resource: net::ERR_CONNECTION_REFUSED @ http://localhost:3100/:0
[ 2502053ms] [ERROR] Failed to load resource: net::ERR_CONNECTION_REFUSED @ http://localhost:3100/:0
[ 2503057ms] [ERROR] Failed to load resource: net::ERR_CONNECTION_REFUSED @ http://localhost:3100/:0
[ 2504062ms] [ERROR] Failed to load resource: net::ERR_CONNECTION_REFUSED @ http://localhost:3100/:0
[ 2505068ms] [ERROR] Failed to load resource: net::ERR_CONNECTION_REFUSED @ http://localhost:3100/:0
[ 2506074ms] [ERROR] Failed to load resource: net::ERR_CONNECTION_REFUSED @ http://localhost:3100/:0
[ 2507077ms] [ERROR] Failed to load resource: net::ERR_CONNECTION_REFUSED @ http://localhost:3100/:0
[ 2508081ms] [ERROR] Failed to load resource: net::ERR_CONNECTION_REFUSED @ http://localhost:3100/:0
[ 2509085ms] [ERROR] Failed to load resource: net::ERR_CONNECTION_REFUSED @ http://localhost:3100/:0
[ 2510089ms] [ERROR] Failed to load resource: net::ERR_CONNECTION_REFUSED @ http://localhost:3100/:0
[ 2511097ms] [ERROR] Failed to load resource: net::ERR_CONNECTION_REFUSED @ http://localhost:3100/:0
[ 2512101ms] [ERROR] Failed to load resource: net::ERR_CONNECTION_REFUSED @ http://localhost:3100/:0
[ 2513105ms] [ERROR] Failed to load resource: net::ERR_CONNECTION_REFUSED @ http://localhost:3100/:0
[ 2514109ms] [ERROR] Failed to load resource: net::ERR_CONNECTION_REFUSED @ http://localhost:3100/:0
[ 2515116ms] [ERROR] Failed to load resource: net::ERR_CONNECTION_REFUSED @ http://localhost:3100/:0
[ 2516120ms] [ERROR] Failed to load resource: net::ERR_CONNECTION_REFUSED @ http://localhost:3100/:0
[ 2517124ms] [ERROR] Failed to load resource: net::ERR_CONNECTION_REFUSED @ http://localhost:3100/:0
[ 2518129ms] [ERROR] Failed to load resource: net::ERR_CONNECTION_REFUSED @ http://localhost:3100/:0
[ 2519131ms] [ERROR] Failed to load resource: net::ERR_CONNECTION_REFUSED @ http://localhost:3100/:0
[ 2520134ms] [ERROR] Failed to load resource: net::ERR_CONNECTION_REFUSED @ http://localhost:3100/:0
[ 2521139ms] [ERROR] Failed to load resource: net::ERR_CONNECTION_REFUSED @ http://localhost:3100/:0
[ 2522143ms] [ERROR] Failed to load resource: net::ERR_CONNECTION_REFUSED @ http://localhost:3100/:0
[ 2523147ms] [ERROR] Failed to load resource: net::ERR_CONNECTION_REFUSED @ http://localhost:3100/:0
[ 2524150ms] [ERROR] Failed to load resource: net::ERR_CONNECTION_REFUSED @ http://localhost:3100/:0
[ 2525153ms] [ERROR] Failed to load resource: net::ERR_CONNECTION_REFUSED @ http://localhost:3100/:0
[ 2526158ms] [ERROR] Failed to load resource: net::ERR_CONNECTION_REFUSED @ http://localhost:3100/:0
[ 2527163ms] [ERROR] Failed to load resource: net::ERR_CONNECTION_REFUSED @ http://localhost:3100/:0
[ 2528165ms] [ERROR] Failed to load resource: net::ERR_CONNECTION_REFUSED @ http://localhost:3100/:0
[ 2529169ms] [ERROR] Failed to load resource: net::ERR_CONNECTION_REFUSED @ http://localhost:3100/:0
[ 2530173ms] [ERROR] Failed to load resource: net::ERR_CONNECTION_REFUSED @ http://localhost:3100/:0
[ 2531177ms] [ERROR] Failed to load resource: net::ERR_CONNECTION_REFUSED @ http://localhost:3100/:0
[ 2532181ms] [ERROR] Failed to load resource: net::ERR_CONNECTION_REFUSED @ http://localhost:3100/:0
[ 2533184ms] [ERROR] Failed to load resource: net::ERR_CONNECTION_REFUSED @ http://localhost:3100/:0
[ 2534187ms] [ERROR] Failed to load resource: net::ERR_CONNECTION_REFUSED @ http://localhost:3100/:0
[ 2535191ms] [ERROR] Failed to load resource: net::ERR_CONNECTION_REFUSED @ http://localhost:3100/:0
[ 2536198ms] [ERROR] Failed to load resource: net::ERR_CONNECTION_REFUSED @ http://localhost:3100/:0
[ 2537202ms] [ERROR] Failed to load resource: net::ERR_CONNECTION_REFUSED @ http://localhost:3100/:0
[ 2538207ms] [ERROR] Failed to load resource: net::ERR_CONNECTION_REFUSED @ http://localhost:3100/:0
[ 2539213ms] [ERROR] Failed to load resource: net::ERR_CONNECTION_REFUSED @ http://localhost:3100/:0
[ 2540221ms] [ERROR] Failed to load resource: net::ERR_CONNECTION_REFUSED @ http://localhost:3100/:0
[ 2541224ms] [ERROR] Failed to load resource: net::ERR_CONNECTION_REFUSED @ http://localhost:3100/:0
[ 2542229ms] [ERROR] Failed to load resource: net::ERR_CONNECTION_REFUSED @ http://localhost:3100/:0
[ 2543234ms] [ERROR] Failed to load resource: net::ERR_CONNECTION_REFUSED @ http://localhost:3100/:0
[ 2544239ms] [ERROR] Failed to load resource: net::ERR_CONNECTION_REFUSED @ http://localhost:3100/:0
[ 2545245ms] [ERROR] Failed to load resource: net::ERR_CONNECTION_REFUSED @ http://localhost:3100/:0
[ 2546248ms] [ERROR] Failed to load resource: net::ERR_CONNECTION_REFUSED @ http://localhost:3100/:0
[ 2547253ms] [ERROR] Failed to load resource: net::ERR_CONNECTION_REFUSED @ http://localhost:3100/:0
[ 2548257ms] [ERROR] Failed to load resource: net::ERR_CONNECTION_REFUSED @ http://localhost:3100/:0
[ 2549315ms] [ERROR] Failed to load resource: net::ERR_CONNECTION_REFUSED @ http://localhost:3100/:0
[ 2550318ms] [ERROR] Failed to load resource: net::ERR_CONNECTION_REFUSED @ http://localhost:3100/:0
[ 2551324ms] [ERROR] Failed to load resource: net::ERR_CONNECTION_REFUSED @ http://localhost:3100/:0
[ 2552329ms] [ERROR] Failed to load resource: net::ERR_CONNECTION_REFUSED @ http://localhost:3100/:0
[ 2553335ms] [ERROR] Failed to load resource: net::ERR_CONNECTION_REFUSED @ http://localhost:3100/:0
[ 2554340ms] [ERROR] Failed to load resource: net::ERR_CONNECTION_REFUSED @ http://localhost:3100/:0
[ 2555346ms] [ERROR] Failed to load resource: net::ERR_CONNECTION_REFUSED @ http://localhost:3100/:0
[ 2556349ms] [ERROR] Failed to load resource: net::ERR_CONNECTION_REFUSED @ http://localhost:3100/:0
[ 2557352ms] [ERROR] Failed to load resource: net::ERR_CONNECTION_REFUSED @ http://localhost:3100/:0
[ 2558357ms] [ERROR] Failed to load resource: net::ERR_CONNECTION_REFUSED @ http://localhost:3100/:0
[ 2559361ms] [ERROR] Failed to load resource: net::ERR_CONNECTION_REFUSED @ http://localhost:3100/:0
[ 2560366ms] [ERROR] Failed to load resource: net::ERR_CONNECTION_REFUSED @ http://localhost:3100/:0
[ 2561370ms] [ERROR] Failed to load resource: net::ERR_CONNECTION_REFUSED @ http://localhost:3100/:0
[ 2562373ms] [ERROR] Failed to load resource: net::ERR_CONNECTION_REFUSED @ http://localhost:3100/:0
[ 2563379ms] [ERROR] Failed to load resource: net::ERR_CONNECTION_REFUSED @ http://localhost:3100/:0
[ 2564384ms] [ERROR] Failed to load resource: net::ERR_CONNECTION_REFUSED @ http://localhost:3100/:0
[ 2565408ms] [ERROR] Failed to load resource: net::ERR_CONNECTION_REFUSED @ http://localhost:3100/:0
[ 2566414ms] [ERROR] Failed to load resource: net::ERR_CONNECTION_REFUSED @ http://localhost:3100/:0
[ 2567417ms] [ERROR] Failed to load resource: net::ERR_CONNECTION_REFUSED @ http://localhost:3100/:0
[ 2568420ms] [ERROR] Failed to load resource: net::ERR_CONNECTION_REFUSED @ http://localhost:3100/:0
[ 2569426ms] [ERROR] Failed to load resource: net::ERR_CONNECTION_REFUSED @ http://localhost:3100/:0
[ 2570431ms] [ERROR] Failed to load resource: net::ERR_CONNECTION_REFUSED @ http://localhost:3100/:0
[ 2571436ms] [ERROR] Failed to load resource: net::ERR_CONNECTION_REFUSED @ http://localhost:3100/:0
[ 2572439ms] [ERROR] Failed to load resource: net::ERR_CONNECTION_REFUSED @ http://localhost:3100/:0
[ 2573446ms] [ERROR] Failed to load resource: net::ERR_CONNECTION_REFUSED @ http://localhost:3100/:0
[ 2574453ms] [ERROR] Failed to load resource: net::ERR_CONNECTION_REFUSED @ http://localhost:3100/:0
[ 2575457ms] [ERROR] Failed to load resource: net::ERR_CONNECTION_REFUSED @ http://localhost:3100/:0
[ 2576464ms] [ERROR] Failed to load resource: net::ERR_CONNECTION_REFUSED @ http://localhost:3100/:0
[ 2577468ms] [ERROR] Failed to load resource: net::ERR_CONNECTION_REFUSED @ http://localhost:3100/:0
[ 2578472ms] [ERROR] Failed to load resource: net::ERR_CONNECTION_REFUSED @ http://localhost:3100/:0
[ 2579475ms] [ERROR] Failed to load resource: net::ERR_CONNECTION_REFUSED @ http://localhost:3100/:0
[ 2580480ms] [ERROR] Failed to load resource: net::ERR_CONNECTION_REFUSED @ http://localhost:3100/:0
[ 2581485ms] [ERROR] Failed to load resource: net::ERR_CONNECTION_REFUSED @ http://localhost:3100/:0
[ 2582488ms] [ERROR] Failed to load resource: net::ERR_CONNECTION_REFUSED @ http://localhost:3100/:0
[ 2583492ms] [ERROR] Failed to load resource: net::ERR_CONNECTION_REFUSED @ http://localhost:3100/:0
[ 2584495ms] [ERROR] Failed to load resource: net::ERR_CONNECTION_REFUSED @ http://localhost:3100/:0
[ 2585498ms] [ERROR] Failed to load resource: net::ERR_CONNECTION_REFUSED @ http://localhost:3100/:0
[ 2586504ms] [ERROR] Failed to load resource: net::ERR_CONNECTION_REFUSED @ http://localhost:3100/:0
[ 2587509ms] [ERROR] Failed to load resource: net::ERR_CONNECTION_REFUSED @ http://localhost:3100/:0
[ 2588513ms] [ERROR] Failed to load resource: net::ERR_CONNECTION_REFUSED @ http://localhost:3100/:0
[ 2589517ms] [ERROR] Failed to load resource: net::ERR_CONNECTION_REFUSED @ http://localhost:3100/:0
[ 2590521ms] [ERROR] Failed to load resource: net::ERR_CONNECTION_REFUSED @ http://localhost:3100/:0
[ 2591524ms] [ERROR] Failed to load resource: net::ERR_CONNECTION_REFUSED @ http://localhost:3100/:0
[ 2592529ms] [ERROR] Failed to load resource: net::ERR_CONNECTION_REFUSED @ http://localhost:3100/:0
[ 2593533ms] [ERROR] Failed to load resource: net::ERR_CONNECTION_REFUSED @ http://localhost:3100/:0
[ 2594537ms] [ERROR] Failed to load resource: net::ERR_CONNECTION_REFUSED @ http://localhost:3100/:0
[ 2595541ms] [ERROR] Failed to load resource: net::ERR_CONNECTION_REFUSED @ http://localhost:3100/:0
[ 2596545ms] [ERROR] Failed to load resource: net::ERR_CONNECTION_REFUSED @ http://localhost:3100/:0
[ 2597548ms] [ERROR] Failed to load resource: net::ERR_CONNECTION_REFUSED @ http://localhost:3100/:0
[ 2598554ms] [ERROR] Failed to load resource: net::ERR_CONNECTION_REFUSED @ http://localhost:3100/:0
[ 2599558ms] [ERROR] Failed to load resource: net::ERR_CONNECTION_REFUSED @ http://localhost:3100/:0
[ 2600563ms] [ERROR] Failed to load resource: net::ERR_CONNECTION_REFUSED @ http://localhost:3100/:0
[ 2601569ms] [ERROR] Failed to load resource: net::ERR_CONNECTION_REFUSED @ http://localhost:3100/:0
[ 2602575ms] [ERROR] Failed to load resource: net::ERR_CONNECTION_REFUSED @ http://localhost:3100/:0
[ 2603577ms] [ERROR] Failed to load resource: net::ERR_CONNECTION_REFUSED @ http://localhost:3100/:0
[ 2604583ms] [ERROR] Failed to load resource: net::ERR_CONNECTION_REFUSED @ http://localhost:3100/:0
[ 2605587ms] [ERROR] Failed to load resource: net::ERR_CONNECTION_REFUSED @ http://localhost:3100/:0
[ 2606593ms] [ERROR] Failed to load resource: net::ERR_CONNECTION_REFUSED @ http://localhost:3100/:0
[ 2607598ms] [ERROR] Failed to load resource: net::ERR_CONNECTION_REFUSED @ http://localhost:3100/:0
[ 2608601ms] [ERROR] Failed to load resource: net::ERR_CONNECTION_REFUSED @ http://localhost:3100/:0
[ 2609605ms] [ERROR] Failed to load resource: net::ERR_CONNECTION_REFUSED @ http://localhost:3100/:0
[ 2610609ms] [ERROR] Failed to load resource: net::ERR_CONNECTION_REFUSED @ http://localhost:3100/:0
[ 2611612ms] [ERROR] Failed to load resource: net::ERR_CONNECTION_REFUSED @ http://localhost:3100/:0
[ 2612616ms] [ERROR] Failed to load resource: net::ERR_CONNECTION_REFUSED @ http://localhost:3100/:0
[ 2613618ms] [ERROR] Failed to load resource: net::ERR_CONNECTION_REFUSED @ http://localhost:3100/:0
[ 2614624ms] [ERROR] Failed to load resource: net::ERR_CONNECTION_REFUSED @ http://localhost:3100/:0
[ 2615628ms] [ERROR] Failed to load resource: net::ERR_CONNECTION_REFUSED @ http://localhost:3100/:0
[ 2616633ms] [ERROR] Failed to load resource: net::ERR_CONNECTION_REFUSED @ http://localhost:3100/:0
[ 2617635ms] [ERROR] Failed to load resource: net::ERR_CONNECTION_REFUSED @ http://localhost:3100/:0
[ 2618644ms] [ERROR] Failed to load resource: net::ERR_CONNECTION_REFUSED @ http://localhost:3100/:0
[ 2619648ms] [ERROR] Failed to load resource: net::ERR_CONNECTION_REFUSED @ http://localhost:3100/:0
[ 2620652ms] [ERROR] Failed to load resource: net::ERR_CONNECTION_REFUSED @ http://localhost:3100/:0
[ 2621658ms] [ERROR] Failed to load resource: net::ERR_CONNECTION_REFUSED @ http://localhost:3100/:0
[ 2622666ms] [ERROR] Failed to load resource: net::ERR_CONNECTION_REFUSED @ http://localhost:3100/:0
[ 2623673ms] [ERROR] Failed to load resource: net::ERR_CONNECTION_REFUSED @ http://localhost:3100/:0
[ 2624681ms] [ERROR] Failed to load resource: net::ERR_CONNECTION_REFUSED @ http://localhost:3100/:0
[ 2625686ms] [ERROR] Failed to load resource: net::ERR_CONNECTION_REFUSED @ http://localhost:3100/:0
[ 2626693ms] [ERROR] Failed to load resource: net::ERR_CONNECTION_REFUSED @ http://localhost:3100/:0
[ 2627696ms] [ERROR] Failed to load resource: net::ERR_CONNECTION_REFUSED @ http://localhost:3100/:0
[ 2628699ms] [ERROR] Failed to load resource: net::ERR_CONNECTION_REFUSED @ http://localhost:3100/:0
[ 2629705ms] [ERROR] Failed to load resource: net::ERR_CONNECTION_REFUSED @ http://localhost:3100/:0
[ 2630709ms] [ERROR] Failed to load resource: net::ERR_CONNECTION_REFUSED @ http://localhost:3100/:0
[ 2631715ms] [ERROR] Failed to load resource: net::ERR_CONNECTION_REFUSED @ http://localhost:3100/:0
[ 2632721ms] [ERROR] Failed to load resource: net::ERR_CONNECTION_REFUSED @ http://localhost:3100/:0
[ 2633728ms] [ERROR] Failed to load resource: net::ERR_CONNECTION_REFUSED @ http://localhost:3100/:0
[ 2634731ms] [ERROR] Failed to load resource: net::ERR_CONNECTION_REFUSED @ http://localhost:3100/:0
[ 2635741ms] [ERROR] Failed to load resource: net::ERR_CONNECTION_REFUSED @ http://localhost:3100/:0
[ 2636748ms] [ERROR] Failed to load resource: net::ERR_CONNECTION_REFUSED @ http://localhost:3100/:0
[ 2637755ms] [ERROR] Failed to load resource: net::ERR_CONNECTION_REFUSED @ http://localhost:3100/:0
[ 2638762ms] [ERROR] Failed to load resource: net::ERR_CONNECTION_REFUSED @ http://localhost:3100/:0
[ 2639766ms] [ERROR] Failed to load resource: net::ERR_CONNECTION_REFUSED @ http://localhost:3100/:0
[ 2640771ms] [ERROR] Failed to load resource: net::ERR_CONNECTION_REFUSED @ http://localhost:3100/:0
[ 2641778ms] [ERROR] Failed to load resource: net::ERR_CONNECTION_REFUSED @ http://localhost:3100/:0
[ 2642781ms] [ERROR] Failed to load resource: net::ERR_CONNECTION_REFUSED @ http://localhost:3100/:0
[ 2643785ms] [ERROR] Failed to load resource: net::ERR_CONNECTION_REFUSED @ http://localhost:3100/:0
[ 2644791ms] [ERROR] Failed to load resource: net::ERR_CONNECTION_REFUSED @ http://localhost:3100/:0
[ 2645793ms] [ERROR] Failed to load resource: net::ERR_CONNECTION_REFUSED @ http://localhost:3100/:0
[ 2646797ms] [ERROR] Failed to load resource: net::ERR_CONNECTION_REFUSED @ http://localhost:3100/:0
[ 2647802ms] [ERROR] Failed to load resource: net::ERR_CONNECTION_REFUSED @ http://localhost:3100/:0
[ 2648805ms] [ERROR] Failed to load resource: net::ERR_CONNECTION_REFUSED @ http://localhost:3100/:0
[ 2649811ms] [ERROR] Failed to load resource: net::ERR_CONNECTION_REFUSED @ http://localhost:3100/:0
[ 2650818ms] [ERROR] Failed to load resource: net::ERR_CONNECTION_REFUSED @ http://localhost:3100/:0
[ 2651822ms] [ERROR] Failed to load resource: net::ERR_CONNECTION_REFUSED @ http://localhost:3100/:0
[ 2652826ms] [ERROR] Failed to load resource: net::ERR_CONNECTION_REFUSED @ http://localhost:3100/:0
[ 2653830ms] [ERROR] Failed to load resource: net::ERR_CONNECTION_REFUSED @ http://localhost:3100/:0
[ 2654835ms] [ERROR] Failed to load resource: net::ERR_CONNECTION_REFUSED @ http://localhost:3100/:0
[ 2655838ms] [ERROR] Failed to load resource: net::ERR_CONNECTION_REFUSED @ http://localhost:3100/:0
[ 2656842ms] [ERROR] Failed to load resource: net::ERR_CONNECTION_REFUSED @ http://localhost:3100/:0
[ 2657847ms] [ERROR] Failed to load resource: net::ERR_CONNECTION_REFUSED @ http://localhost:3100/:0
[ 2658854ms] [ERROR] Failed to load resource: net::ERR_CONNECTION_REFUSED @ http://localhost:3100/:0
[ 2659860ms] [ERROR] Failed to load resource: net::ERR_CONNECTION_REFUSED @ http://localhost:3100/:0
[ 2660864ms] [ERROR] Failed to load resource: net::ERR_CONNECTION_REFUSED @ http://localhost:3100/:0
[ 2661870ms] [ERROR] Failed to load resource: net::ERR_CONNECTION_REFUSED @ http://localhost:3100/:0
[ 2662873ms] [ERROR] Failed to load resource: net::ERR_CONNECTION_REFUSED @ http://localhost:3100/:0
[ 2663878ms] [ERROR] Failed to load resource: net::ERR_CONNECTION_REFUSED @ http://localhost:3100/:0
[ 2664884ms] [ERROR] Failed to load resource: net::ERR_CONNECTION_REFUSED @ http://localhost:3100/:0
[ 2665891ms] [ERROR] Failed to load resource: net::ERR_CONNECTION_REFUSED @ http://localhost:3100/:0
[ 2666896ms] [ERROR] Failed to load resource: net::ERR_CONNECTION_REFUSED @ http://localhost:3100/:0
[ 2667902ms] [ERROR] Failed to load resource: net::ERR_CONNECTION_REFUSED @ http://localhost:3100/:0
[ 2668905ms] [ERROR] Failed to load resource: net::ERR_CONNECTION_REFUSED @ http://localhost:3100/:0
[ 2669908ms] [ERROR] Failed to load resource: net::ERR_CONNECTION_REFUSED @ http://localhost:3100/:0
[ 2670912ms] [ERROR] Failed to load resource: net::ERR_CONNECTION_REFUSED @ http://localhost:3100/:0
[ 2671918ms] [ERROR] Failed to load resource: net::ERR_CONNECTION_REFUSED @ http://localhost:3100/:0
[ 2672923ms] [ERROR] Failed to load resource: net::ERR_CONNECTION_REFUSED @ http://localhost:3100/:0
[ 2673927ms] [ERROR] Failed to load resource: net::ERR_CONNECTION_REFUSED @ http://localhost:3100/:0
[ 2674934ms] [ERROR] Failed to load resource: net::ERR_CONNECTION_REFUSED @ http://localhost:3100/:0
[ 2675939ms] [ERROR] Failed to load resource: net::ERR_CONNECTION_REFUSED @ http://localhost:3100/:0
[ 2676942ms] [ERROR] Failed to load resource: net::ERR_CONNECTION_REFUSED @ http://localhost:3100/:0
[ 2677947ms] [ERROR] Failed to load resource: net::ERR_CONNECTION_REFUSED @ http://localhost:3100/:0
[ 2678951ms] [ERROR] Failed to load resource: net::ERR_CONNECTION_REFUSED @ http://localhost:3100/:0
[ 2679956ms] [ERROR] Failed to load resource: net::ERR_CONNECTION_REFUSED @ http://localhost:3100/:0
[ 2680962ms] [ERROR] Failed to load resource: net::ERR_CONNECTION_REFUSED @ http://localhost:3100/:0
[ 2681967ms] [ERROR] Failed to load resource: net::ERR_CONNECTION_REFUSED @ http://localhost:3100/:0
[ 2683017ms] [ERROR] Failed to load resource: net::ERR_CONNECTION_REFUSED @ http://localhost:3100/:0
[ 2684023ms] [ERROR] Failed to load resource: net::ERR_CONNECTION_REFUSED @ http://localhost:3100/:0
[ 2685027ms] [ERROR] Failed to load resource: net::ERR_CONNECTION_REFUSED @ http://localhost:3100/:0
[ 2686032ms] [ERROR] Failed to load resource: net::ERR_CONNECTION_REFUSED @ http://localhost:3100/:0
[ 2687037ms] [ERROR] Failed to load resource: net::ERR_CONNECTION_REFUSED @ http://localhost:3100/:0
[ 2688039ms] [ERROR] Failed to load resource: net::ERR_CONNECTION_REFUSED @ http://localhost:3100/:0
[ 2689043ms] [ERROR] Failed to load resource: net::ERR_CONNECTION_REFUSED @ http://localhost:3100/:0
[ 2690060ms] [ERROR] Failed to load resource: net::ERR_CONNECTION_REFUSED @ http://localhost:3100/:0
[ 2691063ms] [ERROR] Failed to load resource: net::ERR_CONNECTION_REFUSED @ http://localhost:3100/:0
[ 2692067ms] [ERROR] Failed to load resource: net::ERR_CONNECTION_REFUSED @ http://localhost:3100/:0
[ 2693072ms] [ERROR] Failed to load resource: net::ERR_CONNECTION_REFUSED @ http://localhost:3100/:0
[ 2694075ms] [ERROR] Failed to load resource: net::ERR_CONNECTION_REFUSED @ http://localhost:3100/:0
[ 2695083ms] [ERROR] Failed to load resource: net::ERR_CONNECTION_REFUSED @ http://localhost:3100/:0
[ 2696087ms] [ERROR] Failed to load resource: net::ERR_CONNECTION_REFUSED @ http://localhost:3100/:0
[ 2697091ms] [ERROR] Failed to load resource: net::ERR_CONNECTION_REFUSED @ http://localhost:3100/:0
[ 2698093ms] [ERROR] Failed to load resource: net::ERR_CONNECTION_REFUSED @ http://localhost:3100/:0
[ 2699097ms] [ERROR] Failed to load resource: net::ERR_CONNECTION_REFUSED @ http://localhost:3100/:0
[ 2700102ms] [ERROR] Failed to load resource: net::ERR_CONNECTION_REFUSED @ http://localhost:3100/:0
[ 2701107ms] [ERROR] Failed to load resource: net::ERR_CONNECTION_REFUSED @ http://localhost:3100/:0
[ 2702112ms] [ERROR] Failed to load resource: net::ERR_CONNECTION_REFUSED @ http://localhost:3100/:0
[ 2703117ms] [ERROR] Failed to load resource: net::ERR_CONNECTION_REFUSED @ http://localhost:3100/:0
[ 2704120ms] [ERROR] Failed to load resource: net::ERR_CONNECTION_REFUSED @ http://localhost:3100/:0
[ 2705126ms] [ERROR] Failed to load resource: net::ERR_CONNECTION_REFUSED @ http://localhost:3100/:0
[ 2706131ms] [ERROR] Failed to load resource: net::ERR_CONNECTION_REFUSED @ http://localhost:3100/:0
[ 2707133ms] [ERROR] Failed to load resource: net::ERR_CONNECTION_REFUSED @ http://localhost:3100/:0
[ 2708137ms] [ERROR] Failed to load resource: net::ERR_CONNECTION_REFUSED @ http://localhost:3100/:0
[ 2709141ms] [ERROR] Failed to load resource: net::ERR_CONNECTION_REFUSED @ http://localhost:3100/:0
[ 2710145ms] [ERROR] Failed to load resource: net::ERR_CONNECTION_REFUSED @ http://localhost:3100/:0
[ 2711149ms] [ERROR] Failed to load resource: net::ERR_CONNECTION_REFUSED @ http://localhost:3100/:0
[ 2712156ms] [ERROR] Failed to load resource: net::ERR_CONNECTION_REFUSED @ http://localhost:3100/:0
[ 2713162ms] [ERROR] Failed to load resource: net::ERR_CONNECTION_REFUSED @ http://localhost:3100/:0
[ 2714166ms] [ERROR] Failed to load resource: net::ERR_CONNECTION_REFUSED @ http://localhost:3100/:0
[ 2715171ms] [ERROR] Failed to load resource: net::ERR_CONNECTION_REFUSED @ http://localhost:3100/:0
[ 2716176ms] [ERROR] Failed to load resource: net::ERR_CONNECTION_REFUSED @ http://localhost:3100/:0
[ 2717180ms] [ERROR] Failed to load resource: net::ERR_CONNECTION_REFUSED @ http://localhost:3100/:0
[ 2718183ms] [ERROR] Failed to load resource: net::ERR_CONNECTION_REFUSED @ http://localhost:3100/:0
[ 2719186ms] [ERROR] Failed to load resource: net::ERR_CONNECTION_REFUSED @ http://localhost:3100/:0
[ 2720190ms] [ERROR] Failed to load resource: net::ERR_CONNECTION_REFUSED @ http://localhost:3100/:0
[ 2721192ms] [ERROR] Failed to load resource: net::ERR_CONNECTION_REFUSED @ http://localhost:3100/:0
[ 2722196ms] [ERROR] Failed to load resource: net::ERR_CONNECTION_REFUSED @ http://localhost:3100/:0
[ 2723199ms] [ERROR] Failed to load resource: net::ERR_CONNECTION_REFUSED @ http://localhost:3100/:0
[ 2724202ms] [ERROR] Failed to load resource: net::ERR_CONNECTION_REFUSED @ http://localhost:3100/:0
[ 2725207ms] [ERROR] Failed to load resource: net::ERR_CONNECTION_REFUSED @ http://localhost:3100/:0
[ 2726210ms] [ERROR] Failed to load resource: net::ERR_CONNECTION_REFUSED @ http://localhost:3100/:0
[ 2727213ms] [ERROR] Failed to load resource: net::ERR_CONNECTION_REFUSED @ http://localhost:3100/:0
[ 2728218ms] [ERROR] Failed to load resource: net::ERR_CONNECTION_REFUSED @ http://localhost:3100/:0
[ 2729222ms] [ERROR] Failed to load resource: net::ERR_CONNECTION_REFUSED @ http://localhost:3100/:0
[ 2730228ms] [ERROR] Failed to load resource: net::ERR_CONNECTION_REFUSED @ http://localhost:3100/:0
[ 2731232ms] [ERROR] Failed to load resource: net::ERR_CONNECTION_REFUSED @ http://localhost:3100/:0
[ 2732238ms] [ERROR] Failed to load resource: net::ERR_CONNECTION_REFUSED @ http://localhost:3100/:0
[ 2733245ms] [ERROR] Failed to load resource: net::ERR_CONNECTION_REFUSED @ http://localhost:3100/:0
[ 2734249ms] [ERROR] Failed to load resource: net::ERR_CONNECTION_REFUSED @ http://localhost:3100/:0
[ 2735253ms] [ERROR] Failed to load resource: net::ERR_CONNECTION_REFUSED @ http://localhost:3100/:0
[ 2736256ms] [ERROR] Failed to load resource: net::ERR_CONNECTION_REFUSED @ http://localhost:3100/:0
[ 2737262ms] [ERROR] Failed to load resource: net::ERR_CONNECTION_REFUSED @ http://localhost:3100/:0
[ 2738266ms] [ERROR] Failed to load resource: net::ERR_CONNECTION_REFUSED @ http://localhost:3100/:0
[ 2739270ms] [ERROR] Failed to load resource: net::ERR_CONNECTION_REFUSED @ http://localhost:3100/:0
[ 2740274ms] [ERROR] Failed to load resource: net::ERR_CONNECTION_REFUSED @ http://localhost:3100/:0
[ 2741277ms] [ERROR] Failed to load resource: net::ERR_CONNECTION_REFUSED @ http://localhost:3100/:0
[ 2742282ms] [ERROR] Failed to load resource: net::ERR_CONNECTION_REFUSED @ http://localhost:3100/:0
[ 2743287ms] [ERROR] Failed to load resource: net::ERR_CONNECTION_REFUSED @ http://localhost:3100/:0
[ 2744291ms] [ERROR] Failed to load resource: net::ERR_CONNECTION_REFUSED @ http://localhost:3100/:0
[ 2745297ms] [ERROR] Failed to load resource: net::ERR_CONNECTION_REFUSED @ http://localhost:3100/:0
[ 2746300ms] [ERROR] Failed to load resource: net::ERR_CONNECTION_REFUSED @ http://localhost:3100/:0
[ 2747307ms] [ERROR] Failed to load resource: net::ERR_CONNECTION_REFUSED @ http://localhost:3100/:0
[ 2748310ms] [ERROR] Failed to load resource: net::ERR_CONNECTION_REFUSED @ http://localhost:3100/:0
[ 2749314ms] [ERROR] Failed to load resource: net::ERR_CONNECTION_REFUSED @ http://localhost:3100/:0
[ 2750319ms] [ERROR] Failed to load resource: net::ERR_CONNECTION_REFUSED @ http://localhost:3100/:0
[ 2751323ms] [ERROR] Failed to load resource: net::ERR_CONNECTION_REFUSED @ http://localhost:3100/:0
[ 2752328ms] [ERROR] Failed to load resource: net::ERR_CONNECTION_REFUSED @ http://localhost:3100/:0
[ 2753334ms] [ERROR] Failed to load resource: net::ERR_CONNECTION_REFUSED @ http://localhost:3100/:0
[ 2754337ms] [ERROR] Failed to load resource: net::ERR_CONNECTION_REFUSED @ http://localhost:3100/:0
[ 2755342ms] [ERROR] Failed to load resource: net::ERR_CONNECTION_REFUSED @ http://localhost:3100/:0
[ 2756345ms] [ERROR] Failed to load resource: net::ERR_CONNECTION_REFUSED @ http://localhost:3100/:0
[ 2757349ms] [ERROR] Failed to load resource: net::ERR_CONNECTION_REFUSED @ http://localhost:3100/:0
[ 2758353ms] [ERROR] Failed to load resource: net::ERR_CONNECTION_REFUSED @ http://localhost:3100/:0
[ 2759357ms] [ERROR] Failed to load resource: net::ERR_CONNECTION_REFUSED @ http://localhost:3100/:0
[ 2760361ms] [ERROR] Failed to load resource: net::ERR_CONNECTION_REFUSED @ http://localhost:3100/:0
[ 2761366ms] [ERROR] Failed to load resource: net::ERR_CONNECTION_REFUSED @ http://localhost:3100/:0
[ 2762370ms] [ERROR] Failed to load resource: net::ERR_CONNECTION_REFUSED @ http://localhost:3100/:0
[ 2763374ms] [ERROR] Failed to load resource: net::ERR_CONNECTION_REFUSED @ http://localhost:3100/:0
[ 2764379ms] [ERROR] Failed to load resource: net::ERR_CONNECTION_REFUSED @ http://localhost:3100/:0
[ 2765386ms] [ERROR] Failed to load resource: net::ERR_CONNECTION_REFUSED @ http://localhost:3100/:0
[ 2766388ms] [ERROR] Failed to load resource: net::ERR_CONNECTION_REFUSED @ http://localhost:3100/:0
[ 2767393ms] [ERROR] Failed to load resource: net::ERR_CONNECTION_REFUSED @ http://localhost:3100/:0
[ 2768400ms] [ERROR] Failed to load resource: net::ERR_CONNECTION_REFUSED @ http://localhost:3100/:0
[ 2769404ms] [ERROR] Failed to load resource: net::ERR_CONNECTION_REFUSED @ http://localhost:3100/:0
[ 2770407ms] [ERROR] Failed to load resource: net::ERR_CONNECTION_REFUSED @ http://localhost:3100/:0
[ 2771411ms] [ERROR] Failed to load resource: net::ERR_CONNECTION_REFUSED @ http://localhost:3100/:0
[ 2772415ms] [ERROR] Failed to load resource: net::ERR_CONNECTION_REFUSED @ http://localhost:3100/:0
[ 2773459ms] [ERROR] Failed to load resource: net::ERR_CONNECTION_REFUSED @ http://localhost:3100/:0
[ 2774466ms] [ERROR] Failed to load resource: net::ERR_CONNECTION_REFUSED @ http://localhost:3100/:0
[ 2775469ms] [ERROR] Failed to load resource: net::ERR_CONNECTION_REFUSED @ http://localhost:3100/:0
[ 2776474ms] [ERROR] Failed to load resource: net::ERR_CONNECTION_REFUSED @ http://localhost:3100/:0
[ 2777477ms] [ERROR] Failed to load resource: net::ERR_CONNECTION_REFUSED @ http://localhost:3100/:0
[ 2778483ms] [ERROR] Failed to load resource: net::ERR_CONNECTION_REFUSED @ http://localhost:3100/:0
[ 2779485ms] [ERROR] Failed to load resource: net::ERR_CONNECTION_REFUSED @ http://localhost:3100/:0
[ 2780490ms] [ERROR] Failed to load resource: net::ERR_CONNECTION_REFUSED @ http://localhost:3100/:0
[ 2781496ms] [ERROR] Failed to load resource: net::ERR_CONNECTION_REFUSED @ http://localhost:3100/:0
[ 2782502ms] [ERROR] Failed to load resource: net::ERR_CONNECTION_REFUSED @ http://localhost:3100/:0
[ 2783508ms] [ERROR] Failed to load resource: net::ERR_CONNECTION_REFUSED @ http://localhost:3100/:0
[ 2784512ms] [ERROR] Failed to load resource: net::ERR_CONNECTION_REFUSED @ http://localhost:3100/:0
[ 2785516ms] [ERROR] Failed to load resource: net::ERR_CONNECTION_REFUSED @ http://localhost:3100/:0
[ 2786522ms] [ERROR] Failed to load resource: net::ERR_CONNECTION_REFUSED @ http://localhost:3100/:0
[ 2787526ms] [ERROR] Failed to load resource: net::ERR_CONNECTION_REFUSED @ http://localhost:3100/:0
[ 2788530ms] [ERROR] Failed to load resource: net::ERR_CONNECTION_REFUSED @ http://localhost:3100/:0
[ 2789535ms] [ERROR] Failed to load resource: net::ERR_CONNECTION_REFUSED @ http://localhost:3100/:0
[ 2790537ms] [ERROR] Failed to load resource: net::ERR_CONNECTION_REFUSED @ http://localhost:3100/:0
[ 2791543ms] [ERROR] Failed to load resource: net::ERR_CONNECTION_REFUSED @ http://localhost:3100/:0
[ 2792547ms] [ERROR] Failed to load resource: net::ERR_CONNECTION_REFUSED @ http://localhost:3100/:0
[ 2793551ms] [ERROR] Failed to load resource: net::ERR_CONNECTION_REFUSED @ http://localhost:3100/:0
[ 2794559ms] [ERROR] Failed to load resource: net::ERR_CONNECTION_REFUSED @ http://localhost:3100/:0
[ 2795567ms] [ERROR] Failed to load resource: net::ERR_CONNECTION_REFUSED @ http://localhost:3100/:0
[ 2796574ms] [ERROR] Failed to load resource: net::ERR_CONNECTION_REFUSED @ http://localhost:3100/:0
[ 2797579ms] [ERROR] Failed to load resource: net::ERR_CONNECTION_REFUSED @ http://localhost:3100/:0
[ 2798584ms] [ERROR] Failed to load resource: net::ERR_CONNECTION_REFUSED @ http://localhost:3100/:0
[ 2799588ms] [ERROR] Failed to load resource: net::ERR_CONNECTION_REFUSED @ http://localhost:3100/:0
[ 2800591ms] [ERROR] Failed to load resource: net::ERR_CONNECTION_REFUSED @ http://localhost:3100/:0
[ 2801597ms] [ERROR] Failed to load resource: net::ERR_CONNECTION_REFUSED @ http://localhost:3100/:0
[ 2802602ms] [ERROR] Failed to load resource: net::ERR_CONNECTION_REFUSED @ http://localhost:3100/:0
[ 2803609ms] [ERROR] Failed to load resource: net::ERR_CONNECTION_REFUSED @ http://localhost:3100/:0
[ 2804614ms] [ERROR] Failed to load resource: net::ERR_CONNECTION_REFUSED @ http://localhost:3100/:0
[ 2805618ms] [ERROR] Failed to load resource: net::ERR_CONNECTION_REFUSED @ http://localhost:3100/:0
[ 2806622ms] [ERROR] Failed to load resource: net::ERR_CONNECTION_REFUSED @ http://localhost:3100/:0
[ 2807626ms] [ERROR] Failed to load resource: net::ERR_CONNECTION_REFUSED @ http://localhost:3100/:0
[ 2808632ms] [ERROR] Failed to load resource: net::ERR_CONNECTION_REFUSED @ http://localhost:3100/:0
[ 2809637ms] [ERROR] Failed to load resource: net::ERR_CONNECTION_REFUSED @ http://localhost:3100/:0
[ 2810644ms] [ERROR] Failed to load resource: net::ERR_CONNECTION_REFUSED @ http://localhost:3100/:0
[ 2811647ms] [ERROR] Failed to load resource: net::ERR_CONNECTION_REFUSED @ http://localhost:3100/:0
[ 2812650ms] [ERROR] Failed to load resource: net::ERR_CONNECTION_REFUSED @ http://localhost:3100/:0
[ 2813654ms] [ERROR] Failed to load resource: net::ERR_CONNECTION_REFUSED @ http://localhost:3100/:0
[ 2814659ms] [ERROR] Failed to load resource: net::ERR_CONNECTION_REFUSED @ http://localhost:3100/:0
[ 2815663ms] [ERROR] Failed to load resource: net::ERR_CONNECTION_REFUSED @ http://localhost:3100/:0
[ 2816668ms] [ERROR] Failed to load resource: net::ERR_CONNECTION_REFUSED @ http://localhost:3100/:0
[ 2817672ms] [ERROR] Failed to load resource: net::ERR_CONNECTION_REFUSED @ http://localhost:3100/:0
[ 2818677ms] [ERROR] Failed to load resource: net::ERR_CONNECTION_REFUSED @ http://localhost:3100/:0
[ 2819681ms] [ERROR] Failed to load resource: net::ERR_CONNECTION_REFUSED @ http://localhost:3100/:0
[ 2820688ms] [ERROR] Failed to load resource: net::ERR_CONNECTION_REFUSED @ http://localhost:3100/:0
[ 2821693ms] [ERROR] Failed to load resource: net::ERR_CONNECTION_REFUSED @ http://localhost:3100/:0
[ 2822700ms] [ERROR] Failed to load resource: net::ERR_CONNECTION_REFUSED @ http://localhost:3100/:0
[ 2823703ms] [ERROR] Failed to load resource: net::ERR_CONNECTION_REFUSED @ http://localhost:3100/:0
[ 2824710ms] [ERROR] Failed to load resource: net::ERR_CONNECTION_REFUSED @ http://localhost:3100/:0
[ 2825716ms] [ERROR] Failed to load resource: net::ERR_CONNECTION_REFUSED @ http://localhost:3100/:0
[ 2826720ms] [ERROR] Failed to load resource: net::ERR_CONNECTION_REFUSED @ http://localhost:3100/:0
[ 2827724ms] [ERROR] Failed to load resource: net::ERR_CONNECTION_REFUSED @ http://localhost:3100/:0
[ 2828729ms] [ERROR] Failed to load resource: net::ERR_CONNECTION_REFUSED @ http://localhost:3100/:0
[ 2829733ms] [ERROR] Failed to load resource: net::ERR_CONNECTION_REFUSED @ http://localhost:3100/:0
[ 2830739ms] [ERROR] Failed to load resource: net::ERR_CONNECTION_REFUSED @ http://localhost:3100/:0
[ 2831744ms] [ERROR] Failed to load resource: net::ERR_CONNECTION_REFUSED @ http://localhost:3100/:0
[ 2832748ms] [ERROR] Failed to load resource: net::ERR_CONNECTION_REFUSED @ http://localhost:3100/:0
[ 2833755ms] [ERROR] Failed to load resource: net::ERR_CONNECTION_REFUSED @ http://localhost:3100/:0
[ 2834757ms] [ERROR] Failed to load resource: net::ERR_CONNECTION_REFUSED @ http://localhost:3100/:0
[ 2835762ms] [ERROR] Failed to load resource: net::ERR_CONNECTION_REFUSED @ http://localhost:3100/:0
[ 2836765ms] [ERROR] Failed to load resource: net::ERR_CONNECTION_REFUSED @ http://localhost:3100/:0
[ 2837769ms] [ERROR] Failed to load resource: net::ERR_CONNECTION_REFUSED @ http://localhost:3100/:0
[ 2838774ms] [ERROR] Failed to load resource: net::ERR_CONNECTION_REFUSED @ http://localhost:3100/:0
[ 2839779ms] [ERROR] Failed to load resource: net::ERR_CONNECTION_REFUSED @ http://localhost:3100/:0
[ 2840782ms] [ERROR] Failed to load resource: net::ERR_CONNECTION_REFUSED @ http://localhost:3100/:0
[ 2841787ms] [ERROR] Failed to load resource: net::ERR_CONNECTION_REFUSED @ http://localhost:3100/:0
[ 2842789ms] [ERROR] Failed to load resource: net::ERR_CONNECTION_REFUSED @ http://localhost:3100/:0
[ 2843793ms] [ERROR] Failed to load resource: net::ERR_CONNECTION_REFUSED @ http://localhost:3100/:0
[ 2844799ms] [ERROR] Failed to load resource: net::ERR_CONNECTION_REFUSED @ http://localhost:3100/:0
[ 2845801ms] [ERROR] Failed to load resource: net::ERR_CONNECTION_REFUSED @ http://localhost:3100/:0
[ 2846805ms] [ERROR] Failed to load resource: net::ERR_CONNECTION_REFUSED @ http://localhost:3100/:0
[ 2847809ms] [ERROR] Failed to load resource: net::ERR_CONNECTION_REFUSED @ http://localhost:3100/:0
[ 2848813ms] [ERROR] Failed to load resource: net::ERR_CONNECTION_REFUSED @ http://localhost:3100/:0
[ 2849817ms] [ERROR] Failed to load resource: net::ERR_CONNECTION_REFUSED @ http://localhost:3100/:0
[ 2850821ms] [ERROR] Failed to load resource: net::ERR_CONNECTION_REFUSED @ http://localhost:3100/:0
[ 2851823ms] [ERROR] Failed to load resource: net::ERR_CONNECTION_REFUSED @ http://localhost:3100/:0
[ 2852826ms] [ERROR] Failed to load resource: net::ERR_CONNECTION_REFUSED @ http://localhost:3100/:0
[ 2853829ms] [ERROR] Failed to load resource: net::ERR_CONNECTION_REFUSED @ http://localhost:3100/:0
[ 2854832ms] [ERROR] Failed to load resource: net::ERR_CONNECTION_REFUSED @ http://localhost:3100/:0
[ 2855836ms] [ERROR] Failed to load resource: net::ERR_CONNECTION_REFUSED @ http://localhost:3100/:0
[ 2856841ms] [ERROR] Failed to load resource: net::ERR_CONNECTION_REFUSED @ http://localhost:3100/:0
[ 2857846ms] [ERROR] Failed to load resource: net::ERR_CONNECTION_REFUSED @ http://localhost:3100/:0
[ 2858849ms] [ERROR] Failed to load resource: net::ERR_CONNECTION_REFUSED @ http://localhost:3100/:0
[ 2859858ms] [ERROR] Failed to load resource: net::ERR_CONNECTION_REFUSED @ http://localhost:3100/:0
[ 2860862ms] [ERROR] Failed to load resource: net::ERR_CONNECTION_REFUSED @ http://localhost:3100/:0
[ 2861867ms] [ERROR] Failed to load resource: net::ERR_CONNECTION_REFUSED @ http://localhost:3100/:0
[ 2862871ms] [ERROR] Failed to load resource: net::ERR_CONNECTION_REFUSED @ http://localhost:3100/:0
[ 2863875ms] [ERROR] Failed to load resource: net::ERR_CONNECTION_REFUSED @ http://localhost:3100/:0
[ 2864878ms] [ERROR] Failed to load resource: net::ERR_CONNECTION_REFUSED @ http://localhost:3100/:0
[ 2865881ms] [ERROR] Failed to load resource: net::ERR_CONNECTION_REFUSED @ http://localhost:3100/:0
[ 2866886ms] [ERROR] Failed to load resource: net::ERR_CONNECTION_REFUSED @ http://localhost:3100/:0
[ 2867889ms] [ERROR] Failed to load resource: net::ERR_CONNECTION_REFUSED @ http://localhost:3100/:0
[ 2868892ms] [ERROR] Failed to load resource: net::ERR_CONNECTION_REFUSED @ http://localhost:3100/:0
[ 2869896ms] [ERROR] Failed to load resource: net::ERR_CONNECTION_REFUSED @ http://localhost:3100/:0
[ 2870899ms] [ERROR] Failed to load resource: net::ERR_CONNECTION_REFUSED @ http://localhost:3100/:0
[ 2871903ms] [ERROR] Failed to load resource: net::ERR_CONNECTION_REFUSED @ http://localhost:3100/:0
[ 2872909ms] [ERROR] Failed to load resource: net::ERR_CONNECTION_REFUSED @ http://localhost:3100/:0
[ 2873921ms] [ERROR] Failed to load resource: net::ERR_CONNECTION_REFUSED @ http://localhost:3100/:0
[ 2874927ms] [ERROR] Failed to load resource: net::ERR_CONNECTION_REFUSED @ http://localhost:3100/:0
[ 2875933ms] [ERROR] Failed to load resource: net::ERR_CONNECTION_REFUSED @ http://localhost:3100/:0
[ 2876936ms] [ERROR] Failed to load resource: net::ERR_CONNECTION_REFUSED @ http://localhost:3100/:0
[ 2877940ms] [ERROR] Failed to load resource: net::ERR_CONNECTION_REFUSED @ http://localhost:3100/:0
[ 2878944ms] [ERROR] Failed to load resource: net::ERR_CONNECTION_REFUSED @ http://localhost:3100/:0
[ 2879949ms] [ERROR] Failed to load resource: net::ERR_CONNECTION_REFUSED @ http://localhost:3100/:0
[ 2880954ms] [ERROR] Failed to load resource: net::ERR_CONNECTION_REFUSED @ http://localhost:3100/:0
[ 2881957ms] [ERROR] Failed to load resource: net::ERR_CONNECTION_REFUSED @ http://localhost:3100/:0
[ 2882962ms] [ERROR] Failed to load resource: net::ERR_CONNECTION_REFUSED @ http://localhost:3100/:0
[ 2883967ms] [ERROR] Failed to load resource: net::ERR_CONNECTION_REFUSED @ http://localhost:3100/:0
[ 2884970ms] [ERROR] Failed to load resource: net::ERR_CONNECTION_REFUSED @ http://localhost:3100/:0
[ 2885975ms] [ERROR] Failed to load resource: net::ERR_CONNECTION_REFUSED @ http://localhost:3100/:0
[ 2886977ms] [ERROR] Failed to load resource: net::ERR_CONNECTION_REFUSED @ http://localhost:3100/:0
[ 2887984ms] [ERROR] Failed to load resource: net::ERR_CONNECTION_REFUSED @ http://localhost:3100/:0
[ 2888987ms] [ERROR] Failed to load resource: net::ERR_CONNECTION_REFUSED @ http://localhost:3100/:0
[ 2889991ms] [ERROR] Failed to load resource: net::ERR_CONNECTION_REFUSED @ http://localhost:3100/:0
[ 2890993ms] [ERROR] Failed to load resource: net::ERR_CONNECTION_REFUSED @ http://localhost:3100/:0
[ 2892000ms] [ERROR] Failed to load resource: net::ERR_CONNECTION_REFUSED @ http://localhost:3100/:0
[ 2893007ms] [ERROR] Failed to load resource: net::ERR_CONNECTION_REFUSED @ http://localhost:3100/:0
[ 2894011ms] [ERROR] Failed to load resource: net::ERR_CONNECTION_REFUSED @ http://localhost:3100/:0
[ 2895015ms] [ERROR] Failed to load resource: net::ERR_CONNECTION_REFUSED @ http://localhost:3100/:0
[ 2896018ms] [ERROR] Failed to load resource: net::ERR_CONNECTION_REFUSED @ http://localhost:3100/:0
[ 2897020ms] [ERROR] Failed to load resource: net::ERR_CONNECTION_REFUSED @ http://localhost:3100/:0
[ 2898024ms] [ERROR] Failed to load resource: net::ERR_CONNECTION_REFUSED @ http://localhost:3100/:0
[ 2899028ms] [ERROR] Failed to load resource: net::ERR_CONNECTION_REFUSED @ http://localhost:3100/:0
[ 2900031ms] [ERROR] Failed to load resource: net::ERR_CONNECTION_REFUSED @ http://localhost:3100/:0
[ 2901036ms] [ERROR] Failed to load resource: net::ERR_CONNECTION_REFUSED @ http://localhost:3100/:0
[ 2902038ms] [ERROR] Failed to load resource: net::ERR_CONNECTION_REFUSED @ http://localhost:3100/:0
[ 2903040ms] [ERROR] Failed to load resource: net::ERR_CONNECTION_REFUSED @ http://localhost:3100/:0
[ 2904045ms] [ERROR] Failed to load resource: net::ERR_CONNECTION_REFUSED @ http://localhost:3100/:0
[ 2905051ms] [ERROR] Failed to load resource: net::ERR_CONNECTION_REFUSED @ http://localhost:3100/:0
[ 2906054ms] [ERROR] Failed to load resource: net::ERR_CONNECTION_REFUSED @ http://localhost:3100/:0
[ 2907058ms] [ERROR] Failed to load resource: net::ERR_CONNECTION_REFUSED @ http://localhost:3100/:0
[ 2908060ms] [ERROR] Failed to load resource: net::ERR_CONNECTION_REFUSED @ http://localhost:3100/:0
[ 2909064ms] [ERROR] Failed to load resource: net::ERR_CONNECTION_REFUSED @ http://localhost:3100/:0
[ 2910067ms] [ERROR] Failed to load resource: net::ERR_CONNECTION_REFUSED @ http://localhost:3100/:0
[ 2911069ms] [ERROR] Failed to load resource: net::ERR_CONNECTION_REFUSED @ http://localhost:3100/:0
[ 2912073ms] [ERROR] Failed to load resource: net::ERR_CONNECTION_REFUSED @ http://localhost:3100/:0
[ 2913078ms] [ERROR] Failed to load resource: net::ERR_CONNECTION_REFUSED @ http://localhost:3100/:0
[ 2914082ms] [ERROR] Failed to load resource: net::ERR_CONNECTION_REFUSED @ http://localhost:3100/:0
[ 2915087ms] [ERROR] Failed to load resource: net::ERR_CONNECTION_REFUSED @ http://localhost:3100/:0
[ 2916091ms] [ERROR] Failed to load resource: net::ERR_CONNECTION_REFUSED @ http://localhost:3100/:0
[ 2917095ms] [ERROR] Failed to load resource: net::ERR_CONNECTION_REFUSED @ http://localhost:3100/:0
[ 2918098ms] [ERROR] Failed to load resource: net::ERR_CONNECTION_REFUSED @ http://localhost:3100/:0
[ 2919102ms] [ERROR] Failed to load resource: net::ERR_CONNECTION_REFUSED @ http://localhost:3100/:0
[ 2920105ms] [ERROR] Failed to load resource: net::ERR_CONNECTION_REFUSED @ http://localhost:3100/:0
[ 2921108ms] [ERROR] Failed to load resource: net::ERR_CONNECTION_REFUSED @ http://localhost:3100/:0
[ 2922114ms] [ERROR] Failed to load resource: net::ERR_CONNECTION_REFUSED @ http://localhost:3100/:0
[ 2923116ms] [ERROR] Failed to load resource: net::ERR_CONNECTION_REFUSED @ http://localhost:3100/:0
[ 2924119ms] [ERROR] Failed to load resource: net::ERR_CONNECTION_REFUSED @ http://localhost:3100/:0
[ 2925122ms] [ERROR] Failed to load resource: net::ERR_CONNECTION_REFUSED @ http://localhost:3100/:0
[ 2926127ms] [ERROR] Failed to load resource: net::ERR_CONNECTION_REFUSED @ http://localhost:3100/:0
[ 2927131ms] [ERROR] Failed to load resource: net::ERR_CONNECTION_REFUSED @ http://localhost:3100/:0
[ 2928134ms] [ERROR] Failed to load resource: net::ERR_CONNECTION_REFUSED @ http://localhost:3100/:0
[ 2929140ms] [ERROR] Failed to load resource: net::ERR_CONNECTION_REFUSED @ http://localhost:3100/:0
[ 2930143ms] [ERROR] Failed to load resource: net::ERR_CONNECTION_REFUSED @ http://localhost:3100/:0
[ 2931146ms] [ERROR] Failed to load resource: net::ERR_CONNECTION_REFUSED @ http://localhost:3100/:0
[ 2932151ms] [ERROR] Failed to load resource: net::ERR_CONNECTION_REFUSED @ http://localhost:3100/:0
[ 2933154ms] [ERROR] Failed to load resource: net::ERR_CONNECTION_REFUSED @ http://localhost:3100/:0
[ 2934160ms] [ERROR] Failed to load resource: net::ERR_CONNECTION_REFUSED @ http://localhost:3100/:0
[ 2935164ms] [ERROR] Failed to load resource: net::ERR_CONNECTION_REFUSED @ http://localhost:3100/:0
[ 2936166ms] [ERROR] Failed to load resource: net::ERR_CONNECTION_REFUSED @ http://localhost:3100/:0
[ 2937169ms] [ERROR] Failed to load resource: net::ERR_CONNECTION_REFUSED @ http://localhost:3100/:0
[ 2938174ms] [ERROR] Failed to load resource: net::ERR_CONNECTION_REFUSED @ http://localhost:3100/:0
[ 2939177ms] [ERROR] Failed to load resource: net::ERR_CONNECTION_REFUSED @ http://localhost:3100/:0
[ 2940182ms] [ERROR] Failed to load resource: net::ERR_CONNECTION_REFUSED @ http://localhost:3100/:0
[ 2941186ms] [ERROR] Failed to load resource: net::ERR_CONNECTION_REFUSED @ http://localhost:3100/:0
[ 2942192ms] [ERROR] Failed to load resource: net::ERR_CONNECTION_REFUSED @ http://localhost:3100/:0
[ 2943195ms] [ERROR] Failed to load resource: net::ERR_CONNECTION_REFUSED @ http://localhost:3100/:0
[ 2944199ms] [ERROR] Failed to load resource: net::ERR_CONNECTION_REFUSED @ http://localhost:3100/:0
[ 2945204ms] [ERROR] Failed to load resource: net::ERR_CONNECTION_REFUSED @ http://localhost:3100/:0
[ 2946209ms] [ERROR] Failed to load resource: net::ERR_CONNECTION_REFUSED @ http://localhost:3100/:0
[ 2947216ms] [ERROR] Failed to load resource: net::ERR_CONNECTION_REFUSED @ http://localhost:3100/:0
[ 2948221ms] [ERROR] Failed to load resource: net::ERR_CONNECTION_REFUSED @ http://localhost:3100/:0
[ 2949227ms] [ERROR] Failed to load resource: net::ERR_CONNECTION_REFUSED @ http://localhost:3100/:0
[ 2950235ms] [ERROR] Failed to load resource: net::ERR_CONNECTION_REFUSED @ http://localhost:3100/:0
[ 2951239ms] [ERROR] Failed to load resource: net::ERR_CONNECTION_REFUSED @ http://localhost:3100/:0
[ 2952245ms] [ERROR] Failed to load resource: net::ERR_CONNECTION_REFUSED @ http://localhost:3100/:0
[ 2953304ms] [ERROR] Failed to load resource: net::ERR_CONNECTION_REFUSED @ http://localhost:3100/:0
[ 2954310ms] [ERROR] Failed to load resource: net::ERR_CONNECTION_REFUSED @ http://localhost:3100/:0
[ 2955315ms] [ERROR] Failed to load resource: net::ERR_CONNECTION_REFUSED @ http://localhost:3100/:0
[ 2956319ms] [ERROR] Failed to load resource: net::ERR_CONNECTION_REFUSED @ http://localhost:3100/:0
[ 2957324ms] [ERROR] Failed to load resource: net::ERR_CONNECTION_REFUSED @ http://localhost:3100/:0
[ 2958329ms] [ERROR] Failed to load resource: net::ERR_CONNECTION_REFUSED @ http://localhost:3100/:0
[ 2959335ms] [ERROR] Failed to load resource: net::ERR_CONNECTION_REFUSED @ http://localhost:3100/:0
[ 2960339ms] [ERROR] Failed to load resource: net::ERR_CONNECTION_REFUSED @ http://localhost:3100/:0
[ 2961342ms] [ERROR] Failed to load resource: net::ERR_CONNECTION_REFUSED @ http://localhost:3100/:0
[ 2962348ms] [ERROR] Failed to load resource: net::ERR_CONNECTION_REFUSED @ http://localhost:3100/:0
[ 2963351ms] [ERROR] Failed to load resource: net::ERR_CONNECTION_REFUSED @ http://localhost:3100/:0
[ 2964358ms] [ERROR] Failed to load resource: net::ERR_CONNECTION_REFUSED @ http://localhost:3100/:0
[ 2965363ms] [ERROR] Failed to load resource: net::ERR_CONNECTION_REFUSED @ http://localhost:3100/:0
[ 2966367ms] [ERROR] Failed to load resource: net::ERR_CONNECTION_REFUSED @ http://localhost:3100/:0
[ 2967372ms] [ERROR] Failed to load resource: net::ERR_CONNECTION_REFUSED @ http://localhost:3100/:0
[ 2968378ms] [ERROR] Failed to load resource: net::ERR_CONNECTION_REFUSED @ http://localhost:3100/:0
[ 2969385ms] [ERROR] Failed to load resource: net::ERR_CONNECTION_REFUSED @ http://localhost:3100/:0
[ 2970389ms] [ERROR] Failed to load resource: net::ERR_CONNECTION_REFUSED @ http://localhost:3100/:0
[ 2971397ms] [ERROR] Failed to load resource: net::ERR_CONNECTION_REFUSED @ http://localhost:3100/:0
[ 2972401ms] [ERROR] Failed to load resource: net::ERR_CONNECTION_REFUSED @ http://localhost:3100/:0
[ 2973404ms] [ERROR] Failed to load resource: net::ERR_CONNECTION_REFUSED @ http://localhost:3100/:0
[ 2974409ms] [ERROR] Failed to load resource: net::ERR_CONNECTION_REFUSED @ http://localhost:3100/:0
[ 2975413ms] [ERROR] Failed to load resource: net::ERR_CONNECTION_REFUSED @ http://localhost:3100/:0
[ 2976418ms] [ERROR] Failed to load resource: net::ERR_CONNECTION_REFUSED @ http://localhost:3100/:0
[ 2977421ms] [ERROR] Failed to load resource: net::ERR_CONNECTION_REFUSED @ http://localhost:3100/:0
[ 2978424ms] [ERROR] Failed to load resource: net::ERR_CONNECTION_REFUSED @ http://localhost:3100/:0
[ 2979427ms] [ERROR] Failed to load resource: net::ERR_CONNECTION_REFUSED @ http://localhost:3100/:0
[ 2980430ms] [ERROR] Failed to load resource: net::ERR_CONNECTION_REFUSED @ http://localhost:3100/:0
[ 2981433ms] [ERROR] Failed to load resource: net::ERR_CONNECTION_REFUSED @ http://localhost:3100/:0
[ 2982437ms] [ERROR] Failed to load resource: net::ERR_CONNECTION_REFUSED @ http://localhost:3100/:0
[ 2983442ms] [ERROR] Failed to load resource: net::ERR_CONNECTION_REFUSED @ http://localhost:3100/:0
[ 2984444ms] [ERROR] Failed to load resource: net::ERR_CONNECTION_REFUSED @ http://localhost:3100/:0
[ 2985449ms] [ERROR] Failed to load resource: net::ERR_CONNECTION_REFUSED @ http://localhost:3100/:0
[ 2986453ms] [ERROR] Failed to load resource: net::ERR_CONNECTION_REFUSED @ http://localhost:3100/:0
[ 2987457ms] [ERROR] Failed to load resource: net::ERR_CONNECTION_REFUSED @ http://localhost:3100/:0
[ 2988466ms] [ERROR] Failed to load resource: net::ERR_CONNECTION_REFUSED @ http://localhost:3100/:0
[ 2989470ms] [ERROR] Failed to load resource: net::ERR_CONNECTION_REFUSED @ http://localhost:3100/:0
[ 2990474ms] [ERROR] Failed to load resource: net::ERR_CONNECTION_REFUSED @ http://localhost:3100/:0
[ 2991479ms] [ERROR] Failed to load resource: net::ERR_CONNECTION_REFUSED @ http://localhost:3100/:0
[ 2992482ms] [ERROR] Failed to load resource: net::ERR_CONNECTION_REFUSED @ http://localhost:3100/:0
[ 2993485ms] [ERROR] Failed to load resource: net::ERR_CONNECTION_REFUSED @ http://localhost:3100/:0
[ 2994487ms] [ERROR] Failed to load resource: net::ERR_CONNECTION_REFUSED @ http://localhost:3100/:0
[ 2995492ms] [ERROR] Failed to load resource: net::ERR_CONNECTION_REFUSED @ http://localhost:3100/:0
[ 2996499ms] [ERROR] Failed to load resource: net::ERR_CONNECTION_REFUSED @ http://localhost:3100/:0
[ 2997504ms] [ERROR] Failed to load resource: net::ERR_CONNECTION_REFUSED @ http://localhost:3100/:0
[ 2998506ms] [ERROR] Failed to load resource: net::ERR_CONNECTION_REFUSED @ http://localhost:3100/:0
[ 2999509ms] [ERROR] Failed to load resource: net::ERR_CONNECTION_REFUSED @ http://localhost:3100/:0
[ 3000514ms] [ERROR] Failed to load resource: net::ERR_CONNECTION_REFUSED @ http://localhost:3100/:0
[ 3001518ms] [ERROR] Failed to load resource: net::ERR_CONNECTION_REFUSED @ http://localhost:3100/:0
[ 3002522ms] [ERROR] Failed to load resource: net::ERR_CONNECTION_REFUSED @ http://localhost:3100/:0
[ 3003526ms] [ERROR] Failed to load resource: net::ERR_CONNECTION_REFUSED @ http://localhost:3100/:0
[ 3004537ms] [ERROR] Failed to load resource: net::ERR_CONNECTION_REFUSED @ http://localhost:3100/:0
[ 3005540ms] [ERROR] Failed to load resource: net::ERR_CONNECTION_REFUSED @ http://localhost:3100/:0
[ 3006545ms] [ERROR] Failed to load resource: net::ERR_CONNECTION_REFUSED @ http://localhost:3100/:0
[ 3007548ms] [ERROR] Failed to load resource: net::ERR_CONNECTION_REFUSED @ http://localhost:3100/:0
[ 3008551ms] [ERROR] Failed to load resource: net::ERR_CONNECTION_REFUSED @ http://localhost:3100/:0
[ 3009557ms] [ERROR] Failed to load resource: net::ERR_CONNECTION_REFUSED @ http://localhost:3100/:0
[ 3010563ms] [ERROR] Failed to load resource: net::ERR_CONNECTION_REFUSED @ http://localhost:3100/:0
[ 3011571ms] [ERROR] Failed to load resource: net::ERR_CONNECTION_REFUSED @ http://localhost:3100/:0
[ 3012593ms] [ERROR] Failed to load resource: net::ERR_CONNECTION_REFUSED @ http://localhost:3100/:0
[ 3013597ms] [ERROR] Failed to load resource: net::ERR_CONNECTION_REFUSED @ http://localhost:3100/:0
[ 3014606ms] [ERROR] Failed to load resource: net::ERR_CONNECTION_REFUSED @ http://localhost:3100/:0
[ 3015611ms] [ERROR] Failed to load resource: net::ERR_CONNECTION_REFUSED @ http://localhost:3100/:0
[ 3016616ms] [ERROR] Failed to load resource: net::ERR_CONNECTION_REFUSED @ http://localhost:3100/:0
[ 3017621ms] [ERROR] Failed to load resource: net::ERR_CONNECTION_REFUSED @ http://localhost:3100/:0
[ 3018624ms] [ERROR] Failed to load resource: net::ERR_CONNECTION_REFUSED @ http://localhost:3100/:0
[ 3019627ms] [ERROR] Failed to load resource: net::ERR_CONNECTION_REFUSED @ http://localhost:3100/:0
[ 3020630ms] [ERROR] Failed to load resource: net::ERR_CONNECTION_REFUSED @ http://localhost:3100/:0
[ 3021637ms] [ERROR] Failed to load resource: net::ERR_CONNECTION_REFUSED @ http://localhost:3100/:0
[ 3022644ms] [ERROR] Failed to load resource: net::ERR_CONNECTION_REFUSED @ http://localhost:3100/:0
[ 3023650ms] [ERROR] Failed to load resource: net::ERR_CONNECTION_REFUSED @ http://localhost:3100/:0
[ 3024654ms] [ERROR] Failed to load resource: net::ERR_CONNECTION_REFUSED @ http://localhost:3100/:0
[ 3025656ms] [ERROR] Failed to load resource: net::ERR_CONNECTION_REFUSED @ http://localhost:3100/:0
[ 3026661ms] [ERROR] Failed to load resource: net::ERR_CONNECTION_REFUSED @ http://localhost:3100/:0
[ 3027668ms] [ERROR] Failed to load resource: net::ERR_CONNECTION_REFUSED @ http://localhost:3100/:0
[ 3028684ms] [ERROR] Failed to load resource: net::ERR_CONNECTION_REFUSED @ http://localhost:3100/:0
[ 3029691ms] [ERROR] Failed to load resource: net::ERR_CONNECTION_REFUSED @ http://localhost:3100/:0
[ 3030693ms] [ERROR] Failed to load resource: net::ERR_CONNECTION_REFUSED @ http://localhost:3100/:0
[ 3031698ms] [ERROR] Failed to load resource: net::ERR_CONNECTION_REFUSED @ http://localhost:3100/:0
[ 3032703ms] [ERROR] Failed to load resource: net::ERR_CONNECTION_REFUSED @ http://localhost:3100/:0
[ 3033709ms] [ERROR] Failed to load resource: net::ERR_CONNECTION_REFUSED @ http://localhost:3100/:0
[ 3034713ms] [ERROR] Failed to load resource: net::ERR_CONNECTION_REFUSED @ http://localhost:3100/:0
[ 3035718ms] [ERROR] Failed to load resource: net::ERR_CONNECTION_REFUSED @ http://localhost:3100/:0
[ 3036723ms] [ERROR] Failed to load resource: net::ERR_CONNECTION_REFUSED @ http://localhost:3100/:0
[ 3037727ms] [ERROR] Failed to load resource: net::ERR_CONNECTION_REFUSED @ http://localhost:3100/:0
[ 3038783ms] [ERROR] Failed to load resource: net::ERR_CONNECTION_REFUSED @ http://localhost:3100/:0
[ 3039788ms] [ERROR] Failed to load resource: net::ERR_CONNECTION_REFUSED @ http://localhost:3100/:0
[ 3040792ms] [ERROR] Failed to load resource: net::ERR_CONNECTION_REFUSED @ http://localhost:3100/:0
[ 3041795ms] [ERROR] Failed to load resource: net::ERR_CONNECTION_REFUSED @ http://localhost:3100/:0
[ 3042800ms] [ERROR] Failed to load resource: net::ERR_CONNECTION_REFUSED @ http://localhost:3100/:0
[ 3043804ms] [ERROR] Failed to load resource: net::ERR_CONNECTION_REFUSED @ http://localhost:3100/:0
[ 3044806ms] [ERROR] Failed to load resource: net::ERR_CONNECTION_REFUSED @ http://localhost:3100/:0
[ 3045814ms] [ERROR] Failed to load resource: net::ERR_CONNECTION_REFUSED @ http://localhost:3100/:0
[ 3046819ms] [ERROR] Failed to load resource: net::ERR_CONNECTION_REFUSED @ http://localhost:3100/:0
[ 3047822ms] [ERROR] Failed to load resource: net::ERR_CONNECTION_REFUSED @ http://localhost:3100/:0
[ 3048829ms] [ERROR] Failed to load resource: net::ERR_CONNECTION_REFUSED @ http://localhost:3100/:0
[ 3049833ms] [ERROR] Failed to load resource: net::ERR_CONNECTION_REFUSED @ http://localhost:3100/:0
[ 3050836ms] [ERROR] Failed to load resource: net::ERR_CONNECTION_REFUSED @ http://localhost:3100/:0
[ 3051840ms] [ERROR] Failed to load resource: net::ERR_CONNECTION_REFUSED @ http://localhost:3100/:0
[ 3052843ms] [ERROR] Failed to load resource: net::ERR_CONNECTION_REFUSED @ http://localhost:3100/:0
[ 3053851ms] [ERROR] Failed to load resource: net::ERR_CONNECTION_REFUSED @ http://localhost:3100/:0
[ 3054856ms] [ERROR] Failed to load resource: net::ERR_CONNECTION_REFUSED @ http://localhost:3100/:0
[ 3055859ms] [ERROR] Failed to load resource: net::ERR_CONNECTION_REFUSED @ http://localhost:3100/:0
[ 3056864ms] [ERROR] Failed to load resource: net::ERR_CONNECTION_REFUSED @ http://localhost:3100/:0
[ 3057868ms] [ERROR] Failed to load resource: net::ERR_CONNECTION_REFUSED @ http://localhost:3100/:0
[ 3058870ms] [ERROR] Failed to load resource: net::ERR_CONNECTION_REFUSED @ http://localhost:3100/:0
[ 3059874ms] [ERROR] Failed to load resource: net::ERR_CONNECTION_REFUSED @ http://localhost:3100/:0
[ 3060880ms] [ERROR] Failed to load resource: net::ERR_CONNECTION_REFUSED @ http://localhost:3100/:0
[ 3061886ms] [ERROR] Failed to load resource: net::ERR_CONNECTION_REFUSED @ http://localhost:3100/:0
[ 3062888ms] [ERROR] Failed to load resource: net::ERR_CONNECTION_REFUSED @ http://localhost:3100/:0
[ 3063891ms] [ERROR] Failed to load resource: net::ERR_CONNECTION_REFUSED @ http://localhost:3100/:0
[ 3064897ms] [ERROR] Failed to load resource: net::ERR_CONNECTION_REFUSED @ http://localhost:3100/:0
[ 3065901ms] [ERROR] Failed to load resource: net::ERR_CONNECTION_REFUSED @ http://localhost:3100/:0
[ 3066906ms] [ERROR] Failed to load resource: net::ERR_CONNECTION_REFUSED @ http://localhost:3100/:0
[ 3067910ms] [ERROR] Failed to load resource: net::ERR_CONNECTION_REFUSED @ http://localhost:3100/:0
[ 3068914ms] [ERROR] Failed to load resource: net::ERR_CONNECTION_REFUSED @ http://localhost:3100/:0
[ 3069918ms] [ERROR] Failed to load resource: net::ERR_CONNECTION_REFUSED @ http://localhost:3100/:0
[ 3070921ms] [ERROR] Failed to load resource: net::ERR_CONNECTION_REFUSED @ http://localhost:3100/:0
[ 3071925ms] [ERROR] Failed to load resource: net::ERR_CONNECTION_REFUSED @ http://localhost:3100/:0
[ 3072929ms] [ERROR] Failed to load resource: net::ERR_CONNECTION_REFUSED @ http://localhost:3100/:0
[ 3073933ms] [ERROR] Failed to load resource: net::ERR_CONNECTION_REFUSED @ http://localhost:3100/:0
[ 3074940ms] [ERROR] Failed to load resource: net::ERR_CONNECTION_REFUSED @ http://localhost:3100/:0
[ 3075943ms] [ERROR] Failed to load resource: net::ERR_CONNECTION_REFUSED @ http://localhost:3100/:0
[ 3076950ms] [ERROR] Failed to load resource: net::ERR_CONNECTION_REFUSED @ http://localhost:3100/:0
[ 3077954ms] [ERROR] Failed to load resource: net::ERR_CONNECTION_REFUSED @ http://localhost:3100/:0
[ 3078957ms] [ERROR] Failed to load resource: net::ERR_CONNECTION_REFUSED @ http://localhost:3100/:0
[ 3079961ms] [ERROR] Failed to load resource: net::ERR_CONNECTION_REFUSED @ http://localhost:3100/:0
[ 3080968ms] [ERROR] Failed to load resource: net::ERR_CONNECTION_REFUSED @ http://localhost:3100/:0
[ 3081971ms] [ERROR] Failed to load resource: net::ERR_CONNECTION_REFUSED @ http://localhost:3100/:0
[ 3082974ms] [ERROR] Failed to load resource: net::ERR_CONNECTION_REFUSED @ http://localhost:3100/:0
[ 3083984ms] [ERROR] Failed to load resource: net::ERR_CONNECTION_REFUSED @ http://localhost:3100/:0
[ 3084990ms] [ERROR] Failed to load resource: net::ERR_CONNECTION_REFUSED @ http://localhost:3100/:0
[ 3085995ms] [ERROR] Failed to load resource: net::ERR_CONNECTION_REFUSED @ http://localhost:3100/:0
[ 3086999ms] [ERROR] Failed to load resource: net::ERR_CONNECTION_REFUSED @ http://localhost:3100/:0
[ 3088007ms] [ERROR] Failed to load resource: net::ERR_CONNECTION_REFUSED @ http://localhost:3100/:0
[ 3089012ms] [ERROR] Failed to load resource: net::ERR_CONNECTION_REFUSED @ http://localhost:3100/:0
[ 3090017ms] [ERROR] Failed to load resource: net::ERR_CONNECTION_REFUSED @ http://localhost:3100/:0
[ 3091020ms] [ERROR] Failed to load resource: net::ERR_CONNECTION_REFUSED @ http://localhost:3100/:0
[ 3092024ms] [ERROR] Failed to load resource: net::ERR_CONNECTION_REFUSED @ http://localhost:3100/:0
[ 3093029ms] [ERROR] Failed to load resource: net::ERR_CONNECTION_REFUSED @ http://localhost:3100/:0
[ 3094032ms] [ERROR] Failed to load resource: net::ERR_CONNECTION_REFUSED @ http://localhost:3100/:0
[ 3095036ms] [ERROR] Failed to load resource: net::ERR_CONNECTION_REFUSED @ http://localhost:3100/:0
[ 3096040ms] [ERROR] Failed to load resource: net::ERR_CONNECTION_REFUSED @ http://localhost:3100/:0
[ 3097043ms] [ERROR] Failed to load resource: net::ERR_CONNECTION_REFUSED @ http://localhost:3100/:0
[ 3098045ms] [ERROR] Failed to load resource: net::ERR_CONNECTION_REFUSED @ http://localhost:3100/:0
[ 3099054ms] [ERROR] Failed to load resource: net::ERR_CONNECTION_REFUSED @ http://localhost:3100/:0
[ 3100058ms] [ERROR] Failed to load resource: net::ERR_CONNECTION_REFUSED @ http://localhost:3100/:0
[ 3101062ms] [ERROR] Failed to load resource: net::ERR_CONNECTION_REFUSED @ http://localhost:3100/:0
[ 3102066ms] [ERROR] Failed to load resource: net::ERR_CONNECTION_REFUSED @ http://localhost:3100/:0
[ 3103072ms] [ERROR] Failed to load resource: net::ERR_CONNECTION_REFUSED @ http://localhost:3100/:0
[ 3104076ms] [ERROR] Failed to load resource: net::ERR_CONNECTION_REFUSED @ http://localhost:3100/:0
[ 3105081ms] [ERROR] Failed to load resource: net::ERR_CONNECTION_REFUSED @ http://localhost:3100/:0
[ 3106086ms] [ERROR] Failed to load resource: net::ERR_CONNECTION_REFUSED @ http://localhost:3100/:0
[ 3107091ms] [ERROR] Failed to load resource: net::ERR_CONNECTION_REFUSED @ http://localhost:3100/:0
[ 3108095ms] [ERROR] Failed to load resource: net::ERR_CONNECTION_REFUSED @ http://localhost:3100/:0
[ 3109100ms] [ERROR] Failed to load resource: net::ERR_CONNECTION_REFUSED @ http://localhost:3100/:0
[ 3110107ms] [ERROR] Failed to load resource: net::ERR_CONNECTION_REFUSED @ http://localhost:3100/:0
[ 3111115ms] [ERROR] Failed to load resource: net::ERR_CONNECTION_REFUSED @ http://localhost:3100/:0
[ 3112119ms] [ERROR] Failed to load resource: net::ERR_CONNECTION_REFUSED @ http://localhost:3100/:0
[ 3113123ms] [ERROR] Failed to load resource: net::ERR_CONNECTION_REFUSED @ http://localhost:3100/:0
[ 3114129ms] [ERROR] Failed to load resource: net::ERR_CONNECTION_REFUSED @ http://localhost:3100/:0
[ 3115133ms] [ERROR] Failed to load resource: net::ERR_CONNECTION_REFUSED @ http://localhost:3100/:0
[ 3116139ms] [ERROR] Failed to load resource: net::ERR_CONNECTION_REFUSED @ http://localhost:3100/:0
[ 3117145ms] [ERROR] Failed to load resource: net::ERR_CONNECTION_REFUSED @ http://localhost:3100/:0
[ 3118150ms] [ERROR] Failed to load resource: net::ERR_CONNECTION_REFUSED @ http://localhost:3100/:0
[ 3119155ms] [ERROR] Failed to load resource: net::ERR_CONNECTION_REFUSED @ http://localhost:3100/:0
[ 3120162ms] [ERROR] Failed to load resource: net::ERR_CONNECTION_REFUSED @ http://localhost:3100/:0
[ 3121169ms] [ERROR] Failed to load resource: net::ERR_CONNECTION_REFUSED @ http://localhost:3100/:0
[ 3122172ms] [ERROR] Failed to load resource: net::ERR_CONNECTION_REFUSED @ http://localhost:3100/:0
[ 3123176ms] [ERROR] Failed to load resource: net::ERR_CONNECTION_REFUSED @ http://localhost:3100/:0
[ 3124180ms] [ERROR] Failed to load resource: net::ERR_CONNECTION_REFUSED @ http://localhost:3100/:0
[ 3125183ms] [ERROR] Failed to load resource: net::ERR_CONNECTION_REFUSED @ http://localhost:3100/:0
[ 3126190ms] [ERROR] Failed to load resource: net::ERR_CONNECTION_REFUSED @ http://localhost:3100/:0
[ 3127195ms] [ERROR] Failed to load resource: net::ERR_CONNECTION_REFUSED @ http://localhost:3100/:0
[ 3128200ms] [ERROR] Failed to load resource: net::ERR_CONNECTION_REFUSED @ http://localhost:3100/:0
[ 3129203ms] [ERROR] Failed to load resource: net::ERR_CONNECTION_REFUSED @ http://localhost:3100/:0
[ 3130206ms] [ERROR] Failed to load resource: net::ERR_CONNECTION_REFUSED @ http://localhost:3100/:0
[ 3131210ms] [ERROR] Failed to load resource: net::ERR_CONNECTION_REFUSED @ http://localhost:3100/:0
[ 3132213ms] [ERROR] Failed to load resource: net::ERR_CONNECTION_REFUSED @ http://localhost:3100/:0
[ 3133216ms] [ERROR] Failed to load resource: net::ERR_CONNECTION_REFUSED @ http://localhost:3100/:0
[ 3134220ms] [ERROR] Failed to load resource: net::ERR_CONNECTION_REFUSED @ http://localhost:3100/:0
[ 3135223ms] [ERROR] Failed to load resource: net::ERR_CONNECTION_REFUSED @ http://localhost:3100/:0
[ 3136227ms] [ERROR] Failed to load resource: net::ERR_CONNECTION_REFUSED @ http://localhost:3100/:0
[ 3137231ms] [ERROR] Failed to load resource: net::ERR_CONNECTION_REFUSED @ http://localhost:3100/:0
[ 3138236ms] [ERROR] Failed to load resource: net::ERR_CONNECTION_REFUSED @ http://localhost:3100/:0
[ 3139241ms] [ERROR] Failed to load resource: net::ERR_CONNECTION_REFUSED @ http://localhost:3100/:0
[ 3140246ms] [ERROR] Failed to load resource: net::ERR_CONNECTION_REFUSED @ http://localhost:3100/:0
[ 3141250ms] [ERROR] Failed to load resource: net::ERR_CONNECTION_REFUSED @ http://localhost:3100/:0
[ 3142255ms] [ERROR] Failed to load resource: net::ERR_CONNECTION_REFUSED @ http://localhost:3100/:0
[ 3143258ms] [ERROR] Failed to load resource: net::ERR_CONNECTION_REFUSED @ http://localhost:3100/:0
[ 3144263ms] [ERROR] Failed to load resource: net::ERR_CONNECTION_REFUSED @ http://localhost:3100/:0
[ 3145267ms] [ERROR] Failed to load resource: net::ERR_CONNECTION_REFUSED @ http://localhost:3100/:0
[ 3146273ms] [ERROR] Failed to load resource: net::ERR_CONNECTION_REFUSED @ http://localhost:3100/:0
[ 3147280ms] [ERROR] Failed to load resource: net::ERR_CONNECTION_REFUSED @ http://localhost:3100/:0
[ 3148284ms] [ERROR] Failed to load resource: net::ERR_CONNECTION_REFUSED @ http://localhost:3100/:0
[ 3149287ms] [ERROR] Failed to load resource: net::ERR_CONNECTION_REFUSED @ http://localhost:3100/:0
[ 3150292ms] [ERROR] Failed to load resource: net::ERR_CONNECTION_REFUSED @ http://localhost:3100/:0
[ 3151296ms] [ERROR] Failed to load resource: net::ERR_CONNECTION_REFUSED @ http://localhost:3100/:0
[ 3152302ms] [ERROR] Failed to load resource: net::ERR_CONNECTION_REFUSED @ http://localhost:3100/:0
[ 3153308ms] [ERROR] Failed to load resource: net::ERR_CONNECTION_REFUSED @ http://localhost:3100/:0
[ 3154312ms] [ERROR] Failed to load resource: net::ERR_CONNECTION_REFUSED @ http://localhost:3100/:0
[ 3155318ms] [ERROR] Failed to load resource: net::ERR_CONNECTION_REFUSED @ http://localhost:3100/:0
[ 3156324ms] [ERROR] Failed to load resource: net::ERR_CONNECTION_REFUSED @ http://localhost:3100/:0
[ 3157328ms] [ERROR] Failed to load resource: net::ERR_CONNECTION_REFUSED @ http://localhost:3100/:0
[ 3158332ms] [ERROR] Failed to load resource: net::ERR_CONNECTION_REFUSED @ http://localhost:3100/:0
[ 3159337ms] [ERROR] Failed to load resource: net::ERR_CONNECTION_REFUSED @ http://localhost:3100/:0
[ 3160342ms] [ERROR] Failed to load resource: net::ERR_CONNECTION_REFUSED @ http://localhost:3100/:0
[ 3161345ms] [ERROR] Failed to load resource: net::ERR_CONNECTION_REFUSED @ http://localhost:3100/:0
[ 3162349ms] [ERROR] Failed to load resource: net::ERR_CONNECTION_REFUSED @ http://localhost:3100/:0
[ 3163352ms] [ERROR] Failed to load resource: net::ERR_CONNECTION_REFUSED @ http://localhost:3100/:0
[ 3164359ms] [ERROR] Failed to load resource: net::ERR_CONNECTION_REFUSED @ http://localhost:3100/:0
[ 3165361ms] [ERROR] Failed to load resource: net::ERR_CONNECTION_REFUSED @ http://localhost:3100/:0
[ 3166365ms] [ERROR] Failed to load resource: net::ERR_CONNECTION_REFUSED @ http://localhost:3100/:0
[ 3167372ms] [ERROR] Failed to load resource: net::ERR_CONNECTION_REFUSED @ http://localhost:3100/:0
[ 3168377ms] [ERROR] Failed to load resource: net::ERR_CONNECTION_REFUSED @ http://localhost:3100/:0
[ 3169383ms] [ERROR] Failed to load resource: net::ERR_CONNECTION_REFUSED @ http://localhost:3100/:0
[ 3170388ms] [ERROR] Failed to load resource: net::ERR_CONNECTION_REFUSED @ http://localhost:3100/:0
[ 3171395ms] [ERROR] Failed to load resource: net::ERR_CONNECTION_REFUSED @ http://localhost:3100/:0
[ 3172399ms] [ERROR] Failed to load resource: net::ERR_CONNECTION_REFUSED @ http://localhost:3100/:0
[ 3173406ms] [ERROR] Failed to load resource: net::ERR_CONNECTION_REFUSED @ http://localhost:3100/:0
[ 3174410ms] [ERROR] Failed to load resource: net::ERR_CONNECTION_REFUSED @ http://localhost:3100/:0
[ 3175414ms] [ERROR] Failed to load resource: net::ERR_CONNECTION_REFUSED @ http://localhost:3100/:0
[ 3176416ms] [ERROR] Failed to load resource: net::ERR_CONNECTION_REFUSED @ http://localhost:3100/:0
[ 3177422ms] [ERROR] Failed to load resource: net::ERR_CONNECTION_REFUSED @ http://localhost:3100/:0
[ 3178427ms] [ERROR] Failed to load resource: net::ERR_CONNECTION_REFUSED @ http://localhost:3100/:0
[ 3179430ms] [ERROR] Failed to load resource: net::ERR_CONNECTION_REFUSED @ http://localhost:3100/:0
[ 3180434ms] [ERROR] Failed to load resource: net::ERR_CONNECTION_REFUSED @ http://localhost:3100/:0
[ 3181438ms] [ERROR] Failed to load resource: net::ERR_CONNECTION_REFUSED @ http://localhost:3100/:0
[ 3182442ms] [ERROR] Failed to load resource: net::ERR_CONNECTION_REFUSED @ http://localhost:3100/:0
[ 3183449ms] [ERROR] Failed to load resource: net::ERR_CONNECTION_REFUSED @ http://localhost:3100/:0
[ 3184453ms] [ERROR] Failed to load resource: net::ERR_CONNECTION_REFUSED @ http://localhost:3100/:0
[ 3185458ms] [ERROR] Failed to load resource: net::ERR_CONNECTION_REFUSED @ http://localhost:3100/:0
[ 3186465ms] [ERROR] Failed to load resource: net::ERR_CONNECTION_REFUSED @ http://localhost:3100/:0
[ 3187473ms] [ERROR] Failed to load resource: net::ERR_CONNECTION_REFUSED @ http://localhost:3100/:0
[ 3188478ms] [ERROR] Failed to load resource: net::ERR_CONNECTION_REFUSED @ http://localhost:3100/:0
[ 3189482ms] [ERROR] Failed to load resource: net::ERR_CONNECTION_REFUSED @ http://localhost:3100/:0
[ 3190489ms] [ERROR] Failed to load resource: net::ERR_CONNECTION_REFUSED @ http://localhost:3100/:0
[ 3191494ms] [ERROR] Failed to load resource: net::ERR_CONNECTION_REFUSED @ http://localhost:3100/:0
[ 3192499ms] [ERROR] Failed to load resource: net::ERR_CONNECTION_REFUSED @ http://localhost:3100/:0
[ 3193505ms] [ERROR] Failed to load resource: net::ERR_CONNECTION_REFUSED @ http://localhost:3100/:0
[ 3194510ms] [ERROR] Failed to load resource: net::ERR_CONNECTION_REFUSED @ http://localhost:3100/:0
[ 3195514ms] [ERROR] Failed to load resource: net::ERR_CONNECTION_REFUSED @ http://localhost:3100/:0
[ 3196518ms] [ERROR] Failed to load resource: net::ERR_CONNECTION_REFUSED @ http://localhost:3100/:0
[ 3197523ms] [ERROR] Failed to load resource: net::ERR_CONNECTION_REFUSED @ http://localhost:3100/:0
[ 3198526ms] [ERROR] Failed to load resource: net::ERR_CONNECTION_REFUSED @ http://localhost:3100/:0
[ 3199531ms] [ERROR] Failed to load resource: net::ERR_CONNECTION_REFUSED @ http://localhost:3100/:0
[ 3200536ms] [ERROR] Failed to load resource: net::ERR_CONNECTION_REFUSED @ http://localhost:3100/:0
[ 3201541ms] [ERROR] Failed to load resource: net::ERR_CONNECTION_REFUSED @ http://localhost:3100/:0
[ 3202546ms] [ERROR] Failed to load resource: net::ERR_CONNECTION_REFUSED @ http://localhost:3100/:0
[ 3203550ms] [ERROR] Failed to load resource: net::ERR_CONNECTION_REFUSED @ http://localhost:3100/:0
[ 3204554ms] [ERROR] Failed to load resource: net::ERR_CONNECTION_REFUSED @ http://localhost:3100/:0
[ 3205559ms] [ERROR] Failed to load resource: net::ERR_CONNECTION_REFUSED @ http://localhost:3100/:0
[ 3206563ms] [ERROR] Failed to load resource: net::ERR_CONNECTION_REFUSED @ http://localhost:3100/:0
[ 3207568ms] [ERROR] Failed to load resource: net::ERR_CONNECTION_REFUSED @ http://localhost:3100/:0
[ 3208571ms] [ERROR] Failed to load resource: net::ERR_CONNECTION_REFUSED @ http://localhost:3100/:0
[ 3209575ms] [ERROR] Failed to load resource: net::ERR_CONNECTION_REFUSED @ http://localhost:3100/:0
[ 3210581ms] [ERROR] Failed to load resource: net::ERR_CONNECTION_REFUSED @ http://localhost:3100/:0
[ 3211585ms] [ERROR] Failed to load resource: net::ERR_CONNECTION_REFUSED @ http://localhost:3100/:0
[ 3212589ms] [ERROR] Failed to load resource: net::ERR_CONNECTION_REFUSED @ http://localhost:3100/:0
[ 3213592ms] [ERROR] Failed to load resource: net::ERR_CONNECTION_REFUSED @ http://localhost:3100/:0
[ 3214595ms] [ERROR] Failed to load resource: net::ERR_CONNECTION_REFUSED @ http://localhost:3100/:0
[ 3215601ms] [ERROR] Failed to load resource: net::ERR_CONNECTION_REFUSED @ http://localhost:3100/:0
[ 3216616ms] [ERROR] Failed to load resource: net::ERR_CONNECTION_REFUSED @ http://localhost:3100/:0
[ 3217624ms] [ERROR] Failed to load resource: net::ERR_CONNECTION_REFUSED @ http://localhost:3100/:0
[ 3218629ms] [ERROR] Failed to load resource: net::ERR_CONNECTION_REFUSED @ http://localhost:3100/:0
[ 3219634ms] [ERROR] Failed to load resource: net::ERR_CONNECTION_REFUSED @ http://localhost:3100/:0
[ 3220640ms] [ERROR] Failed to load resource: net::ERR_CONNECTION_REFUSED @ http://localhost:3100/:0
[ 3221645ms] [ERROR] Failed to load resource: net::ERR_CONNECTION_REFUSED @ http://localhost:3100/:0
[ 3222649ms] [ERROR] Failed to load resource: net::ERR_CONNECTION_REFUSED @ http://localhost:3100/:0
[ 3223656ms] [ERROR] Failed to load resource: net::ERR_CONNECTION_REFUSED @ http://localhost:3100/:0
[ 3224661ms] [ERROR] Failed to load resource: net::ERR_CONNECTION_REFUSED @ http://localhost:3100/:0
[ 3225666ms] [ERROR] Failed to load resource: net::ERR_CONNECTION_REFUSED @ http://localhost:3100/:0
[ 3226693ms] [ERROR] Failed to load resource: net::ERR_CONNECTION_REFUSED @ http://localhost:3100/:0
[ 3227698ms] [ERROR] Failed to load resource: net::ERR_CONNECTION_REFUSED @ http://localhost:3100/:0
[ 3228703ms] [ERROR] Failed to load resource: net::ERR_CONNECTION_REFUSED @ http://localhost:3100/:0
[ 3229705ms] [ERROR] Failed to load resource: net::ERR_CONNECTION_REFUSED @ http://localhost:3100/:0
[ 3230712ms] [ERROR] Failed to load resource: net::ERR_CONNECTION_REFUSED @ http://localhost:3100/:0
[ 3231719ms] [ERROR] Failed to load resource: net::ERR_CONNECTION_REFUSED @ http://localhost:3100/:0
[ 3232732ms] [ERROR] Failed to load resource: net::ERR_CONNECTION_REFUSED @ http://localhost:3100/:0
[ 3233735ms] [ERROR] Failed to load resource: net::ERR_CONNECTION_REFUSED @ http://localhost:3100/:0
[ 3234747ms] [ERROR] Failed to load resource: net::ERR_CONNECTION_REFUSED @ http://localhost:3100/:0
[ 3235750ms] [ERROR] Failed to load resource: net::ERR_CONNECTION_REFUSED @ http://localhost:3100/:0
[ 3236755ms] [ERROR] Failed to load resource: net::ERR_CONNECTION_REFUSED @ http://localhost:3100/:0
[ 3237761ms] [ERROR] Failed to load resource: net::ERR_CONNECTION_REFUSED @ http://localhost:3100/:0
[ 3238767ms] [ERROR] Failed to load resource: net::ERR_CONNECTION_REFUSED @ http://localhost:3100/:0
[ 3239770ms] [ERROR] Failed to load resource: net::ERR_CONNECTION_REFUSED @ http://localhost:3100/:0
[ 3240772ms] [ERROR] Failed to load resource: net::ERR_CONNECTION_REFUSED @ http://localhost:3100/:0
[ 3241776ms] [ERROR] Failed to load resource: net::ERR_CONNECTION_REFUSED @ http://localhost:3100/:0
[ 3242781ms] [ERROR] Failed to load resource: net::ERR_CONNECTION_REFUSED @ http://localhost:3100/:0
[ 3243786ms] [ERROR] Failed to load resource: net::ERR_CONNECTION_REFUSED @ http://localhost:3100/:0
[ 3244791ms] [ERROR] Failed to load resource: net::ERR_CONNECTION_REFUSED @ http://localhost:3100/:0
[ 3245795ms] [ERROR] Failed to load resource: net::ERR_CONNECTION_REFUSED @ http://localhost:3100/:0
[ 3246802ms] [ERROR] Failed to load resource: net::ERR_CONNECTION_REFUSED @ http://localhost:3100/:0
[ 3247806ms] [ERROR] Failed to load resource: net::ERR_CONNECTION_REFUSED @ http://localhost:3100/:0
[ 3248812ms] [ERROR] Failed to load resource: net::ERR_CONNECTION_REFUSED @ http://localhost:3100/:0
[ 3249817ms] [ERROR] Failed to load resource: net::ERR_CONNECTION_REFUSED @ http://localhost:3100/:0
[ 3250821ms] [ERROR] Failed to load resource: net::ERR_CONNECTION_REFUSED @ http://localhost:3100/:0
[ 3251826ms] [ERROR] Failed to load resource: net::ERR_CONNECTION_REFUSED @ http://localhost:3100/:0
[ 3252831ms] [ERROR] Failed to load resource: net::ERR_CONNECTION_REFUSED @ http://localhost:3100/:0
[ 3253839ms] [ERROR] Failed to load resource: net::ERR_CONNECTION_REFUSED @ http://localhost:3100/:0
[ 3254844ms] [ERROR] Failed to load resource: net::ERR_CONNECTION_REFUSED @ http://localhost:3100/:0
[ 3255850ms] [ERROR] Failed to load resource: net::ERR_CONNECTION_REFUSED @ http://localhost:3100/:0
[ 3256853ms] [ERROR] Failed to load resource: net::ERR_CONNECTION_REFUSED @ http://localhost:3100/:0
[ 3257856ms] [ERROR] Failed to load resource: net::ERR_CONNECTION_REFUSED @ http://localhost:3100/:0
[ 3258859ms] [ERROR] Failed to load resource: net::ERR_CONNECTION_REFUSED @ http://localhost:3100/:0
[ 3259863ms] [ERROR] Failed to load resource: net::ERR_CONNECTION_REFUSED @ http://localhost:3100/:0
[ 3260870ms] [ERROR] Failed to load resource: net::ERR_CONNECTION_REFUSED @ http://localhost:3100/:0
[ 3261874ms] [ERROR] Failed to load resource: net::ERR_CONNECTION_REFUSED @ http://localhost:3100/:0
[ 3262882ms] [ERROR] Failed to load resource: net::ERR_CONNECTION_REFUSED @ http://localhost:3100/:0
[ 3263885ms] [ERROR] Failed to load resource: net::ERR_CONNECTION_REFUSED @ http://localhost:3100/:0
[ 3264889ms] [ERROR] Failed to load resource: net::ERR_CONNECTION_REFUSED @ http://localhost:3100/:0
[ 3265895ms] [ERROR] Failed to load resource: net::ERR_CONNECTION_REFUSED @ http://localhost:3100/:0
[ 3266898ms] [ERROR] Failed to load resource: net::ERR_CONNECTION_REFUSED @ http://localhost:3100/:0
[ 3267904ms] [ERROR] Failed to load resource: net::ERR_CONNECTION_REFUSED @ http://localhost:3100/:0
[ 3268907ms] [ERROR] Failed to load resource: net::ERR_CONNECTION_REFUSED @ http://localhost:3100/:0
[ 3269912ms] [ERROR] Failed to load resource: net::ERR_CONNECTION_REFUSED @ http://localhost:3100/:0
[ 3270916ms] [ERROR] Failed to load resource: net::ERR_CONNECTION_REFUSED @ http://localhost:3100/:0
[ 3271920ms] [ERROR] Failed to load resource: net::ERR_CONNECTION_REFUSED @ http://localhost:3100/:0
[ 3272924ms] [ERROR] Failed to load resource: net::ERR_CONNECTION_REFUSED @ http://localhost:3100/:0
[ 3273928ms] [ERROR] Failed to load resource: net::ERR_CONNECTION_REFUSED @ http://localhost:3100/:0
[ 3274932ms] [ERROR] Failed to load resource: net::ERR_CONNECTION_REFUSED @ http://localhost:3100/:0
[ 3275936ms] [ERROR] Failed to load resource: net::ERR_CONNECTION_REFUSED @ http://localhost:3100/:0
[ 3276940ms] [ERROR] Failed to load resource: net::ERR_CONNECTION_REFUSED @ http://localhost:3100/:0
[ 3277944ms] [ERROR] Failed to load resource: net::ERR_CONNECTION_REFUSED @ http://localhost:3100/:0
[ 3278947ms] [ERROR] Failed to load resource: net::ERR_CONNECTION_REFUSED @ http://localhost:3100/:0
[ 3279951ms] [ERROR] Failed to load resource: net::ERR_CONNECTION_REFUSED @ http://localhost:3100/:0
[ 3280955ms] [ERROR] Failed to load resource: net::ERR_CONNECTION_REFUSED @ http://localhost:3100/:0
[ 3281960ms] [ERROR] Failed to load resource: net::ERR_CONNECTION_REFUSED @ http://localhost:3100/:0
[ 3282963ms] [ERROR] Failed to load resource: net::ERR_CONNECTION_REFUSED @ http://localhost:3100/:0
[ 3283969ms] [ERROR] Failed to load resource: net::ERR_CONNECTION_REFUSED @ http://localhost:3100/:0
[ 3284973ms] [ERROR] Failed to load resource: net::ERR_CONNECTION_REFUSED @ http://localhost:3100/:0
[ 3285976ms] [ERROR] Failed to load resource: net::ERR_CONNECTION_REFUSED @ http://localhost:3100/:0
[ 3286981ms] [ERROR] Failed to load resource: net::ERR_CONNECTION_REFUSED @ http://localhost:3100/:0
[ 3287985ms] [ERROR] Failed to load resource: net::ERR_CONNECTION_REFUSED @ http://localhost:3100/:0
[ 3288990ms] [ERROR] Failed to load resource: net::ERR_CONNECTION_REFUSED @ http://localhost:3100/:0
[ 3289996ms] [ERROR] Failed to load resource: net::ERR_CONNECTION_REFUSED @ http://localhost:3100/:0
[ 3291002ms] [ERROR] Failed to load resource: net::ERR_CONNECTION_REFUSED @ http://localhost:3100/:0
[ 3292008ms] [ERROR] Failed to load resource: net::ERR_CONNECTION_REFUSED @ http://localhost:3100/:0
[ 3293013ms] [ERROR] Failed to load resource: net::ERR_CONNECTION_REFUSED @ http://localhost:3100/:0
[ 3294029ms] [ERROR] Failed to load resource: net::ERR_CONNECTION_REFUSED @ http://localhost:3100/:0
[ 3295034ms] [ERROR] Failed to load resource: net::ERR_CONNECTION_REFUSED @ http://localhost:3100/:0
[ 3296037ms] [ERROR] Failed to load resource: net::ERR_CONNECTION_REFUSED @ http://localhost:3100/:0
[ 3297040ms] [ERROR] Failed to load resource: net::ERR_CONNECTION_REFUSED @ http://localhost:3100/:0
[ 3298045ms] [ERROR] Failed to load resource: net::ERR_CONNECTION_REFUSED @ http://localhost:3100/:0
[ 3299051ms] [ERROR] Failed to load resource: net::ERR_CONNECTION_REFUSED @ http://localhost:3100/:0
[ 3300055ms] [ERROR] Failed to load resource: net::ERR_CONNECTION_REFUSED @ http://localhost:3100/:0
[ 3301061ms] [ERROR] Failed to load resource: net::ERR_CONNECTION_REFUSED @ http://localhost:3100/:0
[ 3302065ms] [ERROR] Failed to load resource: net::ERR_CONNECTION_REFUSED @ http://localhost:3100/:0
[ 3303071ms] [ERROR] Failed to load resource: net::ERR_CONNECTION_REFUSED @ http://localhost:3100/:0
[ 3304074ms] [ERROR] Failed to load resource: net::ERR_CONNECTION_REFUSED @ http://localhost:3100/:0
[ 3305140ms] [ERROR] Failed to load resource: net::ERR_CONNECTION_REFUSED @ http://localhost:3100/:0
[ 3306146ms] [ERROR] Failed to load resource: net::ERR_CONNECTION_REFUSED @ http://localhost:3100/:0
[ 3307154ms] [ERROR] Failed to load resource: net::ERR_CONNECTION_REFUSED @ http://localhost:3100/:0
[ 3308159ms] [ERROR] Failed to load resource: net::ERR_CONNECTION_REFUSED @ http://localhost:3100/:0
[ 3309162ms] [ERROR] Failed to load resource: net::ERR_CONNECTION_REFUSED @ http://localhost:3100/:0
[ 3310166ms] [ERROR] Failed to load resource: net::ERR_CONNECTION_REFUSED @ http://localhost:3100/:0
[ 3311170ms] [ERROR] Failed to load resource: net::ERR_CONNECTION_REFUSED @ http://localhost:3100/:0
[ 3312174ms] [ERROR] Failed to load resource: net::ERR_CONNECTION_REFUSED @ http://localhost:3100/:0
[ 3313178ms] [ERROR] Failed to load resource: net::ERR_CONNECTION_REFUSED @ http://localhost:3100/:0
[ 3314183ms] [ERROR] Failed to load resource: net::ERR_CONNECTION_REFUSED @ http://localhost:3100/:0
[ 3315186ms] [ERROR] Failed to load resource: net::ERR_CONNECTION_REFUSED @ http://localhost:3100/:0
[ 3316189ms] [ERROR] Failed to load resource: net::ERR_CONNECTION_REFUSED @ http://localhost:3100/:0
[ 3317192ms] [ERROR] Failed to load resource: net::ERR_CONNECTION_REFUSED @ http://localhost:3100/:0
[ 3318195ms] [ERROR] Failed to load resource: net::ERR_CONNECTION_REFUSED @ http://localhost:3100/:0
[ 3319199ms] [ERROR] Failed to load resource: net::ERR_CONNECTION_REFUSED @ http://localhost:3100/:0
[ 3320202ms] [ERROR] Failed to load resource: net::ERR_CONNECTION_REFUSED @ http://localhost:3100/:0
[ 3321207ms] [ERROR] Failed to load resource: net::ERR_CONNECTION_REFUSED @ http://localhost:3100/:0
[ 3322214ms] [ERROR] Failed to load resource: net::ERR_CONNECTION_REFUSED @ http://localhost:3100/:0
[ 3323218ms] [ERROR] Failed to load resource: net::ERR_CONNECTION_REFUSED @ http://localhost:3100/:0
[ 3324223ms] [ERROR] Failed to load resource: net::ERR_CONNECTION_REFUSED @ http://localhost:3100/:0
[ 3325226ms] [ERROR] Failed to load resource: net::ERR_CONNECTION_REFUSED @ http://localhost:3100/:0
[ 3326230ms] [ERROR] Failed to load resource: net::ERR_CONNECTION_REFUSED @ http://localhost:3100/:0
[ 3327234ms] [ERROR] Failed to load resource: net::ERR_CONNECTION_REFUSED @ http://localhost:3100/:0
[ 3328239ms] [ERROR] Failed to load resource: net::ERR_CONNECTION_REFUSED @ http://localhost:3100/:0
[ 3329245ms] [ERROR] Failed to load resource: net::ERR_CONNECTION_REFUSED @ http://localhost:3100/:0
[ 3330248ms] [ERROR] Failed to load resource: net::ERR_CONNECTION_REFUSED @ http://localhost:3100/:0
[ 3331253ms] [ERROR] Failed to load resource: net::ERR_CONNECTION_REFUSED @ http://localhost:3100/:0
[ 3332259ms] [ERROR] Failed to load resource: net::ERR_CONNECTION_REFUSED @ http://localhost:3100/:0
[ 3333264ms] [ERROR] Failed to load resource: net::ERR_CONNECTION_REFUSED @ http://localhost:3100/:0
[ 3334270ms] [ERROR] Failed to load resource: net::ERR_CONNECTION_REFUSED @ http://localhost:3100/:0
[ 3335276ms] [ERROR] Failed to load resource: net::ERR_CONNECTION_REFUSED @ http://localhost:3100/:0
[ 3336280ms] [ERROR] Failed to load resource: net::ERR_CONNECTION_REFUSED @ http://localhost:3100/:0
[ 3337284ms] [ERROR] Failed to load resource: net::ERR_CONNECTION_REFUSED @ http://localhost:3100/:0
[ 3338289ms] [ERROR] Failed to load resource: net::ERR_CONNECTION_REFUSED @ http://localhost:3100/:0
[ 3339292ms] [ERROR] Failed to load resource: net::ERR_CONNECTION_REFUSED @ http://localhost:3100/:0
[ 3340296ms] [ERROR] Failed to load resource: net::ERR_CONNECTION_REFUSED @ http://localhost:3100/:0
[ 3341302ms] [ERROR] Failed to load resource: net::ERR_CONNECTION_REFUSED @ http://localhost:3100/:0
[ 3342305ms] [ERROR] Failed to load resource: net::ERR_CONNECTION_REFUSED @ http://localhost:3100/:0
[ 3343308ms] [ERROR] Failed to load resource: net::ERR_CONNECTION_REFUSED @ http://localhost:3100/:0
[ 3344314ms] [ERROR] Failed to load resource: net::ERR_CONNECTION_REFUSED @ http://localhost:3100/:0
[ 3345321ms] [ERROR] Failed to load resource: net::ERR_CONNECTION_REFUSED @ http://localhost:3100/:0
[ 3346326ms] [ERROR] Failed to load resource: net::ERR_CONNECTION_REFUSED @ http://localhost:3100/:0
[ 3347330ms] [ERROR] Failed to load resource: net::ERR_CONNECTION_REFUSED @ http://localhost:3100/:0
[ 3348334ms] [ERROR] Failed to load resource: net::ERR_CONNECTION_REFUSED @ http://localhost:3100/:0
[ 3349340ms] [ERROR] Failed to load resource: net::ERR_CONNECTION_REFUSED @ http://localhost:3100/:0
[ 3350347ms] [ERROR] Failed to load resource: net::ERR_CONNECTION_REFUSED @ http://localhost:3100/:0
[ 3351351ms] [ERROR] Failed to load resource: net::ERR_CONNECTION_REFUSED @ http://localhost:3100/:0
[ 3352356ms] [ERROR] Failed to load resource: net::ERR_CONNECTION_REFUSED @ http://localhost:3100/:0
[ 3353360ms] [ERROR] Failed to load resource: net::ERR_CONNECTION_REFUSED @ http://localhost:3100/:0
[ 3354365ms] [ERROR] Failed to load resource: net::ERR_CONNECTION_REFUSED @ http://localhost:3100/:0
[ 3355370ms] [ERROR] Failed to load resource: net::ERR_CONNECTION_REFUSED @ http://localhost:3100/:0
[ 3356374ms] [ERROR] Failed to load resource: net::ERR_CONNECTION_REFUSED @ http://localhost:3100/:0
[ 3357381ms] [ERROR] Failed to load resource: net::ERR_CONNECTION_REFUSED @ http://localhost:3100/:0
[ 3358386ms] [ERROR] Failed to load resource: net::ERR_CONNECTION_REFUSED @ http://localhost:3100/:0
[ 3359392ms] [ERROR] Failed to load resource: net::ERR_CONNECTION_REFUSED @ http://localhost:3100/:0
[ 3360396ms] [ERROR] Failed to load resource: net::ERR_CONNECTION_REFUSED @ http://localhost:3100/:0
[ 3361399ms] [ERROR] Failed to load resource: net::ERR_CONNECTION_REFUSED @ http://localhost:3100/:0
[ 3362404ms] [ERROR] Failed to load resource: net::ERR_CONNECTION_REFUSED @ http://localhost:3100/:0
[ 3363409ms] [ERROR] Failed to load resource: net::ERR_CONNECTION_REFUSED @ http://localhost:3100/:0
[ 3364413ms] [ERROR] Failed to load resource: net::ERR_CONNECTION_REFUSED @ http://localhost:3100/:0
[ 3365417ms] [ERROR] Failed to load resource: net::ERR_CONNECTION_REFUSED @ http://localhost:3100/:0
[ 3366423ms] [ERROR] Failed to load resource: net::ERR_CONNECTION_REFUSED @ http://localhost:3100/:0
[ 3367429ms] [ERROR] Failed to load resource: net::ERR_CONNECTION_REFUSED @ http://localhost:3100/:0
[ 3368433ms] [ERROR] Failed to load resource: net::ERR_CONNECTION_REFUSED @ http://localhost:3100/:0
[ 3369438ms] [ERROR] Failed to load resource: net::ERR_CONNECTION_REFUSED @ http://localhost:3100/:0
[ 3370445ms] [ERROR] Failed to load resource: net::ERR_CONNECTION_REFUSED @ http://localhost:3100/:0
[ 3371448ms] [ERROR] Failed to load resource: net::ERR_CONNECTION_REFUSED @ http://localhost:3100/:0
[ 3372451ms] [ERROR] Failed to load resource: net::ERR_CONNECTION_REFUSED @ http://localhost:3100/:0
[ 3373455ms] [ERROR] Failed to load resource: net::ERR_CONNECTION_REFUSED @ http://localhost:3100/:0
[ 3374458ms] [ERROR] Failed to load resource: net::ERR_CONNECTION_REFUSED @ http://localhost:3100/:0
[ 3375462ms] [ERROR] Failed to load resource: net::ERR_CONNECTION_REFUSED @ http://localhost:3100/:0
[ 3376465ms] [ERROR] Failed to load resource: net::ERR_CONNECTION_REFUSED @ http://localhost:3100/:0
[ 3377471ms] [ERROR] Failed to load resource: net::ERR_CONNECTION_REFUSED @ http://localhost:3100/:0
[ 3378476ms] [ERROR] Failed to load resource: net::ERR_CONNECTION_REFUSED @ http://localhost:3100/:0
[ 3379479ms] [ERROR] Failed to load resource: net::ERR_CONNECTION_REFUSED @ http://localhost:3100/:0
[ 3380484ms] [ERROR] Failed to load resource: net::ERR_CONNECTION_REFUSED @ http://localhost:3100/:0
[ 3381487ms] [ERROR] Failed to load resource: net::ERR_CONNECTION_REFUSED @ http://localhost:3100/:0
[ 3382493ms] [ERROR] Failed to load resource: net::ERR_CONNECTION_REFUSED @ http://localhost:3100/:0
[ 3383498ms] [ERROR] Failed to load resource: net::ERR_CONNECTION_REFUSED @ http://localhost:3100/:0
[ 3384501ms] [ERROR] Failed to load resource: net::ERR_CONNECTION_REFUSED @ http://localhost:3100/:0
[ 3385506ms] [ERROR] Failed to load resource: net::ERR_CONNECTION_REFUSED @ http://localhost:3100/:0
[ 3386509ms] [ERROR] Failed to load resource: net::ERR_CONNECTION_REFUSED @ http://localhost:3100/:0
[ 3387516ms] [ERROR] Failed to load resource: net::ERR_CONNECTION_REFUSED @ http://localhost:3100/:0
[ 3388519ms] [ERROR] Failed to load resource: net::ERR_CONNECTION_REFUSED @ http://localhost:3100/:0
[ 3389525ms] [ERROR] Failed to load resource: net::ERR_CONNECTION_REFUSED @ http://localhost:3100/:0
[ 3390530ms] [ERROR] Failed to load resource: net::ERR_CONNECTION_REFUSED @ http://localhost:3100/:0
[ 3391532ms] [ERROR] Failed to load resource: net::ERR_CONNECTION_REFUSED @ http://localhost:3100/:0
[ 3392535ms] [ERROR] Failed to load resource: net::ERR_CONNECTION_REFUSED @ http://localhost:3100/:0
[ 3393539ms] [ERROR] Failed to load resource: net::ERR_CONNECTION_REFUSED @ http://localhost:3100/:0
[ 3394543ms] [ERROR] Failed to load resource: net::ERR_CONNECTION_REFUSED @ http://localhost:3100/:0
[ 3395547ms] [ERROR] Failed to load resource: net::ERR_CONNECTION_REFUSED @ http://localhost:3100/:0
[ 3396551ms] [ERROR] Failed to load resource: net::ERR_CONNECTION_REFUSED @ http://localhost:3100/:0
[ 3397556ms] [ERROR] Failed to load resource: net::ERR_CONNECTION_REFUSED @ http://localhost:3100/:0
[ 3398561ms] [ERROR] Failed to load resource: net::ERR_CONNECTION_REFUSED @ http://localhost:3100/:0
[ 3399565ms] [ERROR] Failed to load resource: net::ERR_CONNECTION_REFUSED @ http://localhost:3100/:0
[ 3400572ms] [ERROR] Failed to load resource: net::ERR_CONNECTION_REFUSED @ http://localhost:3100/:0
[ 3401582ms] [ERROR] Failed to load resource: net::ERR_CONNECTION_REFUSED @ http://localhost:3100/:0
[ 3402587ms] [ERROR] Failed to load resource: net::ERR_CONNECTION_REFUSED @ http://localhost:3100/:0
[ 3403596ms] [ERROR] Failed to load resource: net::ERR_CONNECTION_REFUSED @ http://localhost:3100/:0
[ 3404601ms] [ERROR] Failed to load resource: net::ERR_CONNECTION_REFUSED @ http://localhost:3100/:0
[ 3405609ms] [ERROR] Failed to load resource: net::ERR_CONNECTION_REFUSED @ http://localhost:3100/:0
[ 3406614ms] [ERROR] Failed to load resource: net::ERR_CONNECTION_REFUSED @ http://localhost:3100/:0
[ 3407621ms] [ERROR] Failed to load resource: net::ERR_CONNECTION_REFUSED @ http://localhost:3100/:0
[ 3408627ms] [ERROR] Failed to load resource: net::ERR_CONNECTION_REFUSED @ http://localhost:3100/:0
[ 3409631ms] [ERROR] Failed to load resource: net::ERR_CONNECTION_REFUSED @ http://localhost:3100/:0
[ 3410637ms] [ERROR] Failed to load resource: net::ERR_CONNECTION_REFUSED @ http://localhost:3100/:0
[ 3411643ms] [ERROR] Failed to load resource: net::ERR_CONNECTION_REFUSED @ http://localhost:3100/:0
[ 3412649ms] [ERROR] Failed to load resource: net::ERR_CONNECTION_REFUSED @ http://localhost:3100/:0
[ 3413653ms] [ERROR] Failed to load resource: net::ERR_CONNECTION_REFUSED @ http://localhost:3100/:0
[ 3414658ms] [ERROR] Failed to load resource: net::ERR_CONNECTION_REFUSED @ http://localhost:3100/:0
[ 3415662ms] [ERROR] Failed to load resource: net::ERR_CONNECTION_REFUSED @ http://localhost:3100/:0
[ 3416665ms] [ERROR] Failed to load resource: net::ERR_CONNECTION_REFUSED @ http://localhost:3100/:0
[ 3417669ms] [ERROR] Failed to load resource: net::ERR_CONNECTION_REFUSED @ http://localhost:3100/:0
[ 3418677ms] [ERROR] Failed to load resource: net::ERR_CONNECTION_REFUSED @ http://localhost:3100/:0
[ 3419682ms] [ERROR] Failed to load resource: net::ERR_CONNECTION_REFUSED @ http://localhost:3100/:0
[ 3420687ms] [ERROR] Failed to load resource: net::ERR_CONNECTION_REFUSED @ http://localhost:3100/:0
[ 3421691ms] [ERROR] Failed to load resource: net::ERR_CONNECTION_REFUSED @ http://localhost:3100/:0
[ 3422695ms] [ERROR] Failed to load resource: net::ERR_CONNECTION_REFUSED @ http://localhost:3100/:0
[ 3423698ms] [ERROR] Failed to load resource: net::ERR_CONNECTION_REFUSED @ http://localhost:3100/:0
[ 3424703ms] [ERROR] Failed to load resource: net::ERR_CONNECTION_REFUSED @ http://localhost:3100/:0
[ 3425734ms] [ERROR] Failed to load resource: net::ERR_CONNECTION_REFUSED @ http://localhost:3100/:0
[ 3426739ms] [ERROR] Failed to load resource: net::ERR_CONNECTION_REFUSED @ http://localhost:3100/:0
[ 3427745ms] [ERROR] Failed to load resource: net::ERR_CONNECTION_REFUSED @ http://localhost:3100/:0
[ 3428749ms] [ERROR] Failed to load resource: net::ERR_CONNECTION_REFUSED @ http://localhost:3100/:0
[ 3429754ms] [ERROR] Failed to load resource: net::ERR_CONNECTION_REFUSED @ http://localhost:3100/:0
[ 3430759ms] [ERROR] Failed to load resource: net::ERR_CONNECTION_REFUSED @ http://localhost:3100/:0
[ 3431762ms] [ERROR] Failed to load resource: net::ERR_CONNECTION_REFUSED @ http://localhost:3100/:0
[ 3432765ms] [ERROR] Failed to load resource: net::ERR_CONNECTION_REFUSED @ http://localhost:3100/:0
[ 3433769ms] [ERROR] Failed to load resource: net::ERR_CONNECTION_REFUSED @ http://localhost:3100/:0
[ 3434773ms] [ERROR] Failed to load resource: net::ERR_CONNECTION_REFUSED @ http://localhost:3100/:0
[ 3435777ms] [ERROR] Failed to load resource: net::ERR_CONNECTION_REFUSED @ http://localhost:3100/:0
[ 3436782ms] [ERROR] Failed to load resource: net::ERR_CONNECTION_REFUSED @ http://localhost:3100/:0
[ 3437784ms] [ERROR] Failed to load resource: net::ERR_CONNECTION_REFUSED @ http://localhost:3100/:0
[ 3438789ms] [ERROR] Failed to load resource: net::ERR_CONNECTION_REFUSED @ http://localhost:3100/:0
[ 3439795ms] [ERROR] Failed to load resource: net::ERR_CONNECTION_REFUSED @ http://localhost:3100/:0
[ 3440801ms] [ERROR] Failed to load resource: net::ERR_CONNECTION_REFUSED @ http://localhost:3100/:0
[ 3441804ms] [ERROR] Failed to load resource: net::ERR_CONNECTION_REFUSED @ http://localhost:3100/:0
[ 3442811ms] [ERROR] Failed to load resource: net::ERR_CONNECTION_REFUSED @ http://localhost:3100/:0
[ 3443815ms] [ERROR] Failed to load resource: net::ERR_CONNECTION_REFUSED @ http://localhost:3100/:0
[ 3444819ms] [ERROR] Failed to load resource: net::ERR_CONNECTION_REFUSED @ http://localhost:3100/:0
[ 3445824ms] [ERROR] Failed to load resource: net::ERR_CONNECTION_REFUSED @ http://localhost:3100/:0
[ 3446834ms] [ERROR] Failed to load resource: net::ERR_CONNECTION_REFUSED @ http://localhost:3100/:0
[ 3447838ms] [ERROR] Failed to load resource: net::ERR_CONNECTION_REFUSED @ http://localhost:3100/:0
[ 3448843ms] [ERROR] Failed to load resource: net::ERR_CONNECTION_REFUSED @ http://localhost:3100/:0
[ 3449846ms] [ERROR] Failed to load resource: net::ERR_CONNECTION_REFUSED @ http://localhost:3100/:0
[ 3450851ms] [ERROR] Failed to load resource: net::ERR_CONNECTION_REFUSED @ http://localhost:3100/:0
[ 3451856ms] [ERROR] Failed to load resource: net::ERR_CONNECTION_REFUSED @ http://localhost:3100/:0
[ 3452859ms] [ERROR] Failed to load resource: net::ERR_CONNECTION_REFUSED @ http://localhost:3100/:0
[ 3453863ms] [ERROR] Failed to load resource: net::ERR_CONNECTION_REFUSED @ http://localhost:3100/:0
[ 3454868ms] [ERROR] Failed to load resource: net::ERR_CONNECTION_REFUSED @ http://localhost:3100/:0
[ 3455873ms] [ERROR] Failed to load resource: net::ERR_CONNECTION_REFUSED @ http://localhost:3100/:0
[ 3456877ms] [ERROR] Failed to load resource: net::ERR_CONNECTION_REFUSED @ http://localhost:3100/:0
[ 3457882ms] [ERROR] Failed to load resource: net::ERR_CONNECTION_REFUSED @ http://localhost:3100/:0
[ 3458887ms] [ERROR] Failed to load resource: net::ERR_CONNECTION_REFUSED @ http://localhost:3100/:0
[ 3459892ms] [ERROR] Failed to load resource: net::ERR_CONNECTION_REFUSED @ http://localhost:3100/:0
[ 3460895ms] [ERROR] Failed to load resource: net::ERR_CONNECTION_REFUSED @ http://localhost:3100/:0
[ 3461900ms] [ERROR] Failed to load resource: net::ERR_CONNECTION_REFUSED @ http://localhost:3100/:0
[ 3462904ms] [ERROR] Failed to load resource: net::ERR_CONNECTION_REFUSED @ http://localhost:3100/:0
[ 3463908ms] [ERROR] Failed to load resource: net::ERR_CONNECTION_REFUSED @ http://localhost:3100/:0
[ 3464914ms] [ERROR] Failed to load resource: net::ERR_CONNECTION_REFUSED @ http://localhost:3100/:0
[ 3465920ms] [ERROR] Failed to load resource: net::ERR_CONNECTION_REFUSED @ http://localhost:3100/:0
[ 3466925ms] [ERROR] Failed to load resource: net::ERR_CONNECTION_REFUSED @ http://localhost:3100/:0
[ 3467928ms] [ERROR] Failed to load resource: net::ERR_CONNECTION_REFUSED @ http://localhost:3100/:0
[ 3468933ms] [ERROR] Failed to load resource: net::ERR_CONNECTION_REFUSED @ http://localhost:3100/:0
[ 3469936ms] [ERROR] Failed to load resource: net::ERR_CONNECTION_REFUSED @ http://localhost:3100/:0
[ 3470941ms] [ERROR] Failed to load resource: net::ERR_CONNECTION_REFUSED @ http://localhost:3100/:0
[ 3471951ms] [ERROR] Failed to load resource: net::ERR_CONNECTION_REFUSED @ http://localhost:3100/:0
[ 3472957ms] [ERROR] Failed to load resource: net::ERR_CONNECTION_REFUSED @ http://localhost:3100/:0
[ 3473964ms] [ERROR] Failed to load resource: net::ERR_CONNECTION_REFUSED @ http://localhost:3100/:0
[ 3474969ms] [ERROR] Failed to load resource: net::ERR_CONNECTION_REFUSED @ http://localhost:3100/:0
[ 3475973ms] [ERROR] Failed to load resource: net::ERR_CONNECTION_REFUSED @ http://localhost:3100/:0
[ 3476977ms] [ERROR] Failed to load resource: net::ERR_CONNECTION_REFUSED @ http://localhost:3100/:0
[ 3477982ms] [ERROR] Failed to load resource: net::ERR_CONNECTION_REFUSED @ http://localhost:3100/:0
[ 3478985ms] [ERROR] Failed to load resource: net::ERR_CONNECTION_REFUSED @ http://localhost:3100/:0
[ 3479992ms] [ERROR] Failed to load resource: net::ERR_CONNECTION_REFUSED @ http://localhost:3100/:0
[ 3480995ms] [ERROR] Failed to load resource: net::ERR_CONNECTION_REFUSED @ http://localhost:3100/:0
[ 3482003ms] [ERROR] Failed to load resource: net::ERR_CONNECTION_REFUSED @ http://localhost:3100/:0
[ 3483008ms] [ERROR] Failed to load resource: net::ERR_CONNECTION_REFUSED @ http://localhost:3100/:0
[ 3484013ms] [ERROR] Failed to load resource: net::ERR_CONNECTION_REFUSED @ http://localhost:3100/:0
[ 3485019ms] [ERROR] Failed to load resource: net::ERR_CONNECTION_REFUSED @ http://localhost:3100/:0
[ 3486025ms] [ERROR] Failed to load resource: net::ERR_CONNECTION_REFUSED @ http://localhost:3100/:0
[ 3487028ms] [ERROR] Failed to load resource: net::ERR_CONNECTION_REFUSED @ http://localhost:3100/:0
[ 3488031ms] [ERROR] Failed to load resource: net::ERR_CONNECTION_REFUSED @ http://localhost:3100/:0
[ 3489037ms] [ERROR] Failed to load resource: net::ERR_CONNECTION_REFUSED @ http://localhost:3100/:0
[ 3490041ms] [ERROR] Failed to load resource: net::ERR_CONNECTION_REFUSED @ http://localhost:3100/:0
[ 3491046ms] [ERROR] Failed to load resource: net::ERR_CONNECTION_REFUSED @ http://localhost:3100/:0
[ 3492050ms] [ERROR] Failed to load resource: net::ERR_CONNECTION_REFUSED @ http://localhost:3100/:0
[ 3493054ms] [ERROR] Failed to load resource: net::ERR_CONNECTION_REFUSED @ http://localhost:3100/:0
[ 3494057ms] [ERROR] Failed to load resource: net::ERR_CONNECTION_REFUSED @ http://localhost:3100/:0
[ 3495060ms] [ERROR] Failed to load resource: net::ERR_CONNECTION_REFUSED @ http://localhost:3100/:0
[ 3496064ms] [ERROR] Failed to load resource: net::ERR_CONNECTION_REFUSED @ http://localhost:3100/:0
[ 3497070ms] [ERROR] Failed to load resource: net::ERR_CONNECTION_REFUSED @ http://localhost:3100/:0
[ 3498073ms] [ERROR] Failed to load resource: net::ERR_CONNECTION_REFUSED @ http://localhost:3100/:0
[ 3499078ms] [ERROR] Failed to load resource: net::ERR_CONNECTION_REFUSED @ http://localhost:3100/:0
[ 3500082ms] [ERROR] Failed to load resource: net::ERR_CONNECTION_REFUSED @ http://localhost:3100/:0
[ 3501085ms] [ERROR] Failed to load resource: net::ERR_CONNECTION_REFUSED @ http://localhost:3100/:0
[ 3502087ms] [ERROR] Failed to load resource: net::ERR_CONNECTION_REFUSED @ http://localhost:3100/:0
[ 3503095ms] [ERROR] Failed to load resource: net::ERR_CONNECTION_REFUSED @ http://localhost:3100/:0
[ 3504100ms] [ERROR] Failed to load resource: net::ERR_CONNECTION_REFUSED @ http://localhost:3100/:0
[ 3505104ms] [ERROR] Failed to load resource: net::ERR_CONNECTION_REFUSED @ http://localhost:3100/:0
[ 3506110ms] [ERROR] Failed to load resource: net::ERR_CONNECTION_REFUSED @ http://localhost:3100/:0
[ 3507116ms] [ERROR] Failed to load resource: net::ERR_CONNECTION_REFUSED @ http://localhost:3100/:0
[ 3508120ms] [ERROR] Failed to load resource: net::ERR_CONNECTION_REFUSED @ http://localhost:3100/:0
[ 3509125ms] [ERROR] Failed to load resource: net::ERR_CONNECTION_REFUSED @ http://localhost:3100/:0
[ 3510129ms] [ERROR] Failed to load resource: net::ERR_CONNECTION_REFUSED @ http://localhost:3100/:0
[ 3511132ms] [ERROR] Failed to load resource: net::ERR_CONNECTION_REFUSED @ http://localhost:3100/:0
[ 3512137ms] [ERROR] Failed to load resource: net::ERR_CONNECTION_REFUSED @ http://localhost:3100/:0
[ 3513141ms] [ERROR] Failed to load resource: net::ERR_CONNECTION_REFUSED @ http://localhost:3100/:0
[ 3514145ms] [ERROR] Failed to load resource: net::ERR_CONNECTION_REFUSED @ http://localhost:3100/:0
[ 3515148ms] [ERROR] Failed to load resource: net::ERR_CONNECTION_REFUSED @ http://localhost:3100/:0
[ 3516152ms] [ERROR] Failed to load resource: net::ERR_CONNECTION_REFUSED @ http://localhost:3100/:0
[ 3517154ms] [ERROR] Failed to load resource: net::ERR_CONNECTION_REFUSED @ http://localhost:3100/:0
[ 3518157ms] [ERROR] Failed to load resource: net::ERR_CONNECTION_REFUSED @ http://localhost:3100/:0
[ 3519162ms] [ERROR] Failed to load resource: net::ERR_CONNECTION_REFUSED @ http://localhost:3100/:0
[ 3520169ms] [ERROR] Failed to load resource: net::ERR_CONNECTION_REFUSED @ http://localhost:3100/:0
[ 3521174ms] [ERROR] Failed to load resource: net::ERR_CONNECTION_REFUSED @ http://localhost:3100/:0
[ 3522182ms] [ERROR] Failed to load resource: net::ERR_CONNECTION_REFUSED @ http://localhost:3100/:0
[ 3523187ms] [ERROR] Failed to load resource: net::ERR_CONNECTION_REFUSED @ http://localhost:3100/:0
[ 3524194ms] [ERROR] Failed to load resource: net::ERR_CONNECTION_REFUSED @ http://localhost:3100/:0
[ 3525200ms] [ERROR] Failed to load resource: net::ERR_CONNECTION_REFUSED @ http://localhost:3100/:0
[ 3526203ms] [ERROR] Failed to load resource: net::ERR_CONNECTION_REFUSED @ http://localhost:3100/:0
[ 3527209ms] [ERROR] Failed to load resource: net::ERR_CONNECTION_REFUSED @ http://localhost:3100/:0
[ 3528216ms] [ERROR] Failed to load resource: net::ERR_CONNECTION_REFUSED @ http://localhost:3100/:0
[ 3529221ms] [ERROR] Failed to load resource: net::ERR_CONNECTION_REFUSED @ http://localhost:3100/:0
[ 3530226ms] [ERROR] Failed to load resource: net::ERR_CONNECTION_REFUSED @ http://localhost:3100/:0
[ 3531231ms] [ERROR] Failed to load resource: net::ERR_CONNECTION_REFUSED @ http://localhost:3100/:0
[ 3532235ms] [ERROR] Failed to load resource: net::ERR_CONNECTION_REFUSED @ http://localhost:3100/:0
[ 3533240ms] [ERROR] Failed to load resource: net::ERR_CONNECTION_REFUSED @ http://localhost:3100/:0
[ 3534244ms] [ERROR] Failed to load resource: net::ERR_CONNECTION_REFUSED @ http://localhost:3100/:0
[ 3535250ms] [ERROR] Failed to load resource: net::ERR_CONNECTION_REFUSED @ http://localhost:3100/:0
[ 3536253ms] [ERROR] Failed to load resource: net::ERR_CONNECTION_REFUSED @ http://localhost:3100/:0
[ 3537258ms] [ERROR] Failed to load resource: net::ERR_CONNECTION_REFUSED @ http://localhost:3100/:0
[ 3538263ms] [ERROR] Failed to load resource: net::ERR_CONNECTION_REFUSED @ http://localhost:3100/:0
[ 3539269ms] [ERROR] Failed to load resource: net::ERR_CONNECTION_REFUSED @ http://localhost:3100/:0
[ 3540275ms] [ERROR] Failed to load resource: net::ERR_CONNECTION_REFUSED @ http://localhost:3100/:0
[ 3541279ms] [ERROR] Failed to load resource: net::ERR_CONNECTION_REFUSED @ http://localhost:3100/:0
[ 3542288ms] [ERROR] Failed to load resource: net::ERR_CONNECTION_REFUSED @ http://localhost:3100/:0
[ 3543292ms] [ERROR] Failed to load resource: net::ERR_CONNECTION_REFUSED @ http://localhost:3100/:0
[ 3544296ms] [ERROR] Failed to load resource: net::ERR_CONNECTION_REFUSED @ http://localhost:3100/:0
[ 3545302ms] [ERROR] Failed to load resource: net::ERR_CONNECTION_REFUSED @ http://localhost:3100/:0
[ 3546306ms] [ERROR] Failed to load resource: net::ERR_CONNECTION_REFUSED @ http://localhost:3100/:0
[ 3547314ms] [ERROR] Failed to load resource: net::ERR_CONNECTION_REFUSED @ http://localhost:3100/:0
[ 3548319ms] [ERROR] Failed to load resource: net::ERR_CONNECTION_REFUSED @ http://localhost:3100/:0
[ 3549323ms] [ERROR] Failed to load resource: net::ERR_CONNECTION_REFUSED @ http://localhost:3100/:0
[ 3550329ms] [ERROR] Failed to load resource: net::ERR_CONNECTION_REFUSED @ http://localhost:3100/:0
[ 3551333ms] [ERROR] Failed to load resource: net::ERR_CONNECTION_REFUSED @ http://localhost:3100/:0
[ 3552337ms] [ERROR] Failed to load resource: net::ERR_CONNECTION_REFUSED @ http://localhost:3100/:0
[ 3553340ms] [ERROR] Failed to load resource: net::ERR_CONNECTION_REFUSED @ http://localhost:3100/:0
[ 3554345ms] [ERROR] Failed to load resource: net::ERR_CONNECTION_REFUSED @ http://localhost:3100/:0
[ 3555352ms] [ERROR] Failed to load resource: net::ERR_CONNECTION_REFUSED @ http://localhost:3100/:0
[ 3556357ms] [ERROR] Failed to load resource: net::ERR_CONNECTION_REFUSED @ http://localhost:3100/:0
[ 3557360ms] [ERROR] Failed to load resource: net::ERR_CONNECTION_REFUSED @ http://localhost:3100/:0
[ 3558368ms] [ERROR] Failed to load resource: net::ERR_CONNECTION_REFUSED @ http://localhost:3100/:0
[ 3559371ms] [ERROR] Failed to load resource: net::ERR_CONNECTION_REFUSED @ http://localhost:3100/:0
[ 3560376ms] [ERROR] Failed to load resource: net::ERR_CONNECTION_REFUSED @ http://localhost:3100/:0
[ 3561382ms] [ERROR] Failed to load resource: net::ERR_CONNECTION_REFUSED @ http://localhost:3100/:0
[ 3562386ms] [ERROR] Failed to load resource: net::ERR_CONNECTION_REFUSED @ http://localhost:3100/:0
[ 3563389ms] [ERROR] Failed to load resource: net::ERR_CONNECTION_REFUSED @ http://localhost:3100/:0
[ 3564393ms] [ERROR] Failed to load resource: net::ERR_CONNECTION_REFUSED @ http://localhost:3100/:0
[ 3565396ms] [ERROR] Failed to load resource: net::ERR_CONNECTION_REFUSED @ http://localhost:3100/:0
[ 3566399ms] [ERROR] Failed to load resource: net::ERR_CONNECTION_REFUSED @ http://localhost:3100/:0
[ 3567403ms] [ERROR] Failed to load resource: net::ERR_CONNECTION_REFUSED @ http://localhost:3100/:0
[ 3568408ms] [ERROR] Failed to load resource: net::ERR_CONNECTION_REFUSED @ http://localhost:3100/:0
[ 3569413ms] [ERROR] Failed to load resource: net::ERR_CONNECTION_REFUSED @ http://localhost:3100/:0
[ 3570416ms] [ERROR] Failed to load resource: net::ERR_CONNECTION_REFUSED @ http://localhost:3100/:0
[ 3571422ms] [ERROR] Failed to load resource: net::ERR_CONNECTION_REFUSED @ http://localhost:3100/:0
[ 3572427ms] [ERROR] Failed to load resource: net::ERR_CONNECTION_REFUSED @ http://localhost:3100/:0
[ 3573431ms] [ERROR] Failed to load resource: net::ERR_CONNECTION_REFUSED @ http://localhost:3100/:0
[ 3574440ms] [ERROR] Failed to load resource: net::ERR_CONNECTION_REFUSED @ http://localhost:3100/:0
[ 3575445ms] [ERROR] Failed to load resource: net::ERR_CONNECTION_REFUSED @ http://localhost:3100/:0
[ 3576449ms] [ERROR] Failed to load resource: net::ERR_CONNECTION_REFUSED @ http://localhost:3100/:0
[ 3577456ms] [ERROR] Failed to load resource: net::ERR_CONNECTION_REFUSED @ http://localhost:3100/:0
[ 3578466ms] [ERROR] Failed to load resource: net::ERR_CONNECTION_REFUSED @ http://localhost:3100/:0
[ 3579471ms] [ERROR] Failed to load resource: net::ERR_CONNECTION_REFUSED @ http://localhost:3100/:0
[ 3580479ms] [ERROR] Failed to load resource: net::ERR_CONNECTION_REFUSED @ http://localhost:3100/:0
[ 3581483ms] [ERROR] Failed to load resource: net::ERR_CONNECTION_REFUSED @ http://localhost:3100/:0
[ 3582486ms] [ERROR] Failed to load resource: net::ERR_CONNECTION_REFUSED @ http://localhost:3100/:0
[ 3583492ms] [ERROR] Failed to load resource: net::ERR_CONNECTION_REFUSED @ http://localhost:3100/:0
[ 3584498ms] [ERROR] Failed to load resource: net::ERR_CONNECTION_REFUSED @ http://localhost:3100/:0
[ 3585502ms] [ERROR] Failed to load resource: net::ERR_CONNECTION_REFUSED @ http://localhost:3100/:0
[ 3586510ms] [ERROR] Failed to load resource: net::ERR_CONNECTION_REFUSED @ http://localhost:3100/:0
[ 3587515ms] [ERROR] Failed to load resource: net::ERR_CONNECTION_REFUSED @ http://localhost:3100/:0
[ 3588520ms] [ERROR] Failed to load resource: net::ERR_CONNECTION_REFUSED @ http://localhost:3100/:0
[ 3589525ms] [ERROR] Failed to load resource: net::ERR_CONNECTION_REFUSED @ http://localhost:3100/:0
[ 3590529ms] [ERROR] Failed to load resource: net::ERR_CONNECTION_REFUSED @ http://localhost:3100/:0
[ 3591535ms] [ERROR] Failed to load resource: net::ERR_CONNECTION_REFUSED @ http://localhost:3100/:0
[ 3592540ms] [ERROR] Failed to load resource: net::ERR_CONNECTION_REFUSED @ http://localhost:3100/:0
[ 3593544ms] [ERROR] Failed to load resource: net::ERR_CONNECTION_REFUSED @ http://localhost:3100/:0
[ 3594548ms] [ERROR] Failed to load resource: net::ERR_CONNECTION_REFUSED @ http://localhost:3100/:0
[ 3595554ms] [ERROR] Failed to load resource: net::ERR_CONNECTION_REFUSED @ http://localhost:3100/:0
[ 3596560ms] [ERROR] Failed to load resource: net::ERR_CONNECTION_REFUSED @ http://localhost:3100/:0
[ 3597566ms] [ERROR] Failed to load resource: net::ERR_CONNECTION_REFUSED @ http://localhost:3100/:0
[ 3598569ms] [ERROR] Failed to load resource: net::ERR_CONNECTION_REFUSED @ http://localhost:3100/:0
[ 3599572ms] [ERROR] Failed to load resource: net::ERR_CONNECTION_REFUSED @ http://localhost:3100/:0
[ 3600576ms] [ERROR] Failed to load resource: net::ERR_CONNECTION_REFUSED @ http://localhost:3100/:0
[ 3601580ms] [ERROR] Failed to load resource: net::ERR_CONNECTION_REFUSED @ http://localhost:3100/:0
[ 3602583ms] [ERROR] Failed to load resource: net::ERR_CONNECTION_REFUSED @ http://localhost:3100/:0
[ 3603589ms] [ERROR] Failed to load resource: net::ERR_CONNECTION_REFUSED @ http://localhost:3100/:0
[ 3604593ms] [ERROR] Failed to load resource: net::ERR_CONNECTION_REFUSED @ http://localhost:3100/:0
[ 3605597ms] [ERROR] Failed to load resource: net::ERR_CONNECTION_REFUSED @ http://localhost:3100/:0
[ 3606601ms] [ERROR] Failed to load resource: net::ERR_CONNECTION_REFUSED @ http://localhost:3100/:0
[ 3607605ms] [ERROR] Failed to load resource: net::ERR_CONNECTION_REFUSED @ http://localhost:3100/:0
[ 3608608ms] [ERROR] Failed to load resource: net::ERR_CONNECTION_REFUSED @ http://localhost:3100/:0
[ 3609613ms] [ERROR] Failed to load resource: net::ERR_CONNECTION_REFUSED @ http://localhost:3100/:0
[ 3610616ms] [ERROR] Failed to load resource: net::ERR_CONNECTION_REFUSED @ http://localhost:3100/:0
[ 3611621ms] [ERROR] Failed to load resource: net::ERR_CONNECTION_REFUSED @ http://localhost:3100/:0
[ 3612624ms] [ERROR] Failed to load resource: net::ERR_CONNECTION_REFUSED @ http://localhost:3100/:0
[ 3613628ms] [ERROR] Failed to load resource: net::ERR_CONNECTION_REFUSED @ http://localhost:3100/:0
[ 3614632ms] [ERROR] Failed to load resource: net::ERR_CONNECTION_REFUSED @ http://localhost:3100/:0
[ 3615637ms] [ERROR] Failed to load resource: net::ERR_CONNECTION_REFUSED @ http://localhost:3100/:0
[ 3616642ms] [ERROR] Failed to load resource: net::ERR_CONNECTION_REFUSED @ http://localhost:3100/:0
[ 3617645ms] [ERROR] Failed to load resource: net::ERR_CONNECTION_REFUSED @ http://localhost:3100/:0
[ 3618652ms] [ERROR] Failed to load resource: net::ERR_CONNECTION_REFUSED @ http://localhost:3100/:0
[ 3619658ms] [ERROR] Failed to load resource: net::ERR_CONNECTION_REFUSED @ http://localhost:3100/:0
[ 3620661ms] [ERROR] Failed to load resource: net::ERR_CONNECTION_REFUSED @ http://localhost:3100/:0
[ 3621666ms] [ERROR] Failed to load resource: net::ERR_CONNECTION_REFUSED @ http://localhost:3100/:0
[ 3622670ms] [ERROR] Failed to load resource: net::ERR_CONNECTION_REFUSED @ http://localhost:3100/:0
[ 3623674ms] [ERROR] Failed to load resource: net::ERR_CONNECTION_REFUSED @ http://localhost:3100/:0
[ 3624679ms] [ERROR] Failed to load resource: net::ERR_CONNECTION_REFUSED @ http://localhost:3100/:0
[ 3625683ms] [ERROR] Failed to load resource: net::ERR_CONNECTION_REFUSED @ http://localhost:3100/:0
[ 3626689ms] [ERROR] Failed to load resource: net::ERR_CONNECTION_REFUSED @ http://localhost:3100/:0
[ 3627693ms] [ERROR] Failed to load resource: net::ERR_CONNECTION_REFUSED @ http://localhost:3100/:0
[ 3628708ms] [ERROR] Failed to load resource: net::ERR_CONNECTION_REFUSED @ http://localhost:3100/:0
[ 3629713ms] [ERROR] Failed to load resource: net::ERR_CONNECTION_REFUSED @ http://localhost:3100/:0
[ 3630719ms] [ERROR] Failed to load resource: net::ERR_CONNECTION_REFUSED @ http://localhost:3100/:0
[ 3631727ms] [ERROR] Failed to load resource: net::ERR_CONNECTION_REFUSED @ http://localhost:3100/:0
[ 3632732ms] [ERROR] Failed to load resource: net::ERR_CONNECTION_REFUSED @ http://localhost:3100/:0
[ 3633739ms] [ERROR] Failed to load resource: net::ERR_CONNECTION_REFUSED @ http://localhost:3100/:0
[ 3634745ms] [ERROR] Failed to load resource: net::ERR_CONNECTION_REFUSED @ http://localhost:3100/:0
[ 3635749ms] [ERROR] Failed to load resource: net::ERR_CONNECTION_REFUSED @ http://localhost:3100/:0
[ 3636753ms] [ERROR] Failed to load resource: net::ERR_CONNECTION_REFUSED @ http://localhost:3100/:0
[ 3637757ms] [ERROR] Failed to load resource: net::ERR_CONNECTION_REFUSED @ http://localhost:3100/:0
[ 3638761ms] [ERROR] Failed to load resource: net::ERR_CONNECTION_REFUSED @ http://localhost:3100/:0
[ 3639765ms] [ERROR] Failed to load resource: net::ERR_CONNECTION_REFUSED @ http://localhost:3100/:0
[ 3640768ms] [ERROR] Failed to load resource: net::ERR_CONNECTION_REFUSED @ http://localhost:3100/:0
[ 3641773ms] [ERROR] Failed to load resource: net::ERR_CONNECTION_REFUSED @ http://localhost:3100/:0
[ 3642780ms] [ERROR] Failed to load resource: net::ERR_CONNECTION_REFUSED @ http://localhost:3100/:0
[ 3643783ms] [ERROR] Failed to load resource: net::ERR_CONNECTION_REFUSED @ http://localhost:3100/:0
[ 3644788ms] [ERROR] Failed to load resource: net::ERR_CONNECTION_REFUSED @ http://localhost:3100/:0
[ 3645792ms] [ERROR] Failed to load resource: net::ERR_CONNECTION_REFUSED @ http://localhost:3100/:0
[ 3646799ms] [ERROR] Failed to load resource: net::ERR_CONNECTION_REFUSED @ http://localhost:3100/:0
[ 3647804ms] [ERROR] Failed to load resource: net::ERR_CONNECTION_REFUSED @ http://localhost:3100/:0
[ 3648809ms] [ERROR] Failed to load resource: net::ERR_CONNECTION_REFUSED @ http://localhost:3100/:0
[ 3649812ms] [ERROR] Failed to load resource: net::ERR_CONNECTION_REFUSED @ http://localhost:3100/:0
[ 3650817ms] [ERROR] Failed to load resource: net::ERR_CONNECTION_REFUSED @ http://localhost:3100/:0
[ 3651821ms] [ERROR] Failed to load resource: net::ERR_CONNECTION_REFUSED @ http://localhost:3100/:0
[ 3652825ms] [ERROR] Failed to load resource: net::ERR_CONNECTION_REFUSED @ http://localhost:3100/:0
[ 3653832ms] [ERROR] Failed to load resource: net::ERR_CONNECTION_REFUSED @ http://localhost:3100/:0
[ 3654836ms] [ERROR] Failed to load resource: net::ERR_CONNECTION_REFUSED @ http://localhost:3100/:0
[ 3655841ms] [ERROR] Failed to load resource: net::ERR_CONNECTION_REFUSED @ http://localhost:3100/:0
[ 3656846ms] [ERROR] Failed to load resource: net::ERR_CONNECTION_REFUSED @ http://localhost:3100/:0
[ 3657849ms] [ERROR] Failed to load resource: net::ERR_CONNECTION_REFUSED @ http://localhost:3100/:0
[ 3658858ms] [ERROR] Failed to load resource: net::ERR_CONNECTION_REFUSED @ http://localhost:3100/:0
[ 3659863ms] [ERROR] Failed to load resource: net::ERR_CONNECTION_REFUSED @ http://localhost:3100/:0
[ 3660866ms] [ERROR] Failed to load resource: net::ERR_CONNECTION_REFUSED @ http://localhost:3100/:0
[ 3661870ms] [ERROR] Failed to load resource: net::ERR_CONNECTION_REFUSED @ http://localhost:3100/:0
[ 3662873ms] [ERROR] Failed to load resource: net::ERR_CONNECTION_REFUSED @ http://localhost:3100/:0
[ 3663877ms] [ERROR] Failed to load resource: net::ERR_CONNECTION_REFUSED @ http://localhost:3100/:0
[ 3664883ms] [ERROR] Failed to load resource: net::ERR_CONNECTION_REFUSED @ http://localhost:3100/:0
[ 3665890ms] [ERROR] Failed to load resource: net::ERR_CONNECTION_REFUSED @ http://localhost:3100/:0
[ 3666893ms] [ERROR] Failed to load resource: net::ERR_CONNECTION_REFUSED @ http://localhost:3100/:0
[ 3667896ms] [ERROR] Failed to load resource: net::ERR_CONNECTION_REFUSED @ http://localhost:3100/:0
[ 3668899ms] [ERROR] Failed to load resource: net::ERR_CONNECTION_REFUSED @ http://localhost:3100/:0
[ 3669906ms] [ERROR] Failed to load resource: net::ERR_CONNECTION_REFUSED @ http://localhost:3100/:0
[ 3670911ms] [ERROR] Failed to load resource: net::ERR_CONNECTION_REFUSED @ http://localhost:3100/:0
[ 3671916ms] [ERROR] Failed to load resource: net::ERR_CONNECTION_REFUSED @ http://localhost:3100/:0
[ 3672920ms] [ERROR] Failed to load resource: net::ERR_CONNECTION_REFUSED @ http://localhost:3100/:0
[ 3673925ms] [ERROR] Failed to load resource: net::ERR_CONNECTION_REFUSED @ http://localhost:3100/:0
[ 3674928ms] [ERROR] Failed to load resource: net::ERR_CONNECTION_REFUSED @ http://localhost:3100/:0
[ 3675936ms] [ERROR] Failed to load resource: net::ERR_CONNECTION_REFUSED @ http://localhost:3100/:0
[ 3676940ms] [ERROR] Failed to load resource: net::ERR_CONNECTION_REFUSED @ http://localhost:3100/:0
[ 3677944ms] [ERROR] Failed to load resource: net::ERR_CONNECTION_REFUSED @ http://localhost:3100/:0
[ 3678949ms] [ERROR] Failed to load resource: net::ERR_CONNECTION_REFUSED @ http://localhost:3100/:0
[ 3679954ms] [ERROR] Failed to load resource: net::ERR_CONNECTION_REFUSED @ http://localhost:3100/:0
[ 3680957ms] [ERROR] Failed to load resource: net::ERR_CONNECTION_REFUSED @ http://localhost:3100/:0
[ 3681961ms] [ERROR] Failed to load resource: net::ERR_CONNECTION_REFUSED @ http://localhost:3100/:0
[ 3682968ms] [ERROR] Failed to load resource: net::ERR_CONNECTION_REFUSED @ http://localhost:3100/:0
[ 3683975ms] [ERROR] Failed to load resource: net::ERR_CONNECTION_REFUSED @ http://localhost:3100/:0
[ 3684980ms] [ERROR] Failed to load resource: net::ERR_CONNECTION_REFUSED @ http://localhost:3100/:0
[ 3685988ms] [ERROR] Failed to load resource: net::ERR_CONNECTION_REFUSED @ http://localhost:3100/:0
[ 3686994ms] [ERROR] Failed to load resource: net::ERR_CONNECTION_REFUSED @ http://localhost:3100/:0
[ 3688001ms] [ERROR] Failed to load resource: net::ERR_CONNECTION_REFUSED @ http://localhost:3100/:0
[ 3689008ms] [ERROR] Failed to load resource: net::ERR_CONNECTION_REFUSED @ http://localhost:3100/:0
[ 3690013ms] [ERROR] Failed to load resource: net::ERR_CONNECTION_REFUSED @ http://localhost:3100/:0
[ 3691017ms] [ERROR] Failed to load resource: net::ERR_CONNECTION_REFUSED @ http://localhost:3100/:0
[ 3692021ms] [ERROR] Failed to load resource: net::ERR_CONNECTION_REFUSED @ http://localhost:3100/:0
[ 3693025ms] [ERROR] Failed to load resource: net::ERR_CONNECTION_REFUSED @ http://localhost:3100/:0
[ 3694030ms] [ERROR] Failed to load resource: net::ERR_CONNECTION_REFUSED @ http://localhost:3100/:0
[ 3695034ms] [ERROR] Failed to load resource: net::ERR_CONNECTION_REFUSED @ http://localhost:3100/:0
[ 3696039ms] [ERROR] Failed to load resource: net::ERR_CONNECTION_REFUSED @ http://localhost:3100/:0
[ 3697043ms] [ERROR] Failed to load resource: net::ERR_CONNECTION_REFUSED @ http://localhost:3100/:0
[ 3698047ms] [ERROR] Failed to load resource: net::ERR_CONNECTION_REFUSED @ http://localhost:3100/:0
[ 3699051ms] [ERROR] Failed to load resource: net::ERR_CONNECTION_REFUSED @ http://localhost:3100/:0
[ 3700055ms] [ERROR] Failed to load resource: net::ERR_CONNECTION_REFUSED @ http://localhost:3100/:0
[ 3701060ms] [ERROR] Failed to load resource: net::ERR_CONNECTION_REFUSED @ http://localhost:3100/:0
[ 3702067ms] [ERROR] Failed to load resource: net::ERR_CONNECTION_REFUSED @ http://localhost:3100/:0
[ 3703073ms] [ERROR] Failed to load resource: net::ERR_CONNECTION_REFUSED @ http://localhost:3100/:0
[ 3704077ms] [ERROR] Failed to load resource: net::ERR_CONNECTION_REFUSED @ http://localhost:3100/:0
[ 3705084ms] [ERROR] Failed to load resource: net::ERR_CONNECTION_REFUSED @ http://localhost:3100/:0
[ 3706087ms] [ERROR] Failed to load resource: net::ERR_CONNECTION_REFUSED @ http://localhost:3100/:0
[ 3707090ms] [ERROR] Failed to load resource: net::ERR_CONNECTION_REFUSED @ http://localhost:3100/:0
[ 3708095ms] [ERROR] Failed to load resource: net::ERR_CONNECTION_REFUSED @ http://localhost:3100/:0
[ 3709098ms] [ERROR] Failed to load resource: net::ERR_CONNECTION_REFUSED @ http://localhost:3100/:0
[ 3710104ms] [ERROR] Failed to load resource: net::ERR_CONNECTION_REFUSED @ http://localhost:3100/:0
[ 3711107ms] [ERROR] Failed to load resource: net::ERR_CONNECTION_REFUSED @ http://localhost:3100/:0
[ 3712112ms] [ERROR] Failed to load resource: net::ERR_CONNECTION_REFUSED @ http://localhost:3100/:0
[ 3713119ms] [ERROR] Failed to load resource: net::ERR_CONNECTION_REFUSED @ http://localhost:3100/:0
[ 3714124ms] [ERROR] Failed to load resource: net::ERR_CONNECTION_REFUSED @ http://localhost:3100/:0
[ 3715127ms] [ERROR] Failed to load resource: net::ERR_CONNECTION_REFUSED @ http://localhost:3100/:0
[ 3716130ms] [ERROR] Failed to load resource: net::ERR_CONNECTION_REFUSED @ http://localhost:3100/:0
[ 3717133ms] [ERROR] Failed to load resource: net::ERR_CONNECTION_REFUSED @ http://localhost:3100/:0
[ 3718136ms] [ERROR] Failed to load resource: net::ERR_CONNECTION_REFUSED @ http://localhost:3100/:0
[ 3719141ms] [ERROR] Failed to load resource: net::ERR_CONNECTION_REFUSED @ http://localhost:3100/:0
[ 3720146ms] [ERROR] Failed to load resource: net::ERR_CONNECTION_REFUSED @ http://localhost:3100/:0
[ 3721149ms] [ERROR] Failed to load resource: net::ERR_CONNECTION_REFUSED @ http://localhost:3100/:0
[ 3722154ms] [ERROR] Failed to load resource: net::ERR_CONNECTION_REFUSED @ http://localhost:3100/:0
[ 3723159ms] [ERROR] Failed to load resource: net::ERR_CONNECTION_REFUSED @ http://localhost:3100/:0
[ 3724162ms] [ERROR] Failed to load resource: net::ERR_CONNECTION_REFUSED @ http://localhost:3100/:0
[ 3725167ms] [ERROR] Failed to load resource: net::ERR_CONNECTION_REFUSED @ http://localhost:3100/:0
[ 3726171ms] [ERROR] Failed to load resource: net::ERR_CONNECTION_REFUSED @ http://localhost:3100/:0
[ 3727178ms] [ERROR] Failed to load resource: net::ERR_CONNECTION_REFUSED @ http://localhost:3100/:0
[ 3728181ms] [ERROR] Failed to load resource: net::ERR_CONNECTION_REFUSED @ http://localhost:3100/:0
[ 3729184ms] [ERROR] Failed to load resource: net::ERR_CONNECTION_REFUSED @ http://localhost:3100/:0
[ 3730187ms] [ERROR] Failed to load resource: net::ERR_CONNECTION_REFUSED @ http://localhost:3100/:0
[ 3731190ms] [ERROR] Failed to load resource: net::ERR_CONNECTION_REFUSED @ http://localhost:3100/:0
[ 3732194ms] [ERROR] Failed to load resource: net::ERR_CONNECTION_REFUSED @ http://localhost:3100/:0
[ 3733202ms] [ERROR] Failed to load resource: net::ERR_CONNECTION_REFUSED @ http://localhost:3100/:0
[ 3734204ms] [ERROR] Failed to load resource: net::ERR_CONNECTION_REFUSED @ http://localhost:3100/:0
[ 3735209ms] [ERROR] Failed to load resource: net::ERR_CONNECTION_REFUSED @ http://localhost:3100/:0
[ 3736213ms] [ERROR] Failed to load resource: net::ERR_CONNECTION_REFUSED @ http://localhost:3100/:0
[ 3737218ms] [ERROR] Failed to load resource: net::ERR_CONNECTION_REFUSED @ http://localhost:3100/:0
[ 3738224ms] [ERROR] Failed to load resource: net::ERR_CONNECTION_REFUSED @ http://localhost:3100/:0
[ 3739226ms] [ERROR] Failed to load resource: net::ERR_CONNECTION_REFUSED @ http://localhost:3100/:0
[ 3740229ms] [ERROR] Failed to load resource: net::ERR_CONNECTION_REFUSED @ http://localhost:3100/:0
[ 3741232ms] [ERROR] Failed to load resource: net::ERR_CONNECTION_REFUSED @ http://localhost:3100/:0
[ 3742235ms] [ERROR] Failed to load resource: net::ERR_CONNECTION_REFUSED @ http://localhost:3100/:0
[ 3743243ms] [ERROR] Failed to load resource: net::ERR_CONNECTION_REFUSED @ http://localhost:3100/:0
[ 3744247ms] [ERROR] Failed to load resource: net::ERR_CONNECTION_REFUSED @ http://localhost:3100/:0
[ 3745250ms] [ERROR] Failed to load resource: net::ERR_CONNECTION_REFUSED @ http://localhost:3100/:0
[ 3746253ms] [ERROR] Failed to load resource: net::ERR_CONNECTION_REFUSED @ http://localhost:3100/:0
[ 3747258ms] [ERROR] Failed to load resource: net::ERR_CONNECTION_REFUSED @ http://localhost:3100/:0
[ 3748265ms] [ERROR] Failed to load resource: net::ERR_CONNECTION_REFUSED @ http://localhost:3100/:0
[ 3749269ms] [ERROR] Failed to load resource: net::ERR_CONNECTION_REFUSED @ http://localhost:3100/:0
[ 3750275ms] [ERROR] Failed to load resource: net::ERR_CONNECTION_REFUSED @ http://localhost:3100/:0
[ 3751280ms] [ERROR] Failed to load resource: net::ERR_CONNECTION_REFUSED @ http://localhost:3100/:0
[ 3752290ms] [ERROR] Failed to load resource: net::ERR_CONNECTION_REFUSED @ http://localhost:3100/:0
[ 3753294ms] [ERROR] Failed to load resource: net::ERR_CONNECTION_REFUSED @ http://localhost:3100/:0
[ 3754298ms] [ERROR] Failed to load resource: net::ERR_CONNECTION_REFUSED @ http://localhost:3100/:0
[ 3755306ms] [ERROR] Failed to load resource: net::ERR_CONNECTION_REFUSED @ http://localhost:3100/:0
[ 3756315ms] [ERROR] Failed to load resource: net::ERR_CONNECTION_REFUSED @ http://localhost:3100/:0
[ 3757318ms] [ERROR] Failed to load resource: net::ERR_CONNECTION_REFUSED @ http://localhost:3100/:0
[ 3758323ms] [ERROR] Failed to load resource: net::ERR_CONNECTION_REFUSED @ http://localhost:3100/:0
[ 3759327ms] [ERROR] Failed to load resource: net::ERR_CONNECTION_REFUSED @ http://localhost:3100/:0
[ 3760331ms] [ERROR] Failed to load resource: net::ERR_CONNECTION_REFUSED @ http://localhost:3100/:0
[ 3761334ms] [ERROR] Failed to load resource: net::ERR_CONNECTION_REFUSED @ http://localhost:3100/:0
[ 3762338ms] [ERROR] Failed to load resource: net::ERR_CONNECTION_REFUSED @ http://localhost:3100/:0
[ 3763343ms] [ERROR] Failed to load resource: net::ERR_CONNECTION_REFUSED @ http://localhost:3100/:0
[ 3764348ms] [ERROR] Failed to load resource: net::ERR_CONNECTION_REFUSED @ http://localhost:3100/:0
[ 3765352ms] [ERROR] Failed to load resource: net::ERR_CONNECTION_REFUSED @ http://localhost:3100/:0
[ 3766355ms] [ERROR] Failed to load resource: net::ERR_CONNECTION_REFUSED @ http://localhost:3100/:0
[ 3767358ms] [ERROR] Failed to load resource: net::ERR_CONNECTION_REFUSED @ http://localhost:3100/:0
[ 3768365ms] [ERROR] Failed to load resource: net::ERR_CONNECTION_REFUSED @ http://localhost:3100/:0
[ 3769369ms] [ERROR] Failed to load resource: net::ERR_CONNECTION_REFUSED @ http://localhost:3100/:0
[ 3770374ms] [ERROR] Failed to load resource: net::ERR_CONNECTION_REFUSED @ http://localhost:3100/:0
[ 3771377ms] [ERROR] Failed to load resource: net::ERR_CONNECTION_REFUSED @ http://localhost:3100/:0
[ 3772381ms] [ERROR] Failed to load resource: net::ERR_CONNECTION_REFUSED @ http://localhost:3100/:0
[ 3773387ms] [ERROR] Failed to load resource: net::ERR_CONNECTION_REFUSED @ http://localhost:3100/:0
[ 3774389ms] [ERROR] Failed to load resource: net::ERR_CONNECTION_REFUSED @ http://localhost:3100/:0
[ 3775395ms] [ERROR] Failed to load resource: net::ERR_CONNECTION_REFUSED @ http://localhost:3100/:0
[ 3776399ms] [ERROR] Failed to load resource: net::ERR_CONNECTION_REFUSED @ http://localhost:3100/:0
[ 3777402ms] [ERROR] Failed to load resource: net::ERR_CONNECTION_REFUSED @ http://localhost:3100/:0
[ 3778405ms] [ERROR] Failed to load resource: net::ERR_CONNECTION_REFUSED @ http://localhost:3100/:0
[ 3779408ms] [ERROR] Failed to load resource: net::ERR_CONNECTION_REFUSED @ http://localhost:3100/:0
[ 3780412ms] [ERROR] Failed to load resource: net::ERR_CONNECTION_REFUSED @ http://localhost:3100/:0
[ 3781416ms] [ERROR] Failed to load resource: net::ERR_CONNECTION_REFUSED @ http://localhost:3100/:0
[ 3782421ms] [ERROR] Failed to load resource: net::ERR_CONNECTION_REFUSED @ http://localhost:3100/:0
[ 3783425ms] [ERROR] Failed to load resource: net::ERR_CONNECTION_REFUSED @ http://localhost:3100/:0
[ 3784429ms] [ERROR] Failed to load resource: net::ERR_CONNECTION_REFUSED @ http://localhost:3100/:0
[ 3785435ms] [ERROR] Failed to load resource: net::ERR_CONNECTION_REFUSED @ http://localhost:3100/:0
[ 3786440ms] [ERROR] Failed to load resource: net::ERR_CONNECTION_REFUSED @ http://localhost:3100/:0
[ 3787444ms] [ERROR] Failed to load resource: net::ERR_CONNECTION_REFUSED @ http://localhost:3100/:0
[ 3788447ms] [ERROR] Failed to load resource: net::ERR_CONNECTION_REFUSED @ http://localhost:3100/:0
[ 3789451ms] [ERROR] Failed to load resource: net::ERR_CONNECTION_REFUSED @ http://localhost:3100/:0
[ 3790455ms] [ERROR] Failed to load resource: net::ERR_CONNECTION_REFUSED @ http://localhost:3100/:0
[ 3791459ms] [ERROR] Failed to load resource: net::ERR_CONNECTION_REFUSED @ http://localhost:3100/:0
[ 3792463ms] [ERROR] Failed to load resource: net::ERR_CONNECTION_REFUSED @ http://localhost:3100/:0
[ 3793468ms] [ERROR] Failed to load resource: net::ERR_CONNECTION_REFUSED @ http://localhost:3100/:0
[ 3794471ms] [ERROR] Failed to load resource: net::ERR_CONNECTION_REFUSED @ http://localhost:3100/:0
[ 3795475ms] [ERROR] Failed to load resource: net::ERR_CONNECTION_REFUSED @ http://localhost:3100/:0
[ 3796480ms] [ERROR] Failed to load resource: net::ERR_CONNECTION_REFUSED @ http://localhost:3100/:0
[ 3797485ms] [ERROR] Failed to load resource: net::ERR_CONNECTION_REFUSED @ http://localhost:3100/:0
[ 3798487ms] [ERROR] Failed to load resource: net::ERR_CONNECTION_REFUSED @ http://localhost:3100/:0
[ 3799490ms] [ERROR] Failed to load resource: net::ERR_CONNECTION_REFUSED @ http://localhost:3100/:0
[ 3800493ms] [ERROR] Failed to load resource: net::ERR_CONNECTION_REFUSED @ http://localhost:3100/:0
[ 3801497ms] [ERROR] Failed to load resource: net::ERR_CONNECTION_REFUSED @ http://localhost:3100/:0
[ 3802504ms] [ERROR] Failed to load resource: net::ERR_CONNECTION_REFUSED @ http://localhost:3100/:0
[ 3803510ms] [ERROR] Failed to load resource: net::ERR_CONNECTION_REFUSED @ http://localhost:3100/:0
[ 3804513ms] [ERROR] Failed to load resource: net::ERR_CONNECTION_REFUSED @ http://localhost:3100/:0
[ 3805516ms] [ERROR] Failed to load resource: net::ERR_CONNECTION_REFUSED @ http://localhost:3100/:0
[ 3806521ms] [ERROR] Failed to load resource: net::ERR_CONNECTION_REFUSED @ http://localhost:3100/:0
[ 3807527ms] [ERROR] Failed to load resource: net::ERR_CONNECTION_REFUSED @ http://localhost:3100/:0
[ 3808531ms] [ERROR] Failed to load resource: net::ERR_CONNECTION_REFUSED @ http://localhost:3100/:0
[ 3809536ms] [ERROR] Failed to load resource: net::ERR_CONNECTION_REFUSED @ http://localhost:3100/:0
[ 3810540ms] [ERROR] Failed to load resource: net::ERR_CONNECTION_REFUSED @ http://localhost:3100/:0
[ 3811545ms] [ERROR] Failed to load resource: net::ERR_CONNECTION_REFUSED @ http://localhost:3100/:0
[ 3812548ms] [ERROR] Failed to load resource: net::ERR_CONNECTION_REFUSED @ http://localhost:3100/:0
[ 3813553ms] [ERROR] Failed to load resource: net::ERR_CONNECTION_REFUSED @ http://localhost:3100/:0
[ 3814558ms] [ERROR] Failed to load resource: net::ERR_CONNECTION_REFUSED @ http://localhost:3100/:0
[ 3815570ms] [ERROR] Failed to load resource: net::ERR_CONNECTION_REFUSED @ http://localhost:3100/:0
[ 3816575ms] [ERROR] Failed to load resource: net::ERR_CONNECTION_REFUSED @ http://localhost:3100/:0
[ 3817580ms] [ERROR] Failed to load resource: net::ERR_CONNECTION_REFUSED @ http://localhost:3100/:0
[ 3818582ms] [ERROR] Failed to load resource: net::ERR_CONNECTION_REFUSED @ http://localhost:3100/:0
[ 3819586ms] [ERROR] Failed to load resource: net::ERR_CONNECTION_REFUSED @ http://localhost:3100/:0
[ 3820594ms] [ERROR] Failed to load resource: net::ERR_CONNECTION_REFUSED @ http://localhost:3100/:0
[ 3821597ms] [ERROR] Failed to load resource: net::ERR_CONNECTION_REFUSED @ http://localhost:3100/:0
[ 3822602ms] [ERROR] Failed to load resource: net::ERR_CONNECTION_REFUSED @ http://localhost:3100/:0
[ 3823607ms] [ERROR] Failed to load resource: net::ERR_CONNECTION_REFUSED @ http://localhost:3100/:0
[ 3824612ms] [ERROR] Failed to load resource: net::ERR_CONNECTION_REFUSED @ http://localhost:3100/:0
[ 3825616ms] [ERROR] Failed to load resource: net::ERR_CONNECTION_REFUSED @ http://localhost:3100/:0
[ 3826622ms] [ERROR] Failed to load resource: net::ERR_CONNECTION_REFUSED @ http://localhost:3100/:0
[ 3827627ms] [ERROR] Failed to load resource: net::ERR_CONNECTION_REFUSED @ http://localhost:3100/:0
[ 3828634ms] [ERROR] Failed to load resource: net::ERR_CONNECTION_REFUSED @ http://localhost:3100/:0
[ 3829639ms] [ERROR] Failed to load resource: net::ERR_CONNECTION_REFUSED @ http://localhost:3100/:0
[ 3830643ms] [ERROR] Failed to load resource: net::ERR_CONNECTION_REFUSED @ http://localhost:3100/:0
[ 3831647ms] [ERROR] Failed to load resource: net::ERR_CONNECTION_REFUSED @ http://localhost:3100/:0
[ 3832652ms] [ERROR] Failed to load resource: net::ERR_CONNECTION_REFUSED @ http://localhost:3100/:0
[ 3833656ms] [ERROR] Failed to load resource: net::ERR_CONNECTION_REFUSED @ http://localhost:3100/:0
[ 3834660ms] [ERROR] Failed to load resource: net::ERR_CONNECTION_REFUSED @ http://localhost:3100/:0
[ 3835663ms] [ERROR] Failed to load resource: net::ERR_CONNECTION_REFUSED @ http://localhost:3100/:0
[ 3836669ms] [ERROR] Failed to load resource: net::ERR_CONNECTION_REFUSED @ http://localhost:3100/:0
[ 3837672ms] [ERROR] Failed to load resource: net::ERR_CONNECTION_REFUSED @ http://localhost:3100/:0
[ 3838677ms] [ERROR] Failed to load resource: net::ERR_CONNECTION_REFUSED @ http://localhost:3100/:0
[ 3839680ms] [ERROR] Failed to load resource: net::ERR_CONNECTION_REFUSED @ http://localhost:3100/:0
[ 3840683ms] [ERROR] Failed to load resource: net::ERR_CONNECTION_REFUSED @ http://localhost:3100/:0
[ 3841692ms] [ERROR] Failed to load resource: net::ERR_CONNECTION_REFUSED @ http://localhost:3100/:0
[ 3842697ms] [ERROR] Failed to load resource: net::ERR_CONNECTION_REFUSED @ http://localhost:3100/:0
[ 3843706ms] [ERROR] Failed to load resource: net::ERR_CONNECTION_REFUSED @ http://localhost:3100/:0
[ 3844713ms] [ERROR] Failed to load resource: net::ERR_CONNECTION_REFUSED @ http://localhost:3100/:0
[ 3845716ms] [ERROR] Failed to load resource: net::ERR_CONNECTION_REFUSED @ http://localhost:3100/:0
[ 3846722ms] [ERROR] Failed to load resource: net::ERR_CONNECTION_REFUSED @ http://localhost:3100/:0
[ 3847729ms] [ERROR] Failed to load resource: net::ERR_CONNECTION_REFUSED @ http://localhost:3100/:0
[ 3848738ms] [ERROR] Failed to load resource: net::ERR_CONNECTION_REFUSED @ http://localhost:3100/:0
[ 3849742ms] [ERROR] Failed to load resource: net::ERR_CONNECTION_REFUSED @ http://localhost:3100/:0
[ 3850747ms] [ERROR] Failed to load resource: net::ERR_CONNECTION_REFUSED @ http://localhost:3100/:0
[ 3851750ms] [ERROR] Failed to load resource: net::ERR_CONNECTION_REFUSED @ http://localhost:3100/:0
[ 3852754ms] [ERROR] Failed to load resource: net::ERR_CONNECTION_REFUSED @ http://localhost:3100/:0
[ 3853757ms] [ERROR] Failed to load resource: net::ERR_CONNECTION_REFUSED @ http://localhost:3100/:0
[ 3854761ms] [ERROR] Failed to load resource: net::ERR_CONNECTION_REFUSED @ http://localhost:3100/:0
[ 3855766ms] [ERROR] Failed to load resource: net::ERR_CONNECTION_REFUSED @ http://localhost:3100/:0
[ 3856769ms] [ERROR] Failed to load resource: net::ERR_CONNECTION_REFUSED @ http://localhost:3100/:0
[ 3857774ms] [ERROR] Failed to load resource: net::ERR_CONNECTION_REFUSED @ http://localhost:3100/:0
[ 3858777ms] [ERROR] Failed to load resource: net::ERR_CONNECTION_REFUSED @ http://localhost:3100/:0
[ 3859784ms] [ERROR] Failed to load resource: net::ERR_CONNECTION_REFUSED @ http://localhost:3100/:0
[ 3860789ms] [ERROR] Failed to load resource: net::ERR_CONNECTION_REFUSED @ http://localhost:3100/:0
[ 3861794ms] [ERROR] Failed to load resource: net::ERR_CONNECTION_REFUSED @ http://localhost:3100/:0
[ 3862801ms] [ERROR] Failed to load resource: net::ERR_CONNECTION_REFUSED @ http://localhost:3100/:0
[ 3863803ms] [ERROR] Failed to load resource: net::ERR_CONNECTION_REFUSED @ http://localhost:3100/:0
[ 3864808ms] [ERROR] Failed to load resource: net::ERR_CONNECTION_REFUSED @ http://localhost:3100/:0
[ 3865813ms] [ERROR] Failed to load resource: net::ERR_CONNECTION_REFUSED @ http://localhost:3100/:0
[ 3866819ms] [ERROR] Failed to load resource: net::ERR_CONNECTION_REFUSED @ http://localhost:3100/:0
[ 3867824ms] [ERROR] Failed to load resource: net::ERR_CONNECTION_REFUSED @ http://localhost:3100/:0
[ 3868832ms] [ERROR] Failed to load resource: net::ERR_CONNECTION_REFUSED @ http://localhost:3100/:0
[ 3869834ms] [ERROR] Failed to load resource: net::ERR_CONNECTION_REFUSED @ http://localhost:3100/:0
[ 3870838ms] [ERROR] Failed to load resource: net::ERR_CONNECTION_REFUSED @ http://localhost:3100/:0
[ 3871842ms] [ERROR] Failed to load resource: net::ERR_CONNECTION_REFUSED @ http://localhost:3100/:0
[ 3872848ms] [ERROR] Failed to load resource: net::ERR_CONNECTION_REFUSED @ http://localhost:3100/:0
[ 3873852ms] [ERROR] Failed to load resource: net::ERR_CONNECTION_REFUSED @ http://localhost:3100/:0
[ 3874856ms] [ERROR] Failed to load resource: net::ERR_CONNECTION_REFUSED @ http://localhost:3100/:0
[ 3875860ms] [ERROR] Failed to load resource: net::ERR_CONNECTION_REFUSED @ http://localhost:3100/:0
[ 3876864ms] [ERROR] Failed to load resource: net::ERR_CONNECTION_REFUSED @ http://localhost:3100/:0
[ 3877869ms] [ERROR] Failed to load resource: net::ERR_CONNECTION_REFUSED @ http://localhost:3100/:0
[ 3878873ms] [ERROR] Failed to load resource: net::ERR_CONNECTION_REFUSED @ http://localhost:3100/:0
[ 3879877ms] [ERROR] Failed to load resource: net::ERR_CONNECTION_REFUSED @ http://localhost:3100/:0
[ 3880881ms] [ERROR] Failed to load resource: net::ERR_CONNECTION_REFUSED @ http://localhost:3100/:0
[ 3881884ms] [ERROR] Failed to load resource: net::ERR_CONNECTION_REFUSED @ http://localhost:3100/:0
[ 3882892ms] [ERROR] Failed to load resource: net::ERR_CONNECTION_REFUSED @ http://localhost:3100/:0
[ 3883901ms] [ERROR] Failed to load resource: net::ERR_CONNECTION_REFUSED @ http://localhost:3100/:0
[ 3884919ms] [ERROR] Failed to load resource: net::ERR_CONNECTION_REFUSED @ http://localhost:3100/:0
[ 3885923ms] [ERROR] Failed to load resource: net::ERR_CONNECTION_REFUSED @ http://localhost:3100/:0
[ 3886931ms] [ERROR] Failed to load resource: net::ERR_CONNECTION_REFUSED @ http://localhost:3100/:0
[ 3887937ms] [ERROR] Failed to load resource: net::ERR_CONNECTION_REFUSED @ http://localhost:3100/:0
[ 3888943ms] [ERROR] Failed to load resource: net::ERR_CONNECTION_REFUSED @ http://localhost:3100/:0
[ 3889949ms] [ERROR] Failed to load resource: net::ERR_CONNECTION_REFUSED @ http://localhost:3100/:0
[ 3890951ms] [ERROR] Failed to load resource: net::ERR_CONNECTION_REFUSED @ http://localhost:3100/:0
[ 3891954ms] [ERROR] Failed to load resource: net::ERR_CONNECTION_REFUSED @ http://localhost:3100/:0
[ 3892957ms] [ERROR] Failed to load resource: net::ERR_CONNECTION_REFUSED @ http://localhost:3100/:0
[ 3893962ms] [ERROR] Failed to load resource: net::ERR_CONNECTION_REFUSED @ http://localhost:3100/:0
[ 3894967ms] [ERROR] Failed to load resource: net::ERR_CONNECTION_REFUSED @ http://localhost:3100/:0
[ 3895972ms] [ERROR] Failed to load resource: net::ERR_CONNECTION_REFUSED @ http://localhost:3100/:0
[ 3896977ms] [ERROR] Failed to load resource: net::ERR_CONNECTION_REFUSED @ http://localhost:3100/:0
[ 3897982ms] [ERROR] Failed to load resource: net::ERR_CONNECTION_REFUSED @ http://localhost:3100/:0
[ 3898987ms] [ERROR] Failed to load resource: net::ERR_CONNECTION_REFUSED @ http://localhost:3100/:0
[ 3899990ms] [ERROR] Failed to load resource: net::ERR_CONNECTION_REFUSED @ http://localhost:3100/:0
[ 3900996ms] [ERROR] Failed to load resource: net::ERR_CONNECTION_REFUSED @ http://localhost:3100/:0
[ 3902000ms] [ERROR] Failed to load resource: net::ERR_CONNECTION_REFUSED @ http://localhost:3100/:0
[ 3903005ms] [ERROR] Failed to load resource: net::ERR_CONNECTION_REFUSED @ http://localhost:3100/:0
[ 3904009ms] [ERROR] Failed to load resource: net::ERR_CONNECTION_REFUSED @ http://localhost:3100/:0
[ 3905012ms] [ERROR] Failed to load resource: net::ERR_CONNECTION_REFUSED @ http://localhost:3100/:0
[ 3906018ms] [ERROR] Failed to load resource: net::ERR_CONNECTION_REFUSED @ http://localhost:3100/:0
[ 3907020ms] [ERROR] Failed to load resource: net::ERR_CONNECTION_REFUSED @ http://localhost:3100/:0
[ 3908025ms] [ERROR] Failed to load resource: net::ERR_CONNECTION_REFUSED @ http://localhost:3100/:0
[ 3909029ms] [ERROR] Failed to load resource: net::ERR_CONNECTION_REFUSED @ http://localhost:3100/:0
[ 3910033ms] [ERROR] Failed to load resource: net::ERR_CONNECTION_REFUSED @ http://localhost:3100/:0
[ 3911036ms] [ERROR] Failed to load resource: net::ERR_CONNECTION_REFUSED @ http://localhost:3100/:0
[ 3912042ms] [ERROR] Failed to load resource: net::ERR_CONNECTION_REFUSED @ http://localhost:3100/:0
[ 3913044ms] [ERROR] Failed to load resource: net::ERR_CONNECTION_REFUSED @ http://localhost:3100/:0
[ 3914048ms] [ERROR] Failed to load resource: net::ERR_CONNECTION_REFUSED @ http://localhost:3100/:0
[ 3915053ms] [ERROR] Failed to load resource: net::ERR_CONNECTION_REFUSED @ http://localhost:3100/:0
[ 3916059ms] [ERROR] Failed to load resource: net::ERR_CONNECTION_REFUSED @ http://localhost:3100/:0
[ 3917065ms] [ERROR] Failed to load resource: net::ERR_CONNECTION_REFUSED @ http://localhost:3100/:0
[ 3918069ms] [ERROR] Failed to load resource: net::ERR_CONNECTION_REFUSED @ http://localhost:3100/:0
[ 3919072ms] [ERROR] Failed to load resource: net::ERR_CONNECTION_REFUSED @ http://localhost:3100/:0
[ 3920077ms] [ERROR] Failed to load resource: net::ERR_CONNECTION_REFUSED @ http://localhost:3100/:0
[ 3921084ms] [ERROR] Failed to load resource: net::ERR_CONNECTION_REFUSED @ http://localhost:3100/:0
[ 3922090ms] [ERROR] Failed to load resource: net::ERR_CONNECTION_REFUSED @ http://localhost:3100/:0
[ 3923097ms] [ERROR] Failed to load resource: net::ERR_CONNECTION_REFUSED @ http://localhost:3100/:0
[ 3924107ms] [ERROR] Failed to load resource: net::ERR_CONNECTION_REFUSED @ http://localhost:3100/:0
[ 3925114ms] [ERROR] Failed to load resource: net::ERR_CONNECTION_REFUSED @ http://localhost:3100/:0
[ 3926118ms] [ERROR] Failed to load resource: net::ERR_CONNECTION_REFUSED @ http://localhost:3100/:0
[ 3927121ms] [ERROR] Failed to load resource: net::ERR_CONNECTION_REFUSED @ http://localhost:3100/:0
[ 3928128ms] [ERROR] Failed to load resource: net::ERR_CONNECTION_REFUSED @ http://localhost:3100/:0
[ 3929132ms] [ERROR] Failed to load resource: net::ERR_CONNECTION_REFUSED @ http://localhost:3100/:0
[ 3930137ms] [ERROR] Failed to load resource: net::ERR_CONNECTION_REFUSED @ http://localhost:3100/:0
[ 3931139ms] [ERROR] Failed to load resource: net::ERR_CONNECTION_REFUSED @ http://localhost:3100/:0
[ 3932147ms] [ERROR] Failed to load resource: net::ERR_CONNECTION_REFUSED @ http://localhost:3100/:0
[ 3933154ms] [ERROR] Failed to load resource: net::ERR_CONNECTION_REFUSED @ http://localhost:3100/:0
[ 3934156ms] [ERROR] Failed to load resource: net::ERR_CONNECTION_REFUSED @ http://localhost:3100/:0
[ 3935162ms] [ERROR] Failed to load resource: net::ERR_CONNECTION_REFUSED @ http://localhost:3100/:0
[ 3936167ms] [ERROR] Failed to load resource: net::ERR_CONNECTION_REFUSED @ http://localhost:3100/:0
[ 3937172ms] [ERROR] Failed to load resource: net::ERR_CONNECTION_REFUSED @ http://localhost:3100/:0
[ 3938199ms] [ERROR] Failed to load resource: net::ERR_CONNECTION_REFUSED @ http://localhost:3100/:0
[ 3939202ms] [ERROR] Failed to load resource: net::ERR_CONNECTION_REFUSED @ http://localhost:3100/:0
[ 3940205ms] [ERROR] Failed to load resource: net::ERR_CONNECTION_REFUSED @ http://localhost:3100/:0
[ 3941212ms] [ERROR] Failed to load resource: net::ERR_CONNECTION_REFUSED @ http://localhost:3100/:0
[ 3942216ms] [ERROR] Failed to load resource: net::ERR_CONNECTION_REFUSED @ http://localhost:3100/:0
[ 3943219ms] [ERROR] Failed to load resource: net::ERR_CONNECTION_REFUSED @ http://localhost:3100/:0
[ 3944225ms] [ERROR] Failed to load resource: net::ERR_CONNECTION_REFUSED @ http://localhost:3100/:0
[ 3945230ms] [ERROR] Failed to load resource: net::ERR_CONNECTION_REFUSED @ http://localhost:3100/:0
[ 3946234ms] [ERROR] Failed to load resource: net::ERR_CONNECTION_REFUSED @ http://localhost:3100/:0
[ 3947239ms] [ERROR] Failed to load resource: net::ERR_CONNECTION_REFUSED @ http://localhost:3100/:0
[ 3948243ms] [ERROR] Failed to load resource: net::ERR_CONNECTION_REFUSED @ http://localhost:3100/:0
[ 3949248ms] [ERROR] Failed to load resource: net::ERR_CONNECTION_REFUSED @ http://localhost:3100/:0
[ 3950250ms] [ERROR] Failed to load resource: net::ERR_CONNECTION_REFUSED @ http://localhost:3100/:0
[ 3951258ms] [ERROR] Failed to load resource: net::ERR_CONNECTION_REFUSED @ http://localhost:3100/:0
[ 3952262ms] [ERROR] Failed to load resource: net::ERR_CONNECTION_REFUSED @ http://localhost:3100/:0
[ 3953265ms] [ERROR] Failed to load resource: net::ERR_CONNECTION_REFUSED @ http://localhost:3100/:0
[ 3954269ms] [ERROR] Failed to load resource: net::ERR_CONNECTION_REFUSED @ http://localhost:3100/:0
[ 3955273ms] [ERROR] Failed to load resource: net::ERR_CONNECTION_REFUSED @ http://localhost:3100/:0
[ 3956278ms] [ERROR] Failed to load resource: net::ERR_CONNECTION_REFUSED @ http://localhost:3100/:0
[ 3957287ms] [ERROR] Failed to load resource: net::ERR_CONNECTION_REFUSED @ http://localhost:3100/:0
[ 3958295ms] [ERROR] Failed to load resource: net::ERR_CONNECTION_REFUSED @ http://localhost:3100/:0
[ 3959300ms] [ERROR] Failed to load resource: net::ERR_CONNECTION_REFUSED @ http://localhost:3100/:0
[ 3960304ms] [ERROR] Failed to load resource: net::ERR_CONNECTION_REFUSED @ http://localhost:3100/:0
[ 3961308ms] [ERROR] Failed to load resource: net::ERR_CONNECTION_REFUSED @ http://localhost:3100/:0
[ 3962314ms] [ERROR] Failed to load resource: net::ERR_CONNECTION_REFUSED @ http://localhost:3100/:0
[ 3963321ms] [ERROR] Failed to load resource: net::ERR_CONNECTION_REFUSED @ http://localhost:3100/:0
[ 3964326ms] [ERROR] Failed to load resource: net::ERR_CONNECTION_REFUSED @ http://localhost:3100/:0
[ 3965331ms] [ERROR] Failed to load resource: net::ERR_CONNECTION_REFUSED @ http://localhost:3100/:0
[ 3966335ms] [ERROR] Failed to load resource: net::ERR_CONNECTION_REFUSED @ http://localhost:3100/:0
[ 3967342ms] [ERROR] Failed to load resource: net::ERR_CONNECTION_REFUSED @ http://localhost:3100/:0
[ 3968346ms] [ERROR] Failed to load resource: net::ERR_CONNECTION_REFUSED @ http://localhost:3100/:0
[ 3969352ms] [ERROR] Failed to load resource: net::ERR_CONNECTION_REFUSED @ http://localhost:3100/:0
[ 3970356ms] [ERROR] Failed to load resource: net::ERR_CONNECTION_REFUSED @ http://localhost:3100/:0
[ 3971362ms] [ERROR] Failed to load resource: net::ERR_CONNECTION_REFUSED @ http://localhost:3100/:0
[ 3972367ms] [ERROR] Failed to load resource: net::ERR_CONNECTION_REFUSED @ http://localhost:3100/:0
[ 3973370ms] [ERROR] Failed to load resource: net::ERR_CONNECTION_REFUSED @ http://localhost:3100/:0
[ 3974382ms] [ERROR] Failed to load resource: net::ERR_CONNECTION_REFUSED @ http://localhost:3100/:0
[ 3975384ms] [ERROR] Failed to load resource: net::ERR_CONNECTION_REFUSED @ http://localhost:3100/:0
[ 3976386ms] [ERROR] Failed to load resource: net::ERR_CONNECTION_REFUSED @ http://localhost:3100/:0
[ 3977391ms] [ERROR] Failed to load resource: net::ERR_CONNECTION_REFUSED @ http://localhost:3100/:0
[ 3978395ms] [ERROR] Failed to load resource: net::ERR_CONNECTION_REFUSED @ http://localhost:3100/:0
[ 3979401ms] [ERROR] Failed to load resource: net::ERR_CONNECTION_REFUSED @ http://localhost:3100/:0
[ 3980406ms] [ERROR] Failed to load resource: net::ERR_CONNECTION_REFUSED @ http://localhost:3100/:0
[ 3981413ms] [ERROR] Failed to load resource: net::ERR_CONNECTION_REFUSED @ http://localhost:3100/:0
[ 3982417ms] [ERROR] Failed to load resource: net::ERR_CONNECTION_REFUSED @ http://localhost:3100/:0
[ 3983424ms] [ERROR] Failed to load resource: net::ERR_CONNECTION_REFUSED @ http://localhost:3100/:0
[ 3984429ms] [ERROR] Failed to load resource: net::ERR_CONNECTION_REFUSED @ http://localhost:3100/:0
[ 3985432ms] [ERROR] Failed to load resource: net::ERR_CONNECTION_REFUSED @ http://localhost:3100/:0
[ 3986441ms] [ERROR] Failed to load resource: net::ERR_CONNECTION_REFUSED @ http://localhost:3100/:0
[ 3987448ms] [ERROR] Failed to load resource: net::ERR_CONNECTION_REFUSED @ http://localhost:3100/:0
[ 3988454ms] [ERROR] Failed to load resource: net::ERR_CONNECTION_REFUSED @ http://localhost:3100/:0
[ 3989460ms] [ERROR] Failed to load resource: net::ERR_CONNECTION_REFUSED @ http://localhost:3100/:0
[ 3990464ms] [ERROR] Failed to load resource: net::ERR_CONNECTION_REFUSED @ http://localhost:3100/:0
[ 3991467ms] [ERROR] Failed to load resource: net::ERR_CONNECTION_REFUSED @ http://localhost:3100/:0
[ 3992470ms] [ERROR] Failed to load resource: net::ERR_CONNECTION_REFUSED @ http://localhost:3100/:0
[ 3993473ms] [ERROR] Failed to load resource: net::ERR_CONNECTION_REFUSED @ http://localhost:3100/:0
[ 3994480ms] [ERROR] Failed to load resource: net::ERR_CONNECTION_REFUSED @ http://localhost:3100/:0
[ 3995490ms] [ERROR] Failed to load resource: net::ERR_CONNECTION_REFUSED @ http://localhost:3100/:0
[ 3996495ms] [ERROR] Failed to load resource: net::ERR_CONNECTION_REFUSED @ http://localhost:3100/:0
[ 3997500ms] [ERROR] Failed to load resource: net::ERR_CONNECTION_REFUSED @ http://localhost:3100/:0
[ 3998503ms] [ERROR] Failed to load resource: net::ERR_CONNECTION_REFUSED @ http://localhost:3100/:0
[ 3999509ms] [ERROR] Failed to load resource: net::ERR_CONNECTION_REFUSED @ http://localhost:3100/:0
[ 4000513ms] [ERROR] Failed to load resource: net::ERR_CONNECTION_REFUSED @ http://localhost:3100/:0
[ 4001516ms] [ERROR] Failed to load resource: net::ERR_CONNECTION_REFUSED @ http://localhost:3100/:0
[ 4002521ms] [ERROR] Failed to load resource: net::ERR_CONNECTION_REFUSED @ http://localhost:3100/:0
[ 4003525ms] [ERROR] Failed to load resource: net::ERR_CONNECTION_REFUSED @ http://localhost:3100/:0
[ 4004531ms] [ERROR] Failed to load resource: net::ERR_CONNECTION_REFUSED @ http://localhost:3100/:0
[ 4005540ms] [ERROR] Failed to load resource: net::ERR_CONNECTION_REFUSED @ http://localhost:3100/:0
[ 4006546ms] [ERROR] Failed to load resource: net::ERR_CONNECTION_REFUSED @ http://localhost:3100/:0
[ 4007554ms] [ERROR] Failed to load resource: net::ERR_CONNECTION_REFUSED @ http://localhost:3100/:0
[ 4008559ms] [ERROR] Failed to load resource: net::ERR_CONNECTION_REFUSED @ http://localhost:3100/:0
[ 4009566ms] [ERROR] Failed to load resource: net::ERR_CONNECTION_REFUSED @ http://localhost:3100/:0
[ 4010572ms] [ERROR] Failed to load resource: net::ERR_CONNECTION_REFUSED @ http://localhost:3100/:0
[ 4011576ms] [ERROR] Failed to load resource: net::ERR_CONNECTION_REFUSED @ http://localhost:3100/:0
[ 4012580ms] [ERROR] Failed to load resource: net::ERR_CONNECTION_REFUSED @ http://localhost:3100/:0
[ 4013586ms] [ERROR] Failed to load resource: net::ERR_CONNECTION_REFUSED @ http://localhost:3100/:0
[ 4014591ms] [ERROR] Failed to load resource: net::ERR_CONNECTION_REFUSED @ http://localhost:3100/:0
[ 4015594ms] [ERROR] Failed to load resource: net::ERR_CONNECTION_REFUSED @ http://localhost:3100/:0
[ 4016601ms] [ERROR] Failed to load resource: net::ERR_CONNECTION_REFUSED @ http://localhost:3100/:0
[ 4017605ms] [ERROR] Failed to load resource: net::ERR_CONNECTION_REFUSED @ http://localhost:3100/:0
[ 4018609ms] [ERROR] Failed to load resource: net::ERR_CONNECTION_REFUSED @ http://localhost:3100/:0
[ 4019621ms] [ERROR] Failed to load resource: net::ERR_CONNECTION_REFUSED @ http://localhost:3100/:0
[ 4020627ms] [ERROR] Failed to load resource: net::ERR_CONNECTION_REFUSED @ http://localhost:3100/:0
[ 4021633ms] [ERROR] Failed to load resource: net::ERR_CONNECTION_REFUSED @ http://localhost:3100/:0
[ 4022639ms] [ERROR] Failed to load resource: net::ERR_CONNECTION_REFUSED @ http://localhost:3100/:0
[ 4023645ms] [ERROR] Failed to load resource: net::ERR_CONNECTION_REFUSED @ http://localhost:3100/:0
[ 4024648ms] [ERROR] Failed to load resource: net::ERR_CONNECTION_REFUSED @ http://localhost:3100/:0
[ 4025656ms] [ERROR] Failed to load resource: net::ERR_CONNECTION_REFUSED @ http://localhost:3100/:0
[ 4026662ms] [ERROR] Failed to load resource: net::ERR_CONNECTION_REFUSED @ http://localhost:3100/:0
[ 4027670ms] [ERROR] Failed to load resource: net::ERR_CONNECTION_REFUSED @ http://localhost:3100/:0
[ 4028673ms] [ERROR] Failed to load resource: net::ERR_CONNECTION_REFUSED @ http://localhost:3100/:0
[ 4029676ms] [ERROR] Failed to load resource: net::ERR_CONNECTION_REFUSED @ http://localhost:3100/:0
[ 4030680ms] [ERROR] Failed to load resource: net::ERR_CONNECTION_REFUSED @ http://localhost:3100/:0
[ 4031684ms] [ERROR] Failed to load resource: net::ERR_CONNECTION_REFUSED @ http://localhost:3100/:0
[ 4032696ms] [ERROR] Failed to load resource: net::ERR_CONNECTION_REFUSED @ http://localhost:3100/:0
[ 4033701ms] [ERROR] Failed to load resource: net::ERR_CONNECTION_REFUSED @ http://localhost:3100/:0
[ 4034704ms] [ERROR] Failed to load resource: net::ERR_CONNECTION_REFUSED @ http://localhost:3100/:0
[ 4035711ms] [ERROR] Failed to load resource: net::ERR_CONNECTION_REFUSED @ http://localhost:3100/:0
[ 4036714ms] [ERROR] Failed to load resource: net::ERR_CONNECTION_REFUSED @ http://localhost:3100/:0
[ 4037718ms] [ERROR] Failed to load resource: net::ERR_CONNECTION_REFUSED @ http://localhost:3100/:0
[ 4038729ms] [ERROR] Failed to load resource: net::ERR_CONNECTION_REFUSED @ http://localhost:3100/:0
[ 4039733ms] [ERROR] Failed to load resource: net::ERR_CONNECTION_REFUSED @ http://localhost:3100/:0
[ 4040738ms] [ERROR] Failed to load resource: net::ERR_CONNECTION_REFUSED @ http://localhost:3100/:0
[ 4041743ms] [ERROR] Failed to load resource: net::ERR_CONNECTION_REFUSED @ http://localhost:3100/:0
[ 4042746ms] [ERROR] Failed to load resource: net::ERR_CONNECTION_REFUSED @ http://localhost:3100/:0
[ 4043751ms] [ERROR] Failed to load resource: net::ERR_CONNECTION_REFUSED @ http://localhost:3100/:0
[ 4044754ms] [ERROR] Failed to load resource: net::ERR_CONNECTION_REFUSED @ http://localhost:3100/:0
[ 4045762ms] [ERROR] Failed to load resource: net::ERR_CONNECTION_REFUSED @ http://localhost:3100/:0
[ 4046767ms] [ERROR] Failed to load resource: net::ERR_CONNECTION_REFUSED @ http://localhost:3100/:0
[ 4047771ms] [ERROR] Failed to load resource: net::ERR_CONNECTION_REFUSED @ http://localhost:3100/:0
[ 4048778ms] [ERROR] Failed to load resource: net::ERR_CONNECTION_REFUSED @ http://localhost:3100/:0
[ 4049782ms] [ERROR] Failed to load resource: net::ERR_CONNECTION_REFUSED @ http://localhost:3100/:0
[ 4050785ms] [ERROR] Failed to load resource: net::ERR_CONNECTION_REFUSED @ http://localhost:3100/:0
[ 4051788ms] [ERROR] Failed to load resource: net::ERR_CONNECTION_REFUSED @ http://localhost:3100/:0
[ 4052791ms] [ERROR] Failed to load resource: net::ERR_CONNECTION_REFUSED @ http://localhost:3100/:0
[ 4053795ms] [ERROR] Failed to load resource: net::ERR_CONNECTION_REFUSED @ http://localhost:3100/:0
[ 4054801ms] [ERROR] Failed to load resource: net::ERR_CONNECTION_REFUSED @ http://localhost:3100/:0
[ 4055808ms] [ERROR] Failed to load resource: net::ERR_CONNECTION_REFUSED @ http://localhost:3100/:0
[ 4056814ms] [ERROR] Failed to load resource: net::ERR_CONNECTION_REFUSED @ http://localhost:3100/:0
[ 4057821ms] [ERROR] Failed to load resource: net::ERR_CONNECTION_REFUSED @ http://localhost:3100/:0
[ 4058829ms] [ERROR] Failed to load resource: net::ERR_CONNECTION_REFUSED @ http://localhost:3100/:0
[ 4059836ms] [ERROR] Failed to load resource: net::ERR_CONNECTION_REFUSED @ http://localhost:3100/:0
[ 4060841ms] [ERROR] Failed to load resource: net::ERR_CONNECTION_REFUSED @ http://localhost:3100/:0
[ 4061845ms] [ERROR] Failed to load resource: net::ERR_CONNECTION_REFUSED @ http://localhost:3100/:0
[ 4062850ms] [ERROR] Failed to load resource: net::ERR_CONNECTION_REFUSED @ http://localhost:3100/:0
[ 4063855ms] [ERROR] Failed to load resource: net::ERR_CONNECTION_REFUSED @ http://localhost:3100/:0
[ 4064858ms] [ERROR] Failed to load resource: net::ERR_CONNECTION_REFUSED @ http://localhost:3100/:0
[ 4065863ms] [ERROR] Failed to load resource: net::ERR_CONNECTION_REFUSED @ http://localhost:3100/:0
[ 4066870ms] [ERROR] Failed to load resource: net::ERR_CONNECTION_REFUSED @ http://localhost:3100/:0
[ 4067874ms] [ERROR] Failed to load resource: net::ERR_CONNECTION_REFUSED @ http://localhost:3100/:0
[ 4068877ms] [ERROR] Failed to load resource: net::ERR_CONNECTION_REFUSED @ http://localhost:3100/:0
[ 4069884ms] [ERROR] Failed to load resource: net::ERR_CONNECTION_REFUSED @ http://localhost:3100/:0
[ 4070887ms] [ERROR] Failed to load resource: net::ERR_CONNECTION_REFUSED @ http://localhost:3100/:0
[ 4071893ms] [ERROR] Failed to load resource: net::ERR_CONNECTION_REFUSED @ http://localhost:3100/:0
[ 4072898ms] [ERROR] Failed to load resource: net::ERR_CONNECTION_REFUSED @ http://localhost:3100/:0
[ 4073905ms] [ERROR] Failed to load resource: net::ERR_CONNECTION_REFUSED @ http://localhost:3100/:0
[ 4074909ms] [ERROR] Failed to load resource: net::ERR_CONNECTION_REFUSED @ http://localhost:3100/:0
[ 4075913ms] [ERROR] Failed to load resource: net::ERR_CONNECTION_REFUSED @ http://localhost:3100/:0
[ 4076918ms] [ERROR] Failed to load resource: net::ERR_CONNECTION_REFUSED @ http://localhost:3100/:0
[ 4077924ms] [ERROR] Failed to load resource: net::ERR_CONNECTION_REFUSED @ http://localhost:3100/:0
[ 4078930ms] [ERROR] Failed to load resource: net::ERR_CONNECTION_REFUSED @ http://localhost:3100/:0
[ 4079933ms] [ERROR] Failed to load resource: net::ERR_CONNECTION_REFUSED @ http://localhost:3100/:0
[ 4080940ms] [ERROR] Failed to load resource: net::ERR_CONNECTION_REFUSED @ http://localhost:3100/:0
[ 4081943ms] [ERROR] Failed to load resource: net::ERR_CONNECTION_REFUSED @ http://localhost:3100/:0
[ 4082949ms] [ERROR] Failed to load resource: net::ERR_CONNECTION_REFUSED @ http://localhost:3100/:0
[ 4083953ms] [ERROR] Failed to load resource: net::ERR_CONNECTION_REFUSED @ http://localhost:3100/:0
[ 4084957ms] [ERROR] Failed to load resource: net::ERR_CONNECTION_REFUSED @ http://localhost:3100/:0
[ 4085963ms] [ERROR] Failed to load resource: net::ERR_CONNECTION_REFUSED @ http://localhost:3100/:0
[ 4086967ms] [ERROR] Failed to load resource: net::ERR_CONNECTION_REFUSED @ http://localhost:3100/:0
[ 4087970ms] [ERROR] Failed to load resource: net::ERR_CONNECTION_REFUSED @ http://localhost:3100/:0
[ 4088976ms] [ERROR] Failed to load resource: net::ERR_CONNECTION_REFUSED @ http://localhost:3100/:0
[ 4089980ms] [ERROR] Failed to load resource: net::ERR_CONNECTION_REFUSED @ http://localhost:3100/:0
[ 4090992ms] [ERROR] Failed to load resource: net::ERR_CONNECTION_REFUSED @ http://localhost:3100/:0
[ 4091999ms] [ERROR] Failed to load resource: net::ERR_CONNECTION_REFUSED @ http://localhost:3100/:0
[ 4093005ms] [ERROR] Failed to load resource: net::ERR_CONNECTION_REFUSED @ http://localhost:3100/:0
[ 4094011ms] [ERROR] Failed to load resource: net::ERR_CONNECTION_REFUSED @ http://localhost:3100/:0
[ 4095013ms] [ERROR] Failed to load resource: net::ERR_CONNECTION_REFUSED @ http://localhost:3100/:0
[ 4096018ms] [ERROR] Failed to load resource: net::ERR_CONNECTION_REFUSED @ http://localhost:3100/:0
[ 4097022ms] [ERROR] Failed to load resource: net::ERR_CONNECTION_REFUSED @ http://localhost:3100/:0
[ 4098025ms] [ERROR] Failed to load resource: net::ERR_CONNECTION_REFUSED @ http://localhost:3100/:0
[ 4099031ms] [ERROR] Failed to load resource: net::ERR_CONNECTION_REFUSED @ http://localhost:3100/:0
[ 4100035ms] [ERROR] Failed to load resource: net::ERR_CONNECTION_REFUSED @ http://localhost:3100/:0
[ 4101039ms] [ERROR] Failed to load resource: net::ERR_CONNECTION_REFUSED @ http://localhost:3100/:0
[ 4102043ms] [ERROR] Failed to load resource: net::ERR_CONNECTION_REFUSED @ http://localhost:3100/:0
[ 4103048ms] [ERROR] Failed to load resource: net::ERR_CONNECTION_REFUSED @ http://localhost:3100/:0
[ 4104053ms] [ERROR] Failed to load resource: net::ERR_CONNECTION_REFUSED @ http://localhost:3100/:0
[ 4105059ms] [ERROR] Failed to load resource: net::ERR_CONNECTION_REFUSED @ http://localhost:3100/:0
[ 4106064ms] [ERROR] Failed to load resource: net::ERR_CONNECTION_REFUSED @ http://localhost:3100/:0
[ 4107068ms] [ERROR] Failed to load resource: net::ERR_CONNECTION_REFUSED @ http://localhost:3100/:0
[ 4108073ms] [ERROR] Failed to load resource: net::ERR_CONNECTION_REFUSED @ http://localhost:3100/:0
[ 4109076ms] [ERROR] Failed to load resource: net::ERR_CONNECTION_REFUSED @ http://localhost:3100/:0
[ 4110080ms] [ERROR] Failed to load resource: net::ERR_CONNECTION_REFUSED @ http://localhost:3100/:0
[ 4111086ms] [ERROR] Failed to load resource: net::ERR_CONNECTION_REFUSED @ http://localhost:3100/:0
[ 4112090ms] [ERROR] Failed to load resource: net::ERR_CONNECTION_REFUSED @ http://localhost:3100/:0
[ 4113094ms] [ERROR] Failed to load resource: net::ERR_CONNECTION_REFUSED @ http://localhost:3100/:0
[ 4114099ms] [ERROR] Failed to load resource: net::ERR_CONNECTION_REFUSED @ http://localhost:3100/:0
[ 4115106ms] [ERROR] Failed to load resource: net::ERR_CONNECTION_REFUSED @ http://localhost:3100/:0
[ 4116113ms] [ERROR] Failed to load resource: net::ERR_CONNECTION_REFUSED @ http://localhost:3100/:0
[ 4117120ms] [ERROR] Failed to load resource: net::ERR_CONNECTION_REFUSED @ http://localhost:3100/:0
[ 4118127ms] [ERROR] Failed to load resource: net::ERR_CONNECTION_REFUSED @ http://localhost:3100/:0
[ 4119130ms] [ERROR] Failed to load resource: net::ERR_CONNECTION_REFUSED @ http://localhost:3100/:0
[ 4120134ms] [ERROR] Failed to load resource: net::ERR_CONNECTION_REFUSED @ http://localhost:3100/:0
[ 4121140ms] [ERROR] Failed to load resource: net::ERR_CONNECTION_REFUSED @ http://localhost:3100/:0
[ 4122146ms] [ERROR] Failed to load resource: net::ERR_CONNECTION_REFUSED @ http://localhost:3100/:0
[ 4123151ms] [ERROR] Failed to load resource: net::ERR_CONNECTION_REFUSED @ http://localhost:3100/:0
[ 4124155ms] [ERROR] Failed to load resource: net::ERR_CONNECTION_REFUSED @ http://localhost:3100/:0
[ 4125163ms] [ERROR] Failed to load resource: net::ERR_CONNECTION_REFUSED @ http://localhost:3100/:0
[ 4126169ms] [ERROR] Failed to load resource: net::ERR_CONNECTION_REFUSED @ http://localhost:3100/:0
[ 4127172ms] [ERROR] Failed to load resource: net::ERR_CONNECTION_REFUSED @ http://localhost:3100/:0
[ 4128175ms] [ERROR] Failed to load resource: net::ERR_CONNECTION_REFUSED @ http://localhost:3100/:0
[ 4129181ms] [ERROR] Failed to load resource: net::ERR_CONNECTION_REFUSED @ http://localhost:3100/:0
[ 4130185ms] [ERROR] Failed to load resource: net::ERR_CONNECTION_REFUSED @ http://localhost:3100/:0
[ 4131188ms] [ERROR] Failed to load resource: net::ERR_CONNECTION_REFUSED @ http://localhost:3100/:0
[ 4132193ms] [ERROR] Failed to load resource: net::ERR_CONNECTION_REFUSED @ http://localhost:3100/:0
[ 4133197ms] [ERROR] Failed to load resource: net::ERR_CONNECTION_REFUSED @ http://localhost:3100/:0
[ 4134202ms] [ERROR] Failed to load resource: net::ERR_CONNECTION_REFUSED @ http://localhost:3100/:0
[ 4135206ms] [ERROR] Failed to load resource: net::ERR_CONNECTION_REFUSED @ http://localhost:3100/:0
[ 4136209ms] [ERROR] Failed to load resource: net::ERR_CONNECTION_REFUSED @ http://localhost:3100/:0
[ 4137213ms] [ERROR] Failed to load resource: net::ERR_CONNECTION_REFUSED @ http://localhost:3100/:0
[ 4138216ms] [ERROR] Failed to load resource: net::ERR_CONNECTION_REFUSED @ http://localhost:3100/:0
[ 4139219ms] [ERROR] Failed to load resource: net::ERR_CONNECTION_REFUSED @ http://localhost:3100/:0
[ 4140221ms] [ERROR] Failed to load resource: net::ERR_CONNECTION_REFUSED @ http://localhost:3100/:0
[ 4141228ms] [ERROR] Failed to load resource: net::ERR_CONNECTION_REFUSED @ http://localhost:3100/:0
[ 4142233ms] [ERROR] Failed to load resource: net::ERR_CONNECTION_REFUSED @ http://localhost:3100/:0
[ 4143237ms] [ERROR] Failed to load resource: net::ERR_CONNECTION_REFUSED @ http://localhost:3100/:0
[ 4144241ms] [ERROR] Failed to load resource: net::ERR_CONNECTION_REFUSED @ http://localhost:3100/:0
[ 4145245ms] [ERROR] Failed to load resource: net::ERR_CONNECTION_REFUSED @ http://localhost:3100/:0
[ 4146251ms] [ERROR] Failed to load resource: net::ERR_CONNECTION_REFUSED @ http://localhost:3100/:0
[ 4147254ms] [ERROR] Failed to load resource: net::ERR_CONNECTION_REFUSED @ http://localhost:3100/:0
[ 4148258ms] [ERROR] Failed to load resource: net::ERR_CONNECTION_REFUSED @ http://localhost:3100/:0
[ 4149263ms] [ERROR] Failed to load resource: net::ERR_CONNECTION_REFUSED @ http://localhost:3100/:0
[ 4150266ms] [ERROR] Failed to load resource: net::ERR_CONNECTION_REFUSED @ http://localhost:3100/:0
[ 4151271ms] [ERROR] Failed to load resource: net::ERR_CONNECTION_REFUSED @ http://localhost:3100/:0
[ 4152277ms] [ERROR] Failed to load resource: net::ERR_CONNECTION_REFUSED @ http://localhost:3100/:0
[ 4153283ms] [ERROR] Failed to load resource: net::ERR_CONNECTION_REFUSED @ http://localhost:3100/:0
[ 4154286ms] [ERROR] Failed to load resource: net::ERR_CONNECTION_REFUSED @ http://localhost:3100/:0
[ 4155292ms] [ERROR] Failed to load resource: net::ERR_CONNECTION_REFUSED @ http://localhost:3100/:0
[ 4156297ms] [ERROR] Failed to load resource: net::ERR_CONNECTION_REFUSED @ http://localhost:3100/:0
[ 4157301ms] [ERROR] Failed to load resource: net::ERR_CONNECTION_REFUSED @ http://localhost:3100/:0
[ 4158305ms] [ERROR] Failed to load resource: net::ERR_CONNECTION_REFUSED @ http://localhost:3100/:0
[ 4159308ms] [ERROR] Failed to load resource: net::ERR_CONNECTION_REFUSED @ http://localhost:3100/:0
[ 4160313ms] [ERROR] Failed to load resource: net::ERR_CONNECTION_REFUSED @ http://localhost:3100/:0
[ 4161318ms] [ERROR] Failed to load resource: net::ERR_CONNECTION_REFUSED @ http://localhost:3100/:0
[ 4162321ms] [ERROR] Failed to load resource: net::ERR_CONNECTION_REFUSED @ http://localhost:3100/:0
[ 4163326ms] [ERROR] Failed to load resource: net::ERR_CONNECTION_REFUSED @ http://localhost:3100/:0
[ 4164332ms] [ERROR] Failed to load resource: net::ERR_CONNECTION_REFUSED @ http://localhost:3100/:0
[ 4165337ms] [ERROR] Failed to load resource: net::ERR_CONNECTION_REFUSED @ http://localhost:3100/:0
[ 4166342ms] [ERROR] Failed to load resource: net::ERR_CONNECTION_REFUSED @ http://localhost:3100/:0
[ 4167347ms] [ERROR] Failed to load resource: net::ERR_CONNECTION_REFUSED @ http://localhost:3100/:0
[ 4168351ms] [ERROR] Failed to load resource: net::ERR_CONNECTION_REFUSED @ http://localhost:3100/:0
[ 4169355ms] [ERROR] Failed to load resource: net::ERR_CONNECTION_REFUSED @ http://localhost:3100/:0
[ 4170359ms] [ERROR] Failed to load resource: net::ERR_CONNECTION_REFUSED @ http://localhost:3100/:0
[ 4171362ms] [ERROR] Failed to load resource: net::ERR_CONNECTION_REFUSED @ http://localhost:3100/:0
[ 4172367ms] [ERROR] Failed to load resource: net::ERR_CONNECTION_REFUSED @ http://localhost:3100/:0
[ 4173371ms] [ERROR] Failed to load resource: net::ERR_CONNECTION_REFUSED @ http://localhost:3100/:0
[ 4174375ms] [ERROR] Failed to load resource: net::ERR_CONNECTION_REFUSED @ http://localhost:3100/:0
[ 4175379ms] [ERROR] Failed to load resource: net::ERR_CONNECTION_REFUSED @ http://localhost:3100/:0
[ 4176383ms] [ERROR] Failed to load resource: net::ERR_CONNECTION_REFUSED @ http://localhost:3100/:0
[ 4177388ms] [ERROR] Failed to load resource: net::ERR_CONNECTION_REFUSED @ http://localhost:3100/:0
[ 4178393ms] [ERROR] Failed to load resource: net::ERR_CONNECTION_REFUSED @ http://localhost:3100/:0
[ 4179398ms] [ERROR] Failed to load resource: net::ERR_CONNECTION_REFUSED @ http://localhost:3100/:0
[ 4180404ms] [ERROR] Failed to load resource: net::ERR_CONNECTION_REFUSED @ http://localhost:3100/:0
[ 4181406ms] [ERROR] Failed to load resource: net::ERR_CONNECTION_REFUSED @ http://localhost:3100/:0
[ 4182411ms] [ERROR] Failed to load resource: net::ERR_CONNECTION_REFUSED @ http://localhost:3100/:0
[ 4183416ms] [ERROR] Failed to load resource: net::ERR_CONNECTION_REFUSED @ http://localhost:3100/:0
[ 4184421ms] [ERROR] Failed to load resource: net::ERR_CONNECTION_REFUSED @ http://localhost:3100/:0
[ 4185425ms] [ERROR] Failed to load resource: net::ERR_CONNECTION_REFUSED @ http://localhost:3100/:0
[ 4186431ms] [ERROR] Failed to load resource: net::ERR_CONNECTION_REFUSED @ http://localhost:3100/:0
[ 4187435ms] [ERROR] Failed to load resource: net::ERR_CONNECTION_REFUSED @ http://localhost:3100/:0
[ 4188440ms] [ERROR] Failed to load resource: net::ERR_CONNECTION_REFUSED @ http://localhost:3100/:0
[ 4189444ms] [ERROR] Failed to load resource: net::ERR_CONNECTION_REFUSED @ http://localhost:3100/:0
[ 4190447ms] [ERROR] Failed to load resource: net::ERR_CONNECTION_REFUSED @ http://localhost:3100/:0
[ 4191451ms] [ERROR] Failed to load resource: net::ERR_CONNECTION_REFUSED @ http://localhost:3100/:0
[ 4192456ms] [ERROR] Failed to load resource: net::ERR_CONNECTION_REFUSED @ http://localhost:3100/:0
[ 4193461ms] [ERROR] Failed to load resource: net::ERR_CONNECTION_REFUSED @ http://localhost:3100/:0
[ 4194464ms] [ERROR] Failed to load resource: net::ERR_CONNECTION_REFUSED @ http://localhost:3100/:0
[ 4195471ms] [ERROR] Failed to load resource: net::ERR_CONNECTION_REFUSED @ http://localhost:3100/:0
[ 4196474ms] [ERROR] Failed to load resource: net::ERR_CONNECTION_REFUSED @ http://localhost:3100/:0
[ 4197479ms] [ERROR] Failed to load resource: net::ERR_CONNECTION_REFUSED @ http://localhost:3100/:0
[ 4198482ms] [ERROR] Failed to load resource: net::ERR_CONNECTION_REFUSED @ http://localhost:3100/:0
[ 4199489ms] [ERROR] Failed to load resource: net::ERR_CONNECTION_REFUSED @ http://localhost:3100/:0
[ 4200492ms] [ERROR] Failed to load resource: net::ERR_CONNECTION_REFUSED @ http://localhost:3100/:0
[ 4201496ms] [ERROR] Failed to load resource: net::ERR_CONNECTION_REFUSED @ http://localhost:3100/:0
[ 4202502ms] [ERROR] Failed to load resource: net::ERR_CONNECTION_REFUSED @ http://localhost:3100/:0
[ 4203507ms] [ERROR] Failed to load resource: net::ERR_CONNECTION_REFUSED @ http://localhost:3100/:0
[ 4204511ms] [ERROR] Failed to load resource: net::ERR_CONNECTION_REFUSED @ http://localhost:3100/:0
[ 4205514ms] [ERROR] Failed to load resource: net::ERR_CONNECTION_REFUSED @ http://localhost:3100/:0
[ 4206520ms] [ERROR] Failed to load resource: net::ERR_CONNECTION_REFUSED @ http://localhost:3100/:0
[ 4207525ms] [ERROR] Failed to load resource: net::ERR_CONNECTION_REFUSED @ http://localhost:3100/:0
[ 4208528ms] [ERROR] Failed to load resource: net::ERR_CONNECTION_REFUSED @ http://localhost:3100/:0
[ 4209532ms] [ERROR] Failed to load resource: net::ERR_CONNECTION_REFUSED @ http://localhost:3100/:0
[ 4210537ms] [ERROR] Failed to load resource: net::ERR_CONNECTION_REFUSED @ http://localhost:3100/:0
[ 4211541ms] [ERROR] Failed to load resource: net::ERR_CONNECTION_REFUSED @ http://localhost:3100/:0
[ 4212545ms] [ERROR] Failed to load resource: net::ERR_CONNECTION_REFUSED @ http://localhost:3100/:0
[ 4213548ms] [ERROR] Failed to load resource: net::ERR_CONNECTION_REFUSED @ http://localhost:3100/:0
[ 4214554ms] [ERROR] Failed to load resource: net::ERR_CONNECTION_REFUSED @ http://localhost:3100/:0
[ 4215559ms] [ERROR] Failed to load resource: net::ERR_CONNECTION_REFUSED @ http://localhost:3100/:0
[ 4216563ms] [ERROR] Failed to load resource: net::ERR_CONNECTION_REFUSED @ http://localhost:3100/:0
[ 4217566ms] [ERROR] Failed to load resource: net::ERR_CONNECTION_REFUSED @ http://localhost:3100/:0
[ 4218571ms] [ERROR] Failed to load resource: net::ERR_CONNECTION_REFUSED @ http://localhost:3100/:0
[ 4219575ms] [ERROR] Failed to load resource: net::ERR_CONNECTION_REFUSED @ http://localhost:3100/:0
[ 4220580ms] [ERROR] Failed to load resource: net::ERR_CONNECTION_REFUSED @ http://localhost:3100/:0
[ 4221585ms] [ERROR] Failed to load resource: net::ERR_CONNECTION_REFUSED @ http://localhost:3100/:0
[ 4222591ms] [ERROR] Failed to load resource: net::ERR_CONNECTION_REFUSED @ http://localhost:3100/:0
[ 4223595ms] [ERROR] Failed to load resource: net::ERR_CONNECTION_REFUSED @ http://localhost:3100/:0
[ 4224601ms] [ERROR] Failed to load resource: net::ERR_CONNECTION_REFUSED @ http://localhost:3100/:0
[ 4225606ms] [ERROR] Failed to load resource: net::ERR_CONNECTION_REFUSED @ http://localhost:3100/:0
[ 4226609ms] [ERROR] Failed to load resource: net::ERR_CONNECTION_REFUSED @ http://localhost:3100/:0
[ 4227613ms] [ERROR] Failed to load resource: net::ERR_CONNECTION_REFUSED @ http://localhost:3100/:0
[ 4228618ms] [ERROR] Failed to load resource: net::ERR_CONNECTION_REFUSED @ http://localhost:3100/:0
[ 4229623ms] [ERROR] Failed to load resource: net::ERR_CONNECTION_REFUSED @ http://localhost:3100/:0
[ 4230627ms] [ERROR] Failed to load resource: net::ERR_CONNECTION_REFUSED @ http://localhost:3100/:0
[ 4231633ms] [ERROR] Failed to load resource: net::ERR_CONNECTION_REFUSED @ http://localhost:3100/:0
[ 4232637ms] [ERROR] Failed to load resource: net::ERR_CONNECTION_REFUSED @ http://localhost:3100/:0
[ 4233640ms] [ERROR] Failed to load resource: net::ERR_CONNECTION_REFUSED @ http://localhost:3100/:0
[ 4234642ms] [ERROR] Failed to load resource: net::ERR_CONNECTION_REFUSED @ http://localhost:3100/:0
[ 4235645ms] [ERROR] Failed to load resource: net::ERR_CONNECTION_REFUSED @ http://localhost:3100/:0
[ 4236647ms] [ERROR] Failed to load resource: net::ERR_CONNECTION_REFUSED @ http://localhost:3100/:0
[ 4237650ms] [ERROR] Failed to load resource: net::ERR_CONNECTION_REFUSED @ http://localhost:3100/:0
[ 4238655ms] [ERROR] Failed to load resource: net::ERR_CONNECTION_REFUSED @ http://localhost:3100/:0
[ 4239660ms] [ERROR] Failed to load resource: net::ERR_CONNECTION_REFUSED @ http://localhost:3100/:0
[ 4240663ms] [ERROR] Failed to load resource: net::ERR_CONNECTION_REFUSED @ http://localhost:3100/:0
[ 4241668ms] [ERROR] Failed to load resource: net::ERR_CONNECTION_REFUSED @ http://localhost:3100/:0
[ 4242672ms] [ERROR] Failed to load resource: net::ERR_CONNECTION_REFUSED @ http://localhost:3100/:0
[ 4243678ms] [ERROR] Failed to load resource: net::ERR_CONNECTION_REFUSED @ http://localhost:3100/:0
[ 4244690ms] [ERROR] Failed to load resource: net::ERR_CONNECTION_REFUSED @ http://localhost:3100/:0
[ 4245697ms] [ERROR] Failed to load resource: net::ERR_CONNECTION_REFUSED @ http://localhost:3100/:0
[ 4246706ms] [ERROR] Failed to load resource: net::ERR_CONNECTION_REFUSED @ http://localhost:3100/:0
[ 4247717ms] [ERROR] Failed to load resource: net::ERR_CONNECTION_REFUSED @ http://localhost:3100/:0
[ 4248725ms] [ERROR] Failed to load resource: net::ERR_CONNECTION_REFUSED @ http://localhost:3100/:0
[ 4249728ms] [ERROR] Failed to load resource: net::ERR_CONNECTION_REFUSED @ http://localhost:3100/:0
[ 4250733ms] [ERROR] Failed to load resource: net::ERR_CONNECTION_REFUSED @ http://localhost:3100/:0
[ 4251739ms] [ERROR] Failed to load resource: net::ERR_CONNECTION_REFUSED @ http://localhost:3100/:0
[ 4252743ms] [ERROR] Failed to load resource: net::ERR_CONNECTION_REFUSED @ http://localhost:3100/:0
[ 4253749ms] [ERROR] Failed to load resource: net::ERR_CONNECTION_REFUSED @ http://localhost:3100/:0
[ 4254754ms] [ERROR] Failed to load resource: net::ERR_CONNECTION_REFUSED @ http://localhost:3100/:0
[ 4255758ms] [ERROR] Failed to load resource: net::ERR_CONNECTION_REFUSED @ http://localhost:3100/:0
[ 4256766ms] [ERROR] Failed to load resource: net::ERR_CONNECTION_REFUSED @ http://localhost:3100/:0
[ 4257771ms] [ERROR] Failed to load resource: net::ERR_CONNECTION_REFUSED @ http://localhost:3100/:0
[ 4258776ms] [ERROR] Failed to load resource: net::ERR_CONNECTION_REFUSED @ http://localhost:3100/:0
[ 4259783ms] [ERROR] Failed to load resource: net::ERR_CONNECTION_REFUSED @ http://localhost:3100/:0
[ 4260788ms] [ERROR] Failed to load resource: net::ERR_CONNECTION_REFUSED @ http://localhost:3100/:0
[ 4261792ms] [ERROR] Failed to load resource: net::ERR_CONNECTION_REFUSED @ http://localhost:3100/:0
[ 4262800ms] [ERROR] Failed to load resource: net::ERR_CONNECTION_REFUSED @ http://localhost:3100/:0
[ 4263807ms] [ERROR] Failed to load resource: net::ERR_CONNECTION_REFUSED @ http://localhost:3100/:0
[ 4264810ms] [ERROR] Failed to load resource: net::ERR_CONNECTION_REFUSED @ http://localhost:3100/:0
[ 4265816ms] [ERROR] Failed to load resource: net::ERR_CONNECTION_REFUSED @ http://localhost:3100/:0
[ 4266821ms] [ERROR] Failed to load resource: net::ERR_CONNECTION_REFUSED @ http://localhost:3100/:0
[ 4267827ms] [ERROR] Failed to load resource: net::ERR_CONNECTION_REFUSED @ http://localhost:3100/:0
[ 4268833ms] [ERROR] Failed to load resource: net::ERR_CONNECTION_REFUSED @ http://localhost:3100/:0
[ 4269837ms] [ERROR] Failed to load resource: net::ERR_CONNECTION_REFUSED @ http://localhost:3100/:0
[ 4270840ms] [ERROR] Failed to load resource: net::ERR_CONNECTION_REFUSED @ http://localhost:3100/:0
[ 4271843ms] [ERROR] Failed to load resource: net::ERR_CONNECTION_REFUSED @ http://localhost:3100/:0
[ 4272849ms] [ERROR] Failed to load resource: net::ERR_CONNECTION_REFUSED @ http://localhost:3100/:0
[ 4273857ms] [ERROR] Failed to load resource: net::ERR_CONNECTION_REFUSED @ http://localhost:3100/:0
[ 4274864ms] [ERROR] Failed to load resource: net::ERR_CONNECTION_REFUSED @ http://localhost:3100/:0
[ 4275870ms] [ERROR] Failed to load resource: net::ERR_CONNECTION_REFUSED @ http://localhost:3100/:0
[ 4276873ms] [ERROR] Failed to load resource: net::ERR_CONNECTION_REFUSED @ http://localhost:3100/:0
[ 4277879ms] [ERROR] Failed to load resource: net::ERR_CONNECTION_REFUSED @ http://localhost:3100/:0
[ 4278882ms] [ERROR] Failed to load resource: net::ERR_CONNECTION_REFUSED @ http://localhost:3100/:0
[ 4279887ms] [ERROR] Failed to load resource: net::ERR_CONNECTION_REFUSED @ http://localhost:3100/:0
[ 4280891ms] [ERROR] Failed to load resource: net::ERR_CONNECTION_REFUSED @ http://localhost:3100/:0
[ 4281893ms] [ERROR] Failed to load resource: net::ERR_CONNECTION_REFUSED @ http://localhost:3100/:0
[ 4282898ms] [ERROR] Failed to load resource: net::ERR_CONNECTION_REFUSED @ http://localhost:3100/:0
[ 4283906ms] [ERROR] Failed to load resource: net::ERR_CONNECTION_REFUSED @ http://localhost:3100/:0
[ 4284916ms] [ERROR] Failed to load resource: net::ERR_CONNECTION_REFUSED @ http://localhost:3100/:0
[ 4285923ms] [ERROR] Failed to load resource: net::ERR_CONNECTION_REFUSED @ http://localhost:3100/:0
[ 4286929ms] [ERROR] Failed to load resource: net::ERR_CONNECTION_REFUSED @ http://localhost:3100/:0
[ 4287937ms] [ERROR] Failed to load resource: net::ERR_CONNECTION_REFUSED @ http://localhost:3100/:0
[ 4288943ms] [ERROR] Failed to load resource: net::ERR_CONNECTION_REFUSED @ http://localhost:3100/:0
[ 4289946ms] [ERROR] Failed to load resource: net::ERR_CONNECTION_REFUSED @ http://localhost:3100/:0
[ 4290955ms] [ERROR] Failed to load resource: net::ERR_CONNECTION_REFUSED @ http://localhost:3100/:0
[ 4291962ms] [ERROR] Failed to load resource: net::ERR_CONNECTION_REFUSED @ http://localhost:3100/:0
[ 4292966ms] [ERROR] Failed to load resource: net::ERR_CONNECTION_REFUSED @ http://localhost:3100/:0
[ 4293970ms] [ERROR] Failed to load resource: net::ERR_CONNECTION_REFUSED @ http://localhost:3100/:0
[ 4294974ms] [ERROR] Failed to load resource: net::ERR_CONNECTION_REFUSED @ http://localhost:3100/:0
[ 4295980ms] [ERROR] Failed to load resource: net::ERR_CONNECTION_REFUSED @ http://localhost:3100/:0
[ 4296987ms] [ERROR] Failed to load resource: net::ERR_CONNECTION_REFUSED @ http://localhost:3100/:0
[ 4297992ms] [ERROR] Failed to load resource: net::ERR_CONNECTION_REFUSED @ http://localhost:3100/:0
[ 4298996ms] [ERROR] Failed to load resource: net::ERR_CONNECTION_REFUSED @ http://localhost:3100/:0
[ 4300003ms] [ERROR] Failed to load resource: net::ERR_CONNECTION_REFUSED @ http://localhost:3100/:0
[ 4301006ms] [ERROR] Failed to load resource: net::ERR_CONNECTION_REFUSED @ http://localhost:3100/:0
[ 4302009ms] [ERROR] Failed to load resource: net::ERR_CONNECTION_REFUSED @ http://localhost:3100/:0
[ 4303014ms] [ERROR] Failed to load resource: net::ERR_CONNECTION_REFUSED @ http://localhost:3100/:0
[ 4304018ms] [ERROR] Failed to load resource: net::ERR_CONNECTION_REFUSED @ http://localhost:3100/:0
[ 4305022ms] [ERROR] Failed to load resource: net::ERR_CONNECTION_REFUSED @ http://localhost:3100/:0
[ 4306030ms] [ERROR] Failed to load resource: net::ERR_CONNECTION_REFUSED @ http://localhost:3100/:0
[ 4307035ms] [ERROR] Failed to load resource: net::ERR_CONNECTION_REFUSED @ http://localhost:3100/:0
[ 4308039ms] [ERROR] Failed to load resource: net::ERR_CONNECTION_REFUSED @ http://localhost:3100/:0
[ 4309047ms] [ERROR] Failed to load resource: net::ERR_CONNECTION_REFUSED @ http://localhost:3100/:0
[ 4310051ms] [ERROR] Failed to load resource: net::ERR_CONNECTION_REFUSED @ http://localhost:3100/:0
[ 4311055ms] [ERROR] Failed to load resource: net::ERR_CONNECTION_REFUSED @ http://localhost:3100/:0
[ 4312057ms] [ERROR] Failed to load resource: net::ERR_CONNECTION_REFUSED @ http://localhost:3100/:0
[ 4313078ms] [ERROR] Failed to load resource: net::ERR_CONNECTION_REFUSED @ http://localhost:3100/:0
[ 4314083ms] [ERROR] Failed to load resource: net::ERR_CONNECTION_REFUSED @ http://localhost:3100/:0
[ 4315087ms] [ERROR] Failed to load resource: net::ERR_CONNECTION_REFUSED @ http://localhost:3100/:0
[ 4316094ms] [ERROR] Failed to load resource: net::ERR_CONNECTION_REFUSED @ http://localhost:3100/:0
[ 4317100ms] [ERROR] Failed to load resource: net::ERR_CONNECTION_REFUSED @ http://localhost:3100/:0
[ 4318105ms] [ERROR] Failed to load resource: net::ERR_CONNECTION_REFUSED @ http://localhost:3100/:0
[ 4319108ms] [ERROR] Failed to load resource: net::ERR_CONNECTION_REFUSED @ http://localhost:3100/:0
[ 4320113ms] [ERROR] Failed to load resource: net::ERR_CONNECTION_REFUSED @ http://localhost:3100/:0
[ 4321117ms] [ERROR] Failed to load resource: net::ERR_CONNECTION_REFUSED @ http://localhost:3100/:0
[ 4322120ms] [ERROR] Failed to load resource: net::ERR_CONNECTION_REFUSED @ http://localhost:3100/:0
[ 4323123ms] [ERROR] Failed to load resource: net::ERR_CONNECTION_REFUSED @ http://localhost:3100/:0
[ 4324130ms] [ERROR] Failed to load resource: net::ERR_CONNECTION_REFUSED @ http://localhost:3100/:0
[ 4325139ms] [ERROR] Failed to load resource: net::ERR_CONNECTION_REFUSED @ http://localhost:3100/:0
[ 4326149ms] [ERROR] Failed to load resource: net::ERR_CONNECTION_REFUSED @ http://localhost:3100/:0
[ 4327160ms] [ERROR] Failed to load resource: net::ERR_CONNECTION_REFUSED @ http://localhost:3100/:0
[ 4328165ms] [ERROR] Failed to load resource: net::ERR_CONNECTION_REFUSED @ http://localhost:3100/:0
[ 4329167ms] [ERROR] Failed to load resource: net::ERR_CONNECTION_REFUSED @ http://localhost:3100/:0
[ 4330172ms] [ERROR] Failed to load resource: net::ERR_CONNECTION_REFUSED @ http://localhost:3100/:0
[ 4331176ms] [ERROR] Failed to load resource: net::ERR_CONNECTION_REFUSED @ http://localhost:3100/:0
[ 4332180ms] [ERROR] Failed to load resource: net::ERR_CONNECTION_REFUSED @ http://localhost:3100/:0
[ 4333185ms] [ERROR] Failed to load resource: net::ERR_CONNECTION_REFUSED @ http://localhost:3100/:0
[ 4334189ms] [ERROR] Failed to load resource: net::ERR_CONNECTION_REFUSED @ http://localhost:3100/:0
[ 4335194ms] [ERROR] Failed to load resource: net::ERR_CONNECTION_REFUSED @ http://localhost:3100/:0
[ 4336199ms] [ERROR] Failed to load resource: net::ERR_CONNECTION_REFUSED @ http://localhost:3100/:0
[ 4337203ms] [ERROR] Failed to load resource: net::ERR_CONNECTION_REFUSED @ http://localhost:3100/:0
[ 4338205ms] [ERROR] Failed to load resource: net::ERR_CONNECTION_REFUSED @ http://localhost:3100/:0
[ 4339208ms] [ERROR] Failed to load resource: net::ERR_CONNECTION_REFUSED @ http://localhost:3100/:0
[ 4340211ms] [ERROR] Failed to load resource: net::ERR_CONNECTION_REFUSED @ http://localhost:3100/:0
[ 4341213ms] [ERROR] Failed to load resource: net::ERR_CONNECTION_REFUSED @ http://localhost:3100/:0
[ 4342217ms] [ERROR] Failed to load resource: net::ERR_CONNECTION_REFUSED @ http://localhost:3100/:0
[ 4343220ms] [ERROR] Failed to load resource: net::ERR_CONNECTION_REFUSED @ http://localhost:3100/:0
[ 4344223ms] [ERROR] Failed to load resource: net::ERR_CONNECTION_REFUSED @ http://localhost:3100/:0
[ 4345228ms] [ERROR] Failed to load resource: net::ERR_CONNECTION_REFUSED @ http://localhost:3100/:0
[ 4346232ms] [ERROR] Failed to load resource: net::ERR_CONNECTION_REFUSED @ http://localhost:3100/:0
[ 4347235ms] [ERROR] Failed to load resource: net::ERR_CONNECTION_REFUSED @ http://localhost:3100/:0
[ 4348238ms] [ERROR] Failed to load resource: net::ERR_CONNECTION_REFUSED @ http://localhost:3100/:0
[ 4349241ms] [ERROR] Failed to load resource: net::ERR_CONNECTION_REFUSED @ http://localhost:3100/:0
[ 4350246ms] [ERROR] Failed to load resource: net::ERR_CONNECTION_REFUSED @ http://localhost:3100/:0
[ 4351251ms] [ERROR] Failed to load resource: net::ERR_CONNECTION_REFUSED @ http://localhost:3100/:0
[ 4352258ms] [ERROR] Failed to load resource: net::ERR_CONNECTION_REFUSED @ http://localhost:3100/:0
[ 4353261ms] [ERROR] Failed to load resource: net::ERR_CONNECTION_REFUSED @ http://localhost:3100/:0
[ 4354266ms] [ERROR] Failed to load resource: net::ERR_CONNECTION_REFUSED @ http://localhost:3100/:0
[ 4355270ms] [ERROR] Failed to load resource: net::ERR_CONNECTION_REFUSED @ http://localhost:3100/:0
[ 4356275ms] [ERROR] Failed to load resource: net::ERR_CONNECTION_REFUSED @ http://localhost:3100/:0
[ 4357278ms] [ERROR] Failed to load resource: net::ERR_CONNECTION_REFUSED @ http://localhost:3100/:0
[ 4358285ms] [ERROR] Failed to load resource: net::ERR_CONNECTION_REFUSED @ http://localhost:3100/:0
[ 4359292ms] [ERROR] Failed to load resource: net::ERR_CONNECTION_REFUSED @ http://localhost:3100/:0
[ 4360295ms] [ERROR] Failed to load resource: net::ERR_CONNECTION_REFUSED @ http://localhost:3100/:0
[ 4361298ms] [ERROR] Failed to load resource: net::ERR_CONNECTION_REFUSED @ http://localhost:3100/:0
[ 4362304ms] [ERROR] Failed to load resource: net::ERR_CONNECTION_REFUSED @ http://localhost:3100/:0
[ 4363308ms] [ERROR] Failed to load resource: net::ERR_CONNECTION_REFUSED @ http://localhost:3100/:0
[ 4364313ms] [ERROR] Failed to load resource: net::ERR_CONNECTION_REFUSED @ http://localhost:3100/:0
[ 4365316ms] [ERROR] Failed to load resource: net::ERR_CONNECTION_REFUSED @ http://localhost:3100/:0
[ 4366319ms] [ERROR] Failed to load resource: net::ERR_CONNECTION_REFUSED @ http://localhost:3100/:0
[ 4367322ms] [ERROR] Failed to load resource: net::ERR_CONNECTION_REFUSED @ http://localhost:3100/:0
[ 4368328ms] [ERROR] Failed to load resource: net::ERR_CONNECTION_REFUSED @ http://localhost:3100/:0
[ 4369332ms] [ERROR] Failed to load resource: net::ERR_CONNECTION_REFUSED @ http://localhost:3100/:0
[ 4370337ms] [ERROR] Failed to load resource: net::ERR_CONNECTION_REFUSED @ http://localhost:3100/:0
[ 4371344ms] [ERROR] Failed to load resource: net::ERR_CONNECTION_REFUSED @ http://localhost:3100/:0
[ 4372350ms] [ERROR] Failed to load resource: net::ERR_CONNECTION_REFUSED @ http://localhost:3100/:0
[ 4373352ms] [ERROR] Failed to load resource: net::ERR_CONNECTION_REFUSED @ http://localhost:3100/:0
[ 4374359ms] [ERROR] Failed to load resource: net::ERR_CONNECTION_REFUSED @ http://localhost:3100/:0
[ 4375365ms] [ERROR] Failed to load resource: net::ERR_CONNECTION_REFUSED @ http://localhost:3100/:0
[ 4376373ms] [ERROR] Failed to load resource: net::ERR_CONNECTION_REFUSED @ http://localhost:3100/:0
[ 4377376ms] [ERROR] Failed to load resource: net::ERR_CONNECTION_REFUSED @ http://localhost:3100/:0
[ 4378383ms] [ERROR] Failed to load resource: net::ERR_CONNECTION_REFUSED @ http://localhost:3100/:0
[ 4379390ms] [ERROR] Failed to load resource: net::ERR_CONNECTION_REFUSED @ http://localhost:3100/:0
[ 4380395ms] [ERROR] Failed to load resource: net::ERR_CONNECTION_REFUSED @ http://localhost:3100/:0
[ 4381399ms] [ERROR] Failed to load resource: net::ERR_CONNECTION_REFUSED @ http://localhost:3100/:0
[ 4382405ms] [ERROR] Failed to load resource: net::ERR_CONNECTION_REFUSED @ http://localhost:3100/:0
[ 4383410ms] [ERROR] Failed to load resource: net::ERR_CONNECTION_REFUSED @ http://localhost:3100/:0
[ 4384415ms] [ERROR] Failed to load resource: net::ERR_CONNECTION_REFUSED @ http://localhost:3100/:0
[ 4385423ms] [ERROR] Failed to load resource: net::ERR_CONNECTION_REFUSED @ http://localhost:3100/:0
[ 4386429ms] [ERROR] Failed to load resource: net::ERR_CONNECTION_REFUSED @ http://localhost:3100/:0
[ 4387434ms] [ERROR] Failed to load resource: net::ERR_CONNECTION_REFUSED @ http://localhost:3100/:0
[ 4388438ms] [ERROR] Failed to load resource: net::ERR_CONNECTION_REFUSED @ http://localhost:3100/:0
[ 4389442ms] [ERROR] Failed to load resource: net::ERR_CONNECTION_REFUSED @ http://localhost:3100/:0
[ 4390447ms] [ERROR] Failed to load resource: net::ERR_CONNECTION_REFUSED @ http://localhost:3100/:0
[ 4391455ms] [ERROR] Failed to load resource: net::ERR_CONNECTION_REFUSED @ http://localhost:3100/:0
[ 4392460ms] [ERROR] Failed to load resource: net::ERR_CONNECTION_REFUSED @ http://localhost:3100/:0
[ 4393463ms] [ERROR] Failed to load resource: net::ERR_CONNECTION_REFUSED @ http://localhost:3100/:0
[ 4394467ms] [ERROR] Failed to load resource: net::ERR_CONNECTION_REFUSED @ http://localhost:3100/:0
[ 4395469ms] [ERROR] Failed to load resource: net::ERR_CONNECTION_REFUSED @ http://localhost:3100/:0
[ 4396474ms] [ERROR] Failed to load resource: net::ERR_CONNECTION_REFUSED @ http://localhost:3100/:0
[ 4397480ms] [ERROR] Failed to load resource: net::ERR_CONNECTION_REFUSED @ http://localhost:3100/:0
[ 4398483ms] [ERROR] Failed to load resource: net::ERR_CONNECTION_REFUSED @ http://localhost:3100/:0
[ 4399491ms] [ERROR] Failed to load resource: net::ERR_CONNECTION_REFUSED @ http://localhost:3100/:0
[ 4400498ms] [ERROR] Failed to load resource: net::ERR_CONNECTION_REFUSED @ http://localhost:3100/:0
[ 4401505ms] [ERROR] Failed to load resource: net::ERR_CONNECTION_REFUSED @ http://localhost:3100/:0
[ 4402508ms] [ERROR] Failed to load resource: net::ERR_CONNECTION_REFUSED @ http://localhost:3100/:0
[ 4403512ms] [ERROR] Failed to load resource: net::ERR_CONNECTION_REFUSED @ http://localhost:3100/:0
[ 4404515ms] [ERROR] Failed to load resource: net::ERR_CONNECTION_REFUSED @ http://localhost:3100/:0
[ 4405521ms] [ERROR] Failed to load resource: net::ERR_CONNECTION_REFUSED @ http://localhost:3100/:0
[ 4406524ms] [ERROR] Failed to load resource: net::ERR_CONNECTION_REFUSED @ http://localhost:3100/:0
[ 4407530ms] [ERROR] Failed to load resource: net::ERR_CONNECTION_REFUSED @ http://localhost:3100/:0
[ 4408534ms] [ERROR] Failed to load resource: net::ERR_CONNECTION_REFUSED @ http://localhost:3100/:0
[ 4409542ms] [ERROR] Failed to load resource: net::ERR_CONNECTION_REFUSED @ http://localhost:3100/:0
[ 4410549ms] [ERROR] Failed to load resource: net::ERR_CONNECTION_REFUSED @ http://localhost:3100/:0
[ 4411556ms] [ERROR] Failed to load resource: net::ERR_CONNECTION_REFUSED @ http://localhost:3100/:0
[ 4412562ms] [ERROR] Failed to load resource: net::ERR_CONNECTION_REFUSED @ http://localhost:3100/:0
[ 4413567ms] [ERROR] Failed to load resource: net::ERR_CONNECTION_REFUSED @ http://localhost:3100/:0
[ 4414570ms] [ERROR] Failed to load resource: net::ERR_CONNECTION_REFUSED @ http://localhost:3100/:0
[ 4415573ms] [ERROR] Failed to load resource: net::ERR_CONNECTION_REFUSED @ http://localhost:3100/:0
[ 4416577ms] [ERROR] Failed to load resource: net::ERR_CONNECTION_REFUSED @ http://localhost:3100/:0
[ 4417583ms] [ERROR] Failed to load resource: net::ERR_CONNECTION_REFUSED @ http://localhost:3100/:0
[ 4418589ms] [ERROR] Failed to load resource: net::ERR_CONNECTION_REFUSED @ http://localhost:3100/:0
[ 4419593ms] [ERROR] Failed to load resource: net::ERR_CONNECTION_REFUSED @ http://localhost:3100/:0
[ 4420598ms] [ERROR] Failed to load resource: net::ERR_CONNECTION_REFUSED @ http://localhost:3100/:0
[ 4421603ms] [ERROR] Failed to load resource: net::ERR_CONNECTION_REFUSED @ http://localhost:3100/:0
[ 4422606ms] [ERROR] Failed to load resource: net::ERR_CONNECTION_REFUSED @ http://localhost:3100/:0
[ 4423609ms] [ERROR] Failed to load resource: net::ERR_CONNECTION_REFUSED @ http://localhost:3100/:0
[ 4424615ms] [ERROR] Failed to load resource: net::ERR_CONNECTION_REFUSED @ http://localhost:3100/:0
[ 4425621ms] [ERROR] Failed to load resource: net::ERR_CONNECTION_REFUSED @ http://localhost:3100/:0
[ 4426624ms] [ERROR] Failed to load resource: net::ERR_CONNECTION_REFUSED @ http://localhost:3100/:0
[ 4427629ms] [ERROR] Failed to load resource: net::ERR_CONNECTION_REFUSED @ http://localhost:3100/:0
[ 4428635ms] [ERROR] Failed to load resource: net::ERR_CONNECTION_REFUSED @ http://localhost:3100/:0
[ 4429640ms] [ERROR] Failed to load resource: net::ERR_CONNECTION_REFUSED @ http://localhost:3100/:0
[ 4430646ms] [ERROR] Failed to load resource: net::ERR_CONNECTION_REFUSED @ http://localhost:3100/:0
[ 4431654ms] [ERROR] Failed to load resource: net::ERR_CONNECTION_REFUSED @ http://localhost:3100/:0
[ 4432658ms] [ERROR] Failed to load resource: net::ERR_CONNECTION_REFUSED @ http://localhost:3100/:0
[ 4433710ms] [ERROR] Failed to load resource: net::ERR_CONNECTION_REFUSED @ http://localhost:3100/:0
[ 4434721ms] [ERROR] Failed to load resource: net::ERR_CONNECTION_REFUSED @ http://localhost:3100/:0
[ 4435729ms] [ERROR] Failed to load resource: net::ERR_CONNECTION_REFUSED @ http://localhost:3100/:0
[ 4436732ms] [ERROR] Failed to load resource: net::ERR_CONNECTION_REFUSED @ http://localhost:3100/:0
[ 4437739ms] [ERROR] Failed to load resource: net::ERR_CONNECTION_REFUSED @ http://localhost:3100/:0
[ 4438743ms] [ERROR] Failed to load resource: net::ERR_CONNECTION_REFUSED @ http://localhost:3100/:0
[ 4439746ms] [ERROR] Failed to load resource: net::ERR_CONNECTION_REFUSED @ http://localhost:3100/:0
[ 4440749ms] [ERROR] Failed to load resource: net::ERR_CONNECTION_REFUSED @ http://localhost:3100/:0
[ 4441755ms] [ERROR] Failed to load resource: net::ERR_CONNECTION_REFUSED @ http://localhost:3100/:0
[ 4442760ms] [ERROR] Failed to load resource: net::ERR_CONNECTION_REFUSED @ http://localhost:3100/:0
[ 4443765ms] [ERROR] Failed to load resource: net::ERR_CONNECTION_REFUSED @ http://localhost:3100/:0
[ 4444771ms] [ERROR] Failed to load resource: net::ERR_CONNECTION_REFUSED @ http://localhost:3100/:0
[ 4445775ms] [ERROR] Failed to load resource: net::ERR_CONNECTION_REFUSED @ http://localhost:3100/:0
[ 4446778ms] [ERROR] Failed to load resource: net::ERR_CONNECTION_REFUSED @ http://localhost:3100/:0
[ 4447784ms] [ERROR] Failed to load resource: net::ERR_CONNECTION_REFUSED @ http://localhost:3100/:0
[ 4448790ms] [ERROR] Failed to load resource: net::ERR_CONNECTION_REFUSED @ http://localhost:3100/:0
[ 4449793ms] [ERROR] Failed to load resource: net::ERR_CONNECTION_REFUSED @ http://localhost:3100/:0
[ 4450797ms] [ERROR] Failed to load resource: net::ERR_CONNECTION_REFUSED @ http://localhost:3100/:0
[ 4451800ms] [ERROR] Failed to load resource: net::ERR_CONNECTION_REFUSED @ http://localhost:3100/:0
[ 4452806ms] [ERROR] Failed to load resource: net::ERR_CONNECTION_REFUSED @ http://localhost:3100/:0
[ 4453810ms] [ERROR] Failed to load resource: net::ERR_CONNECTION_REFUSED @ http://localhost:3100/:0
[ 4454816ms] [ERROR] Failed to load resource: net::ERR_CONNECTION_REFUSED @ http://localhost:3100/:0
[ 4455821ms] [ERROR] Failed to load resource: net::ERR_CONNECTION_REFUSED @ http://localhost:3100/:0
[ 4456826ms] [ERROR] Failed to load resource: net::ERR_CONNECTION_REFUSED @ http://localhost:3100/:0
[ 4457829ms] [ERROR] Failed to load resource: net::ERR_CONNECTION_REFUSED @ http://localhost:3100/:0
[ 4458835ms] [ERROR] Failed to load resource: net::ERR_CONNECTION_REFUSED @ http://localhost:3100/:0
[ 4459839ms] [ERROR] Failed to load resource: net::ERR_CONNECTION_REFUSED @ http://localhost:3100/:0
[ 4460844ms] [ERROR] Failed to load resource: net::ERR_CONNECTION_REFUSED @ http://localhost:3100/:0
[ 4461848ms] [ERROR] Failed to load resource: net::ERR_CONNECTION_REFUSED @ http://localhost:3100/:0
[ 4462850ms] [ERROR] Failed to load resource: net::ERR_CONNECTION_REFUSED @ http://localhost:3100/:0
[ 4463854ms] [ERROR] Failed to load resource: net::ERR_CONNECTION_REFUSED @ http://localhost:3100/:0
[ 4464858ms] [ERROR] Failed to load resource: net::ERR_CONNECTION_REFUSED @ http://localhost:3100/:0
[ 4465864ms] [ERROR] Failed to load resource: net::ERR_CONNECTION_REFUSED @ http://localhost:3100/:0
[ 4466866ms] [ERROR] Failed to load resource: net::ERR_CONNECTION_REFUSED @ http://localhost:3100/:0
[ 4467870ms] [ERROR] Failed to load resource: net::ERR_CONNECTION_REFUSED @ http://localhost:3100/:0
[ 4468875ms] [ERROR] Failed to load resource: net::ERR_CONNECTION_REFUSED @ http://localhost:3100/:0
[ 4469879ms] [ERROR] Failed to load resource: net::ERR_CONNECTION_REFUSED @ http://localhost:3100/:0
[ 4470882ms] [ERROR] Failed to load resource: net::ERR_CONNECTION_REFUSED @ http://localhost:3100/:0
[ 4471889ms] [ERROR] Failed to load resource: net::ERR_CONNECTION_REFUSED @ http://localhost:3100/:0
[ 4472893ms] [ERROR] Failed to load resource: net::ERR_CONNECTION_REFUSED @ http://localhost:3100/:0
[ 4473897ms] [ERROR] Failed to load resource: net::ERR_CONNECTION_REFUSED @ http://localhost:3100/:0
[ 4474902ms] [ERROR] Failed to load resource: net::ERR_CONNECTION_REFUSED @ http://localhost:3100/:0
[ 4475905ms] [ERROR] Failed to load resource: net::ERR_CONNECTION_REFUSED @ http://localhost:3100/:0
[ 4476909ms] [ERROR] Failed to load resource: net::ERR_CONNECTION_REFUSED @ http://localhost:3100/:0
[ 4477918ms] [ERROR] Failed to load resource: net::ERR_CONNECTION_REFUSED @ http://localhost:3100/:0
[ 4478922ms] [ERROR] Failed to load resource: net::ERR_CONNECTION_REFUSED @ http://localhost:3100/:0
[ 4479928ms] [ERROR] Failed to load resource: net::ERR_CONNECTION_REFUSED @ http://localhost:3100/:0
[ 4480930ms] [ERROR] Failed to load resource: net::ERR_CONNECTION_REFUSED @ http://localhost:3100/:0
[ 4481935ms] [ERROR] Failed to load resource: net::ERR_CONNECTION_REFUSED @ http://localhost:3100/:0
[ 4482940ms] [ERROR] Failed to load resource: net::ERR_CONNECTION_REFUSED @ http://localhost:3100/:0
[ 4483945ms] [ERROR] Failed to load resource: net::ERR_CONNECTION_REFUSED @ http://localhost:3100/:0
[ 4484953ms] [ERROR] Failed to load resource: net::ERR_CONNECTION_REFUSED @ http://localhost:3100/:0
[ 4485960ms] [ERROR] Failed to load resource: net::ERR_CONNECTION_REFUSED @ http://localhost:3100/:0
[ 4486963ms] [ERROR] Failed to load resource: net::ERR_CONNECTION_REFUSED @ http://localhost:3100/:0
[ 4487966ms] [ERROR] Failed to load resource: net::ERR_CONNECTION_REFUSED @ http://localhost:3100/:0
[ 4488971ms] [ERROR] Failed to load resource: net::ERR_CONNECTION_REFUSED @ http://localhost:3100/:0
[ 4489973ms] [ERROR] Failed to load resource: net::ERR_CONNECTION_REFUSED @ http://localhost:3100/:0
[ 4490980ms] [ERROR] Failed to load resource: net::ERR_CONNECTION_REFUSED @ http://localhost:3100/:0
[ 4491982ms] [ERROR] Failed to load resource: net::ERR_CONNECTION_REFUSED @ http://localhost:3100/:0
[ 4492988ms] [ERROR] Failed to load resource: net::ERR_CONNECTION_REFUSED @ http://localhost:3100/:0
[ 4493991ms] [ERROR] Failed to load resource: net::ERR_CONNECTION_REFUSED @ http://localhost:3100/:0
[ 4494999ms] [ERROR] Failed to load resource: net::ERR_CONNECTION_REFUSED @ http://localhost:3100/:0
[ 4496004ms] [ERROR] Failed to load resource: net::ERR_CONNECTION_REFUSED @ http://localhost:3100/:0
[ 4497008ms] [ERROR] Failed to load resource: net::ERR_CONNECTION_REFUSED @ http://localhost:3100/:0
[ 4498013ms] [ERROR] Failed to load resource: net::ERR_CONNECTION_REFUSED @ http://localhost:3100/:0
[ 4499018ms] [ERROR] Failed to load resource: net::ERR_CONNECTION_REFUSED @ http://localhost:3100/:0
[ 4500022ms] [ERROR] Failed to load resource: net::ERR_CONNECTION_REFUSED @ http://localhost:3100/:0
[ 4501025ms] [ERROR] Failed to load resource: net::ERR_CONNECTION_REFUSED @ http://localhost:3100/:0
[ 4502030ms] [ERROR] Failed to load resource: net::ERR_CONNECTION_REFUSED @ http://localhost:3100/:0
[ 4503035ms] [ERROR] Failed to load resource: net::ERR_CONNECTION_REFUSED @ http://localhost:3100/:0
[ 4504039ms] [ERROR] Failed to load resource: net::ERR_CONNECTION_REFUSED @ http://localhost:3100/:0
[ 4505043ms] [ERROR] Failed to load resource: net::ERR_CONNECTION_REFUSED @ http://localhost:3100/:0
[ 4506046ms] [ERROR] Failed to load resource: net::ERR_CONNECTION_REFUSED @ http://localhost:3100/:0
[ 4507051ms] [ERROR] Failed to load resource: net::ERR_CONNECTION_REFUSED @ http://localhost:3100/:0
[ 4508058ms] [ERROR] Failed to load resource: net::ERR_CONNECTION_REFUSED @ http://localhost:3100/:0
[ 4509060ms] [ERROR] Failed to load resource: net::ERR_CONNECTION_REFUSED @ http://localhost:3100/:0
[ 4510066ms] [ERROR] Failed to load resource: net::ERR_CONNECTION_REFUSED @ http://localhost:3100/:0
[ 4511069ms] [ERROR] Failed to load resource: net::ERR_CONNECTION_REFUSED @ http://localhost:3100/:0
[ 4512074ms] [ERROR] Failed to load resource: net::ERR_CONNECTION_REFUSED @ http://localhost:3100/:0
[ 4513081ms] [ERROR] Failed to load resource: net::ERR_CONNECTION_REFUSED @ http://localhost:3100/:0
[ 4514085ms] [ERROR] Failed to load resource: net::ERR_CONNECTION_REFUSED @ http://localhost:3100/:0
[ 4515087ms] [ERROR] Failed to load resource: net::ERR_CONNECTION_REFUSED @ http://localhost:3100/:0
[ 4516165ms] [ERROR] Failed to load resource: net::ERR_CONNECTION_REFUSED @ http://localhost:3100/:0
[ 4517171ms] [ERROR] Failed to load resource: net::ERR_CONNECTION_REFUSED @ http://localhost:3100/:0
[ 4518174ms] [ERROR] Failed to load resource: net::ERR_CONNECTION_REFUSED @ http://localhost:3100/:0
[ 4519180ms] [ERROR] Failed to load resource: net::ERR_CONNECTION_REFUSED @ http://localhost:3100/:0
[ 4520183ms] [ERROR] Failed to load resource: net::ERR_CONNECTION_REFUSED @ http://localhost:3100/:0
[ 4521187ms] [ERROR] Failed to load resource: net::ERR_CONNECTION_REFUSED @ http://localhost:3100/:0
[ 4522190ms] [ERROR] Failed to load resource: net::ERR_CONNECTION_REFUSED @ http://localhost:3100/:0
[ 4523197ms] [ERROR] Failed to load resource: net::ERR_CONNECTION_REFUSED @ http://localhost:3100/:0
[ 4524200ms] [ERROR] Failed to load resource: net::ERR_CONNECTION_REFUSED @ http://localhost:3100/:0
[ 4525204ms] [ERROR] Failed to load resource: net::ERR_CONNECTION_REFUSED @ http://localhost:3100/:0
[ 4526208ms] [ERROR] Failed to load resource: net::ERR_CONNECTION_REFUSED @ http://localhost:3100/:0
[ 4527211ms] [ERROR] Failed to load resource: net::ERR_CONNECTION_REFUSED @ http://localhost:3100/:0
[ 4528214ms] [ERROR] Failed to load resource: net::ERR_CONNECTION_REFUSED @ http://localhost:3100/:0
[ 4529218ms] [ERROR] Failed to load resource: net::ERR_CONNECTION_REFUSED @ http://localhost:3100/:0
[ 4530222ms] [ERROR] Failed to load resource: net::ERR_CONNECTION_REFUSED @ http://localhost:3100/:0
[ 4531226ms] [ERROR] Failed to load resource: net::ERR_CONNECTION_REFUSED @ http://localhost:3100/:0
[ 4532229ms] [ERROR] Failed to load resource: net::ERR_CONNECTION_REFUSED @ http://localhost:3100/:0
[ 4533232ms] [ERROR] Failed to load resource: net::ERR_CONNECTION_REFUSED @ http://localhost:3100/:0
[ 4534238ms] [ERROR] Failed to load resource: net::ERR_CONNECTION_REFUSED @ http://localhost:3100/:0
[ 4535242ms] [ERROR] Failed to load resource: net::ERR_CONNECTION_REFUSED @ http://localhost:3100/:0
[ 4536247ms] [ERROR] Failed to load resource: net::ERR_CONNECTION_REFUSED @ http://localhost:3100/:0
[ 4537253ms] [ERROR] Failed to load resource: net::ERR_CONNECTION_REFUSED @ http://localhost:3100/:0
[ 4538256ms] [ERROR] Failed to load resource: net::ERR_CONNECTION_REFUSED @ http://localhost:3100/:0
[ 4539260ms] [ERROR] Failed to load resource: net::ERR_CONNECTION_REFUSED @ http://localhost:3100/:0
[ 4540265ms] [ERROR] Failed to load resource: net::ERR_CONNECTION_REFUSED @ http://localhost:3100/:0
[ 4541269ms] [ERROR] Failed to load resource: net::ERR_CONNECTION_REFUSED @ http://localhost:3100/:0
[ 4542275ms] [ERROR] Failed to load resource: net::ERR_CONNECTION_REFUSED @ http://localhost:3100/:0
[ 4543278ms] [ERROR] Failed to load resource: net::ERR_CONNECTION_REFUSED @ http://localhost:3100/:0
[ 4544282ms] [ERROR] Failed to load resource: net::ERR_CONNECTION_REFUSED @ http://localhost:3100/:0
[ 4545286ms] [ERROR] Failed to load resource: net::ERR_CONNECTION_REFUSED @ http://localhost:3100/:0
[ 4546292ms] [ERROR] Failed to load resource: net::ERR_CONNECTION_REFUSED @ http://localhost:3100/:0
[ 4547297ms] [ERROR] Failed to load resource: net::ERR_CONNECTION_REFUSED @ http://localhost:3100/:0
[ 4548300ms] [ERROR] Failed to load resource: net::ERR_CONNECTION_REFUSED @ http://localhost:3100/:0
[ 4549306ms] [ERROR] Failed to load resource: net::ERR_CONNECTION_REFUSED @ http://localhost:3100/:0
[ 4550312ms] [ERROR] Failed to load resource: net::ERR_CONNECTION_REFUSED @ http://localhost:3100/:0
[ 4551316ms] [ERROR] Failed to load resource: net::ERR_CONNECTION_REFUSED @ http://localhost:3100/:0
[ 4552319ms] [ERROR] Failed to load resource: net::ERR_CONNECTION_REFUSED @ http://localhost:3100/:0
[ 4553326ms] [ERROR] Failed to load resource: net::ERR_CONNECTION_REFUSED @ http://localhost:3100/:0
[ 4554330ms] [ERROR] Failed to load resource: net::ERR_CONNECTION_REFUSED @ http://localhost:3100/:0
[ 4555333ms] [ERROR] Failed to load resource: net::ERR_CONNECTION_REFUSED @ http://localhost:3100/:0
[ 4556339ms] [ERROR] Failed to load resource: net::ERR_CONNECTION_REFUSED @ http://localhost:3100/:0
[ 4557344ms] [ERROR] Failed to load resource: net::ERR_CONNECTION_REFUSED @ http://localhost:3100/:0
[ 4558348ms] [ERROR] Failed to load resource: net::ERR_CONNECTION_REFUSED @ http://localhost:3100/:0
[ 4559354ms] [ERROR] Failed to load resource: net::ERR_CONNECTION_REFUSED @ http://localhost:3100/:0
[ 4560359ms] [ERROR] Failed to load resource: net::ERR_CONNECTION_REFUSED @ http://localhost:3100/:0
[ 4561362ms] [ERROR] Failed to load resource: net::ERR_CONNECTION_REFUSED @ http://localhost:3100/:0
[ 4562366ms] [ERROR] Failed to load resource: net::ERR_CONNECTION_REFUSED @ http://localhost:3100/:0
[ 4563370ms] [ERROR] Failed to load resource: net::ERR_CONNECTION_REFUSED @ http://localhost:3100/:0
[ 4564374ms] [ERROR] Failed to load resource: net::ERR_CONNECTION_REFUSED @ http://localhost:3100/:0
[ 4565378ms] [ERROR] Failed to load resource: net::ERR_CONNECTION_REFUSED @ http://localhost:3100/:0
[ 4566381ms] [ERROR] Failed to load resource: net::ERR_CONNECTION_REFUSED @ http://localhost:3100/:0
[ 4567386ms] [ERROR] Failed to load resource: net::ERR_CONNECTION_REFUSED @ http://localhost:3100/:0
[ 4568393ms] [ERROR] Failed to load resource: net::ERR_CONNECTION_REFUSED @ http://localhost:3100/:0
[ 4569397ms] [ERROR] Failed to load resource: net::ERR_CONNECTION_REFUSED @ http://localhost:3100/:0
[ 4570403ms] [ERROR] Failed to load resource: net::ERR_CONNECTION_REFUSED @ http://localhost:3100/:0
[ 4571406ms] [ERROR] Failed to load resource: net::ERR_CONNECTION_REFUSED @ http://localhost:3100/:0
[ 4572408ms] [ERROR] Failed to load resource: net::ERR_CONNECTION_REFUSED @ http://localhost:3100/:0
[ 4573415ms] [ERROR] Failed to load resource: net::ERR_CONNECTION_REFUSED @ http://localhost:3100/:0
[ 4574419ms] [ERROR] Failed to load resource: net::ERR_CONNECTION_REFUSED @ http://localhost:3100/:0
[ 4575422ms] [ERROR] Failed to load resource: net::ERR_CONNECTION_REFUSED @ http://localhost:3100/:0
[ 4576427ms] [ERROR] Failed to load resource: net::ERR_CONNECTION_REFUSED @ http://localhost:3100/:0
[ 4577431ms] [ERROR] Failed to load resource: net::ERR_CONNECTION_REFUSED @ http://localhost:3100/:0
[ 4578435ms] [ERROR] Failed to load resource: net::ERR_CONNECTION_REFUSED @ http://localhost:3100/:0
[ 4579441ms] [ERROR] Failed to load resource: net::ERR_CONNECTION_REFUSED @ http://localhost:3100/:0
[ 4580446ms] [ERROR] Failed to load resource: net::ERR_CONNECTION_REFUSED @ http://localhost:3100/:0
[ 4581450ms] [ERROR] Failed to load resource: net::ERR_CONNECTION_REFUSED @ http://localhost:3100/:0
[ 4582457ms] [ERROR] Failed to load resource: net::ERR_CONNECTION_REFUSED @ http://localhost:3100/:0
[ 4583461ms] [ERROR] Failed to load resource: net::ERR_CONNECTION_REFUSED @ http://localhost:3100/:0
[ 4584465ms] [ERROR] Failed to load resource: net::ERR_CONNECTION_REFUSED @ http://localhost:3100/:0
[ 4585468ms] [ERROR] Failed to load resource: net::ERR_CONNECTION_REFUSED @ http://localhost:3100/:0
[ 4586476ms] [ERROR] Failed to load resource: net::ERR_CONNECTION_REFUSED @ http://localhost:3100/:0
[ 4587480ms] [ERROR] Failed to load resource: net::ERR_CONNECTION_REFUSED @ http://localhost:3100/:0
[ 4588482ms] [ERROR] Failed to load resource: net::ERR_CONNECTION_REFUSED @ http://localhost:3100/:0
[ 4589488ms] [ERROR] Failed to load resource: net::ERR_CONNECTION_REFUSED @ http://localhost:3100/:0
[ 4590492ms] [ERROR] Failed to load resource: net::ERR_CONNECTION_REFUSED @ http://localhost:3100/:0
[ 4591496ms] [ERROR] Failed to load resource: net::ERR_CONNECTION_REFUSED @ http://localhost:3100/:0
[ 4592504ms] [ERROR] Failed to load resource: net::ERR_CONNECTION_REFUSED @ http://localhost:3100/:0
[ 4593506ms] [ERROR] Failed to load resource: net::ERR_CONNECTION_REFUSED @ http://localhost:3100/:0
[ 4594511ms] [ERROR] Failed to load resource: net::ERR_CONNECTION_REFUSED @ http://localhost:3100/:0
[ 4595514ms] [ERROR] Failed to load resource: net::ERR_CONNECTION_REFUSED @ http://localhost:3100/:0
[ 4596518ms] [ERROR] Failed to load resource: net::ERR_CONNECTION_REFUSED @ http://localhost:3100/:0
[ 4597524ms] [ERROR] Failed to load resource: net::ERR_CONNECTION_REFUSED @ http://localhost:3100/:0
[ 4598526ms] [ERROR] Failed to load resource: net::ERR_CONNECTION_REFUSED @ http://localhost:3100/:0
[ 4599530ms] [ERROR] Failed to load resource: net::ERR_CONNECTION_REFUSED @ http://localhost:3100/:0
[ 4600534ms] [ERROR] Failed to load resource: net::ERR_CONNECTION_REFUSED @ http://localhost:3100/:0
[ 4601537ms] [ERROR] Failed to load resource: net::ERR_CONNECTION_REFUSED @ http://localhost:3100/:0
[ 4602543ms] [ERROR] Failed to load resource: net::ERR_CONNECTION_REFUSED @ http://localhost:3100/:0
[ 4603547ms] [ERROR] Failed to load resource: net::ERR_CONNECTION_REFUSED @ http://localhost:3100/:0
[ 4604550ms] [ERROR] Failed to load resource: net::ERR_CONNECTION_REFUSED @ http://localhost:3100/:0
[ 4605558ms] [ERROR] Failed to load resource: net::ERR_CONNECTION_REFUSED @ http://localhost:3100/:0
[ 4606562ms] [ERROR] Failed to load resource: net::ERR_CONNECTION_REFUSED @ http://localhost:3100/:0
[ 4607566ms] [ERROR] Failed to load resource: net::ERR_CONNECTION_REFUSED @ http://localhost:3100/:0
[ 4608570ms] [ERROR] Failed to load resource: net::ERR_CONNECTION_REFUSED @ http://localhost:3100/:0
[ 4609582ms] [ERROR] Failed to load resource: net::ERR_CONNECTION_REFUSED @ http://localhost:3100/:0
[ 4610586ms] [ERROR] Failed to load resource: net::ERR_CONNECTION_REFUSED @ http://localhost:3100/:0
[ 4611602ms] [ERROR] Failed to load resource: net::ERR_CONNECTION_REFUSED @ http://localhost:3100/:0
[ 4612605ms] [ERROR] Failed to load resource: net::ERR_CONNECTION_REFUSED @ http://localhost:3100/:0
[ 4613611ms] [ERROR] Failed to load resource: net::ERR_CONNECTION_REFUSED @ http://localhost:3100/:0
[ 4614617ms] [ERROR] Failed to load resource: net::ERR_CONNECTION_REFUSED @ http://localhost:3100/:0
[ 4615623ms] [ERROR] Failed to load resource: net::ERR_CONNECTION_REFUSED @ http://localhost:3100/:0
[ 4616628ms] [ERROR] Failed to load resource: net::ERR_CONNECTION_REFUSED @ http://localhost:3100/:0
[ 4617630ms] [ERROR] Failed to load resource: net::ERR_CONNECTION_REFUSED @ http://localhost:3100/:0
[ 4618636ms] [ERROR] Failed to load resource: net::ERR_CONNECTION_REFUSED @ http://localhost:3100/:0
[ 4619638ms] [ERROR] Failed to load resource: net::ERR_CONNECTION_REFUSED @ http://localhost:3100/:0
[ 4620642ms] [ERROR] Failed to load resource: net::ERR_CONNECTION_REFUSED @ http://localhost:3100/:0
[ 4621646ms] [ERROR] Failed to load resource: net::ERR_CONNECTION_REFUSED @ http://localhost:3100/:0
[ 4622652ms] [ERROR] Failed to load resource: net::ERR_CONNECTION_REFUSED @ http://localhost:3100/:0
[ 4623655ms] [ERROR] Failed to load resource: net::ERR_CONNECTION_REFUSED @ http://localhost:3100/:0
[ 4624660ms] [ERROR] Failed to load resource: net::ERR_CONNECTION_REFUSED @ http://localhost:3100/:0
[ 4625666ms] [ERROR] Failed to load resource: net::ERR_CONNECTION_REFUSED @ http://localhost:3100/:0
[ 4626672ms] [ERROR] Failed to load resource: net::ERR_CONNECTION_REFUSED @ http://localhost:3100/:0
[ 4627675ms] [ERROR] Failed to load resource: net::ERR_CONNECTION_REFUSED @ http://localhost:3100/:0
[ 4628679ms] [ERROR] Failed to load resource: net::ERR_CONNECTION_REFUSED @ http://localhost:3100/:0
[ 4629685ms] [ERROR] Failed to load resource: net::ERR_CONNECTION_REFUSED @ http://localhost:3100/:0
[ 4630689ms] [ERROR] Failed to load resource: net::ERR_CONNECTION_REFUSED @ http://localhost:3100/:0
[ 4631693ms] [ERROR] Failed to load resource: net::ERR_CONNECTION_REFUSED @ http://localhost:3100/:0
[ 4632701ms] [ERROR] Failed to load resource: net::ERR_CONNECTION_REFUSED @ http://localhost:3100/:0
[ 4633707ms] [ERROR] Failed to load resource: net::ERR_CONNECTION_REFUSED @ http://localhost:3100/:0
[ 4634713ms] [ERROR] Failed to load resource: net::ERR_CONNECTION_REFUSED @ http://localhost:3100/:0
[ 4635717ms] [ERROR] Failed to load resource: net::ERR_CONNECTION_REFUSED @ http://localhost:3100/:0
[ 4636724ms] [ERROR] Failed to load resource: net::ERR_CONNECTION_REFUSED @ http://localhost:3100/:0
[ 4637730ms] [ERROR] Failed to load resource: net::ERR_CONNECTION_REFUSED @ http://localhost:3100/:0
[ 4638738ms] [ERROR] Failed to load resource: net::ERR_CONNECTION_REFUSED @ http://localhost:3100/:0
[ 4639744ms] [ERROR] Failed to load resource: net::ERR_CONNECTION_REFUSED @ http://localhost:3100/:0
[ 4640749ms] [ERROR] Failed to load resource: net::ERR_CONNECTION_REFUSED @ http://localhost:3100/:0
[ 4641755ms] [ERROR] Failed to load resource: net::ERR_CONNECTION_REFUSED @ http://localhost:3100/:0
[ 4642759ms] [ERROR] Failed to load resource: net::ERR_CONNECTION_REFUSED @ http://localhost:3100/:0
[ 4643763ms] [ERROR] Failed to load resource: net::ERR_CONNECTION_REFUSED @ http://localhost:3100/:0
[ 4644769ms] [ERROR] Failed to load resource: net::ERR_CONNECTION_REFUSED @ http://localhost:3100/:0
[ 4645773ms] [ERROR] Failed to load resource: net::ERR_CONNECTION_REFUSED @ http://localhost:3100/:0
[ 4646775ms] [ERROR] Failed to load resource: net::ERR_CONNECTION_REFUSED @ http://localhost:3100/:0
[ 4647778ms] [ERROR] Failed to load resource: net::ERR_CONNECTION_REFUSED @ http://localhost:3100/:0
[ 4648786ms] [ERROR] Failed to load resource: net::ERR_CONNECTION_REFUSED @ http://localhost:3100/:0
[ 4649791ms] [ERROR] Failed to load resource: net::ERR_CONNECTION_REFUSED @ http://localhost:3100/:0
[ 4650794ms] [ERROR] Failed to load resource: net::ERR_CONNECTION_REFUSED @ http://localhost:3100/:0
[ 4651800ms] [ERROR] Failed to load resource: net::ERR_CONNECTION_REFUSED @ http://localhost:3100/:0
[ 4652807ms] [ERROR] Failed to load resource: net::ERR_CONNECTION_REFUSED @ http://localhost:3100/:0
[ 4653811ms] [ERROR] Failed to load resource: net::ERR_CONNECTION_REFUSED @ http://localhost:3100/:0
[ 4654817ms] [ERROR] Failed to load resource: net::ERR_CONNECTION_REFUSED @ http://localhost:3100/:0
[ 4655821ms] [ERROR] Failed to load resource: net::ERR_CONNECTION_REFUSED @ http://localhost:3100/:0
[ 4656826ms] [ERROR] Failed to load resource: net::ERR_CONNECTION_REFUSED @ http://localhost:3100/:0
[ 4657829ms] [ERROR] Failed to load resource: net::ERR_CONNECTION_REFUSED @ http://localhost:3100/:0
[ 4658834ms] [ERROR] Failed to load resource: net::ERR_CONNECTION_REFUSED @ http://localhost:3100/:0
[ 4659839ms] [ERROR] Failed to load resource: net::ERR_CONNECTION_REFUSED @ http://localhost:3100/:0
[ 4660842ms] [ERROR] Failed to load resource: net::ERR_CONNECTION_REFUSED @ http://localhost:3100/:0
[ 4661846ms] [ERROR] Failed to load resource: net::ERR_CONNECTION_REFUSED @ http://localhost:3100/:0
[ 4662853ms] [ERROR] Failed to load resource: net::ERR_CONNECTION_REFUSED @ http://localhost:3100/:0
[ 4663859ms] [ERROR] Failed to load resource: net::ERR_CONNECTION_REFUSED @ http://localhost:3100/:0
[ 4664864ms] [ERROR] Failed to load resource: net::ERR_CONNECTION_REFUSED @ http://localhost:3100/:0
[ 4665869ms] [ERROR] Failed to load resource: net::ERR_CONNECTION_REFUSED @ http://localhost:3100/:0
[ 4666874ms] [ERROR] Failed to load resource: net::ERR_CONNECTION_REFUSED @ http://localhost:3100/:0
[ 4667877ms] [ERROR] Failed to load resource: net::ERR_CONNECTION_REFUSED @ http://localhost:3100/:0
[ 4668885ms] [ERROR] Failed to load resource: net::ERR_CONNECTION_REFUSED @ http://localhost:3100/:0
[ 4669889ms] [ERROR] Failed to load resource: net::ERR_CONNECTION_REFUSED @ http://localhost:3100/:0
[ 4670894ms] [ERROR] Failed to load resource: net::ERR_CONNECTION_REFUSED @ http://localhost:3100/:0
[ 4671903ms] [ERROR] Failed to load resource: net::ERR_CONNECTION_REFUSED @ http://localhost:3100/:0
[ 4672908ms] [ERROR] Failed to load resource: net::ERR_CONNECTION_REFUSED @ http://localhost:3100/:0
[ 4673914ms] [ERROR] Failed to load resource: net::ERR_CONNECTION_REFUSED @ http://localhost:3100/:0
[ 4674918ms] [ERROR] Failed to load resource: net::ERR_CONNECTION_REFUSED @ http://localhost:3100/:0
[ 4675924ms] [ERROR] Failed to load resource: net::ERR_CONNECTION_REFUSED @ http://localhost:3100/:0
[ 4676927ms] [ERROR] Failed to load resource: net::ERR_CONNECTION_REFUSED @ http://localhost:3100/:0
[ 4677935ms] [ERROR] Failed to load resource: net::ERR_CONNECTION_REFUSED @ http://localhost:3100/:0
[ 4678939ms] [ERROR] Failed to load resource: net::ERR_CONNECTION_REFUSED @ http://localhost:3100/:0
[ 4679949ms] [ERROR] Failed to load resource: net::ERR_CONNECTION_REFUSED @ http://localhost:3100/:0
[ 4680955ms] [ERROR] Failed to load resource: net::ERR_CONNECTION_REFUSED @ http://localhost:3100/:0
[ 4681959ms] [ERROR] Failed to load resource: net::ERR_CONNECTION_REFUSED @ http://localhost:3100/:0
[ 4682963ms] [ERROR] Failed to load resource: net::ERR_CONNECTION_REFUSED @ http://localhost:3100/:0
[ 4683966ms] [ERROR] Failed to load resource: net::ERR_CONNECTION_REFUSED @ http://localhost:3100/:0
[ 4684970ms] [ERROR] Failed to load resource: net::ERR_CONNECTION_REFUSED @ http://localhost:3100/:0
[ 4685973ms] [ERROR] Failed to load resource: net::ERR_CONNECTION_REFUSED @ http://localhost:3100/:0
[ 4686976ms] [ERROR] Failed to load resource: net::ERR_CONNECTION_REFUSED @ http://localhost:3100/:0
[ 4687986ms] [ERROR] Failed to load resource: net::ERR_CONNECTION_REFUSED @ http://localhost:3100/:0
[ 4688989ms] [ERROR] Failed to load resource: net::ERR_CONNECTION_REFUSED @ http://localhost:3100/:0
[ 4689993ms] [ERROR] Failed to load resource: net::ERR_CONNECTION_REFUSED @ http://localhost:3100/:0
[ 4690999ms] [ERROR] Failed to load resource: net::ERR_CONNECTION_REFUSED @ http://localhost:3100/:0
[ 4692004ms] [ERROR] Failed to load resource: net::ERR_CONNECTION_REFUSED @ http://localhost:3100/:0
[ 4693009ms] [ERROR] Failed to load resource: net::ERR_CONNECTION_REFUSED @ http://localhost:3100/:0
[ 4694017ms] [ERROR] Failed to load resource: net::ERR_CONNECTION_REFUSED @ http://localhost:3100/:0
[ 4695021ms] [ERROR] Failed to load resource: net::ERR_CONNECTION_REFUSED @ http://localhost:3100/:0
[ 4696025ms] [ERROR] Failed to load resource: net::ERR_CONNECTION_REFUSED @ http://localhost:3100/:0
[ 4697030ms] [ERROR] Failed to load resource: net::ERR_CONNECTION_REFUSED @ http://localhost:3100/:0
[ 4698034ms] [ERROR] Failed to load resource: net::ERR_CONNECTION_REFUSED @ http://localhost:3100/:0
[ 4699039ms] [ERROR] Failed to load resource: net::ERR_CONNECTION_REFUSED @ http://localhost:3100/:0
[ 4700042ms] [ERROR] Failed to load resource: net::ERR_CONNECTION_REFUSED @ http://localhost:3100/:0
[ 4701049ms] [ERROR] Failed to load resource: net::ERR_CONNECTION_REFUSED @ http://localhost:3100/:0
[ 4702055ms] [ERROR] Failed to load resource: net::ERR_CONNECTION_REFUSED @ http://localhost:3100/:0
[ 4703058ms] [ERROR] Failed to load resource: net::ERR_CONNECTION_REFUSED @ http://localhost:3100/:0
[ 4704064ms] [ERROR] Failed to load resource: net::ERR_CONNECTION_REFUSED @ http://localhost:3100/:0
[ 4705070ms] [ERROR] Failed to load resource: net::ERR_CONNECTION_REFUSED @ http://localhost:3100/:0
[ 4706074ms] [ERROR] Failed to load resource: net::ERR_CONNECTION_REFUSED @ http://localhost:3100/:0
[ 4707079ms] [ERROR] Failed to load resource: net::ERR_CONNECTION_REFUSED @ http://localhost:3100/:0
[ 4708086ms] [ERROR] Failed to load resource: net::ERR_CONNECTION_REFUSED @ http://localhost:3100/:0
[ 4709092ms] [ERROR] Failed to load resource: net::ERR_CONNECTION_REFUSED @ http://localhost:3100/:0
[ 4710099ms] [ERROR] Failed to load resource: net::ERR_CONNECTION_REFUSED @ http://localhost:3100/:0
[ 4711104ms] [ERROR] Failed to load resource: net::ERR_CONNECTION_REFUSED @ http://localhost:3100/:0
[ 4712110ms] [ERROR] Failed to load resource: net::ERR_CONNECTION_REFUSED @ http://localhost:3100/:0
[ 4713113ms] [ERROR] Failed to load resource: net::ERR_CONNECTION_REFUSED @ http://localhost:3100/:0
[ 4714118ms] [ERROR] Failed to load resource: net::ERR_CONNECTION_REFUSED @ http://localhost:3100/:0
[ 4715124ms] [ERROR] Failed to load resource: net::ERR_CONNECTION_REFUSED @ http://localhost:3100/:0
[ 4716128ms] [ERROR] Failed to load resource: net::ERR_CONNECTION_REFUSED @ http://localhost:3100/:0
[ 4717134ms] [ERROR] Failed to load resource: net::ERR_CONNECTION_REFUSED @ http://localhost:3100/:0
[ 4718139ms] [ERROR] Failed to load resource: net::ERR_CONNECTION_REFUSED @ http://localhost:3100/:0
[ 4719148ms] [ERROR] Failed to load resource: net::ERR_CONNECTION_REFUSED @ http://localhost:3100/:0
[ 4720154ms] [ERROR] Failed to load resource: net::ERR_CONNECTION_REFUSED @ http://localhost:3100/:0
[ 4721162ms] [ERROR] Failed to load resource: net::ERR_CONNECTION_REFUSED @ http://localhost:3100/:0
[ 4722169ms] [ERROR] Failed to load resource: net::ERR_CONNECTION_REFUSED @ http://localhost:3100/:0
[ 4723172ms] [ERROR] Failed to load resource: net::ERR_CONNECTION_REFUSED @ http://localhost:3100/:0
[ 4724180ms] [ERROR] Failed to load resource: net::ERR_CONNECTION_REFUSED @ http://localhost:3100/:0
[ 4725185ms] [ERROR] Failed to load resource: net::ERR_CONNECTION_REFUSED @ http://localhost:3100/:0
[ 4726189ms] [ERROR] Failed to load resource: net::ERR_CONNECTION_REFUSED @ http://localhost:3100/:0
[ 4727192ms] [ERROR] Failed to load resource: net::ERR_CONNECTION_REFUSED @ http://localhost:3100/:0
[ 4728195ms] [ERROR] Failed to load resource: net::ERR_CONNECTION_REFUSED @ http://localhost:3100/:0
[ 4729201ms] [ERROR] Failed to load resource: net::ERR_CONNECTION_REFUSED @ http://localhost:3100/:0
[ 4730203ms] [ERROR] Failed to load resource: net::ERR_CONNECTION_REFUSED @ http://localhost:3100/:0
[ 4731206ms] [ERROR] Failed to load resource: net::ERR_CONNECTION_REFUSED @ http://localhost:3100/:0
[ 4732214ms] [ERROR] Failed to load resource: net::ERR_CONNECTION_REFUSED @ http://localhost:3100/:0
[ 4733218ms] [ERROR] Failed to load resource: net::ERR_CONNECTION_REFUSED @ http://localhost:3100/:0
[ 4734222ms] [ERROR] Failed to load resource: net::ERR_CONNECTION_REFUSED @ http://localhost:3100/:0
[ 4735227ms] [ERROR] Failed to load resource: net::ERR_CONNECTION_REFUSED @ http://localhost:3100/:0
[ 4736233ms] [ERROR] Failed to load resource: net::ERR_CONNECTION_REFUSED @ http://localhost:3100/:0
[ 4737237ms] [ERROR] Failed to load resource: net::ERR_CONNECTION_REFUSED @ http://localhost:3100/:0
[ 4738243ms] [ERROR] Failed to load resource: net::ERR_CONNECTION_REFUSED @ http://localhost:3100/:0
[ 4739246ms] [ERROR] Failed to load resource: net::ERR_CONNECTION_REFUSED @ http://localhost:3100/:0
[ 4740250ms] [ERROR] Failed to load resource: net::ERR_CONNECTION_REFUSED @ http://localhost:3100/:0
[ 4741254ms] [ERROR] Failed to load resource: net::ERR_CONNECTION_REFUSED @ http://localhost:3100/:0
[ 4742260ms] [ERROR] Failed to load resource: net::ERR_CONNECTION_REFUSED @ http://localhost:3100/:0
[ 4743266ms] [ERROR] Failed to load resource: net::ERR_CONNECTION_REFUSED @ http://localhost:3100/:0
[ 4744271ms] [ERROR] Failed to load resource: net::ERR_CONNECTION_REFUSED @ http://localhost:3100/:0
[ 4745286ms] [ERROR] Failed to load resource: net::ERR_CONNECTION_REFUSED @ http://localhost:3100/:0
[ 4746297ms] [ERROR] Failed to load resource: net::ERR_CONNECTION_REFUSED @ http://localhost:3100/:0
[ 4747306ms] [ERROR] Failed to load resource: net::ERR_CONNECTION_REFUSED @ http://localhost:3100/:0
[ 4748336ms] [ERROR] Failed to load resource: net::ERR_CONNECTION_REFUSED @ http://localhost:3100/:0
[ 4749343ms] [ERROR] Failed to load resource: net::ERR_CONNECTION_REFUSED @ http://localhost:3100/:0
[ 4750348ms] [ERROR] Failed to load resource: net::ERR_CONNECTION_REFUSED @ http://localhost:3100/:0
[ 4751353ms] [ERROR] Failed to load resource: net::ERR_CONNECTION_REFUSED @ http://localhost:3100/:0
[ 4752362ms] [ERROR] Failed to load resource: net::ERR_CONNECTION_REFUSED @ http://localhost:3100/:0
[ 4753366ms] [ERROR] Failed to load resource: net::ERR_CONNECTION_REFUSED @ http://localhost:3100/:0
[ 4754371ms] [ERROR] Failed to load resource: net::ERR_CONNECTION_REFUSED @ http://localhost:3100/:0
[ 4755375ms] [ERROR] Failed to load resource: net::ERR_CONNECTION_REFUSED @ http://localhost:3100/:0
[ 4756381ms] [ERROR] Failed to load resource: net::ERR_CONNECTION_REFUSED @ http://localhost:3100/:0
[ 4757385ms] [ERROR] Failed to load resource: net::ERR_CONNECTION_REFUSED @ http://localhost:3100/:0
[ 4758388ms] [ERROR] Failed to load resource: net::ERR_CONNECTION_REFUSED @ http://localhost:3100/:0
[ 4759392ms] [ERROR] Failed to load resource: net::ERR_CONNECTION_REFUSED @ http://localhost:3100/:0
[ 4760396ms] [ERROR] Failed to load resource: net::ERR_CONNECTION_REFUSED @ http://localhost:3100/:0
[ 4761400ms] [ERROR] Failed to load resource: net::ERR_CONNECTION_REFUSED @ http://localhost:3100/:0
[ 4762404ms] [ERROR] Failed to load resource: net::ERR_CONNECTION_REFUSED @ http://localhost:3100/:0
[ 4763407ms] [ERROR] Failed to load resource: net::ERR_CONNECTION_REFUSED @ http://localhost:3100/:0
[ 4764410ms] [ERROR] Failed to load resource: net::ERR_CONNECTION_REFUSED @ http://localhost:3100/:0
[ 4765414ms] [ERROR] Failed to load resource: net::ERR_CONNECTION_REFUSED @ http://localhost:3100/:0
[ 4766418ms] [ERROR] Failed to load resource: net::ERR_CONNECTION_REFUSED @ http://localhost:3100/:0
[ 4767426ms] [ERROR] Failed to load resource: net::ERR_CONNECTION_REFUSED @ http://localhost:3100/:0
[ 4768430ms] [ERROR] Failed to load resource: net::ERR_CONNECTION_REFUSED @ http://localhost:3100/:0
[ 4769433ms] [ERROR] Failed to load resource: net::ERR_CONNECTION_REFUSED @ http://localhost:3100/:0
[ 4770436ms] [ERROR] Failed to load resource: net::ERR_CONNECTION_REFUSED @ http://localhost:3100/:0
[ 4771443ms] [ERROR] Failed to load resource: net::ERR_CONNECTION_REFUSED @ http://localhost:3100/:0
[ 4772449ms] [ERROR] Failed to load resource: net::ERR_CONNECTION_REFUSED @ http://localhost:3100/:0
[ 4773452ms] [ERROR] Failed to load resource: net::ERR_CONNECTION_REFUSED @ http://localhost:3100/:0
[ 4774459ms] [ERROR] Failed to load resource: net::ERR_CONNECTION_REFUSED @ http://localhost:3100/:0
[ 4775462ms] [ERROR] Failed to load resource: net::ERR_CONNECTION_REFUSED @ http://localhost:3100/:0
[ 4776465ms] [ERROR] Failed to load resource: net::ERR_CONNECTION_REFUSED @ http://localhost:3100/:0
[ 4777469ms] [ERROR] Failed to load resource: net::ERR_CONNECTION_REFUSED @ http://localhost:3100/:0
[ 4778477ms] [ERROR] Failed to load resource: net::ERR_CONNECTION_REFUSED @ http://localhost:3100/:0
[ 4779482ms] [ERROR] Failed to load resource: net::ERR_CONNECTION_REFUSED @ http://localhost:3100/:0
[ 4780485ms] [ERROR] Failed to load resource: net::ERR_CONNECTION_REFUSED @ http://localhost:3100/:0
[ 4781491ms] [ERROR] Failed to load resource: net::ERR_CONNECTION_REFUSED @ http://localhost:3100/:0
[ 4782494ms] [ERROR] Failed to load resource: net::ERR_CONNECTION_REFUSED @ http://localhost:3100/:0
[ 4783498ms] [ERROR] Failed to load resource: net::ERR_CONNECTION_REFUSED @ http://localhost:3100/:0
[ 4784500ms] [ERROR] Failed to load resource: net::ERR_CONNECTION_REFUSED @ http://localhost:3100/:0
[ 4785503ms] [ERROR] Failed to load resource: net::ERR_CONNECTION_REFUSED @ http://localhost:3100/:0
[ 4786507ms] [ERROR] Failed to load resource: net::ERR_CONNECTION_REFUSED @ http://localhost:3100/:0
[ 4787511ms] [ERROR] Failed to load resource: net::ERR_CONNECTION_REFUSED @ http://localhost:3100/:0
[ 4788515ms] [ERROR] Failed to load resource: net::ERR_CONNECTION_REFUSED @ http://localhost:3100/:0
[ 4789522ms] [ERROR] Failed to load resource: net::ERR_CONNECTION_REFUSED @ http://localhost:3100/:0
[ 4790526ms] [ERROR] Failed to load resource: net::ERR_CONNECTION_REFUSED @ http://localhost:3100/:0
[ 4791529ms] [ERROR] Failed to load resource: net::ERR_CONNECTION_REFUSED @ http://localhost:3100/:0
[ 4792535ms] [ERROR] Failed to load resource: net::ERR_CONNECTION_REFUSED @ http://localhost:3100/:0
[ 4793538ms] [ERROR] Failed to load resource: net::ERR_CONNECTION_REFUSED @ http://localhost:3100/:0
[ 4794541ms] [ERROR] Failed to load resource: net::ERR_CONNECTION_REFUSED @ http://localhost:3100/:0
[ 4795545ms] [ERROR] Failed to load resource: net::ERR_CONNECTION_REFUSED @ http://localhost:3100/:0
[ 4796548ms] [ERROR] Failed to load resource: net::ERR_CONNECTION_REFUSED @ http://localhost:3100/:0
[ 4797553ms] [ERROR] Failed to load resource: net::ERR_CONNECTION_REFUSED @ http://localhost:3100/:0
[ 4798558ms] [ERROR] Failed to load resource: net::ERR_CONNECTION_REFUSED @ http://localhost:3100/:0
[ 4799563ms] [ERROR] Failed to load resource: net::ERR_CONNECTION_REFUSED @ http://localhost:3100/:0
[ 4800568ms] [ERROR] Failed to load resource: net::ERR_CONNECTION_REFUSED @ http://localhost:3100/:0
[ 4801571ms] [ERROR] Failed to load resource: net::ERR_CONNECTION_REFUSED @ http://localhost:3100/:0
[ 4802576ms] [ERROR] Failed to load resource: net::ERR_CONNECTION_REFUSED @ http://localhost:3100/:0
[ 4803579ms] [ERROR] Failed to load resource: net::ERR_CONNECTION_REFUSED @ http://localhost:3100/:0
[ 4804584ms] [ERROR] Failed to load resource: net::ERR_CONNECTION_REFUSED @ http://localhost:3100/:0
[ 4805589ms] [ERROR] Failed to load resource: net::ERR_CONNECTION_REFUSED @ http://localhost:3100/:0
[ 4806593ms] [ERROR] Failed to load resource: net::ERR_CONNECTION_REFUSED @ http://localhost:3100/:0
[ 4807596ms] [ERROR] Failed to load resource: net::ERR_CONNECTION_REFUSED @ http://localhost:3100/:0
[ 4808601ms] [ERROR] Failed to load resource: net::ERR_CONNECTION_REFUSED @ http://localhost:3100/:0
[ 4809604ms] [ERROR] Failed to load resource: net::ERR_CONNECTION_REFUSED @ http://localhost:3100/:0
[ 4810608ms] [ERROR] Failed to load resource: net::ERR_CONNECTION_REFUSED @ http://localhost:3100/:0
[ 4811613ms] [ERROR] Failed to load resource: net::ERR_CONNECTION_REFUSED @ http://localhost:3100/:0
[ 4812617ms] [ERROR] Failed to load resource: net::ERR_CONNECTION_REFUSED @ http://localhost:3100/:0
[ 4813621ms] [ERROR] Failed to load resource: net::ERR_CONNECTION_REFUSED @ http://localhost:3100/:0
[ 4814626ms] [ERROR] Failed to load resource: net::ERR_CONNECTION_REFUSED @ http://localhost:3100/:0
[ 4815630ms] [ERROR] Failed to load resource: net::ERR_CONNECTION_REFUSED @ http://localhost:3100/:0
[ 4816638ms] [ERROR] Failed to load resource: net::ERR_CONNECTION_REFUSED @ http://localhost:3100/:0
[ 4817644ms] [ERROR] Failed to load resource: net::ERR_CONNECTION_REFUSED @ http://localhost:3100/:0
[ 4818649ms] [ERROR] Failed to load resource: net::ERR_CONNECTION_REFUSED @ http://localhost:3100/:0
[ 4819653ms] [ERROR] Failed to load resource: net::ERR_CONNECTION_REFUSED @ http://localhost:3100/:0
[ 4820659ms] [ERROR] Failed to load resource: net::ERR_CONNECTION_REFUSED @ http://localhost:3100/:0
[ 4821667ms] [ERROR] Failed to load resource: net::ERR_CONNECTION_REFUSED @ http://localhost:3100/:0
[ 4822673ms] [ERROR] Failed to load resource: net::ERR_CONNECTION_REFUSED @ http://localhost:3100/:0
[ 4823678ms] [ERROR] Failed to load resource: net::ERR_CONNECTION_REFUSED @ http://localhost:3100/:0
[ 4824682ms] [ERROR] Failed to load resource: net::ERR_CONNECTION_REFUSED @ http://localhost:3100/:0
[ 4825687ms] [ERROR] Failed to load resource: net::ERR_CONNECTION_REFUSED @ http://localhost:3100/:0
[ 4826690ms] [ERROR] Failed to load resource: net::ERR_CONNECTION_REFUSED @ http://localhost:3100/:0
[ 4827693ms] [ERROR] Failed to load resource: net::ERR_CONNECTION_REFUSED @ http://localhost:3100/:0
[ 4828695ms] [ERROR] Failed to load resource: net::ERR_CONNECTION_REFUSED @ http://localhost:3100/:0
[ 4829719ms] [ERROR] Failed to load resource: net::ERR_CONNECTION_REFUSED @ http://localhost:3100/:0
[ 4830726ms] [ERROR] Failed to load resource: net::ERR_CONNECTION_REFUSED @ http://localhost:3100/:0
[ 4831730ms] [ERROR] Failed to load resource: net::ERR_CONNECTION_REFUSED @ http://localhost:3100/:0
[ 4832735ms] [ERROR] Failed to load resource: net::ERR_CONNECTION_REFUSED @ http://localhost:3100/:0
[ 4833738ms] [ERROR] Failed to load resource: net::ERR_CONNECTION_REFUSED @ http://localhost:3100/:0
[ 4834743ms] [ERROR] Failed to load resource: net::ERR_CONNECTION_REFUSED @ http://localhost:3100/:0
[ 4835747ms] [ERROR] Failed to load resource: net::ERR_CONNECTION_REFUSED @ http://localhost:3100/:0
[ 4836752ms] [ERROR] Failed to load resource: net::ERR_CONNECTION_REFUSED @ http://localhost:3100/:0
[ 4837757ms] [ERROR] Failed to load resource: net::ERR_CONNECTION_REFUSED @ http://localhost:3100/:0
[ 4838761ms] [ERROR] Failed to load resource: net::ERR_CONNECTION_REFUSED @ http://localhost:3100/:0
[ 4839764ms] [ERROR] Failed to load resource: net::ERR_CONNECTION_REFUSED @ http://localhost:3100/:0
[ 4840769ms] [ERROR] Failed to load resource: net::ERR_CONNECTION_REFUSED @ http://localhost:3100/:0
[ 4841777ms] [ERROR] Failed to load resource: net::ERR_CONNECTION_REFUSED @ http://localhost:3100/:0
[ 4842780ms] [ERROR] Failed to load resource: net::ERR_CONNECTION_REFUSED @ http://localhost:3100/:0
[ 4843788ms] [ERROR] Failed to load resource: net::ERR_CONNECTION_REFUSED @ http://localhost:3100/:0
[ 4844791ms] [ERROR] Failed to load resource: net::ERR_CONNECTION_REFUSED @ http://localhost:3100/:0
[ 4845795ms] [ERROR] Failed to load resource: net::ERR_CONNECTION_REFUSED @ http://localhost:3100/:0
[ 4846803ms] [ERROR] Failed to load resource: net::ERR_CONNECTION_REFUSED @ http://localhost:3100/:0
[ 4847807ms] [ERROR] Failed to load resource: net::ERR_CONNECTION_REFUSED @ http://localhost:3100/:0
[ 4848813ms] [ERROR] Failed to load resource: net::ERR_CONNECTION_REFUSED @ http://localhost:3100/:0
[ 4849819ms] [ERROR] Failed to load resource: net::ERR_CONNECTION_REFUSED @ http://localhost:3100/:0
[ 4850822ms] [ERROR] Failed to load resource: net::ERR_CONNECTION_REFUSED @ http://localhost:3100/:0
[ 4851826ms] [ERROR] Failed to load resource: net::ERR_CONNECTION_REFUSED @ http://localhost:3100/:0
[ 4852878ms] [ERROR] Failed to load resource: net::ERR_CONNECTION_REFUSED @ http://localhost:3100/:0
[ 4853886ms] [ERROR] Failed to load resource: net::ERR_CONNECTION_REFUSED @ http://localhost:3100/:0
[ 4854888ms] [ERROR] Failed to load resource: net::ERR_CONNECTION_REFUSED @ http://localhost:3100/:0
[ 4855891ms] [ERROR] Failed to load resource: net::ERR_CONNECTION_REFUSED @ http://localhost:3100/:0
[ 4856897ms] [ERROR] Failed to load resource: net::ERR_CONNECTION_REFUSED @ http://localhost:3100/:0
[ 4857900ms] [ERROR] Failed to load resource: net::ERR_CONNECTION_REFUSED @ http://localhost:3100/:0
[ 4858902ms] [ERROR] Failed to load resource: net::ERR_CONNECTION_REFUSED @ http://localhost:3100/:0
[ 4859909ms] [ERROR] Failed to load resource: net::ERR_CONNECTION_REFUSED @ http://localhost:3100/:0
[ 4860916ms] [ERROR] Failed to load resource: net::ERR_CONNECTION_REFUSED @ http://localhost:3100/:0
[ 4861921ms] [ERROR] Failed to load resource: net::ERR_CONNECTION_REFUSED @ http://localhost:3100/:0
[ 4862926ms] [ERROR] Failed to load resource: net::ERR_CONNECTION_REFUSED @ http://localhost:3100/:0
[ 4863928ms] [ERROR] Failed to load resource: net::ERR_CONNECTION_REFUSED @ http://localhost:3100/:0
[ 4864932ms] [ERROR] Failed to load resource: net::ERR_CONNECTION_REFUSED @ http://localhost:3100/:0
[ 4865939ms] [ERROR] Failed to load resource: net::ERR_CONNECTION_REFUSED @ http://localhost:3100/:0
[ 4866943ms] [ERROR] Failed to load resource: net::ERR_CONNECTION_REFUSED @ http://localhost:3100/:0
[ 4867951ms] [ERROR] Failed to load resource: net::ERR_CONNECTION_REFUSED @ http://localhost:3100/:0
[ 4868954ms] [ERROR] Failed to load resource: net::ERR_CONNECTION_REFUSED @ http://localhost:3100/:0
[ 4869957ms] [ERROR] Failed to load resource: net::ERR_CONNECTION_REFUSED @ http://localhost:3100/:0
[ 4870961ms] [ERROR] Failed to load resource: net::ERR_CONNECTION_REFUSED @ http://localhost:3100/:0
[ 4871967ms] [ERROR] Failed to load resource: net::ERR_CONNECTION_REFUSED @ http://localhost:3100/:0
[ 4872972ms] [ERROR] Failed to load resource: net::ERR_CONNECTION_REFUSED @ http://localhost:3100/:0
[ 4873976ms] [ERROR] Failed to load resource: net::ERR_CONNECTION_REFUSED @ http://localhost:3100/:0
[ 4874982ms] [ERROR] Failed to load resource: net::ERR_CONNECTION_REFUSED @ http://localhost:3100/:0
[ 4875989ms] [ERROR] Failed to load resource: net::ERR_CONNECTION_REFUSED @ http://localhost:3100/:0
[ 4876995ms] [ERROR] Failed to load resource: net::ERR_CONNECTION_REFUSED @ http://localhost:3100/:0
[ 4878000ms] [ERROR] Failed to load resource: net::ERR_CONNECTION_REFUSED @ http://localhost:3100/:0
[ 4879005ms] [ERROR] Failed to load resource: net::ERR_CONNECTION_REFUSED @ http://localhost:3100/:0
[ 4880009ms] [ERROR] Failed to load resource: net::ERR_CONNECTION_REFUSED @ http://localhost:3100/:0
[ 4881011ms] [ERROR] Failed to load resource: net::ERR_CONNECTION_REFUSED @ http://localhost:3100/:0
[ 4882017ms] [ERROR] Failed to load resource: net::ERR_CONNECTION_REFUSED @ http://localhost:3100/:0
[ 4883019ms] [ERROR] Failed to load resource: net::ERR_CONNECTION_REFUSED @ http://localhost:3100/:0
[ 4884025ms] [ERROR] Failed to load resource: net::ERR_CONNECTION_REFUSED @ http://localhost:3100/:0
[ 4885029ms] [ERROR] Failed to load resource: net::ERR_CONNECTION_REFUSED @ http://localhost:3100/:0
[ 4886034ms] [ERROR] Failed to load resource: net::ERR_CONNECTION_REFUSED @ http://localhost:3100/:0
[ 4887038ms] [ERROR] Failed to load resource: net::ERR_CONNECTION_REFUSED @ http://localhost:3100/:0
[ 4888041ms] [ERROR] Failed to load resource: net::ERR_CONNECTION_REFUSED @ http://localhost:3100/:0
[ 4889050ms] [ERROR] Failed to load resource: net::ERR_CONNECTION_REFUSED @ http://localhost:3100/:0
[ 4890054ms] [ERROR] Failed to load resource: net::ERR_CONNECTION_REFUSED @ http://localhost:3100/:0
[ 4891060ms] [ERROR] Failed to load resource: net::ERR_CONNECTION_REFUSED @ http://localhost:3100/:0
[ 4892067ms] [ERROR] Failed to load resource: net::ERR_CONNECTION_REFUSED @ http://localhost:3100/:0
[ 4893071ms] [ERROR] Failed to load resource: net::ERR_CONNECTION_REFUSED @ http://localhost:3100/:0
[ 4894077ms] [ERROR] Failed to load resource: net::ERR_CONNECTION_REFUSED @ http://localhost:3100/:0
[ 4895084ms] [ERROR] Failed to load resource: net::ERR_CONNECTION_REFUSED @ http://localhost:3100/:0
[ 4896088ms] [ERROR] Failed to load resource: net::ERR_CONNECTION_REFUSED @ http://localhost:3100/:0
[ 4897092ms] [ERROR] Failed to load resource: net::ERR_CONNECTION_REFUSED @ http://localhost:3100/:0
[ 4898096ms] [ERROR] Failed to load resource: net::ERR_CONNECTION_REFUSED @ http://localhost:3100/:0
[ 4899101ms] [ERROR] Failed to load resource: net::ERR_CONNECTION_REFUSED @ http://localhost:3100/:0
[ 4900104ms] [ERROR] Failed to load resource: net::ERR_CONNECTION_REFUSED @ http://localhost:3100/:0
[ 4901109ms] [ERROR] Failed to load resource: net::ERR_CONNECTION_REFUSED @ http://localhost:3100/:0
[ 4902113ms] [ERROR] Failed to load resource: net::ERR_CONNECTION_REFUSED @ http://localhost:3100/:0
[ 4903118ms] [ERROR] Failed to load resource: net::ERR_CONNECTION_REFUSED @ http://localhost:3100/:0
[ 4904121ms] [ERROR] Failed to load resource: net::ERR_CONNECTION_REFUSED @ http://localhost:3100/:0
[ 4905125ms] [ERROR] Failed to load resource: net::ERR_CONNECTION_REFUSED @ http://localhost:3100/:0
[ 4906129ms] [ERROR] Failed to load resource: net::ERR_CONNECTION_REFUSED @ http://localhost:3100/:0
[ 4907135ms] [ERROR] Failed to load resource: net::ERR_CONNECTION_REFUSED @ http://localhost:3100/:0
[ 4908142ms] [ERROR] Failed to load resource: net::ERR_CONNECTION_REFUSED @ http://localhost:3100/:0
[ 4909145ms] [ERROR] Failed to load resource: net::ERR_CONNECTION_REFUSED @ http://localhost:3100/:0
[ 4910148ms] [ERROR] Failed to load resource: net::ERR_CONNECTION_REFUSED @ http://localhost:3100/:0
[ 4911261ms] [ERROR] Failed to load resource: net::ERR_CONNECTION_REFUSED @ http://localhost:3100/:0
[ 4912267ms] [ERROR] Failed to load resource: net::ERR_CONNECTION_REFUSED @ http://localhost:3100/:0
[ 4913274ms] [ERROR] Failed to load resource: net::ERR_CONNECTION_REFUSED @ http://localhost:3100/:0
[ 4914279ms] [ERROR] Failed to load resource: net::ERR_CONNECTION_REFUSED @ http://localhost:3100/:0
[ 4915285ms] [ERROR] Failed to load resource: net::ERR_CONNECTION_REFUSED @ http://localhost:3100/:0
[ 4916290ms] [ERROR] Failed to load resource: net::ERR_CONNECTION_REFUSED @ http://localhost:3100/:0
[ 4917294ms] [ERROR] Failed to load resource: net::ERR_CONNECTION_REFUSED @ http://localhost:3100/:0
[ 4918300ms] [ERROR] Failed to load resource: net::ERR_CONNECTION_REFUSED @ http://localhost:3100/:0
[ 4919303ms] [ERROR] Failed to load resource: net::ERR_CONNECTION_REFUSED @ http://localhost:3100/:0
[ 4920308ms] [ERROR] Failed to load resource: net::ERR_CONNECTION_REFUSED @ http://localhost:3100/:0
[ 4921314ms] [ERROR] Failed to load resource: net::ERR_CONNECTION_REFUSED @ http://localhost:3100/:0
[ 4922317ms] [ERROR] Failed to load resource: net::ERR_CONNECTION_REFUSED @ http://localhost:3100/:0
[ 4923322ms] [ERROR] Failed to load resource: net::ERR_CONNECTION_REFUSED @ http://localhost:3100/:0
[ 4924326ms] [ERROR] Failed to load resource: net::ERR_CONNECTION_REFUSED @ http://localhost:3100/:0
[ 4925331ms] [ERROR] Failed to load resource: net::ERR_CONNECTION_REFUSED @ http://localhost:3100/:0
[ 4926337ms] [ERROR] Failed to load resource: net::ERR_CONNECTION_REFUSED @ http://localhost:3100/:0
[ 4927341ms] [ERROR] Failed to load resource: net::ERR_CONNECTION_REFUSED @ http://localhost:3100/:0
[ 4928346ms] [ERROR] Failed to load resource: net::ERR_CONNECTION_REFUSED @ http://localhost:3100/:0
[ 4929349ms] [ERROR] Failed to load resource: net::ERR_CONNECTION_REFUSED @ http://localhost:3100/:0
[ 4930357ms] [ERROR] Failed to load resource: net::ERR_CONNECTION_REFUSED @ http://localhost:3100/:0
[ 4931361ms] [ERROR] Failed to load resource: net::ERR_CONNECTION_REFUSED @ http://localhost:3100/:0
[ 4932364ms] [ERROR] Failed to load resource: net::ERR_CONNECTION_REFUSED @ http://localhost:3100/:0
[ 4933369ms] [ERROR] Failed to load resource: net::ERR_CONNECTION_REFUSED @ http://localhost:3100/:0
[ 4934373ms] [ERROR] Failed to load resource: net::ERR_CONNECTION_REFUSED @ http://localhost:3100/:0
[ 4935385ms] [ERROR] Failed to load resource: net::ERR_CONNECTION_REFUSED @ http://localhost:3100/:0
[ 4936392ms] [ERROR] Failed to load resource: net::ERR_CONNECTION_REFUSED @ http://localhost:3100/:0
[ 4937395ms] [ERROR] Failed to load resource: net::ERR_CONNECTION_REFUSED @ http://localhost:3100/:0
[ 4938399ms] [ERROR] Failed to load resource: net::ERR_CONNECTION_REFUSED @ http://localhost:3100/:0
[ 4939404ms] [ERROR] Failed to load resource: net::ERR_CONNECTION_REFUSED @ http://localhost:3100/:0
[ 4940412ms] [ERROR] Failed to load resource: net::ERR_CONNECTION_REFUSED @ http://localhost:3100/:0
[ 4941415ms] [ERROR] Failed to load resource: net::ERR_CONNECTION_REFUSED @ http://localhost:3100/:0
[ 4942420ms] [ERROR] Failed to load resource: net::ERR_CONNECTION_REFUSED @ http://localhost:3100/:0
[ 4943425ms] [ERROR] Failed to load resource: net::ERR_CONNECTION_REFUSED @ http://localhost:3100/:0
[ 4944428ms] [ERROR] Failed to load resource: net::ERR_CONNECTION_REFUSED @ http://localhost:3100/:0
[ 4945433ms] [ERROR] Failed to load resource: net::ERR_CONNECTION_REFUSED @ http://localhost:3100/:0
[ 4946440ms] [ERROR] Failed to load resource: net::ERR_CONNECTION_REFUSED @ http://localhost:3100/:0
[ 4947443ms] [ERROR] Failed to load resource: net::ERR_CONNECTION_REFUSED @ http://localhost:3100/:0
[ 4948446ms] [ERROR] Failed to load resource: net::ERR_CONNECTION_REFUSED @ http://localhost:3100/:0
[ 4949452ms] [ERROR] Failed to load resource: net::ERR_CONNECTION_REFUSED @ http://localhost:3100/:0
[ 4950464ms] [ERROR] Failed to load resource: net::ERR_CONNECTION_REFUSED @ http://localhost:3100/:0
[ 4951470ms] [ERROR] Failed to load resource: net::ERR_CONNECTION_REFUSED @ http://localhost:3100/:0
[ 4952476ms] [ERROR] Failed to load resource: net::ERR_CONNECTION_REFUSED @ http://localhost:3100/:0
[ 4953480ms] [ERROR] Failed to load resource: net::ERR_CONNECTION_REFUSED @ http://localhost:3100/:0
[ 4954483ms] [ERROR] Failed to load resource: net::ERR_CONNECTION_REFUSED @ http://localhost:3100/:0
[ 4955489ms] [ERROR] Failed to load resource: net::ERR_CONNECTION_REFUSED @ http://localhost:3100/:0
[ 4956495ms] [ERROR] Failed to load resource: net::ERR_CONNECTION_REFUSED @ http://localhost:3100/:0
[ 4957498ms] [ERROR] Failed to load resource: net::ERR_CONNECTION_REFUSED @ http://localhost:3100/:0
[ 4958502ms] [ERROR] Failed to load resource: net::ERR_CONNECTION_REFUSED @ http://localhost:3100/:0
[ 4959508ms] [ERROR] Failed to load resource: net::ERR_CONNECTION_REFUSED @ http://localhost:3100/:0
[ 4960513ms] [ERROR] Failed to load resource: net::ERR_CONNECTION_REFUSED @ http://localhost:3100/:0
[ 4961517ms] [ERROR] Failed to load resource: net::ERR_CONNECTION_REFUSED @ http://localhost:3100/:0
[ 4962521ms] [ERROR] Failed to load resource: net::ERR_CONNECTION_REFUSED @ http://localhost:3100/:0
[ 4963528ms] [ERROR] Failed to load resource: net::ERR_CONNECTION_REFUSED @ http://localhost:3100/:0
[ 4964531ms] [ERROR] Failed to load resource: net::ERR_CONNECTION_REFUSED @ http://localhost:3100/:0
[ 4965534ms] [ERROR] Failed to load resource: net::ERR_CONNECTION_REFUSED @ http://localhost:3100/:0
[ 4966540ms] [ERROR] Failed to load resource: net::ERR_CONNECTION_REFUSED @ http://localhost:3100/:0
[ 4967545ms] [ERROR] Failed to load resource: net::ERR_CONNECTION_REFUSED @ http://localhost:3100/:0
[ 4968550ms] [ERROR] Failed to load resource: net::ERR_CONNECTION_REFUSED @ http://localhost:3100/:0
[ 4969553ms] [ERROR] Failed to load resource: net::ERR_CONNECTION_REFUSED @ http://localhost:3100/:0
[ 4970561ms] [ERROR] Failed to load resource: net::ERR_CONNECTION_REFUSED @ http://localhost:3100/:0
[ 4971565ms] [ERROR] Failed to load resource: net::ERR_CONNECTION_REFUSED @ http://localhost:3100/:0
[ 4972569ms] [ERROR] Failed to load resource: net::ERR_CONNECTION_REFUSED @ http://localhost:3100/:0
[ 4973574ms] [ERROR] Failed to load resource: net::ERR_CONNECTION_REFUSED @ http://localhost:3100/:0
[ 4974578ms] [ERROR] Failed to load resource: net::ERR_CONNECTION_REFUSED @ http://localhost:3100/:0
[ 4975583ms] [ERROR] Failed to load resource: net::ERR_CONNECTION_REFUSED @ http://localhost:3100/:0
[ 4976586ms] [ERROR] Failed to load resource: net::ERR_CONNECTION_REFUSED @ http://localhost:3100/:0
[ 4977593ms] [ERROR] Failed to load resource: net::ERR_CONNECTION_REFUSED @ http://localhost:3100/:0
[ 4978597ms] [ERROR] Failed to load resource: net::ERR_CONNECTION_REFUSED @ http://localhost:3100/:0
[ 4979601ms] [ERROR] Failed to load resource: net::ERR_CONNECTION_REFUSED @ http://localhost:3100/:0
[ 4980610ms] [ERROR] Failed to load resource: net::ERR_CONNECTION_REFUSED @ http://localhost:3100/:0
[ 4981613ms] [ERROR] Failed to load resource: net::ERR_CONNECTION_REFUSED @ http://localhost:3100/:0
[ 4982621ms] [ERROR] Failed to load resource: net::ERR_CONNECTION_REFUSED @ http://localhost:3100/:0
[ 4983626ms] [ERROR] Failed to load resource: net::ERR_CONNECTION_REFUSED @ http://localhost:3100/:0
[ 4984634ms] [ERROR] Failed to load resource: net::ERR_CONNECTION_REFUSED @ http://localhost:3100/:0
[ 4985639ms] [ERROR] Failed to load resource: net::ERR_CONNECTION_REFUSED @ http://localhost:3100/:0
[ 4986646ms] [ERROR] Failed to load resource: net::ERR_CONNECTION_REFUSED @ http://localhost:3100/:0
[ 4987649ms] [ERROR] Failed to load resource: net::ERR_CONNECTION_REFUSED @ http://localhost:3100/:0
[ 4988657ms] [ERROR] Failed to load resource: net::ERR_CONNECTION_REFUSED @ http://localhost:3100/:0
[ 4989664ms] [ERROR] Failed to load resource: net::ERR_CONNECTION_REFUSED @ http://localhost:3100/:0
[ 4990671ms] [ERROR] Failed to load resource: net::ERR_CONNECTION_REFUSED @ http://localhost:3100/:0
[ 4991675ms] [ERROR] Failed to load resource: net::ERR_CONNECTION_REFUSED @ http://localhost:3100/:0
[ 4992679ms] [ERROR] Failed to load resource: net::ERR_CONNECTION_REFUSED @ http://localhost:3100/:0
[ 4993681ms] [ERROR] Failed to load resource: net::ERR_CONNECTION_REFUSED @ http://localhost:3100/:0
[ 4994684ms] [ERROR] Failed to load resource: net::ERR_CONNECTION_REFUSED @ http://localhost:3100/:0
[ 4995689ms] [ERROR] Failed to load resource: net::ERR_CONNECTION_REFUSED @ http://localhost:3100/:0
[ 4996693ms] [ERROR] Failed to load resource: net::ERR_CONNECTION_REFUSED @ http://localhost:3100/:0
[ 4997696ms] [ERROR] Failed to load resource: net::ERR_CONNECTION_REFUSED @ http://localhost:3100/:0
[ 4998699ms] [ERROR] Failed to load resource: net::ERR_CONNECTION_REFUSED @ http://localhost:3100/:0
[ 4999703ms] [ERROR] Failed to load resource: net::ERR_CONNECTION_REFUSED @ http://localhost:3100/:0
[ 5000707ms] [ERROR] Failed to load resource: net::ERR_CONNECTION_REFUSED @ http://localhost:3100/:0
[ 5001707ms] [ERROR] Failed to load resource: net::ERR_CONNECTION_REFUSED @ http://localhost:3100/:0
[ 5002713ms] [ERROR] Failed to load resource: net::ERR_CONNECTION_REFUSED @ http://localhost:3100/:0
[ 5003718ms] [ERROR] Failed to load resource: net::ERR_CONNECTION_REFUSED @ http://localhost:3100/:0
[ 5004721ms] [ERROR] Failed to load resource: net::ERR_CONNECTION_REFUSED @ http://localhost:3100/:0
[ 5005723ms] [ERROR] Failed to load resource: net::ERR_CONNECTION_REFUSED @ http://localhost:3100/:0
[ 5006727ms] [ERROR] Failed to load resource: net::ERR_CONNECTION_REFUSED @ http://localhost:3100/:0
[ 5007728ms] [ERROR] Failed to load resource: net::ERR_CONNECTION_REFUSED @ http://localhost:3100/:0
[ 5008730ms] [ERROR] Failed to load resource: net::ERR_CONNECTION_REFUSED @ http://localhost:3100/:0
[ 5009736ms] [ERROR] Failed to load resource: net::ERR_CONNECTION_REFUSED @ http://localhost:3100/:0
[ 5010740ms] [ERROR] Failed to load resource: net::ERR_CONNECTION_REFUSED @ http://localhost:3100/:0
[ 5011741ms] [ERROR] Failed to load resource: net::ERR_CONNECTION_REFUSED @ http://localhost:3100/:0
[ 5012743ms] [ERROR] Failed to load resource: net::ERR_CONNECTION_REFUSED @ http://localhost:3100/:0
[ 5013828ms] [ERROR] Failed to load resource: net::ERR_CONNECTION_REFUSED @ http://localhost:3100/:0
[ 5014831ms] [ERROR] Failed to load resource: net::ERR_CONNECTION_REFUSED @ http://localhost:3100/:0
[ 5015833ms] [ERROR] Failed to load resource: net::ERR_CONNECTION_REFUSED @ http://localhost:3100/:0
[ 5016836ms] [ERROR] Failed to load resource: net::ERR_CONNECTION_REFUSED @ http://localhost:3100/:0
[ 5017840ms] [ERROR] Failed to load resource: net::ERR_CONNECTION_REFUSED @ http://localhost:3100/:0
[ 5018845ms] [ERROR] Failed to load resource: net::ERR_CONNECTION_REFUSED @ http://localhost:3100/:0
[ 5019849ms] [ERROR] Failed to load resource: net::ERR_CONNECTION_REFUSED @ http://localhost:3100/:0
[ 5020851ms] [ERROR] Failed to load resource: net::ERR_CONNECTION_REFUSED @ http://localhost:3100/:0
[ 5021857ms] [ERROR] Failed to load resource: net::ERR_CONNECTION_REFUSED @ http://localhost:3100/:0
[ 5022862ms] [ERROR] Failed to load resource: net::ERR_CONNECTION_REFUSED @ http://localhost:3100/:0
[ 5023866ms] [ERROR] Failed to load resource: net::ERR_CONNECTION_REFUSED @ http://localhost:3100/:0
[ 5024869ms] [ERROR] Failed to load resource: net::ERR_CONNECTION_REFUSED @ http://localhost:3100/:0
[ 5025872ms] [ERROR] Failed to load resource: net::ERR_CONNECTION_REFUSED @ http://localhost:3100/:0
[ 5026875ms] [ERROR] Failed to load resource: net::ERR_CONNECTION_REFUSED @ http://localhost:3100/:0
[ 5027889ms] [ERROR] Failed to load resource: net::ERR_CONNECTION_REFUSED @ http://localhost:3100/:0
[ 5028892ms] [ERROR] Failed to load resource: net::ERR_CONNECTION_REFUSED @ http://localhost:3100/:0
[ 5029895ms] [ERROR] Failed to load resource: net::ERR_CONNECTION_REFUSED @ http://localhost:3100/:0
[ 5030901ms] [ERROR] Failed to load resource: net::ERR_CONNECTION_REFUSED @ http://localhost:3100/:0
[ 5031906ms] [ERROR] Failed to load resource: net::ERR_CONNECTION_REFUSED @ http://localhost:3100/:0
[ 5032910ms] [ERROR] Failed to load resource: net::ERR_CONNECTION_REFUSED @ http://localhost:3100/:0
[ 5033913ms] [ERROR] Failed to load resource: net::ERR_CONNECTION_REFUSED @ http://localhost:3100/:0
[ 5034918ms] [ERROR] Failed to load resource: net::ERR_CONNECTION_REFUSED @ http://localhost:3100/:0
[ 5035921ms] [ERROR] Failed to load resource: net::ERR_CONNECTION_REFUSED @ http://localhost:3100/:0
[ 5036925ms] [ERROR] Failed to load resource: net::ERR_CONNECTION_REFUSED @ http://localhost:3100/:0
[ 5037930ms] [ERROR] Failed to load resource: net::ERR_CONNECTION_REFUSED @ http://localhost:3100/:0
[ 5038933ms] [ERROR] Failed to load resource: net::ERR_CONNECTION_REFUSED @ http://localhost:3100/:0
[ 5039937ms] [ERROR] Failed to load resource: net::ERR_CONNECTION_REFUSED @ http://localhost:3100/:0
[ 5040941ms] [ERROR] Failed to load resource: net::ERR_CONNECTION_REFUSED @ http://localhost:3100/:0
[ 5041945ms] [ERROR] Failed to load resource: net::ERR_CONNECTION_REFUSED @ http://localhost:3100/:0
[ 5042952ms] [ERROR] Failed to load resource: net::ERR_CONNECTION_REFUSED @ http://localhost:3100/:0
[ 5043957ms] [ERROR] Failed to load resource: net::ERR_CONNECTION_REFUSED @ http://localhost:3100/:0
[ 5044962ms] [ERROR] Failed to load resource: net::ERR_CONNECTION_REFUSED @ http://localhost:3100/:0
[ 5045968ms] [ERROR] Failed to load resource: net::ERR_CONNECTION_REFUSED @ http://localhost:3100/:0
[ 5046974ms] [ERROR] Failed to load resource: net::ERR_CONNECTION_REFUSED @ http://localhost:3100/:0
[ 5047978ms] [ERROR] Failed to load resource: net::ERR_CONNECTION_REFUSED @ http://localhost:3100/:0
[ 5048983ms] [ERROR] Failed to load resource: net::ERR_CONNECTION_REFUSED @ http://localhost:3100/:0
[ 5049987ms] [ERROR] Failed to load resource: net::ERR_CONNECTION_REFUSED @ http://localhost:3100/:0
[ 5050990ms] [ERROR] Failed to load resource: net::ERR_CONNECTION_REFUSED @ http://localhost:3100/:0
[ 5051995ms] [ERROR] Failed to load resource: net::ERR_CONNECTION_REFUSED @ http://localhost:3100/:0
[ 5053000ms] [ERROR] Failed to load resource: net::ERR_CONNECTION_REFUSED @ http://localhost:3100/:0
[ 5054004ms] [ERROR] Failed to load resource: net::ERR_CONNECTION_REFUSED @ http://localhost:3100/:0
[ 5055006ms] [ERROR] Failed to load resource: net::ERR_CONNECTION_REFUSED @ http://localhost:3100/:0
[ 5056010ms] [ERROR] Failed to load resource: net::ERR_CONNECTION_REFUSED @ http://localhost:3100/:0
[ 5057013ms] [ERROR] Failed to load resource: net::ERR_CONNECTION_REFUSED @ http://localhost:3100/:0
[ 5058019ms] [ERROR] Failed to load resource: net::ERR_CONNECTION_REFUSED @ http://localhost:3100/:0
[ 5059023ms] [ERROR] Failed to load resource: net::ERR_CONNECTION_REFUSED @ http://localhost:3100/:0
[ 5060028ms] [ERROR] Failed to load resource: net::ERR_CONNECTION_REFUSED @ http://localhost:3100/:0
[ 5061032ms] [ERROR] Failed to load resource: net::ERR_CONNECTION_REFUSED @ http://localhost:3100/:0
[ 5062037ms] [ERROR] Failed to load resource: net::ERR_CONNECTION_REFUSED @ http://localhost:3100/:0
[ 5063041ms] [ERROR] Failed to load resource: net::ERR_CONNECTION_REFUSED @ http://localhost:3100/:0
[ 5064045ms] [ERROR] Failed to load resource: net::ERR_CONNECTION_REFUSED @ http://localhost:3100/:0
[ 5065051ms] [ERROR] Failed to load resource: net::ERR_CONNECTION_REFUSED @ http://localhost:3100/:0
[ 5066055ms] [ERROR] Failed to load resource: net::ERR_CONNECTION_REFUSED @ http://localhost:3100/:0
[ 5067061ms] [ERROR] Failed to load resource: net::ERR_CONNECTION_REFUSED @ http://localhost:3100/:0
[ 5068068ms] [ERROR] Failed to load resource: net::ERR_CONNECTION_REFUSED @ http://localhost:3100/:0
[ 5069071ms] [ERROR] Failed to load resource: net::ERR_CONNECTION_REFUSED @ http://localhost:3100/:0
[ 5070078ms] [ERROR] Failed to load resource: net::ERR_CONNECTION_REFUSED @ http://localhost:3100/:0
[ 5071085ms] [ERROR] Failed to load resource: net::ERR_CONNECTION_REFUSED @ http://localhost:3100/:0
[ 5072088ms] [ERROR] Failed to load resource: net::ERR_CONNECTION_REFUSED @ http://localhost:3100/:0
[ 5073091ms] [ERROR] Failed to load resource: net::ERR_CONNECTION_REFUSED @ http://localhost:3100/:0
[ 5074095ms] [ERROR] Failed to load resource: net::ERR_CONNECTION_REFUSED @ http://localhost:3100/:0
[ 5075099ms] [ERROR] Failed to load resource: net::ERR_CONNECTION_REFUSED @ http://localhost:3100/:0
[ 5076102ms] [ERROR] Failed to load resource: net::ERR_CONNECTION_REFUSED @ http://localhost:3100/:0
[ 5077106ms] [ERROR] Failed to load resource: net::ERR_CONNECTION_REFUSED @ http://localhost:3100/:0
[ 5078111ms] [ERROR] Failed to load resource: net::ERR_CONNECTION_REFUSED @ http://localhost:3100/:0
[ 5079116ms] [ERROR] Failed to load resource: net::ERR_CONNECTION_REFUSED @ http://localhost:3100/:0
[ 5080121ms] [ERROR] Failed to load resource: net::ERR_CONNECTION_REFUSED @ http://localhost:3100/:0
[ 5081126ms] [ERROR] Failed to load resource: net::ERR_CONNECTION_REFUSED @ http://localhost:3100/:0
[ 5082131ms] [ERROR] Failed to load resource: net::ERR_CONNECTION_REFUSED @ http://localhost:3100/:0
[ 5083137ms] [ERROR] Failed to load resource: net::ERR_CONNECTION_REFUSED @ http://localhost:3100/:0
[ 5084141ms] [ERROR] Failed to load resource: net::ERR_CONNECTION_REFUSED @ http://localhost:3100/:0
[ 5085146ms] [ERROR] Failed to load resource: net::ERR_CONNECTION_REFUSED @ http://localhost:3100/:0
[ 5086151ms] [ERROR] Failed to load resource: net::ERR_CONNECTION_REFUSED @ http://localhost:3100/:0
[ 5087155ms] [ERROR] Failed to load resource: net::ERR_CONNECTION_REFUSED @ http://localhost:3100/:0
[ 5088158ms] [ERROR] Failed to load resource: net::ERR_CONNECTION_REFUSED @ http://localhost:3100/:0
[ 5089163ms] [ERROR] Failed to load resource: net::ERR_CONNECTION_REFUSED @ http://localhost:3100/:0
[ 5090167ms] [ERROR] Failed to load resource: net::ERR_CONNECTION_REFUSED @ http://localhost:3100/:0
[ 5091172ms] [ERROR] Failed to load resource: net::ERR_CONNECTION_REFUSED @ http://localhost:3100/:0
[ 5092175ms] [ERROR] Failed to load resource: net::ERR_CONNECTION_REFUSED @ http://localhost:3100/:0
[ 5093179ms] [ERROR] Failed to load resource: net::ERR_CONNECTION_REFUSED @ http://localhost:3100/:0
[ 5094183ms] [ERROR] Failed to load resource: net::ERR_CONNECTION_REFUSED @ http://localhost:3100/:0
[ 5095188ms] [ERROR] Failed to load resource: net::ERR_CONNECTION_REFUSED @ http://localhost:3100/:0
[ 5096194ms] [ERROR] Failed to load resource: net::ERR_CONNECTION_REFUSED @ http://localhost:3100/:0
[ 5097197ms] [ERROR] Failed to load resource: net::ERR_CONNECTION_REFUSED @ http://localhost:3100/:0
[ 5098202ms] [ERROR] Failed to load resource: net::ERR_CONNECTION_REFUSED @ http://localhost:3100/:0
[ 5099206ms] [ERROR] Failed to load resource: net::ERR_CONNECTION_REFUSED @ http://localhost:3100/:0
[ 5100211ms] [ERROR] Failed to load resource: net::ERR_CONNECTION_REFUSED @ http://localhost:3100/:0
[ 5101215ms] [ERROR] Failed to load resource: net::ERR_CONNECTION_REFUSED @ http://localhost:3100/:0
[ 5102220ms] [ERROR] Failed to load resource: net::ERR_CONNECTION_REFUSED @ http://localhost:3100/:0
[ 5103227ms] [ERROR] Failed to load resource: net::ERR_CONNECTION_REFUSED @ http://localhost:3100/:0
[ 5104230ms] [ERROR] Failed to load resource: net::ERR_CONNECTION_REFUSED @ http://localhost:3100/:0
[ 5105236ms] [ERROR] Failed to load resource: net::ERR_CONNECTION_REFUSED @ http://localhost:3100/:0
[ 5106240ms] [ERROR] Failed to load resource: net::ERR_CONNECTION_REFUSED @ http://localhost:3100/:0
[ 5107242ms] [ERROR] Failed to load resource: net::ERR_CONNECTION_REFUSED @ http://localhost:3100/:0
[ 5108254ms] [ERROR] Failed to load resource: net::ERR_CONNECTION_REFUSED @ http://localhost:3100/:0
[ 5109261ms] [ERROR] Failed to load resource: net::ERR_CONNECTION_REFUSED @ http://localhost:3100/:0
[ 5110267ms] [ERROR] Failed to load resource: net::ERR_CONNECTION_REFUSED @ http://localhost:3100/:0
[ 5111271ms] [ERROR] Failed to load resource: net::ERR_CONNECTION_REFUSED @ http://localhost:3100/:0
[ 5112277ms] [ERROR] Failed to load resource: net::ERR_CONNECTION_REFUSED @ http://localhost:3100/:0
[ 5113281ms] [ERROR] Failed to load resource: net::ERR_CONNECTION_REFUSED @ http://localhost:3100/:0
[ 5114285ms] [ERROR] Failed to load resource: net::ERR_CONNECTION_REFUSED @ http://localhost:3100/:0
[ 5115290ms] [ERROR] Failed to load resource: net::ERR_CONNECTION_REFUSED @ http://localhost:3100/:0
[ 5116293ms] [ERROR] Failed to load resource: net::ERR_CONNECTION_REFUSED @ http://localhost:3100/:0
[ 5117295ms] [ERROR] Failed to load resource: net::ERR_CONNECTION_REFUSED @ http://localhost:3100/:0
[ 5118299ms] [ERROR] Failed to load resource: net::ERR_CONNECTION_REFUSED @ http://localhost:3100/:0
[ 5119303ms] [ERROR] Failed to load resource: net::ERR_CONNECTION_REFUSED @ http://localhost:3100/:0
[ 5120307ms] [ERROR] Failed to load resource: net::ERR_CONNECTION_REFUSED @ http://localhost:3100/:0
[ 5121312ms] [ERROR] Failed to load resource: net::ERR_CONNECTION_REFUSED @ http://localhost:3100/:0
[ 5122317ms] [ERROR] Failed to load resource: net::ERR_CONNECTION_REFUSED @ http://localhost:3100/:0
[ 5123324ms] [ERROR] Failed to load resource: net::ERR_CONNECTION_REFUSED @ http://localhost:3100/:0
[ 5124328ms] [ERROR] Failed to load resource: net::ERR_CONNECTION_REFUSED @ http://localhost:3100/:0
[ 5125335ms] [ERROR] Failed to load resource: net::ERR_CONNECTION_REFUSED @ http://localhost:3100/:0
[ 5126341ms] [ERROR] Failed to load resource: net::ERR_CONNECTION_REFUSED @ http://localhost:3100/:0
[ 5127346ms] [ERROR] Failed to load resource: net::ERR_CONNECTION_REFUSED @ http://localhost:3100/:0
[ 5128348ms] [ERROR] Failed to load resource: net::ERR_CONNECTION_REFUSED @ http://localhost:3100/:0
[ 5129352ms] [ERROR] Failed to load resource: net::ERR_CONNECTION_REFUSED @ http://localhost:3100/:0
[ 5130359ms] [ERROR] Failed to load resource: net::ERR_CONNECTION_REFUSED @ http://localhost:3100/:0
[ 5131364ms] [ERROR] Failed to load resource: net::ERR_CONNECTION_REFUSED @ http://localhost:3100/:0
[ 5132368ms] [ERROR] Failed to load resource: net::ERR_CONNECTION_REFUSED @ http://localhost:3100/:0
[ 5133372ms] [ERROR] Failed to load resource: net::ERR_CONNECTION_REFUSED @ http://localhost:3100/:0
[ 5134377ms] [ERROR] Failed to load resource: net::ERR_CONNECTION_REFUSED @ http://localhost:3100/:0
[ 5135390ms] [ERROR] Failed to load resource: net::ERR_CONNECTION_REFUSED @ http://localhost:3100/:0
[ 5136395ms] [ERROR] Failed to load resource: net::ERR_CONNECTION_REFUSED @ http://localhost:3100/:0
[ 5137399ms] [ERROR] Failed to load resource: net::ERR_CONNECTION_REFUSED @ http://localhost:3100/:0
[ 5138404ms] [ERROR] Failed to load resource: net::ERR_CONNECTION_REFUSED @ http://localhost:3100/:0
[ 5139410ms] [ERROR] Failed to load resource: net::ERR_CONNECTION_REFUSED @ http://localhost:3100/:0
[ 5140415ms] [ERROR] Failed to load resource: net::ERR_CONNECTION_REFUSED @ http://localhost:3100/:0
[ 5141418ms] [ERROR] Failed to load resource: net::ERR_CONNECTION_REFUSED @ http://localhost:3100/:0
[ 5142425ms] [ERROR] Failed to load resource: net::ERR_CONNECTION_REFUSED @ http://localhost:3100/:0
[ 5143431ms] [ERROR] Failed to load resource: net::ERR_CONNECTION_REFUSED @ http://localhost:3100/:0
[ 5144435ms] [ERROR] Failed to load resource: net::ERR_CONNECTION_REFUSED @ http://localhost:3100/:0
[ 5145443ms] [ERROR] Failed to load resource: net::ERR_CONNECTION_REFUSED @ http://localhost:3100/:0
[ 5146451ms] [ERROR] Failed to load resource: net::ERR_CONNECTION_REFUSED @ http://localhost:3100/:0
[ 5147456ms] [ERROR] Failed to load resource: net::ERR_CONNECTION_REFUSED @ http://localhost:3100/:0
[ 5148461ms] [ERROR] Failed to load resource: net::ERR_CONNECTION_REFUSED @ http://localhost:3100/:0
[ 5149463ms] [ERROR] Failed to load resource: net::ERR_CONNECTION_REFUSED @ http://localhost:3100/:0
[ 5150468ms] [ERROR] Failed to load resource: net::ERR_CONNECTION_REFUSED @ http://localhost:3100/:0
[ 5151473ms] [ERROR] Failed to load resource: net::ERR_CONNECTION_REFUSED @ http://localhost:3100/:0
[ 5152478ms] [ERROR] Failed to load resource: net::ERR_CONNECTION_REFUSED @ http://localhost:3100/:0
[ 5153483ms] [ERROR] Failed to load resource: net::ERR_CONNECTION_REFUSED @ http://localhost:3100/:0
[ 5154487ms] [ERROR] Failed to load resource: net::ERR_CONNECTION_REFUSED @ http://localhost:3100/:0
[ 5155492ms] [ERROR] Failed to load resource: net::ERR_CONNECTION_REFUSED @ http://localhost:3100/:0
[ 5156496ms] [ERROR] Failed to load resource: net::ERR_CONNECTION_REFUSED @ http://localhost:3100/:0
[ 5157500ms] [ERROR] Failed to load resource: net::ERR_CONNECTION_REFUSED @ http://localhost:3100/:0
[ 5158504ms] [ERROR] Failed to load resource: net::ERR_CONNECTION_REFUSED @ http://localhost:3100/:0
[ 5159509ms] [ERROR] Failed to load resource: net::ERR_CONNECTION_REFUSED @ http://localhost:3100/:0
[ 5160513ms] [ERROR] Failed to load resource: net::ERR_CONNECTION_REFUSED @ http://localhost:3100/:0
[ 5161518ms] [ERROR] Failed to load resource: net::ERR_CONNECTION_REFUSED @ http://localhost:3100/:0
[ 5162522ms] [ERROR] Failed to load resource: net::ERR_CONNECTION_REFUSED @ http://localhost:3100/:0
[ 5163526ms] [ERROR] Failed to load resource: net::ERR_CONNECTION_REFUSED @ http://localhost:3100/:0
[ 5164529ms] [ERROR] Failed to load resource: net::ERR_CONNECTION_REFUSED @ http://localhost:3100/:0
[ 5165534ms] [ERROR] Failed to load resource: net::ERR_CONNECTION_REFUSED @ http://localhost:3100/:0
[ 5166538ms] [ERROR] Failed to load resource: net::ERR_CONNECTION_REFUSED @ http://localhost:3100/:0
[ 5167543ms] [ERROR] Failed to load resource: net::ERR_CONNECTION_REFUSED @ http://localhost:3100/:0
[ 5168548ms] [ERROR] Failed to load resource: net::ERR_CONNECTION_REFUSED @ http://localhost:3100/:0
[ 5169552ms] [ERROR] Failed to load resource: net::ERR_CONNECTION_REFUSED @ http://localhost:3100/:0
[ 5170558ms] [ERROR] Failed to load resource: net::ERR_CONNECTION_REFUSED @ http://localhost:3100/:0
[ 5171562ms] [ERROR] Failed to load resource: net::ERR_CONNECTION_REFUSED @ http://localhost:3100/:0
[ 5172568ms] [ERROR] Failed to load resource: net::ERR_CONNECTION_REFUSED @ http://localhost:3100/:0
[ 5173573ms] [ERROR] Failed to load resource: net::ERR_CONNECTION_REFUSED @ http://localhost:3100/:0
[ 5174577ms] [ERROR] Failed to load resource: net::ERR_CONNECTION_REFUSED @ http://localhost:3100/:0
[ 5175583ms] [ERROR] Failed to load resource: net::ERR_CONNECTION_REFUSED @ http://localhost:3100/:0
[ 5176587ms] [ERROR] Failed to load resource: net::ERR_CONNECTION_REFUSED @ http://localhost:3100/:0
[ 5177590ms] [ERROR] Failed to load resource: net::ERR_CONNECTION_REFUSED @ http://localhost:3100/:0
[ 5178595ms] [ERROR] Failed to load resource: net::ERR_CONNECTION_REFUSED @ http://localhost:3100/:0
[ 5179601ms] [ERROR] Failed to load resource: net::ERR_CONNECTION_REFUSED @ http://localhost:3100/:0
[ 5180605ms] [ERROR] Failed to load resource: net::ERR_CONNECTION_REFUSED @ http://localhost:3100/:0
[ 5181611ms] [ERROR] Failed to load resource: net::ERR_CONNECTION_REFUSED @ http://localhost:3100/:0
[ 5182617ms] [ERROR] Failed to load resource: net::ERR_CONNECTION_REFUSED @ http://localhost:3100/:0
[ 5183621ms] [ERROR] Failed to load resource: net::ERR_CONNECTION_REFUSED @ http://localhost:3100/:0
[ 5184626ms] [ERROR] Failed to load resource: net::ERR_CONNECTION_REFUSED @ http://localhost:3100/:0
[ 5185629ms] [ERROR] Failed to load resource: net::ERR_CONNECTION_REFUSED @ http://localhost:3100/:0
[ 5186632ms] [ERROR] Failed to load resource: net::ERR_CONNECTION_REFUSED @ http://localhost:3100/:0
[ 5187634ms] [ERROR] Failed to load resource: net::ERR_CONNECTION_REFUSED @ http://localhost:3100/:0
[ 5188639ms] [ERROR] Failed to load resource: net::ERR_CONNECTION_REFUSED @ http://localhost:3100/:0
[ 5189641ms] [ERROR] Failed to load resource: net::ERR_CONNECTION_REFUSED @ http://localhost:3100/:0
[ 5190645ms] [ERROR] Failed to load resource: net::ERR_CONNECTION_REFUSED @ http://localhost:3100/:0
[ 5191651ms] [ERROR] Failed to load resource: net::ERR_CONNECTION_REFUSED @ http://localhost:3100/:0
[ 5192654ms] [ERROR] Failed to load resource: net::ERR_CONNECTION_REFUSED @ http://localhost:3100/:0
[ 5193658ms] [ERROR] Failed to load resource: net::ERR_CONNECTION_REFUSED @ http://localhost:3100/:0
[ 5194662ms] [ERROR] Failed to load resource: net::ERR_CONNECTION_REFUSED @ http://localhost:3100/:0
[ 5195666ms] [ERROR] Failed to load resource: net::ERR_CONNECTION_REFUSED @ http://localhost:3100/:0
[ 5196670ms] [ERROR] Failed to load resource: net::ERR_CONNECTION_REFUSED @ http://localhost:3100/:0
[ 5197682ms] [ERROR] Failed to load resource: net::ERR_CONNECTION_REFUSED @ http://localhost:3100/:0
[ 5198691ms] [ERROR] Failed to load resource: net::ERR_CONNECTION_REFUSED @ http://localhost:3100/:0
[ 5199695ms] [ERROR] Failed to load resource: net::ERR_CONNECTION_REFUSED @ http://localhost:3100/:0
[ 5200699ms] [ERROR] Failed to load resource: net::ERR_CONNECTION_REFUSED @ http://localhost:3100/:0
[ 5201703ms] [ERROR] Failed to load resource: net::ERR_CONNECTION_REFUSED @ http://localhost:3100/:0
[ 5202706ms] [ERROR] Failed to load resource: net::ERR_CONNECTION_REFUSED @ http://localhost:3100/:0
[ 5203710ms] [ERROR] Failed to load resource: net::ERR_CONNECTION_REFUSED @ http://localhost:3100/:0
[ 5204716ms] [ERROR] Failed to load resource: net::ERR_CONNECTION_REFUSED @ http://localhost:3100/:0
[ 5205721ms] [ERROR] Failed to load resource: net::ERR_CONNECTION_REFUSED @ http://localhost:3100/:0
[ 5206727ms] [ERROR] Failed to load resource: net::ERR_CONNECTION_REFUSED @ http://localhost:3100/:0
[ 5207739ms] [ERROR] Failed to load resource: net::ERR_CONNECTION_REFUSED @ http://localhost:3100/:0
[ 5208748ms] [ERROR] Failed to load resource: net::ERR_CONNECTION_REFUSED @ http://localhost:3100/:0
[ 5209753ms] [ERROR] Failed to load resource: net::ERR_CONNECTION_REFUSED @ http://localhost:3100/:0
[ 5210756ms] [ERROR] Failed to load resource: net::ERR_CONNECTION_REFUSED @ http://localhost:3100/:0
[ 5211762ms] [ERROR] Failed to load resource: net::ERR_CONNECTION_REFUSED @ http://localhost:3100/:0
[ 5212766ms] [ERROR] Failed to load resource: net::ERR_CONNECTION_REFUSED @ http://localhost:3100/:0
[ 5213776ms] [ERROR] Failed to load resource: net::ERR_CONNECTION_REFUSED @ http://localhost:3100/:0
[ 5214785ms] [ERROR] Failed to load resource: net::ERR_CONNECTION_REFUSED @ http://localhost:3100/:0
[ 5215792ms] [ERROR] Failed to load resource: net::ERR_CONNECTION_REFUSED @ http://localhost:3100/:0
[ 5216796ms] [ERROR] Failed to load resource: net::ERR_CONNECTION_REFUSED @ http://localhost:3100/:0
[ 5217798ms] [ERROR] Failed to load resource: net::ERR_CONNECTION_REFUSED @ http://localhost:3100/:0
[ 5218805ms] [ERROR] Failed to load resource: net::ERR_CONNECTION_REFUSED @ http://localhost:3100/:0
[ 5219808ms] [ERROR] Failed to load resource: net::ERR_CONNECTION_REFUSED @ http://localhost:3100/:0
[ 5220814ms] [ERROR] Failed to load resource: net::ERR_CONNECTION_REFUSED @ http://localhost:3100/:0
[ 5221818ms] [ERROR] Failed to load resource: net::ERR_CONNECTION_REFUSED @ http://localhost:3100/:0
[ 5222825ms] [ERROR] Failed to load resource: net::ERR_CONNECTION_REFUSED @ http://localhost:3100/:0
[ 5223833ms] [ERROR] Failed to load resource: net::ERR_CONNECTION_REFUSED @ http://localhost:3100/:0
[ 5224838ms] [ERROR] Failed to load resource: net::ERR_CONNECTION_REFUSED @ http://localhost:3100/:0
[ 5225843ms] [ERROR] Failed to load resource: net::ERR_CONNECTION_REFUSED @ http://localhost:3100/:0
[ 5226850ms] [ERROR] Failed to load resource: net::ERR_CONNECTION_REFUSED @ http://localhost:3100/:0
[ 5227854ms] [ERROR] Failed to load resource: net::ERR_CONNECTION_REFUSED @ http://localhost:3100/:0
[ 5228860ms] [ERROR] Failed to load resource: net::ERR_CONNECTION_REFUSED @ http://localhost:3100/:0
[ 5229865ms] [ERROR] Failed to load resource: net::ERR_CONNECTION_REFUSED @ http://localhost:3100/:0
[ 5230875ms] [ERROR] Failed to load resource: net::ERR_CONNECTION_REFUSED @ http://localhost:3100/:0
[ 5231879ms] [ERROR] Failed to load resource: net::ERR_CONNECTION_REFUSED @ http://localhost:3100/:0
[ 5232884ms] [ERROR] Failed to load resource: net::ERR_CONNECTION_REFUSED @ http://localhost:3100/:0
[ 5233891ms] [ERROR] Failed to load resource: net::ERR_CONNECTION_REFUSED @ http://localhost:3100/:0
[ 5234899ms] [ERROR] Failed to load resource: net::ERR_CONNECTION_REFUSED @ http://localhost:3100/:0
[ 5235902ms] [ERROR] Failed to load resource: net::ERR_CONNECTION_REFUSED @ http://localhost:3100/:0
[ 5236908ms] [ERROR] Failed to load resource: net::ERR_CONNECTION_REFUSED @ http://localhost:3100/:0
[ 5237917ms] [ERROR] Failed to load resource: net::ERR_CONNECTION_REFUSED @ http://localhost:3100/:0
[ 5238921ms] [ERROR] Failed to load resource: net::ERR_CONNECTION_REFUSED @ http://localhost:3100/:0
[ 5239928ms] [ERROR] Failed to load resource: net::ERR_CONNECTION_REFUSED @ http://localhost:3100/:0
[ 5240935ms] [ERROR] Failed to load resource: net::ERR_CONNECTION_REFUSED @ http://localhost:3100/:0
[ 5241939ms] [ERROR] Failed to load resource: net::ERR_CONNECTION_REFUSED @ http://localhost:3100/:0
[ 5242942ms] [ERROR] Failed to load resource: net::ERR_CONNECTION_REFUSED @ http://localhost:3100/:0
[ 5243948ms] [ERROR] Failed to load resource: net::ERR_CONNECTION_REFUSED @ http://localhost:3100/:0
[ 5244955ms] [ERROR] Failed to load resource: net::ERR_CONNECTION_REFUSED @ http://localhost:3100/:0
[ 5245959ms] [ERROR] Failed to load resource: net::ERR_CONNECTION_REFUSED @ http://localhost:3100/:0
[ 5246966ms] [ERROR] Failed to load resource: net::ERR_CONNECTION_REFUSED @ http://localhost:3100/:0
[ 5247974ms] [ERROR] Failed to load resource: net::ERR_CONNECTION_REFUSED @ http://localhost:3100/:0
[ 5248979ms] [ERROR] Failed to load resource: net::ERR_CONNECTION_REFUSED @ http://localhost:3100/:0
[ 5249984ms] [ERROR] Failed to load resource: net::ERR_CONNECTION_REFUSED @ http://localhost:3100/:0
[ 5250988ms] [ERROR] Failed to load resource: net::ERR_CONNECTION_REFUSED @ http://localhost:3100/:0
[ 5251992ms] [ERROR] Failed to load resource: net::ERR_CONNECTION_REFUSED @ http://localhost:3100/:0
[ 5252995ms] [ERROR] Failed to load resource: net::ERR_CONNECTION_REFUSED @ http://localhost:3100/:0
[ 5254002ms] [ERROR] Failed to load resource: net::ERR_CONNECTION_REFUSED @ http://localhost:3100/:0
[ 5255008ms] [ERROR] Failed to load resource: net::ERR_CONNECTION_REFUSED @ http://localhost:3100/:0
[ 5256014ms] [ERROR] Failed to load resource: net::ERR_CONNECTION_REFUSED @ http://localhost:3100/:0
[ 5257017ms] [ERROR] Failed to load resource: net::ERR_CONNECTION_REFUSED @ http://localhost:3100/:0
[ 5258021ms] [ERROR] Failed to load resource: net::ERR_CONNECTION_REFUSED @ http://localhost:3100/:0
[ 5259025ms] [ERROR] Failed to load resource: net::ERR_CONNECTION_REFUSED @ http://localhost:3100/:0
[ 5260029ms] [ERROR] Failed to load resource: net::ERR_CONNECTION_REFUSED @ http://localhost:3100/:0
[ 5261034ms] [ERROR] Failed to load resource: net::ERR_CONNECTION_REFUSED @ http://localhost:3100/:0
[ 5262038ms] [ERROR] Failed to load resource: net::ERR_CONNECTION_REFUSED @ http://localhost:3100/:0
[ 5263045ms] [ERROR] Failed to load resource: net::ERR_CONNECTION_REFUSED @ http://localhost:3100/:0
[ 5264049ms] [ERROR] Failed to load resource: net::ERR_CONNECTION_REFUSED @ http://localhost:3100/:0
[ 5265053ms] [ERROR] Failed to load resource: net::ERR_CONNECTION_REFUSED @ http://localhost:3100/:0
[ 5266056ms] [ERROR] Failed to load resource: net::ERR_CONNECTION_REFUSED @ http://localhost:3100/:0
[ 5267060ms] [ERROR] Failed to load resource: net::ERR_CONNECTION_REFUSED @ http://localhost:3100/:0
[ 5268064ms] [ERROR] Failed to load resource: net::ERR_CONNECTION_REFUSED @ http://localhost:3100/:0
[ 5269067ms] [ERROR] Failed to load resource: net::ERR_CONNECTION_REFUSED @ http://localhost:3100/:0
[ 5270071ms] [ERROR] Failed to load resource: net::ERR_CONNECTION_REFUSED @ http://localhost:3100/:0
[ 5271075ms] [ERROR] Failed to load resource: net::ERR_CONNECTION_REFUSED @ http://localhost:3100/:0
[ 5272079ms] [ERROR] Failed to load resource: net::ERR_CONNECTION_REFUSED @ http://localhost:3100/:0
[ 5273084ms] [ERROR] Failed to load resource: net::ERR_CONNECTION_REFUSED @ http://localhost:3100/:0
[ 5274087ms] [ERROR] Failed to load resource: net::ERR_CONNECTION_REFUSED @ http://localhost:3100/:0
[ 5275092ms] [ERROR] Failed to load resource: net::ERR_CONNECTION_REFUSED @ http://localhost:3100/:0
[ 5276097ms] [ERROR] Failed to load resource: net::ERR_CONNECTION_REFUSED @ http://localhost:3100/:0
[ 5277101ms] [ERROR] Failed to load resource: net::ERR_CONNECTION_REFUSED @ http://localhost:3100/:0
[ 5278106ms] [ERROR] Failed to load resource: net::ERR_CONNECTION_REFUSED @ http://localhost:3100/:0
[ 5279109ms] [ERROR] Failed to load resource: net::ERR_CONNECTION_REFUSED @ http://localhost:3100/:0
[ 5280121ms] [ERROR] Failed to load resource: net::ERR_CONNECTION_REFUSED @ http://localhost:3100/:0
[ 5281124ms] [ERROR] Failed to load resource: net::ERR_CONNECTION_REFUSED @ http://localhost:3100/:0
[ 5282128ms] [ERROR] Failed to load resource: net::ERR_CONNECTION_REFUSED @ http://localhost:3100/:0
[ 5283132ms] [ERROR] Failed to load resource: net::ERR_CONNECTION_REFUSED @ http://localhost:3100/:0
[ 5284137ms] [ERROR] Failed to load resource: net::ERR_CONNECTION_REFUSED @ http://localhost:3100/:0
[ 5285143ms] [ERROR] Failed to load resource: net::ERR_CONNECTION_REFUSED @ http://localhost:3100/:0
[ 5286146ms] [ERROR] Failed to load resource: net::ERR_CONNECTION_REFUSED @ http://localhost:3100/:0
[ 5287151ms] [ERROR] Failed to load resource: net::ERR_CONNECTION_REFUSED @ http://localhost:3100/:0
[ 5288157ms] [ERROR] Failed to load resource: net::ERR_CONNECTION_REFUSED @ http://localhost:3100/:0
[ 5289161ms] [ERROR] Failed to load resource: net::ERR_CONNECTION_REFUSED @ http://localhost:3100/:0
[ 5290166ms] [ERROR] Failed to load resource: net::ERR_CONNECTION_REFUSED @ http://localhost:3100/:0
[ 5291170ms] [ERROR] Failed to load resource: net::ERR_CONNECTION_REFUSED @ http://localhost:3100/:0
[ 5292176ms] [ERROR] Failed to load resource: net::ERR_CONNECTION_REFUSED @ http://localhost:3100/:0
[ 5293182ms] [ERROR] Failed to load resource: net::ERR_CONNECTION_REFUSED @ http://localhost:3100/:0
[ 5294186ms] [ERROR] Failed to load resource: net::ERR_CONNECTION_REFUSED @ http://localhost:3100/:0
[ 5295192ms] [ERROR] Failed to load resource: net::ERR_CONNECTION_REFUSED @ http://localhost:3100/:0
[ 5296195ms] [ERROR] Failed to load resource: net::ERR_CONNECTION_REFUSED @ http://localhost:3100/:0
[ 5297199ms] [ERROR] Failed to load resource: net::ERR_CONNECTION_REFUSED @ http://localhost:3100/:0
[ 5298205ms] [ERROR] Failed to load resource: net::ERR_CONNECTION_REFUSED @ http://localhost:3100/:0
[ 5299211ms] [ERROR] Failed to load resource: net::ERR_CONNECTION_REFUSED @ http://localhost:3100/:0
[ 5300219ms] [ERROR] Failed to load resource: net::ERR_CONNECTION_REFUSED @ http://localhost:3100/:0
[ 5301224ms] [ERROR] Failed to load resource: net::ERR_CONNECTION_REFUSED @ http://localhost:3100/:0
[ 5302230ms] [ERROR] Failed to load resource: net::ERR_CONNECTION_REFUSED @ http://localhost:3100/:0
[ 5303234ms] [ERROR] Failed to load resource: net::ERR_CONNECTION_REFUSED @ http://localhost:3100/:0
[ 5304241ms] [ERROR] Failed to load resource: net::ERR_CONNECTION_REFUSED @ http://localhost:3100/:0
[ 5305245ms] [ERROR] Failed to load resource: net::ERR_CONNECTION_REFUSED @ http://localhost:3100/:0
[ 5306249ms] [ERROR] Failed to load resource: net::ERR_CONNECTION_REFUSED @ http://localhost:3100/:0
[ 5307251ms] [ERROR] Failed to load resource: net::ERR_CONNECTION_REFUSED @ http://localhost:3100/:0
[ 5308261ms] [ERROR] Failed to load resource: net::ERR_CONNECTION_REFUSED @ http://localhost:3100/:0
[ 5309265ms] [ERROR] Failed to load resource: net::ERR_CONNECTION_REFUSED @ http://localhost:3100/:0
[ 5310268ms] [ERROR] Failed to load resource: net::ERR_CONNECTION_REFUSED @ http://localhost:3100/:0
[ 5311275ms] [ERROR] Failed to load resource: net::ERR_CONNECTION_REFUSED @ http://localhost:3100/:0
[ 5312281ms] [ERROR] Failed to load resource: net::ERR_CONNECTION_REFUSED @ http://localhost:3100/:0
[ 5313285ms] [ERROR] Failed to load resource: net::ERR_CONNECTION_REFUSED @ http://localhost:3100/:0
[ 5314289ms] [ERROR] Failed to load resource: net::ERR_CONNECTION_REFUSED @ http://localhost:3100/:0
[ 5315294ms] [ERROR] Failed to load resource: net::ERR_CONNECTION_REFUSED @ http://localhost:3100/:0
[ 5316301ms] [ERROR] Failed to load resource: net::ERR_CONNECTION_REFUSED @ http://localhost:3100/:0
[ 5317304ms] [ERROR] Failed to load resource: net::ERR_CONNECTION_REFUSED @ http://localhost:3100/:0
[ 5318308ms] [ERROR] Failed to load resource: net::ERR_CONNECTION_REFUSED @ http://localhost:3100/:0
[ 5319312ms] [ERROR] Failed to load resource: net::ERR_CONNECTION_REFUSED @ http://localhost:3100/:0
[ 5320316ms] [ERROR] Failed to load resource: net::ERR_CONNECTION_REFUSED @ http://localhost:3100/:0
[ 5321320ms] [ERROR] Failed to load resource: net::ERR_CONNECTION_REFUSED @ http://localhost:3100/:0
[ 5322326ms] [ERROR] Failed to load resource: net::ERR_CONNECTION_REFUSED @ http://localhost:3100/:0
[ 5323329ms] [ERROR] Failed to load resource: net::ERR_CONNECTION_REFUSED @ http://localhost:3100/:0
[ 5324335ms] [ERROR] Failed to load resource: net::ERR_CONNECTION_REFUSED @ http://localhost:3100/:0
[ 5325340ms] [ERROR] Failed to load resource: net::ERR_CONNECTION_REFUSED @ http://localhost:3100/:0
[ 5326346ms] [ERROR] Failed to load resource: net::ERR_CONNECTION_REFUSED @ http://localhost:3100/:0
[ 5327349ms] [ERROR] Failed to load resource: net::ERR_CONNECTION_REFUSED @ http://localhost:3100/:0
[ 5328352ms] [ERROR] Failed to load resource: net::ERR_CONNECTION_REFUSED @ http://localhost:3100/:0
[ 5329360ms] [ERROR] Failed to load resource: net::ERR_CONNECTION_REFUSED @ http://localhost:3100/:0
[ 5330366ms] [ERROR] Failed to load resource: net::ERR_CONNECTION_REFUSED @ http://localhost:3100/:0
[ 5331372ms] [ERROR] Failed to load resource: net::ERR_CONNECTION_REFUSED @ http://localhost:3100/:0
[ 5332376ms] [ERROR] Failed to load resource: net::ERR_CONNECTION_REFUSED @ http://localhost:3100/:0
[ 5333379ms] [ERROR] Failed to load resource: net::ERR_CONNECTION_REFUSED @ http://localhost:3100/:0
[ 5334383ms] [ERROR] Failed to load resource: net::ERR_CONNECTION_REFUSED @ http://localhost:3100/:0
[ 5335388ms] [ERROR] Failed to load resource: net::ERR_CONNECTION_REFUSED @ http://localhost:3100/:0
[ 5336393ms] [ERROR] Failed to load resource: net::ERR_CONNECTION_REFUSED @ http://localhost:3100/:0
[ 5337399ms] [ERROR] Failed to load resource: net::ERR_CONNECTION_REFUSED @ http://localhost:3100/:0
[ 5338404ms] [ERROR] Failed to load resource: net::ERR_CONNECTION_REFUSED @ http://localhost:3100/:0
[ 5339408ms] [ERROR] Failed to load resource: net::ERR_CONNECTION_REFUSED @ http://localhost:3100/:0
[ 5340414ms] [ERROR] Failed to load resource: net::ERR_CONNECTION_REFUSED @ http://localhost:3100/:0
[ 5341418ms] [ERROR] Failed to load resource: net::ERR_CONNECTION_REFUSED @ http://localhost:3100/:0
[ 5342423ms] [ERROR] Failed to load resource: net::ERR_CONNECTION_REFUSED @ http://localhost:3100/:0
[ 5343427ms] [ERROR] Failed to load resource: net::ERR_CONNECTION_REFUSED @ http://localhost:3100/:0
[ 5344430ms] [ERROR] Failed to load resource: net::ERR_CONNECTION_REFUSED @ http://localhost:3100/:0
[ 5345434ms] [ERROR] Failed to load resource: net::ERR_CONNECTION_REFUSED @ http://localhost:3100/:0
[ 5346442ms] [ERROR] Failed to load resource: net::ERR_CONNECTION_REFUSED @ http://localhost:3100/:0
[ 5347445ms] [ERROR] Failed to load resource: net::ERR_CONNECTION_REFUSED @ http://localhost:3100/:0
[ 5348448ms] [ERROR] Failed to load resource: net::ERR_CONNECTION_REFUSED @ http://localhost:3100/:0
[ 5349450ms] [ERROR] Failed to load resource: net::ERR_CONNECTION_REFUSED @ http://localhost:3100/:0
[ 5350457ms] [ERROR] Failed to load resource: net::ERR_CONNECTION_REFUSED @ http://localhost:3100/:0
[ 5351462ms] [ERROR] Failed to load resource: net::ERR_CONNECTION_REFUSED @ http://localhost:3100/:0
[ 5352468ms] [ERROR] Failed to load resource: net::ERR_CONNECTION_REFUSED @ http://localhost:3100/:0
[ 5353471ms] [ERROR] Failed to load resource: net::ERR_CONNECTION_REFUSED @ http://localhost:3100/:0
[ 5354477ms] [ERROR] Failed to load resource: net::ERR_CONNECTION_REFUSED @ http://localhost:3100/:0
[ 5355482ms] [ERROR] Failed to load resource: net::ERR_CONNECTION_REFUSED @ http://localhost:3100/:0
[ 5356484ms] [ERROR] Failed to load resource: net::ERR_CONNECTION_REFUSED @ http://localhost:3100/:0
[ 5357488ms] [ERROR] Failed to load resource: net::ERR_CONNECTION_REFUSED @ http://localhost:3100/:0
[ 5358493ms] [ERROR] Failed to load resource: net::ERR_CONNECTION_REFUSED @ http://localhost:3100/:0
[ 5359497ms] [ERROR] Failed to load resource: net::ERR_CONNECTION_REFUSED @ http://localhost:3100/:0
[ 5360501ms] [ERROR] Failed to load resource: net::ERR_CONNECTION_REFUSED @ http://localhost:3100/:0
[ 5361505ms] [ERROR] Failed to load resource: net::ERR_CONNECTION_REFUSED @ http://localhost:3100/:0
[ 5362509ms] [ERROR] Failed to load resource: net::ERR_CONNECTION_REFUSED @ http://localhost:3100/:0
[ 5363512ms] [ERROR] Failed to load resource: net::ERR_CONNECTION_REFUSED @ http://localhost:3100/:0
[ 5364516ms] [ERROR] Failed to load resource: net::ERR_CONNECTION_REFUSED @ http://localhost:3100/:0
[ 5365521ms] [ERROR] Failed to load resource: net::ERR_CONNECTION_REFUSED @ http://localhost:3100/:0
[ 5366526ms] [ERROR] Failed to load resource: net::ERR_CONNECTION_REFUSED @ http://localhost:3100/:0
[ 5367534ms] [ERROR] Failed to load resource: net::ERR_CONNECTION_REFUSED @ http://localhost:3100/:0
[ 5368539ms] [ERROR] Failed to load resource: net::ERR_CONNECTION_REFUSED @ http://localhost:3100/:0
[ 5369543ms] [ERROR] Failed to load resource: net::ERR_CONNECTION_REFUSED @ http://localhost:3100/:0
[ 5370546ms] [ERROR] Failed to load resource: net::ERR_CONNECTION_REFUSED @ http://localhost:3100/:0
[ 5371552ms] [ERROR] Failed to load resource: net::ERR_CONNECTION_REFUSED @ http://localhost:3100/:0
[ 5372557ms] [ERROR] Failed to load resource: net::ERR_CONNECTION_REFUSED @ http://localhost:3100/:0
[ 5373560ms] [ERROR] Failed to load resource: net::ERR_CONNECTION_REFUSED @ http://localhost:3100/:0
[ 5374565ms] [ERROR] Failed to load resource: net::ERR_CONNECTION_REFUSED @ http://localhost:3100/:0
[ 5375574ms] [ERROR] Failed to load resource: net::ERR_CONNECTION_REFUSED @ http://localhost:3100/:0
[ 5376579ms] [ERROR] Failed to load resource: net::ERR_CONNECTION_REFUSED @ http://localhost:3100/:0
[ 5377583ms] [ERROR] Failed to load resource: net::ERR_CONNECTION_REFUSED @ http://localhost:3100/:0
[ 5378588ms] [ERROR] Failed to load resource: net::ERR_CONNECTION_REFUSED @ http://localhost:3100/:0
[ 5379591ms] [ERROR] Failed to load resource: net::ERR_CONNECTION_REFUSED @ http://localhost:3100/:0
[ 5380595ms] [ERROR] Failed to load resource: net::ERR_CONNECTION_REFUSED @ http://localhost:3100/:0
[ 5381597ms] [ERROR] Failed to load resource: net::ERR_CONNECTION_REFUSED @ http://localhost:3100/:0
[ 5382602ms] [ERROR] Failed to load resource: net::ERR_CONNECTION_REFUSED @ http://localhost:3100/:0
[ 5383607ms] [ERROR] Failed to load resource: net::ERR_CONNECTION_REFUSED @ http://localhost:3100/:0
[ 5384611ms] [ERROR] Failed to load resource: net::ERR_CONNECTION_REFUSED @ http://localhost:3100/:0
[ 5385618ms] [ERROR] Failed to load resource: net::ERR_CONNECTION_REFUSED @ http://localhost:3100/:0
[ 5386621ms] [ERROR] Failed to load resource: net::ERR_CONNECTION_REFUSED @ http://localhost:3100/:0
[ 5387626ms] [ERROR] Failed to load resource: net::ERR_CONNECTION_REFUSED @ http://localhost:3100/:0
[ 5388632ms] [ERROR] Failed to load resource: net::ERR_CONNECTION_REFUSED @ http://localhost:3100/:0
[ 5389636ms] [ERROR] Failed to load resource: net::ERR_CONNECTION_REFUSED @ http://localhost:3100/:0
[ 5390640ms] [ERROR] Failed to load resource: net::ERR_CONNECTION_REFUSED @ http://localhost:3100/:0
[ 5391645ms] [ERROR] Failed to load resource: net::ERR_CONNECTION_REFUSED @ http://localhost:3100/:0
[ 5392650ms] [ERROR] Failed to load resource: net::ERR_CONNECTION_REFUSED @ http://localhost:3100/:0
[ 5393656ms] [ERROR] Failed to load resource: net::ERR_CONNECTION_REFUSED @ http://localhost:3100/:0
[ 5394661ms] [ERROR] Failed to load resource: net::ERR_CONNECTION_REFUSED @ http://localhost:3100/:0
[ 5395663ms] [ERROR] Failed to load resource: net::ERR_CONNECTION_REFUSED @ http://localhost:3100/:0
[ 5396666ms] [ERROR] Failed to load resource: net::ERR_CONNECTION_REFUSED @ http://localhost:3100/:0
[ 5397670ms] [ERROR] Failed to load resource: net::ERR_CONNECTION_REFUSED @ http://localhost:3100/:0
[ 5398674ms] [ERROR] Failed to load resource: net::ERR_CONNECTION_REFUSED @ http://localhost:3100/:0
[ 5399687ms] [ERROR] Failed to load resource: net::ERR_CONNECTION_REFUSED @ http://localhost:3100/:0
[ 5400694ms] [ERROR] Failed to load resource: net::ERR_CONNECTION_REFUSED @ http://localhost:3100/:0
[ 5401702ms] [ERROR] Failed to load resource: net::ERR_CONNECTION_REFUSED @ http://localhost:3100/:0
[ 5402709ms] [ERROR] Failed to load resource: net::ERR_CONNECTION_REFUSED @ http://localhost:3100/:0
[ 5403718ms] [ERROR] Failed to load resource: net::ERR_CONNECTION_REFUSED @ http://localhost:3100/:0
[ 5404723ms] [ERROR] Failed to load resource: net::ERR_CONNECTION_REFUSED @ http://localhost:3100/:0
[ 5405728ms] [ERROR] Failed to load resource: net::ERR_CONNECTION_REFUSED @ http://localhost:3100/:0
[ 5406733ms] [ERROR] Failed to load resource: net::ERR_CONNECTION_REFUSED @ http://localhost:3100/:0
[ 5407739ms] [ERROR] Failed to load resource: net::ERR_CONNECTION_REFUSED @ http://localhost:3100/:0
[ 5408742ms] [ERROR] Failed to load resource: net::ERR_CONNECTION_REFUSED @ http://localhost:3100/:0
[ 5409745ms] [ERROR] Failed to load resource: net::ERR_CONNECTION_REFUSED @ http://localhost:3100/:0
[ 5410750ms] [ERROR] Failed to load resource: net::ERR_CONNECTION_REFUSED @ http://localhost:3100/:0
[ 5411754ms] [ERROR] Failed to load resource: net::ERR_CONNECTION_REFUSED @ http://localhost:3100/:0
[ 5412758ms] [ERROR] Failed to load resource: net::ERR_CONNECTION_REFUSED @ http://localhost:3100/:0
[ 5413761ms] [ERROR] Failed to load resource: net::ERR_CONNECTION_REFUSED @ http://localhost:3100/:0
[ 5414767ms] [ERROR] Failed to load resource: net::ERR_CONNECTION_REFUSED @ http://localhost:3100/:0
[ 5415779ms] [ERROR] Failed to load resource: net::ERR_CONNECTION_REFUSED @ http://localhost:3100/:0
[ 5416784ms] [ERROR] Failed to load resource: net::ERR_CONNECTION_REFUSED @ http://localhost:3100/:0
[ 5417786ms] [ERROR] Failed to load resource: net::ERR_CONNECTION_REFUSED @ http://localhost:3100/:0
[ 5418791ms] [ERROR] Failed to load resource: net::ERR_CONNECTION_REFUSED @ http://localhost:3100/:0
[ 5419798ms] [ERROR] Failed to load resource: net::ERR_CONNECTION_REFUSED @ http://localhost:3100/:0
[ 5420803ms] [ERROR] Failed to load resource: net::ERR_CONNECTION_REFUSED @ http://localhost:3100/:0
[ 5421808ms] [ERROR] Failed to load resource: net::ERR_CONNECTION_REFUSED @ http://localhost:3100/:0
[ 5422815ms] [ERROR] Failed to load resource: net::ERR_CONNECTION_REFUSED @ http://localhost:3100/:0
[ 5423820ms] [ERROR] Failed to load resource: net::ERR_CONNECTION_REFUSED @ http://localhost:3100/:0
[ 5424823ms] [ERROR] Failed to load resource: net::ERR_CONNECTION_REFUSED @ http://localhost:3100/:0
[ 5425829ms] [ERROR] Failed to load resource: net::ERR_CONNECTION_REFUSED @ http://localhost:3100/:0
[ 5426833ms] [ERROR] Failed to load resource: net::ERR_CONNECTION_REFUSED @ http://localhost:3100/:0
[ 5427839ms] [ERROR] Failed to load resource: net::ERR_CONNECTION_REFUSED @ http://localhost:3100/:0
[ 5428842ms] [ERROR] Failed to load resource: net::ERR_CONNECTION_REFUSED @ http://localhost:3100/:0
[ 5429850ms] [ERROR] Failed to load resource: net::ERR_CONNECTION_REFUSED @ http://localhost:3100/:0
[ 5430854ms] [ERROR] Failed to load resource: net::ERR_CONNECTION_REFUSED @ http://localhost:3100/:0
[ 5431860ms] [ERROR] Failed to load resource: net::ERR_CONNECTION_REFUSED @ http://localhost:3100/:0
[ 5432866ms] [ERROR] Failed to load resource: net::ERR_CONNECTION_REFUSED @ http://localhost:3100/:0
[ 5433872ms] [ERROR] Failed to load resource: net::ERR_CONNECTION_REFUSED @ http://localhost:3100/:0
[ 5434878ms] [ERROR] Failed to load resource: net::ERR_CONNECTION_REFUSED @ http://localhost:3100/:0
[ 5435880ms] [ERROR] Failed to load resource: net::ERR_CONNECTION_REFUSED @ http://localhost:3100/:0
[ 5436885ms] [ERROR] Failed to load resource: net::ERR_CONNECTION_REFUSED @ http://localhost:3100/:0
[ 5437889ms] [ERROR] Failed to load resource: net::ERR_CONNECTION_REFUSED @ http://localhost:3100/:0
[ 5438892ms] [ERROR] Failed to load resource: net::ERR_CONNECTION_REFUSED @ http://localhost:3100/:0
[ 5439898ms] [ERROR] Failed to load resource: net::ERR_CONNECTION_REFUSED @ http://localhost:3100/:0
[ 5440902ms] [ERROR] Failed to load resource: net::ERR_CONNECTION_REFUSED @ http://localhost:3100/:0
[ 5441906ms] [ERROR] Failed to load resource: net::ERR_CONNECTION_REFUSED @ http://localhost:3100/:0
[ 5442908ms] [ERROR] Failed to load resource: net::ERR_CONNECTION_REFUSED @ http://localhost:3100/:0
[ 5443914ms] [ERROR] Failed to load resource: net::ERR_CONNECTION_REFUSED @ http://localhost:3100/:0
[ 5444919ms] [ERROR] Failed to load resource: net::ERR_CONNECTION_REFUSED @ http://localhost:3100/:0
[ 5445922ms] [ERROR] Failed to load resource: net::ERR_CONNECTION_REFUSED @ http://localhost:3100/:0
[ 5446927ms] [ERROR] Failed to load resource: net::ERR_CONNECTION_REFUSED @ http://localhost:3100/:0
[ 5447930ms] [ERROR] Failed to load resource: net::ERR_CONNECTION_REFUSED @ http://localhost:3100/:0
[ 5448936ms] [ERROR] Failed to load resource: net::ERR_CONNECTION_REFUSED @ http://localhost:3100/:0
[ 5449938ms] [ERROR] Failed to load resource: net::ERR_CONNECTION_REFUSED @ http://localhost:3100/:0
[ 5450944ms] [ERROR] Failed to load resource: net::ERR_CONNECTION_REFUSED @ http://localhost:3100/:0
[ 5451947ms] [ERROR] Failed to load resource: net::ERR_CONNECTION_REFUSED @ http://localhost:3100/:0
[ 5452951ms] [ERROR] Failed to load resource: net::ERR_CONNECTION_REFUSED @ http://localhost:3100/:0
[ 5453954ms] [ERROR] Failed to load resource: net::ERR_CONNECTION_REFUSED @ http://localhost:3100/:0
[ 5454956ms] [ERROR] Failed to load resource: net::ERR_CONNECTION_REFUSED @ http://localhost:3100/:0
[ 5455959ms] [ERROR] Failed to load resource: net::ERR_CONNECTION_REFUSED @ http://localhost:3100/:0
[ 5456964ms] [ERROR] Failed to load resource: net::ERR_CONNECTION_REFUSED @ http://localhost:3100/:0
[ 5457970ms] [ERROR] Failed to load resource: net::ERR_CONNECTION_REFUSED @ http://localhost:3100/:0
[ 5458974ms] [ERROR] Failed to load resource: net::ERR_CONNECTION_REFUSED @ http://localhost:3100/:0
[ 5459976ms] [ERROR] Failed to load resource: net::ERR_CONNECTION_REFUSED @ http://localhost:3100/:0
[ 5460978ms] [ERROR] Failed to load resource: net::ERR_CONNECTION_REFUSED @ http://localhost:3100/:0
[ 5461981ms] [ERROR] Failed to load resource: net::ERR_CONNECTION_REFUSED @ http://localhost:3100/:0
[ 5462986ms] [ERROR] Failed to load resource: net::ERR_CONNECTION_REFUSED @ http://localhost:3100/:0
[ 5463992ms] [ERROR] Failed to load resource: net::ERR_CONNECTION_REFUSED @ http://localhost:3100/:0
[ 5464996ms] [ERROR] Failed to load resource: net::ERR_CONNECTION_REFUSED @ http://localhost:3100/:0
[ 5465999ms] [ERROR] Failed to load resource: net::ERR_CONNECTION_REFUSED @ http://localhost:3100/:0
[ 5467001ms] [ERROR] Failed to load resource: net::ERR_CONNECTION_REFUSED @ http://localhost:3100/:0
[ 5468004ms] [ERROR] Failed to load resource: net::ERR_CONNECTION_REFUSED @ http://localhost:3100/:0
[ 5469009ms] [ERROR] Failed to load resource: net::ERR_CONNECTION_REFUSED @ http://localhost:3100/:0
[ 5470013ms] [ERROR] Failed to load resource: net::ERR_CONNECTION_REFUSED @ http://localhost:3100/:0
[ 5471019ms] [ERROR] Failed to load resource: net::ERR_CONNECTION_REFUSED @ http://localhost:3100/:0
[ 5472021ms] [ERROR] Failed to load resource: net::ERR_CONNECTION_REFUSED @ http://localhost:3100/:0
[ 5473025ms] [ERROR] Failed to load resource: net::ERR_CONNECTION_REFUSED @ http://localhost:3100/:0
[ 5474031ms] [ERROR] Failed to load resource: net::ERR_CONNECTION_REFUSED @ http://localhost:3100/:0
[ 5475038ms] [ERROR] Failed to load resource: net::ERR_CONNECTION_REFUSED @ http://localhost:3100/:0
[ 5476044ms] [ERROR] Failed to load resource: net::ERR_CONNECTION_REFUSED @ http://localhost:3100/:0
[ 5477051ms] [ERROR] Failed to load resource: net::ERR_CONNECTION_REFUSED @ http://localhost:3100/:0
[ 5478056ms] [ERROR] Failed to load resource: net::ERR_CONNECTION_REFUSED @ http://localhost:3100/:0
[ 5479062ms] [ERROR] Failed to load resource: net::ERR_CONNECTION_REFUSED @ http://localhost:3100/:0
[ 5480069ms] [ERROR] Failed to load resource: net::ERR_CONNECTION_REFUSED @ http://localhost:3100/:0
[ 5481072ms] [ERROR] Failed to load resource: net::ERR_CONNECTION_REFUSED @ http://localhost:3100/:0
[ 5482077ms] [ERROR] Failed to load resource: net::ERR_CONNECTION_REFUSED @ http://localhost:3100/:0
[ 5483080ms] [ERROR] Failed to load resource: net::ERR_CONNECTION_REFUSED @ http://localhost:3100/:0
[ 5484084ms] [ERROR] Failed to load resource: net::ERR_CONNECTION_REFUSED @ http://localhost:3100/:0
[ 5485088ms] [ERROR] Failed to load resource: net::ERR_CONNECTION_REFUSED @ http://localhost:3100/:0
[ 5486093ms] [ERROR] Failed to load resource: net::ERR_CONNECTION_REFUSED @ http://localhost:3100/:0
[ 5487097ms] [ERROR] Failed to load resource: net::ERR_CONNECTION_REFUSED @ http://localhost:3100/:0
[ 5488101ms] [ERROR] Failed to load resource: net::ERR_CONNECTION_REFUSED @ http://localhost:3100/:0
[ 5489106ms] [ERROR] Failed to load resource: net::ERR_CONNECTION_REFUSED @ http://localhost:3100/:0
[ 5490110ms] [ERROR] Failed to load resource: net::ERR_CONNECTION_REFUSED @ http://localhost:3100/:0
[ 5491115ms] [ERROR] Failed to load resource: net::ERR_CONNECTION_REFUSED @ http://localhost:3100/:0
[ 5492117ms] [ERROR] Failed to load resource: net::ERR_CONNECTION_REFUSED @ http://localhost:3100/:0
[ 5493120ms] [ERROR] Failed to load resource: net::ERR_CONNECTION_REFUSED @ http://localhost:3100/:0
[ 5494126ms] [ERROR] Failed to load resource: net::ERR_CONNECTION_REFUSED @ http://localhost:3100/:0
[ 5495131ms] [ERROR] Failed to load resource: net::ERR_CONNECTION_REFUSED @ http://localhost:3100/:0
[ 5496134ms] [ERROR] Failed to load resource: net::ERR_CONNECTION_REFUSED @ http://localhost:3100/:0
[ 5497140ms] [ERROR] Failed to load resource: net::ERR_CONNECTION_REFUSED @ http://localhost:3100/:0
[ 5498143ms] [ERROR] Failed to load resource: net::ERR_CONNECTION_REFUSED @ http://localhost:3100/:0
[ 5499146ms] [ERROR] Failed to load resource: net::ERR_CONNECTION_REFUSED @ http://localhost:3100/:0
[ 5500149ms] [ERROR] Failed to load resource: net::ERR_CONNECTION_REFUSED @ http://localhost:3100/:0
[ 5501152ms] [ERROR] Failed to load resource: net::ERR_CONNECTION_REFUSED @ http://localhost:3100/:0
[ 5502156ms] [ERROR] Failed to load resource: net::ERR_CONNECTION_REFUSED @ http://localhost:3100/:0
[ 5503161ms] [ERROR] Failed to load resource: net::ERR_CONNECTION_REFUSED @ http://localhost:3100/:0
[ 5504167ms] [ERROR] Failed to load resource: net::ERR_CONNECTION_REFUSED @ http://localhost:3100/:0
[ 5505173ms] [ERROR] Failed to load resource: net::ERR_CONNECTION_REFUSED @ http://localhost:3100/:0
[ 5506176ms] [ERROR] Failed to load resource: net::ERR_CONNECTION_REFUSED @ http://localhost:3100/:0
[ 5507180ms] [ERROR] Failed to load resource: net::ERR_CONNECTION_REFUSED @ http://localhost:3100/:0
[ 5508184ms] [ERROR] Failed to load resource: net::ERR_CONNECTION_REFUSED @ http://localhost:3100/:0
[ 5509188ms] [ERROR] Failed to load resource: net::ERR_CONNECTION_REFUSED @ http://localhost:3100/:0
[ 5510193ms] [ERROR] Failed to load resource: net::ERR_CONNECTION_REFUSED @ http://localhost:3100/:0
[ 5511196ms] [ERROR] Failed to load resource: net::ERR_CONNECTION_REFUSED @ http://localhost:3100/:0
[ 5512201ms] [ERROR] Failed to load resource: net::ERR_CONNECTION_REFUSED @ http://localhost:3100/:0
[ 5513204ms] [ERROR] Failed to load resource: net::ERR_CONNECTION_REFUSED @ http://localhost:3100/:0
[ 5514207ms] [ERROR] Failed to load resource: net::ERR_CONNECTION_REFUSED @ http://localhost:3100/:0
[ 5515209ms] [ERROR] Failed to load resource: net::ERR_CONNECTION_REFUSED @ http://localhost:3100/:0
[ 5516211ms] [ERROR] Failed to load resource: net::ERR_CONNECTION_REFUSED @ http://localhost:3100/:0
[ 5517215ms] [ERROR] Failed to load resource: net::ERR_CONNECTION_REFUSED @ http://localhost:3100/:0
[ 5518220ms] [ERROR] Failed to load resource: net::ERR_CONNECTION_REFUSED @ http://localhost:3100/:0
[ 5519225ms] [ERROR] Failed to load resource: net::ERR_CONNECTION_REFUSED @ http://localhost:3100/:0
[ 5520229ms] [ERROR] Failed to load resource: net::ERR_CONNECTION_REFUSED @ http://localhost:3100/:0
[ 5521233ms] [ERROR] Failed to load resource: net::ERR_CONNECTION_REFUSED @ http://localhost:3100/:0
[ 5522236ms] [ERROR] Failed to load resource: net::ERR_CONNECTION_REFUSED @ http://localhost:3100/:0
[ 5523241ms] [ERROR] Failed to load resource: net::ERR_CONNECTION_REFUSED @ http://localhost:3100/:0
[ 5524243ms] [ERROR] Failed to load resource: net::ERR_CONNECTION_REFUSED @ http://localhost:3100/:0
[ 5525247ms] [ERROR] Failed to load resource: net::ERR_CONNECTION_REFUSED @ http://localhost:3100/:0
[ 5526251ms] [ERROR] Failed to load resource: net::ERR_CONNECTION_REFUSED @ http://localhost:3100/:0
[ 5527256ms] [ERROR] Failed to load resource: net::ERR_CONNECTION_REFUSED @ http://localhost:3100/:0
[ 5528266ms] [ERROR] Failed to load resource: net::ERR_CONNECTION_REFUSED @ http://localhost:3100/:0
[ 5529272ms] [ERROR] Failed to load resource: net::ERR_CONNECTION_REFUSED @ http://localhost:3100/:0
[ 5530278ms] [ERROR] Failed to load resource: net::ERR_CONNECTION_REFUSED @ http://localhost:3100/:0
[ 5531281ms] [ERROR] Failed to load resource: net::ERR_CONNECTION_REFUSED @ http://localhost:3100/:0
[ 5532285ms] [ERROR] Failed to load resource: net::ERR_CONNECTION_REFUSED @ http://localhost:3100/:0
[ 5533288ms] [ERROR] Failed to load resource: net::ERR_CONNECTION_REFUSED @ http://localhost:3100/:0
[ 5534290ms] [ERROR] Failed to load resource: net::ERR_CONNECTION_REFUSED @ http://localhost:3100/:0
[ 5535293ms] [ERROR] Failed to load resource: net::ERR_CONNECTION_REFUSED @ http://localhost:3100/:0
[ 5536298ms] [ERROR] Failed to load resource: net::ERR_CONNECTION_REFUSED @ http://localhost:3100/:0
[ 5537304ms] [ERROR] Failed to load resource: net::ERR_CONNECTION_REFUSED @ http://localhost:3100/:0
[ 5538307ms] [ERROR] Failed to load resource: net::ERR_CONNECTION_REFUSED @ http://localhost:3100/:0
[ 5539310ms] [ERROR] Failed to load resource: net::ERR_CONNECTION_REFUSED @ http://localhost:3100/:0
[ 5540313ms] [ERROR] Failed to load resource: net::ERR_CONNECTION_REFUSED @ http://localhost:3100/:0
[ 5541318ms] [ERROR] Failed to load resource: net::ERR_CONNECTION_REFUSED @ http://localhost:3100/:0
[ 5542322ms] [ERROR] Failed to load resource: net::ERR_CONNECTION_REFUSED @ http://localhost:3100/:0
[ 5543325ms] [ERROR] Failed to load resource: net::ERR_CONNECTION_REFUSED @ http://localhost:3100/:0
[ 5544331ms] [ERROR] Failed to load resource: net::ERR_CONNECTION_REFUSED @ http://localhost:3100/:0
[ 5545334ms] [ERROR] Failed to load resource: net::ERR_CONNECTION_REFUSED @ http://localhost:3100/:0
[ 5546340ms] [ERROR] Failed to load resource: net::ERR_CONNECTION_REFUSED @ http://localhost:3100/:0
[ 5547346ms] [ERROR] Failed to load resource: net::ERR_CONNECTION_REFUSED @ http://localhost:3100/:0
[ 5548350ms] [ERROR] Failed to load resource: net::ERR_CONNECTION_REFUSED @ http://localhost:3100/:0
[ 5549354ms] [ERROR] Failed to load resource: net::ERR_CONNECTION_REFUSED @ http://localhost:3100/:0
[ 5550356ms] [ERROR] Failed to load resource: net::ERR_CONNECTION_REFUSED @ http://localhost:3100/:0
[ 5551360ms] [ERROR] Failed to load resource: net::ERR_CONNECTION_REFUSED @ http://localhost:3100/:0
[ 5552364ms] [ERROR] Failed to load resource: net::ERR_CONNECTION_REFUSED @ http://localhost:3100/:0
[ 5553367ms] [ERROR] Failed to load resource: net::ERR_CONNECTION_REFUSED @ http://localhost:3100/:0
[ 5554370ms] [ERROR] Failed to load resource: net::ERR_CONNECTION_REFUSED @ http://localhost:3100/:0
[ 5555374ms] [ERROR] Failed to load resource: net::ERR_CONNECTION_REFUSED @ http://localhost:3100/:0
[ 5556379ms] [ERROR] Failed to load resource: net::ERR_CONNECTION_REFUSED @ http://localhost:3100/:0
[ 5557383ms] [ERROR] Failed to load resource: net::ERR_CONNECTION_REFUSED @ http://localhost:3100/:0
[ 5558387ms] [ERROR] Failed to load resource: net::ERR_CONNECTION_REFUSED @ http://localhost:3100/:0
[ 5559390ms] [ERROR] Failed to load resource: net::ERR_CONNECTION_REFUSED @ http://localhost:3100/:0
[ 5560393ms] [ERROR] Failed to load resource: net::ERR_CONNECTION_REFUSED @ http://localhost:3100/:0
[ 5561398ms] [ERROR] Failed to load resource: net::ERR_CONNECTION_REFUSED @ http://localhost:3100/:0
[ 5562403ms] [ERROR] Failed to load resource: net::ERR_CONNECTION_REFUSED @ http://localhost:3100/:0
[ 5563406ms] [ERROR] Failed to load resource: net::ERR_CONNECTION_REFUSED @ http://localhost:3100/:0
[ 5564412ms] [ERROR] Failed to load resource: net::ERR_CONNECTION_REFUSED @ http://localhost:3100/:0
[ 5565415ms] [ERROR] Failed to load resource: net::ERR_CONNECTION_REFUSED @ http://localhost:3100/:0
[ 5566420ms] [ERROR] Failed to load resource: net::ERR_CONNECTION_REFUSED @ http://localhost:3100/:0
[ 5567425ms] [ERROR] Failed to load resource: net::ERR_CONNECTION_REFUSED @ http://localhost:3100/:0
[ 5568428ms] [ERROR] Failed to load resource: net::ERR_CONNECTION_REFUSED @ http://localhost:3100/:0
[ 5569433ms] [ERROR] Failed to load resource: net::ERR_CONNECTION_REFUSED @ http://localhost:3100/:0
[ 5570436ms] [ERROR] Failed to load resource: net::ERR_CONNECTION_REFUSED @ http://localhost:3100/:0
[ 5571440ms] [ERROR] Failed to load resource: net::ERR_CONNECTION_REFUSED @ http://localhost:3100/:0
[ 5572445ms] [ERROR] Failed to load resource: net::ERR_CONNECTION_REFUSED @ http://localhost:3100/:0
[ 5573450ms] [ERROR] Failed to load resource: net::ERR_CONNECTION_REFUSED @ http://localhost:3100/:0
[ 5574453ms] [ERROR] Failed to load resource: net::ERR_CONNECTION_REFUSED @ http://localhost:3100/:0
[ 5575460ms] [ERROR] Failed to load resource: net::ERR_CONNECTION_REFUSED @ http://localhost:3100/:0
[ 5576463ms] [ERROR] Failed to load resource: net::ERR_CONNECTION_REFUSED @ http://localhost:3100/:0
[ 5577467ms] [ERROR] Failed to load resource: net::ERR_CONNECTION_REFUSED @ http://localhost:3100/:0
[ 5578471ms] [ERROR] Failed to load resource: net::ERR_CONNECTION_REFUSED @ http://localhost:3100/:0
[ 5579477ms] [ERROR] Failed to load resource: net::ERR_CONNECTION_REFUSED @ http://localhost:3100/:0
[ 5580481ms] [ERROR] Failed to load resource: net::ERR_CONNECTION_REFUSED @ http://localhost:3100/:0
[ 5581485ms] [ERROR] Failed to load resource: net::ERR_CONNECTION_REFUSED @ http://localhost:3100/:0
[ 5582488ms] [ERROR] Failed to load resource: net::ERR_CONNECTION_REFUSED @ http://localhost:3100/:0
[ 5583518ms] [ERROR] Failed to load resource: net::ERR_CONNECTION_REFUSED @ http://localhost:3100/:0
[ 5584522ms] [ERROR] Failed to load resource: net::ERR_CONNECTION_REFUSED @ http://localhost:3100/:0
[ 5585527ms] [ERROR] Failed to load resource: net::ERR_CONNECTION_REFUSED @ http://localhost:3100/:0
[ 5586531ms] [ERROR] Failed to load resource: net::ERR_CONNECTION_REFUSED @ http://localhost:3100/:0
[ 5587536ms] [ERROR] Failed to load resource: net::ERR_CONNECTION_REFUSED @ http://localhost:3100/:0
[ 5588541ms] [ERROR] Failed to load resource: net::ERR_CONNECTION_REFUSED @ http://localhost:3100/:0
[ 5589546ms] [ERROR] Failed to load resource: net::ERR_CONNECTION_REFUSED @ http://localhost:3100/:0
[ 5590550ms] [ERROR] Failed to load resource: net::ERR_CONNECTION_REFUSED @ http://localhost:3100/:0
[ 5591553ms] [ERROR] Failed to load resource: net::ERR_CONNECTION_REFUSED @ http://localhost:3100/:0
[ 5592558ms] [ERROR] Failed to load resource: net::ERR_CONNECTION_REFUSED @ http://localhost:3100/:0
[ 5593561ms] [ERROR] Failed to load resource: net::ERR_CONNECTION_REFUSED @ http://localhost:3100/:0
[ 5594565ms] [ERROR] Failed to load resource: net::ERR_CONNECTION_REFUSED @ http://localhost:3100/:0
[ 5595570ms] [ERROR] Failed to load resource: net::ERR_CONNECTION_REFUSED @ http://localhost:3100/:0
[ 5596573ms] [ERROR] Failed to load resource: net::ERR_CONNECTION_REFUSED @ http://localhost:3100/:0
[ 5597576ms] [ERROR] Failed to load resource: net::ERR_CONNECTION_REFUSED @ http://localhost:3100/:0
[ 5598581ms] [ERROR] Failed to load resource: net::ERR_CONNECTION_REFUSED @ http://localhost:3100/:0
[ 5599587ms] [ERROR] Failed to load resource: net::ERR_CONNECTION_REFUSED @ http://localhost:3100/:0
[ 5600592ms] [ERROR] Failed to load resource: net::ERR_CONNECTION_REFUSED @ http://localhost:3100/:0
[ 5601598ms] [ERROR] Failed to load resource: net::ERR_CONNECTION_REFUSED @ http://localhost:3100/:0
[ 5602602ms] [ERROR] Failed to load resource: net::ERR_CONNECTION_REFUSED @ http://localhost:3100/:0
[ 5603608ms] [ERROR] Failed to load resource: net::ERR_CONNECTION_REFUSED @ http://localhost:3100/:0
[ 5604611ms] [ERROR] Failed to load resource: net::ERR_CONNECTION_REFUSED @ http://localhost:3100/:0
[ 5605615ms] [ERROR] Failed to load resource: net::ERR_CONNECTION_REFUSED @ http://localhost:3100/:0
[ 5606619ms] [ERROR] Failed to load resource: net::ERR_CONNECTION_REFUSED @ http://localhost:3100/:0
[ 5607624ms] [ERROR] Failed to load resource: net::ERR_CONNECTION_REFUSED @ http://localhost:3100/:0
[ 5608629ms] [ERROR] Failed to load resource: net::ERR_CONNECTION_REFUSED @ http://localhost:3100/:0
[ 5609633ms] [ERROR] Failed to load resource: net::ERR_CONNECTION_REFUSED @ http://localhost:3100/:0
[ 5610636ms] [ERROR] Failed to load resource: net::ERR_CONNECTION_REFUSED @ http://localhost:3100/:0
[ 5611641ms] [ERROR] Failed to load resource: net::ERR_CONNECTION_REFUSED @ http://localhost:3100/:0
[ 5612644ms] [ERROR] Failed to load resource: net::ERR_CONNECTION_REFUSED @ http://localhost:3100/:0
[ 5613648ms] [ERROR] Failed to load resource: net::ERR_CONNECTION_REFUSED @ http://localhost:3100/:0
[ 5614653ms] [ERROR] Failed to load resource: net::ERR_CONNECTION_REFUSED @ http://localhost:3100/:0
[ 5615657ms] [ERROR] Failed to load resource: net::ERR_CONNECTION_REFUSED @ http://localhost:3100/:0
[ 5616663ms] [ERROR] Failed to load resource: net::ERR_CONNECTION_REFUSED @ http://localhost:3100/:0
[ 5617668ms] [ERROR] Failed to load resource: net::ERR_CONNECTION_REFUSED @ http://localhost:3100/:0
[ 5618673ms] [ERROR] Failed to load resource: net::ERR_CONNECTION_REFUSED @ http://localhost:3100/:0
[ 5619678ms] [ERROR] Failed to load resource: net::ERR_CONNECTION_REFUSED @ http://localhost:3100/:0
[ 5620681ms] [ERROR] Failed to load resource: net::ERR_CONNECTION_REFUSED @ http://localhost:3100/:0
[ 5621687ms] [ERROR] Failed to load resource: net::ERR_CONNECTION_REFUSED @ http://localhost:3100/:0
[ 5622691ms] [ERROR] Failed to load resource: net::ERR_CONNECTION_REFUSED @ http://localhost:3100/:0
[ 5623694ms] [ERROR] Failed to load resource: net::ERR_CONNECTION_REFUSED @ http://localhost:3100/:0
[ 5624697ms] [ERROR] Failed to load resource: net::ERR_CONNECTION_REFUSED @ http://localhost:3100/:0
[ 5625700ms] [ERROR] Failed to load resource: net::ERR_CONNECTION_REFUSED @ http://localhost:3100/:0
[ 5626706ms] [ERROR] Failed to load resource: net::ERR_CONNECTION_REFUSED @ http://localhost:3100/:0
[ 5627709ms] [ERROR] Failed to load resource: net::ERR_CONNECTION_REFUSED @ http://localhost:3100/:0
[ 5628715ms] [ERROR] Failed to load resource: net::ERR_CONNECTION_REFUSED @ http://localhost:3100/:0
[ 5629727ms] [ERROR] Failed to load resource: net::ERR_CONNECTION_REFUSED @ http://localhost:3100/:0
[ 5630730ms] [ERROR] Failed to load resource: net::ERR_CONNECTION_REFUSED @ http://localhost:3100/:0
[ 5631733ms] [ERROR] Failed to load resource: net::ERR_CONNECTION_REFUSED @ http://localhost:3100/:0
[ 5632737ms] [ERROR] Failed to load resource: net::ERR_CONNECTION_REFUSED @ http://localhost:3100/:0
[ 5633741ms] [ERROR] Failed to load resource: net::ERR_CONNECTION_REFUSED @ http://localhost:3100/:0
[ 5634744ms] [ERROR] Failed to load resource: net::ERR_CONNECTION_REFUSED @ http://localhost:3100/:0
[ 5635749ms] [ERROR] Failed to load resource: net::ERR_CONNECTION_REFUSED @ http://localhost:3100/:0
[ 5636752ms] [ERROR] Failed to load resource: net::ERR_CONNECTION_REFUSED @ http://localhost:3100/:0
[ 5637754ms] [ERROR] Failed to load resource: net::ERR_CONNECTION_REFUSED @ http://localhost:3100/:0
[ 5638757ms] [ERROR] Failed to load resource: net::ERR_CONNECTION_REFUSED @ http://localhost:3100/:0
[ 5639763ms] [ERROR] Failed to load resource: net::ERR_CONNECTION_REFUSED @ http://localhost:3100/:0
[ 5640766ms] [ERROR] Failed to load resource: net::ERR_CONNECTION_REFUSED @ http://localhost:3100/:0
[ 5641770ms] [ERROR] Failed to load resource: net::ERR_CONNECTION_REFUSED @ http://localhost:3100/:0
[ 5642775ms] [ERROR] Failed to load resource: net::ERR_CONNECTION_REFUSED @ http://localhost:3100/:0
[ 5643778ms] [ERROR] Failed to load resource: net::ERR_CONNECTION_REFUSED @ http://localhost:3100/:0
[ 5644782ms] [ERROR] Failed to load resource: net::ERR_CONNECTION_REFUSED @ http://localhost:3100/:0
[ 5645784ms] [ERROR] Failed to load resource: net::ERR_CONNECTION_REFUSED @ http://localhost:3100/:0
[ 5646788ms] [ERROR] Failed to load resource: net::ERR_CONNECTION_REFUSED @ http://localhost:3100/:0
[ 5647795ms] [ERROR] Failed to load resource: net::ERR_CONNECTION_REFUSED @ http://localhost:3100/:0
[ 5648799ms] [ERROR] Failed to load resource: net::ERR_CONNECTION_REFUSED @ http://localhost:3100/:0
[ 5649803ms] [ERROR] Failed to load resource: net::ERR_CONNECTION_REFUSED @ http://localhost:3100/:0
[ 5650807ms] [ERROR] Failed to load resource: net::ERR_CONNECTION_REFUSED @ http://localhost:3100/:0
[ 5651811ms] [ERROR] Failed to load resource: net::ERR_CONNECTION_REFUSED @ http://localhost:3100/:0
[ 5652816ms] [ERROR] Failed to load resource: net::ERR_CONNECTION_REFUSED @ http://localhost:3100/:0
[ 5653821ms] [ERROR] Failed to load resource: net::ERR_CONNECTION_REFUSED @ http://localhost:3100/:0
[ 5654824ms] [ERROR] Failed to load resource: net::ERR_CONNECTION_REFUSED @ http://localhost:3100/:0
[ 5655831ms] [ERROR] Failed to load resource: net::ERR_CONNECTION_REFUSED @ http://localhost:3100/:0
[ 5656836ms] [ERROR] Failed to load resource: net::ERR_CONNECTION_REFUSED @ http://localhost:3100/:0
[ 5657840ms] [ERROR] Failed to load resource: net::ERR_CONNECTION_REFUSED @ http://localhost:3100/:0
[ 5658846ms] [ERROR] Failed to load resource: net::ERR_CONNECTION_REFUSED @ http://localhost:3100/:0
[ 5659850ms] [ERROR] Failed to load resource: net::ERR_CONNECTION_REFUSED @ http://localhost:3100/:0
[ 5660854ms] [ERROR] Failed to load resource: net::ERR_CONNECTION_REFUSED @ http://localhost:3100/:0
[ 5661858ms] [ERROR] Failed to load resource: net::ERR_CONNECTION_REFUSED @ http://localhost:3100/:0
[ 5662863ms] [ERROR] Failed to load resource: net::ERR_CONNECTION_REFUSED @ http://localhost:3100/:0
[ 5663865ms] [ERROR] Failed to load resource: net::ERR_CONNECTION_REFUSED @ http://localhost:3100/:0
[ 5664869ms] [ERROR] Failed to load resource: net::ERR_CONNECTION_REFUSED @ http://localhost:3100/:0
[ 5665872ms] [ERROR] Failed to load resource: net::ERR_CONNECTION_REFUSED @ http://localhost:3100/:0
[ 5666877ms] [ERROR] Failed to load resource: net::ERR_CONNECTION_REFUSED @ http://localhost:3100/:0
[ 5667882ms] [ERROR] Failed to load resource: net::ERR_CONNECTION_REFUSED @ http://localhost:3100/:0
[ 5668884ms] [ERROR] Failed to load resource: net::ERR_CONNECTION_REFUSED @ http://localhost:3100/:0
[ 5669888ms] [ERROR] Failed to load resource: net::ERR_CONNECTION_REFUSED @ http://localhost:3100/:0
[ 5670892ms] [ERROR] Failed to load resource: net::ERR_CONNECTION_REFUSED @ http://localhost:3100/:0
[ 5671895ms] [ERROR] Failed to load resource: net::ERR_CONNECTION_REFUSED @ http://localhost:3100/:0
[ 5672898ms] [ERROR] Failed to load resource: net::ERR_CONNECTION_REFUSED @ http://localhost:3100/:0
[ 5673901ms] [ERROR] Failed to load resource: net::ERR_CONNECTION_REFUSED @ http://localhost:3100/:0
[ 5674904ms] [ERROR] Failed to load resource: net::ERR_CONNECTION_REFUSED @ http://localhost:3100/:0
[ 5675908ms] [ERROR] Failed to load resource: net::ERR_CONNECTION_REFUSED @ http://localhost:3100/:0
[ 5676911ms] [ERROR] Failed to load resource: net::ERR_CONNECTION_REFUSED @ http://localhost:3100/:0
[ 5677917ms] [ERROR] Failed to load resource: net::ERR_CONNECTION_REFUSED @ http://localhost:3100/:0
[ 5678922ms] [ERROR] Failed to load resource: net::ERR_CONNECTION_REFUSED @ http://localhost:3100/:0
[ 5679927ms] [ERROR] Failed to load resource: net::ERR_CONNECTION_REFUSED @ http://localhost:3100/:0
[ 5680933ms] [ERROR] Failed to load resource: net::ERR_CONNECTION_REFUSED @ http://localhost:3100/:0
[ 5681938ms] [ERROR] Failed to load resource: net::ERR_CONNECTION_REFUSED @ http://localhost:3100/:0
[ 5682943ms] [ERROR] Failed to load resource: net::ERR_CONNECTION_REFUSED @ http://localhost:3100/:0
[ 5683946ms] [ERROR] Failed to load resource: net::ERR_CONNECTION_REFUSED @ http://localhost:3100/:0
[ 5684951ms] [ERROR] Failed to load resource: net::ERR_CONNECTION_REFUSED @ http://localhost:3100/:0
[ 5685959ms] [ERROR] Failed to load resource: net::ERR_CONNECTION_REFUSED @ http://localhost:3100/:0
[ 5686963ms] [ERROR] Failed to load resource: net::ERR_CONNECTION_REFUSED @ http://localhost:3100/:0
[ 5687969ms] [ERROR] Failed to load resource: net::ERR_CONNECTION_REFUSED @ http://localhost:3100/:0
[ 5688973ms] [ERROR] Failed to load resource: net::ERR_CONNECTION_REFUSED @ http://localhost:3100/:0
[ 5689977ms] [ERROR] Failed to load resource: net::ERR_CONNECTION_REFUSED @ http://localhost:3100/:0
[ 5690980ms] [ERROR] Failed to load resource: net::ERR_CONNECTION_REFUSED @ http://localhost:3100/:0
[ 5691983ms] [ERROR] Failed to load resource: net::ERR_CONNECTION_REFUSED @ http://localhost:3100/:0
[ 5692985ms] [ERROR] Failed to load resource: net::ERR_CONNECTION_REFUSED @ http://localhost:3100/:0
[ 5693988ms] [ERROR] Failed to load resource: net::ERR_CONNECTION_REFUSED @ http://localhost:3100/:0
[ 5694991ms] [ERROR] Failed to load resource: net::ERR_CONNECTION_REFUSED @ http://localhost:3100/:0
[ 5695997ms] [ERROR] Failed to load resource: net::ERR_CONNECTION_REFUSED @ http://localhost:3100/:0
[ 5697001ms] [ERROR] Failed to load resource: net::ERR_CONNECTION_REFUSED @ http://localhost:3100/:0
[ 5698004ms] [ERROR] Failed to load resource: net::ERR_CONNECTION_REFUSED @ http://localhost:3100/:0
[ 5699010ms] [ERROR] Failed to load resource: net::ERR_CONNECTION_REFUSED @ http://localhost:3100/:0
[ 5700014ms] [ERROR] Failed to load resource: net::ERR_CONNECTION_REFUSED @ http://localhost:3100/:0
[ 5701018ms] [ERROR] Failed to load resource: net::ERR_CONNECTION_REFUSED @ http://localhost:3100/:0
[ 5702021ms] [ERROR] Failed to load resource: net::ERR_CONNECTION_REFUSED @ http://localhost:3100/:0
[ 5703024ms] [ERROR] Failed to load resource: net::ERR_CONNECTION_REFUSED @ http://localhost:3100/:0
[ 5704029ms] [ERROR] Failed to load resource: net::ERR_CONNECTION_REFUSED @ http://localhost:3100/:0
[ 5705034ms] [ERROR] Failed to load resource: net::ERR_CONNECTION_REFUSED @ http://localhost:3100/:0
[ 5706039ms] [ERROR] Failed to load resource: net::ERR_CONNECTION_REFUSED @ http://localhost:3100/:0
[ 5707043ms] [ERROR] Failed to load resource: net::ERR_CONNECTION_REFUSED @ http://localhost:3100/:0
[ 5708048ms] [ERROR] Failed to load resource: net::ERR_CONNECTION_REFUSED @ http://localhost:3100/:0
[ 5709052ms] [ERROR] Failed to load resource: net::ERR_CONNECTION_REFUSED @ http://localhost:3100/:0
[ 5710059ms] [ERROR] Failed to load resource: net::ERR_CONNECTION_REFUSED @ http://localhost:3100/:0
[ 5711062ms] [ERROR] Failed to load resource: net::ERR_CONNECTION_REFUSED @ http://localhost:3100/:0
[ 5712065ms] [ERROR] Failed to load resource: net::ERR_CONNECTION_REFUSED @ http://localhost:3100/:0
[ 5713068ms] [ERROR] Failed to load resource: net::ERR_CONNECTION_REFUSED @ http://localhost:3100/:0
[ 5714072ms] [ERROR] Failed to load resource: net::ERR_CONNECTION_REFUSED @ http://localhost:3100/:0
[ 5715076ms] [ERROR] Failed to load resource: net::ERR_CONNECTION_REFUSED @ http://localhost:3100/:0
[ 5716080ms] [ERROR] Failed to load resource: net::ERR_CONNECTION_REFUSED @ http://localhost:3100/:0
[ 5717085ms] [ERROR] Failed to load resource: net::ERR_CONNECTION_REFUSED @ http://localhost:3100/:0
[ 5718089ms] [ERROR] Failed to load resource: net::ERR_CONNECTION_REFUSED @ http://localhost:3100/:0
[ 5719094ms] [ERROR] Failed to load resource: net::ERR_CONNECTION_REFUSED @ http://localhost:3100/:0
[ 5720099ms] [ERROR] Failed to load resource: net::ERR_CONNECTION_REFUSED @ http://localhost:3100/:0
[ 5721103ms] [ERROR] Failed to load resource: net::ERR_CONNECTION_REFUSED @ http://localhost:3100/:0
[ 5722106ms] [ERROR] Failed to load resource: net::ERR_CONNECTION_REFUSED @ http://localhost:3100/:0
[ 5723110ms] [ERROR] Failed to load resource: net::ERR_CONNECTION_REFUSED @ http://localhost:3100/:0
[ 5724113ms] [ERROR] Failed to load resource: net::ERR_CONNECTION_REFUSED @ http://localhost:3100/:0
[ 5725116ms] [ERROR] Failed to load resource: net::ERR_CONNECTION_REFUSED @ http://localhost:3100/:0
[ 5726121ms] [ERROR] Failed to load resource: net::ERR_CONNECTION_REFUSED @ http://localhost:3100/:0
[ 5727124ms] [ERROR] Failed to load resource: net::ERR_CONNECTION_REFUSED @ http://localhost:3100/:0
[ 5728127ms] [ERROR] Failed to load resource: net::ERR_CONNECTION_REFUSED @ http://localhost:3100/:0
[ 5729130ms] [ERROR] Failed to load resource: net::ERR_CONNECTION_REFUSED @ http://localhost:3100/:0
[ 5730136ms] [ERROR] Failed to load resource: net::ERR_CONNECTION_REFUSED @ http://localhost:3100/:0
[ 5731139ms] [ERROR] Failed to load resource: net::ERR_CONNECTION_REFUSED @ http://localhost:3100/:0
[ 5732142ms] [ERROR] Failed to load resource: net::ERR_CONNECTION_REFUSED @ http://localhost:3100/:0
[ 5733147ms] [ERROR] Failed to load resource: net::ERR_CONNECTION_REFUSED @ http://localhost:3100/:0
[ 5734151ms] [ERROR] Failed to load resource: net::ERR_CONNECTION_REFUSED @ http://localhost:3100/:0
[ 5735157ms] [ERROR] Failed to load resource: net::ERR_CONNECTION_REFUSED @ http://localhost:3100/:0
[ 5736160ms] [ERROR] Failed to load resource: net::ERR_CONNECTION_REFUSED @ http://localhost:3100/:0
[ 5737163ms] [ERROR] Failed to load resource: net::ERR_CONNECTION_REFUSED @ http://localhost:3100/:0
[ 5738171ms] [ERROR] Failed to load resource: net::ERR_CONNECTION_REFUSED @ http://localhost:3100/:0
[ 5739174ms] [ERROR] Failed to load resource: net::ERR_CONNECTION_REFUSED @ http://localhost:3100/:0
[ 5740178ms] [ERROR] Failed to load resource: net::ERR_CONNECTION_REFUSED @ http://localhost:3100/:0
[ 5741185ms] [ERROR] Failed to load resource: net::ERR_CONNECTION_REFUSED @ http://localhost:3100/:0
[ 5742190ms] [ERROR] Failed to load resource: net::ERR_CONNECTION_REFUSED @ http://localhost:3100/:0
[ 5743194ms] [ERROR] Failed to load resource: net::ERR_CONNECTION_REFUSED @ http://localhost:3100/:0
[ 5744197ms] [ERROR] Failed to load resource: net::ERR_CONNECTION_REFUSED @ http://localhost:3100/:0
[ 5745204ms] [ERROR] Failed to load resource: net::ERR_CONNECTION_REFUSED @ http://localhost:3100/:0
[ 5746209ms] [ERROR] Failed to load resource: net::ERR_CONNECTION_REFUSED @ http://localhost:3100/:0
[ 5747212ms] [ERROR] Failed to load resource: net::ERR_CONNECTION_REFUSED @ http://localhost:3100/:0
[ 5748214ms] [ERROR] Failed to load resource: net::ERR_CONNECTION_REFUSED @ http://localhost:3100/:0
[ 5749218ms] [ERROR] Failed to load resource: net::ERR_CONNECTION_REFUSED @ http://localhost:3100/:0
[ 5750220ms] [ERROR] Failed to load resource: net::ERR_CONNECTION_REFUSED @ http://localhost:3100/:0
[ 5751227ms] [ERROR] Failed to load resource: net::ERR_CONNECTION_REFUSED @ http://localhost:3100/:0
[ 5752233ms] [ERROR] Failed to load resource: net::ERR_CONNECTION_REFUSED @ http://localhost:3100/:0
[ 5753237ms] [ERROR] Failed to load resource: net::ERR_CONNECTION_REFUSED @ http://localhost:3100/:0
[ 5754242ms] [ERROR] Failed to load resource: net::ERR_CONNECTION_REFUSED @ http://localhost:3100/:0
[ 5755245ms] [ERROR] Failed to load resource: net::ERR_CONNECTION_REFUSED @ http://localhost:3100/:0
[ 5756249ms] [ERROR] Failed to load resource: net::ERR_CONNECTION_REFUSED @ http://localhost:3100/:0
[ 5757252ms] [ERROR] Failed to load resource: net::ERR_CONNECTION_REFUSED @ http://localhost:3100/:0
[ 5758257ms] [ERROR] Failed to load resource: net::ERR_CONNECTION_REFUSED @ http://localhost:3100/:0
[ 5759262ms] [ERROR] Failed to load resource: net::ERR_CONNECTION_REFUSED @ http://localhost:3100/:0
[ 5760265ms] [ERROR] Failed to load resource: net::ERR_CONNECTION_REFUSED @ http://localhost:3100/:0
[ 5761270ms] [ERROR] Failed to load resource: net::ERR_CONNECTION_REFUSED @ http://localhost:3100/:0
[ 5762274ms] [ERROR] Failed to load resource: net::ERR_CONNECTION_REFUSED @ http://localhost:3100/:0
[ 5763278ms] [ERROR] Failed to load resource: net::ERR_CONNECTION_REFUSED @ http://localhost:3100/:0
[ 5764282ms] [ERROR] Failed to load resource: net::ERR_CONNECTION_REFUSED @ http://localhost:3100/:0
[ 5765288ms] [ERROR] Failed to load resource: net::ERR_CONNECTION_REFUSED @ http://localhost:3100/:0
[ 5766291ms] [ERROR] Failed to load resource: net::ERR_CONNECTION_REFUSED @ http://localhost:3100/:0
[ 5767295ms] [ERROR] Failed to load resource: net::ERR_CONNECTION_REFUSED @ http://localhost:3100/:0
[ 5768301ms] [ERROR] Failed to load resource: net::ERR_CONNECTION_REFUSED @ http://localhost:3100/:0
[ 5769306ms] [ERROR] Failed to load resource: net::ERR_CONNECTION_REFUSED @ http://localhost:3100/:0
[ 5770312ms] [ERROR] Failed to load resource: net::ERR_CONNECTION_REFUSED @ http://localhost:3100/:0
[ 5771316ms] [ERROR] Failed to load resource: net::ERR_CONNECTION_REFUSED @ http://localhost:3100/:0
[ 5772322ms] [ERROR] Failed to load resource: net::ERR_CONNECTION_REFUSED @ http://localhost:3100/:0
[ 5773326ms] [ERROR] Failed to load resource: net::ERR_CONNECTION_REFUSED @ http://localhost:3100/:0
[ 5774329ms] [ERROR] Failed to load resource: net::ERR_CONNECTION_REFUSED @ http://localhost:3100/:0
[ 5775332ms] [ERROR] Failed to load resource: net::ERR_CONNECTION_REFUSED @ http://localhost:3100/:0
[ 5776338ms] [ERROR] Failed to load resource: net::ERR_CONNECTION_REFUSED @ http://localhost:3100/:0
[ 5777341ms] [ERROR] Failed to load resource: net::ERR_CONNECTION_REFUSED @ http://localhost:3100/:0
[ 5778346ms] [ERROR] Failed to load resource: net::ERR_CONNECTION_REFUSED @ http://localhost:3100/:0
[ 5779349ms] [ERROR] Failed to load resource: net::ERR_CONNECTION_REFUSED @ http://localhost:3100/:0
[ 5780354ms] [ERROR] Failed to load resource: net::ERR_CONNECTION_REFUSED @ http://localhost:3100/:0
[ 5781358ms] [ERROR] Failed to load resource: net::ERR_CONNECTION_REFUSED @ http://localhost:3100/:0
[ 5782361ms] [ERROR] Failed to load resource: net::ERR_CONNECTION_REFUSED @ http://localhost:3100/:0
[ 5783366ms] [ERROR] Failed to load resource: net::ERR_CONNECTION_REFUSED @ http://localhost:3100/:0
[ 5784372ms] [ERROR] Failed to load resource: net::ERR_CONNECTION_REFUSED @ http://localhost:3100/:0
[ 5785376ms] [ERROR] Failed to load resource: net::ERR_CONNECTION_REFUSED @ http://localhost:3100/:0
[ 5786379ms] [ERROR] Failed to load resource: net::ERR_CONNECTION_REFUSED @ http://localhost:3100/:0
[ 5787382ms] [ERROR] Failed to load resource: net::ERR_CONNECTION_REFUSED @ http://localhost:3100/:0
[ 5788387ms] [ERROR] Failed to load resource: net::ERR_CONNECTION_REFUSED @ http://localhost:3100/:0
[ 5789391ms] [ERROR] Failed to load resource: net::ERR_CONNECTION_REFUSED @ http://localhost:3100/:0
[ 5790395ms] [ERROR] Failed to load resource: net::ERR_CONNECTION_REFUSED @ http://localhost:3100/:0
[ 5791400ms] [ERROR] Failed to load resource: net::ERR_CONNECTION_REFUSED @ http://localhost:3100/:0
[ 5792403ms] [ERROR] Failed to load resource: net::ERR_CONNECTION_REFUSED @ http://localhost:3100/:0
[ 5793408ms] [ERROR] Failed to load resource: net::ERR_CONNECTION_REFUSED @ http://localhost:3100/:0
[ 5794413ms] [ERROR] Failed to load resource: net::ERR_CONNECTION_REFUSED @ http://localhost:3100/:0
[ 5795419ms] [ERROR] Failed to load resource: net::ERR_CONNECTION_REFUSED @ http://localhost:3100/:0
[ 5796423ms] [ERROR] Failed to load resource: net::ERR_CONNECTION_REFUSED @ http://localhost:3100/:0
[ 5797425ms] [ERROR] Failed to load resource: net::ERR_CONNECTION_REFUSED @ http://localhost:3100/:0
[ 5798432ms] [ERROR] Failed to load resource: net::ERR_CONNECTION_REFUSED @ http://localhost:3100/:0
[ 5799438ms] [ERROR] Failed to load resource: net::ERR_CONNECTION_REFUSED @ http://localhost:3100/:0
[ 5800441ms] [ERROR] Failed to load resource: net::ERR_CONNECTION_REFUSED @ http://localhost:3100/:0
[ 5801444ms] [ERROR] Failed to load resource: net::ERR_CONNECTION_REFUSED @ http://localhost:3100/:0
[ 5802449ms] [ERROR] Failed to load resource: net::ERR_CONNECTION_REFUSED @ http://localhost:3100/:0
[ 5803452ms] [ERROR] Failed to load resource: net::ERR_CONNECTION_REFUSED @ http://localhost:3100/:0
[ 5804458ms] [ERROR] Failed to load resource: net::ERR_CONNECTION_REFUSED @ http://localhost:3100/:0
[ 5805462ms] [ERROR] Failed to load resource: net::ERR_CONNECTION_REFUSED @ http://localhost:3100/:0
[ 5806466ms] [ERROR] Failed to load resource: net::ERR_CONNECTION_REFUSED @ http://localhost:3100/:0
[ 5807471ms] [ERROR] Failed to load resource: net::ERR_CONNECTION_REFUSED @ http://localhost:3100/:0
[ 5808475ms] [ERROR] Failed to load resource: net::ERR_CONNECTION_REFUSED @ http://localhost:3100/:0
[ 5809480ms] [ERROR] Failed to load resource: net::ERR_CONNECTION_REFUSED @ http://localhost:3100/:0
[ 5810487ms] [ERROR] Failed to load resource: net::ERR_CONNECTION_REFUSED @ http://localhost:3100/:0
[ 5811492ms] [ERROR] Failed to load resource: net::ERR_CONNECTION_REFUSED @ http://localhost:3100/:0
[ 5812496ms] [ERROR] Failed to load resource: net::ERR_CONNECTION_REFUSED @ http://localhost:3100/:0
[ 5813502ms] [ERROR] Failed to load resource: net::ERR_CONNECTION_REFUSED @ http://localhost:3100/:0
[ 5814507ms] [ERROR] Failed to load resource: net::ERR_CONNECTION_REFUSED @ http://localhost:3100/:0
[ 5815510ms] [ERROR] Failed to load resource: net::ERR_CONNECTION_REFUSED @ http://localhost:3100/:0
[ 5816514ms] [ERROR] Failed to load resource: net::ERR_CONNECTION_REFUSED @ http://localhost:3100/:0
[ 5817521ms] [ERROR] Failed to load resource: net::ERR_CONNECTION_REFUSED @ http://localhost:3100/:0
[ 5818527ms] [ERROR] Failed to load resource: net::ERR_CONNECTION_REFUSED @ http://localhost:3100/:0
[ 5819530ms] [ERROR] Failed to load resource: net::ERR_CONNECTION_REFUSED @ http://localhost:3100/:0
[ 5820533ms] [ERROR] Failed to load resource: net::ERR_CONNECTION_REFUSED @ http://localhost:3100/:0
[ 5821536ms] [ERROR] Failed to load resource: net::ERR_CONNECTION_REFUSED @ http://localhost:3100/:0
[ 5822538ms] [ERROR] Failed to load resource: net::ERR_CONNECTION_REFUSED @ http://localhost:3100/:0
[ 5823541ms] [ERROR] Failed to load resource: net::ERR_CONNECTION_REFUSED @ http://localhost:3100/:0
[ 5824545ms] [ERROR] Failed to load resource: net::ERR_CONNECTION_REFUSED @ http://localhost:3100/:0
[ 5825548ms] [ERROR] Failed to load resource: net::ERR_CONNECTION_REFUSED @ http://localhost:3100/:0
[ 5826552ms] [ERROR] Failed to load resource: net::ERR_CONNECTION_REFUSED @ http://localhost:3100/:0
[ 5827562ms] [ERROR] Failed to load resource: net::ERR_CONNECTION_REFUSED @ http://localhost:3100/:0
[ 5828567ms] [ERROR] Failed to load resource: net::ERR_CONNECTION_REFUSED @ http://localhost:3100/:0
[ 5829571ms] [ERROR] Failed to load resource: net::ERR_CONNECTION_REFUSED @ http://localhost:3100/:0
[ 5830576ms] [ERROR] Failed to load resource: net::ERR_CONNECTION_REFUSED @ http://localhost:3100/:0
[ 5831579ms] [ERROR] Failed to load resource: net::ERR_CONNECTION_REFUSED @ http://localhost:3100/:0
[ 5832584ms] [ERROR] Failed to load resource: net::ERR_CONNECTION_REFUSED @ http://localhost:3100/:0
[ 5833587ms] [ERROR] Failed to load resource: net::ERR_CONNECTION_REFUSED @ http://localhost:3100/:0
[ 5834590ms] [ERROR] Failed to load resource: net::ERR_CONNECTION_REFUSED @ http://localhost:3100/:0
[ 5835594ms] [ERROR] Failed to load resource: net::ERR_CONNECTION_REFUSED @ http://localhost:3100/:0
[ 5836601ms] [ERROR] Failed to load resource: net::ERR_CONNECTION_REFUSED @ http://localhost:3100/:0
[ 5837604ms] [ERROR] Failed to load resource: net::ERR_CONNECTION_REFUSED @ http://localhost:3100/:0
[ 5838609ms] [ERROR] Failed to load resource: net::ERR_CONNECTION_REFUSED @ http://localhost:3100/:0
[ 5839614ms] [ERROR] Failed to load resource: net::ERR_CONNECTION_REFUSED @ http://localhost:3100/:0
[ 5840620ms] [ERROR] Failed to load resource: net::ERR_CONNECTION_REFUSED @ http://localhost:3100/:0
[ 5841627ms] [ERROR] Failed to load resource: net::ERR_CONNECTION_REFUSED @ http://localhost:3100/:0
[ 5842632ms] [ERROR] Failed to load resource: net::ERR_CONNECTION_REFUSED @ http://localhost:3100/:0
[ 5843637ms] [ERROR] Failed to load resource: net::ERR_CONNECTION_REFUSED @ http://localhost:3100/:0
[ 5844641ms] [ERROR] Failed to load resource: net::ERR_CONNECTION_REFUSED @ http://localhost:3100/:0
[ 5845645ms] [ERROR] Failed to load resource: net::ERR_CONNECTION_REFUSED @ http://localhost:3100/:0
[ 5846649ms] [ERROR] Failed to load resource: net::ERR_CONNECTION_REFUSED @ http://localhost:3100/:0
[ 5847653ms] [ERROR] Failed to load resource: net::ERR_CONNECTION_REFUSED @ http://localhost:3100/:0
[ 5848657ms] [ERROR] Failed to load resource: net::ERR_CONNECTION_REFUSED @ http://localhost:3100/:0
[ 5849663ms] [ERROR] Failed to load resource: net::ERR_CONNECTION_REFUSED @ http://localhost:3100/:0
[ 5850667ms] [ERROR] Failed to load resource: net::ERR_CONNECTION_REFUSED @ http://localhost:3100/:0
[ 5851670ms] [ERROR] Failed to load resource: net::ERR_CONNECTION_REFUSED @ http://localhost:3100/:0
[ 5852675ms] [ERROR] Failed to load resource: net::ERR_CONNECTION_REFUSED @ http://localhost:3100/:0
[ 5853680ms] [ERROR] Failed to load resource: net::ERR_CONNECTION_REFUSED @ http://localhost:3100/:0
[ 5854683ms] [ERROR] Failed to load resource: net::ERR_CONNECTION_REFUSED @ http://localhost:3100/:0
[ 5855687ms] [ERROR] Failed to load resource: net::ERR_CONNECTION_REFUSED @ http://localhost:3100/:0
[ 5856690ms] [ERROR] Failed to load resource: net::ERR_CONNECTION_REFUSED @ http://localhost:3100/:0
[ 5857696ms] [ERROR] Failed to load resource: net::ERR_CONNECTION_REFUSED @ http://localhost:3100/:0
[ 5858701ms] [ERROR] Failed to load resource: net::ERR_CONNECTION_REFUSED @ http://localhost:3100/:0
[ 5859706ms] [ERROR] Failed to load resource: net::ERR_CONNECTION_REFUSED @ http://localhost:3100/:0
[ 5860709ms] [ERROR] Failed to load resource: net::ERR_CONNECTION_REFUSED @ http://localhost:3100/:0
[ 5861712ms] [ERROR] Failed to load resource: net::ERR_CONNECTION_REFUSED @ http://localhost:3100/:0
[ 5862715ms] [ERROR] Failed to load resource: net::ERR_CONNECTION_REFUSED @ http://localhost:3100/:0
[ 5863718ms] [ERROR] Failed to load resource: net::ERR_CONNECTION_REFUSED @ http://localhost:3100/:0
[ 5864725ms] [ERROR] Failed to load resource: net::ERR_CONNECTION_REFUSED @ http://localhost:3100/:0
[ 5865731ms] [ERROR] Failed to load resource: net::ERR_CONNECTION_REFUSED @ http://localhost:3100/:0
[ 5866734ms] [ERROR] Failed to load resource: net::ERR_CONNECTION_REFUSED @ http://localhost:3100/:0
[ 5867737ms] [ERROR] Failed to load resource: net::ERR_CONNECTION_REFUSED @ http://localhost:3100/:0
[ 5868741ms] [ERROR] Failed to load resource: net::ERR_CONNECTION_REFUSED @ http://localhost:3100/:0
[ 5869745ms] [ERROR] Failed to load resource: net::ERR_CONNECTION_REFUSED @ http://localhost:3100/:0
[ 5870749ms] [ERROR] Failed to load resource: net::ERR_CONNECTION_REFUSED @ http://localhost:3100/:0
[ 5871753ms] [ERROR] Failed to load resource: net::ERR_CONNECTION_REFUSED @ http://localhost:3100/:0
[ 5872759ms] [ERROR] Failed to load resource: net::ERR_CONNECTION_REFUSED @ http://localhost:3100/:0
[ 5873761ms] [ERROR] Failed to load resource: net::ERR_CONNECTION_REFUSED @ http://localhost:3100/:0
[ 5874767ms] [ERROR] Failed to load resource: net::ERR_CONNECTION_REFUSED @ http://localhost:3100/:0
[ 5875770ms] [ERROR] Failed to load resource: net::ERR_CONNECTION_REFUSED @ http://localhost:3100/:0
[ 5876773ms] [ERROR] Failed to load resource: net::ERR_CONNECTION_REFUSED @ http://localhost:3100/:0
[ 5877779ms] [ERROR] Failed to load resource: net::ERR_CONNECTION_REFUSED @ http://localhost:3100/:0
[ 5878782ms] [ERROR] Failed to load resource: net::ERR_CONNECTION_REFUSED @ http://localhost:3100/:0
[ 5879786ms] [ERROR] Failed to load resource: net::ERR_CONNECTION_REFUSED @ http://localhost:3100/:0
[ 5880789ms] [ERROR] Failed to load resource: net::ERR_CONNECTION_REFUSED @ http://localhost:3100/:0
[ 5881794ms] [ERROR] Failed to load resource: net::ERR_CONNECTION_REFUSED @ http://localhost:3100/:0
[ 5882797ms] [ERROR] Failed to load resource: net::ERR_CONNECTION_REFUSED @ http://localhost:3100/:0
[ 5883801ms] [ERROR] Failed to load resource: net::ERR_CONNECTION_REFUSED @ http://localhost:3100/:0
[ 5884806ms] [ERROR] Failed to load resource: net::ERR_CONNECTION_REFUSED @ http://localhost:3100/:0
[ 5885812ms] [ERROR] Failed to load resource: net::ERR_CONNECTION_REFUSED @ http://localhost:3100/:0
[ 5886819ms] [ERROR] Failed to load resource: net::ERR_CONNECTION_REFUSED @ http://localhost:3100/:0
[ 5887822ms] [ERROR] Failed to load resource: net::ERR_CONNECTION_REFUSED @ http://localhost:3100/:0
[ 5888827ms] [ERROR] Failed to load resource: net::ERR_CONNECTION_REFUSED @ http://localhost:3100/:0
[ 5889833ms] [ERROR] Failed to load resource: net::ERR_CONNECTION_REFUSED @ http://localhost:3100/:0
[ 5890837ms] [ERROR] Failed to load resource: net::ERR_CONNECTION_REFUSED @ http://localhost:3100/:0
[ 5891840ms] [ERROR] Failed to load resource: net::ERR_CONNECTION_REFUSED @ http://localhost:3100/:0
[ 5892844ms] [ERROR] Failed to load resource: net::ERR_CONNECTION_REFUSED @ http://localhost:3100/:0
[ 5893848ms] [ERROR] Failed to load resource: net::ERR_CONNECTION_REFUSED @ http://localhost:3100/:0
[ 5894852ms] [ERROR] Failed to load resource: net::ERR_CONNECTION_REFUSED @ http://localhost:3100/:0
[ 5895855ms] [ERROR] Failed to load resource: net::ERR_CONNECTION_REFUSED @ http://localhost:3100/:0
[ 5896860ms] [ERROR] Failed to load resource: net::ERR_CONNECTION_REFUSED @ http://localhost:3100/:0
[ 5897864ms] [ERROR] Failed to load resource: net::ERR_CONNECTION_REFUSED @ http://localhost:3100/:0
[ 5898868ms] [ERROR] Failed to load resource: net::ERR_CONNECTION_REFUSED @ http://localhost:3100/:0
[ 5899873ms] [ERROR] Failed to load resource: net::ERR_CONNECTION_REFUSED @ http://localhost:3100/:0
[ 5900877ms] [ERROR] Failed to load resource: net::ERR_CONNECTION_REFUSED @ http://localhost:3100/:0
[ 5901882ms] [ERROR] Failed to load resource: net::ERR_CONNECTION_REFUSED @ http://localhost:3100/:0
[ 5902887ms] [ERROR] Failed to load resource: net::ERR_CONNECTION_REFUSED @ http://localhost:3100/:0
[ 5903890ms] [ERROR] Failed to load resource: net::ERR_CONNECTION_REFUSED @ http://localhost:3100/:0
[ 5904894ms] [ERROR] Failed to load resource: net::ERR_CONNECTION_REFUSED @ http://localhost:3100/:0
[ 5905897ms] [ERROR] Failed to load resource: net::ERR_CONNECTION_REFUSED @ http://localhost:3100/:0
[ 5906899ms] [ERROR] Failed to load resource: net::ERR_CONNECTION_REFUSED @ http://localhost:3100/:0
[ 5907902ms] [ERROR] Failed to load resource: net::ERR_CONNECTION_REFUSED @ http://localhost:3100/:0
[ 5908908ms] [ERROR] Failed to load resource: net::ERR_CONNECTION_REFUSED @ http://localhost:3100/:0
[ 5909913ms] [ERROR] Failed to load resource: net::ERR_CONNECTION_REFUSED @ http://localhost:3100/:0
[ 5910917ms] [ERROR] Failed to load resource: net::ERR_CONNECTION_REFUSED @ http://localhost:3100/:0
[ 5911989ms] [ERROR] Failed to load resource: net::ERR_CONNECTION_REFUSED @ http://localhost:3100/:0
[ 5912993ms] [ERROR] Failed to load resource: net::ERR_CONNECTION_REFUSED @ http://localhost:3100/:0
[ 5913996ms] [ERROR] Failed to load resource: net::ERR_CONNECTION_REFUSED @ http://localhost:3100/:0
[ 5915000ms] [ERROR] Failed to load resource: net::ERR_CONNECTION_REFUSED @ http://localhost:3100/:0
[ 5916003ms] [ERROR] Failed to load resource: net::ERR_CONNECTION_REFUSED @ http://localhost:3100/:0
[ 5917008ms] [ERROR] Failed to load resource: net::ERR_CONNECTION_REFUSED @ http://localhost:3100/:0
[ 5918012ms] [ERROR] Failed to load resource: net::ERR_CONNECTION_REFUSED @ http://localhost:3100/:0
[ 5919014ms] [ERROR] Failed to load resource: net::ERR_CONNECTION_REFUSED @ http://localhost:3100/:0
[ 5920018ms] [ERROR] Failed to load resource: net::ERR_CONNECTION_REFUSED @ http://localhost:3100/:0
[ 5921022ms] [ERROR] Failed to load resource: net::ERR_CONNECTION_REFUSED @ http://localhost:3100/:0
[ 5922026ms] [ERROR] Failed to load resource: net::ERR_CONNECTION_REFUSED @ http://localhost:3100/:0
[ 5923032ms] [ERROR] Failed to load resource: net::ERR_CONNECTION_REFUSED @ http://localhost:3100/:0
[ 5924036ms] [ERROR] Failed to load resource: net::ERR_CONNECTION_REFUSED @ http://localhost:3100/:0
[ 5925040ms] [ERROR] Failed to load resource: net::ERR_CONNECTION_REFUSED @ http://localhost:3100/:0
[ 5926046ms] [ERROR] Failed to load resource: net::ERR_CONNECTION_REFUSED @ http://localhost:3100/:0
[ 5927052ms] [ERROR] Failed to load resource: net::ERR_CONNECTION_REFUSED @ http://localhost:3100/:0
[ 5928055ms] [ERROR] Failed to load resource: net::ERR_CONNECTION_REFUSED @ http://localhost:3100/:0
[ 5929060ms] [ERROR] Failed to load resource: net::ERR_CONNECTION_REFUSED @ http://localhost:3100/:0
[ 5930064ms] [ERROR] Failed to load resource: net::ERR_CONNECTION_REFUSED @ http://localhost:3100/:0
[ 5931068ms] [ERROR] Failed to load resource: net::ERR_CONNECTION_REFUSED @ http://localhost:3100/:0
[ 5932073ms] [ERROR] Failed to load resource: net::ERR_CONNECTION_REFUSED @ http://localhost:3100/:0
[ 5933078ms] [ERROR] Failed to load resource: net::ERR_CONNECTION_REFUSED @ http://localhost:3100/:0
[ 5934083ms] [ERROR] Failed to load resource: net::ERR_CONNECTION_REFUSED @ http://localhost:3100/:0
[ 5935087ms] [ERROR] Failed to load resource: net::ERR_CONNECTION_REFUSED @ http://localhost:3100/:0
[ 5936090ms] [ERROR] Failed to load resource: net::ERR_CONNECTION_REFUSED @ http://localhost:3100/:0
[ 5937093ms] [ERROR] Failed to load resource: net::ERR_CONNECTION_REFUSED @ http://localhost:3100/:0
[ 5938096ms] [ERROR] Failed to load resource: net::ERR_CONNECTION_REFUSED @ http://localhost:3100/:0
[ 5939101ms] [ERROR] Failed to load resource: net::ERR_CONNECTION_REFUSED @ http://localhost:3100/:0
[ 5940105ms] [ERROR] Failed to load resource: net::ERR_CONNECTION_REFUSED @ http://localhost:3100/:0
[ 5941109ms] [ERROR] Failed to load resource: net::ERR_CONNECTION_REFUSED @ http://localhost:3100/:0
[ 5942114ms] [ERROR] Failed to load resource: net::ERR_CONNECTION_REFUSED @ http://localhost:3100/:0
[ 5943119ms] [ERROR] Failed to load resource: net::ERR_CONNECTION_REFUSED @ http://localhost:3100/:0
[ 5944124ms] [ERROR] Failed to load resource: net::ERR_CONNECTION_REFUSED @ http://localhost:3100/:0
[ 5945128ms] [ERROR] Failed to load resource: net::ERR_CONNECTION_REFUSED @ http://localhost:3100/:0
[ 5946133ms] [ERROR] Failed to load resource: net::ERR_CONNECTION_REFUSED @ http://localhost:3100/:0
[ 5947136ms] [ERROR] Failed to load resource: net::ERR_CONNECTION_REFUSED @ http://localhost:3100/:0
[ 5948140ms] [ERROR] Failed to load resource: net::ERR_CONNECTION_REFUSED @ http://localhost:3100/:0
[ 5949145ms] [ERROR] Failed to load resource: net::ERR_CONNECTION_REFUSED @ http://localhost:3100/:0
[ 5950149ms] [ERROR] Failed to load resource: net::ERR_CONNECTION_REFUSED @ http://localhost:3100/:0
[ 5951154ms] [ERROR] Failed to load resource: net::ERR_CONNECTION_REFUSED @ http://localhost:3100/:0
[ 5952159ms] [ERROR] Failed to load resource: net::ERR_CONNECTION_REFUSED @ http://localhost:3100/:0
[ 5953163ms] [ERROR] Failed to load resource: net::ERR_CONNECTION_REFUSED @ http://localhost:3100/:0
[ 5954174ms] [ERROR] Failed to load resource: net::ERR_CONNECTION_REFUSED @ http://localhost:3100/:0
[ 5955179ms] [ERROR] Failed to load resource: net::ERR_CONNECTION_REFUSED @ http://localhost:3100/:0
[ 5956183ms] [ERROR] Failed to load resource: net::ERR_CONNECTION_REFUSED @ http://localhost:3100/:0
[ 5957192ms] [ERROR] Failed to load resource: net::ERR_CONNECTION_REFUSED @ http://localhost:3100/:0
[ 5958201ms] [ERROR] Failed to load resource: net::ERR_CONNECTION_REFUSED @ http://localhost:3100/:0
[ 5959206ms] [ERROR] Failed to load resource: net::ERR_CONNECTION_REFUSED @ http://localhost:3100/:0
[ 5960210ms] [ERROR] Failed to load resource: net::ERR_CONNECTION_REFUSED @ http://localhost:3100/:0
[ 5961214ms] [ERROR] Failed to load resource: net::ERR_CONNECTION_REFUSED @ http://localhost:3100/:0
[ 5962217ms] [ERROR] Failed to load resource: net::ERR_CONNECTION_REFUSED @ http://localhost:3100/:0
[ 5963222ms] [ERROR] Failed to load resource: net::ERR_CONNECTION_REFUSED @ http://localhost:3100/:0
[ 5964226ms] [ERROR] Failed to load resource: net::ERR_CONNECTION_REFUSED @ http://localhost:3100/:0
[ 5965230ms] [ERROR] Failed to load resource: net::ERR_CONNECTION_REFUSED @ http://localhost:3100/:0
[ 5966235ms] [ERROR] Failed to load resource: net::ERR_CONNECTION_REFUSED @ http://localhost:3100/:0
[ 5967241ms] [ERROR] Failed to load resource: net::ERR_CONNECTION_REFUSED @ http://localhost:3100/:0
[ 5968248ms] [ERROR] Failed to load resource: net::ERR_CONNECTION_REFUSED @ http://localhost:3100/:0
[ 5969254ms] [ERROR] Failed to load resource: net::ERR_CONNECTION_REFUSED @ http://localhost:3100/:0
[ 5970259ms] [ERROR] Failed to load resource: net::ERR_CONNECTION_REFUSED @ http://localhost:3100/:0
[ 5971261ms] [ERROR] Failed to load resource: net::ERR_CONNECTION_REFUSED @ http://localhost:3100/:0
[ 5972265ms] [ERROR] Failed to load resource: net::ERR_CONNECTION_REFUSED @ http://localhost:3100/:0
[ 5973272ms] [ERROR] Failed to load resource: net::ERR_CONNECTION_REFUSED @ http://localhost:3100/:0
[ 5974278ms] [ERROR] Failed to load resource: net::ERR_CONNECTION_REFUSED @ http://localhost:3100/:0
[ 5975284ms] [ERROR] Failed to load resource: net::ERR_CONNECTION_REFUSED @ http://localhost:3100/:0
[ 5976289ms] [ERROR] Failed to load resource: net::ERR_CONNECTION_REFUSED @ http://localhost:3100/:0
[ 5977294ms] [ERROR] Failed to load resource: net::ERR_CONNECTION_REFUSED @ http://localhost:3100/:0
[ 5978298ms] [ERROR] Failed to load resource: net::ERR_CONNECTION_REFUSED @ http://localhost:3100/:0
[ 5979314ms] [ERROR] Failed to load resource: net::ERR_CONNECTION_REFUSED @ http://localhost:3100/:0
[ 5980320ms] [ERROR] Failed to load resource: net::ERR_CONNECTION_REFUSED @ http://localhost:3100/:0
[ 5981323ms] [ERROR] Failed to load resource: net::ERR_CONNECTION_REFUSED @ http://localhost:3100/:0
[ 5982327ms] [ERROR] Failed to load resource: net::ERR_CONNECTION_REFUSED @ http://localhost:3100/:0
[ 5983331ms] [ERROR] Failed to load resource: net::ERR_CONNECTION_REFUSED @ http://localhost:3100/:0
[ 5984339ms] [ERROR] Failed to load resource: net::ERR_CONNECTION_REFUSED @ http://localhost:3100/:0
[ 5985342ms] [ERROR] Failed to load resource: net::ERR_CONNECTION_REFUSED @ http://localhost:3100/:0
[ 5986348ms] [ERROR] Failed to load resource: net::ERR_CONNECTION_REFUSED @ http://localhost:3100/:0
[ 5987354ms] [ERROR] Failed to load resource: net::ERR_CONNECTION_REFUSED @ http://localhost:3100/:0
[ 5988362ms] [ERROR] Failed to load resource: net::ERR_CONNECTION_REFUSED @ http://localhost:3100/:0
[ 5989368ms] [ERROR] Failed to load resource: net::ERR_CONNECTION_REFUSED @ http://localhost:3100/:0
[ 5990371ms] [ERROR] Failed to load resource: net::ERR_CONNECTION_REFUSED @ http://localhost:3100/:0
[ 5991374ms] [ERROR] Failed to load resource: net::ERR_CONNECTION_REFUSED @ http://localhost:3100/:0
[ 5992381ms] [ERROR] Failed to load resource: net::ERR_CONNECTION_REFUSED @ http://localhost:3100/:0
[ 5993385ms] [ERROR] Failed to load resource: net::ERR_CONNECTION_REFUSED @ http://localhost:3100/:0
[ 5994388ms] [ERROR] Failed to load resource: net::ERR_CONNECTION_REFUSED @ http://localhost:3100/:0
[ 5995395ms] [ERROR] Failed to load resource: net::ERR_CONNECTION_REFUSED @ http://localhost:3100/:0
[ 5996398ms] [ERROR] Failed to load resource: net::ERR_CONNECTION_REFUSED @ http://localhost:3100/:0
[ 5997404ms] [ERROR] Failed to load resource: net::ERR_CONNECTION_REFUSED @ http://localhost:3100/:0
[ 5998409ms] [ERROR] Failed to load resource: net::ERR_CONNECTION_REFUSED @ http://localhost:3100/:0
[ 5999413ms] [ERROR] Failed to load resource: net::ERR_CONNECTION_REFUSED @ http://localhost:3100/:0
[ 6000417ms] [ERROR] Failed to load resource: net::ERR_CONNECTION_REFUSED @ http://localhost:3100/:0
[ 6001421ms] [ERROR] Failed to load resource: net::ERR_CONNECTION_REFUSED @ http://localhost:3100/:0
[ 6002425ms] [ERROR] Failed to load resource: net::ERR_CONNECTION_REFUSED @ http://localhost:3100/:0
[ 6003428ms] [ERROR] Failed to load resource: net::ERR_CONNECTION_REFUSED @ http://localhost:3100/:0
[ 6004434ms] [ERROR] Failed to load resource: net::ERR_CONNECTION_REFUSED @ http://localhost:3100/:0
[ 6005439ms] [ERROR] Failed to load resource: net::ERR_CONNECTION_REFUSED @ http://localhost:3100/:0
[ 6006443ms] [ERROR] Failed to load resource: net::ERR_CONNECTION_REFUSED @ http://localhost:3100/:0
[ 6007447ms] [ERROR] Failed to load resource: net::ERR_CONNECTION_REFUSED @ http://localhost:3100/:0
[ 6008450ms] [ERROR] Failed to load resource: net::ERR_CONNECTION_REFUSED @ http://localhost:3100/:0
[ 6009456ms] [ERROR] Failed to load resource: net::ERR_CONNECTION_REFUSED @ http://localhost:3100/:0
[ 6010458ms] [ERROR] Failed to load resource: net::ERR_CONNECTION_REFUSED @ http://localhost:3100/:0
[ 6011463ms] [ERROR] Failed to load resource: net::ERR_CONNECTION_REFUSED @ http://localhost:3100/:0
[ 6012466ms] [ERROR] Failed to load resource: net::ERR_CONNECTION_REFUSED @ http://localhost:3100/:0
[ 6013471ms] [ERROR] Failed to load resource: net::ERR_CONNECTION_REFUSED @ http://localhost:3100/:0
[ 6014474ms] [ERROR] Failed to load resource: net::ERR_CONNECTION_REFUSED @ http://localhost:3100/:0
[ 6015478ms] [ERROR] Failed to load resource: net::ERR_CONNECTION_REFUSED @ http://localhost:3100/:0
[ 6016482ms] [ERROR] Failed to load resource: net::ERR_CONNECTION_REFUSED @ http://localhost:3100/:0
[ 6017489ms] [ERROR] Failed to load resource: net::ERR_CONNECTION_REFUSED @ http://localhost:3100/:0
[ 6018494ms] [ERROR] Failed to load resource: net::ERR_CONNECTION_REFUSED @ http://localhost:3100/:0
[ 6019504ms] [ERROR] Failed to load resource: net::ERR_CONNECTION_REFUSED @ http://localhost:3100/:0
[ 6020510ms] [ERROR] Failed to load resource: net::ERR_CONNECTION_REFUSED @ http://localhost:3100/:0
[ 6021514ms] [ERROR] Failed to load resource: net::ERR_CONNECTION_REFUSED @ http://localhost:3100/:0
[ 6022522ms] [ERROR] Failed to load resource: net::ERR_CONNECTION_REFUSED @ http://localhost:3100/:0
[ 6023526ms] [ERROR] Failed to load resource: net::ERR_CONNECTION_REFUSED @ http://localhost:3100/:0
[ 6024531ms] [ERROR] Failed to load resource: net::ERR_CONNECTION_REFUSED @ http://localhost:3100/:0
[ 6025535ms] [ERROR] Failed to load resource: net::ERR_CONNECTION_REFUSED @ http://localhost:3100/:0
[ 6026541ms] [ERROR] Failed to load resource: net::ERR_CONNECTION_REFUSED @ http://localhost:3100/:0
[ 6027584ms] [ERROR] Failed to load resource: net::ERR_CONNECTION_REFUSED @ http://localhost:3100/:0
[ 6028587ms] [ERROR] Failed to load resource: net::ERR_CONNECTION_REFUSED @ http://localhost:3100/:0
[ 6029613ms] [ERROR] Failed to load resource: net::ERR_CONNECTION_REFUSED @ http://localhost:3100/:0
[ 6030617ms] [ERROR] Failed to load resource: net::ERR_CONNECTION_REFUSED @ http://localhost:3100/:0
[ 6031622ms] [ERROR] Failed to load resource: net::ERR_CONNECTION_REFUSED @ http://localhost:3100/:0
[ 6032626ms] [ERROR] Failed to load resource: net::ERR_CONNECTION_REFUSED @ http://localhost:3100/:0
[ 6033632ms] [ERROR] Failed to load resource: net::ERR_CONNECTION_REFUSED @ http://localhost:3100/:0
[ 6034637ms] [ERROR] Failed to load resource: net::ERR_CONNECTION_REFUSED @ http://localhost:3100/:0
[ 6035643ms] [ERROR] Failed to load resource: net::ERR_CONNECTION_REFUSED @ http://localhost:3100/:0
[ 6036649ms] [ERROR] Failed to load resource: net::ERR_CONNECTION_REFUSED @ http://localhost:3100/:0
[ 6037654ms] [ERROR] Failed to load resource: net::ERR_CONNECTION_REFUSED @ http://localhost:3100/:0
[ 6038657ms] [ERROR] Failed to load resource: net::ERR_CONNECTION_REFUSED @ http://localhost:3100/:0
[ 6039662ms] [ERROR] Failed to load resource: net::ERR_CONNECTION_REFUSED @ http://localhost:3100/:0
[ 6040665ms] [ERROR] Failed to load resource: net::ERR_CONNECTION_REFUSED @ http://localhost:3100/:0
[ 6041667ms] [ERROR] Failed to load resource: net::ERR_CONNECTION_REFUSED @ http://localhost:3100/:0
[ 6042672ms] [ERROR] Failed to load resource: net::ERR_CONNECTION_REFUSED @ http://localhost:3100/:0
[ 6043681ms] [ERROR] Failed to load resource: net::ERR_CONNECTION_REFUSED @ http://localhost:3100/:0
[ 6044685ms] [ERROR] Failed to load resource: net::ERR_CONNECTION_REFUSED @ http://localhost:3100/:0
[ 6045688ms] [ERROR] Failed to load resource: net::ERR_CONNECTION_REFUSED @ http://localhost:3100/:0
[ 6046692ms] [ERROR] Failed to load resource: net::ERR_CONNECTION_REFUSED @ http://localhost:3100/:0
[ 6047695ms] [ERROR] Failed to load resource: net::ERR_CONNECTION_REFUSED @ http://localhost:3100/:0
[ 6048699ms] [ERROR] Failed to load resource: net::ERR_CONNECTION_REFUSED @ http://localhost:3100/:0
[ 6049702ms] [ERROR] Failed to load resource: net::ERR_CONNECTION_REFUSED @ http://localhost:3100/:0
[ 6050706ms] [ERROR] Failed to load resource: net::ERR_CONNECTION_REFUSED @ http://localhost:3100/:0
[ 6051712ms] [ERROR] Failed to load resource: net::ERR_CONNECTION_REFUSED @ http://localhost:3100/:0
[ 6052719ms] [ERROR] Failed to load resource: net::ERR_CONNECTION_REFUSED @ http://localhost:3100/:0
[ 6053722ms] [ERROR] Failed to load resource: net::ERR_CONNECTION_REFUSED @ http://localhost:3100/:0
[ 6054725ms] [ERROR] Failed to load resource: net::ERR_CONNECTION_REFUSED @ http://localhost:3100/:0
[ 6055729ms] [ERROR] Failed to load resource: net::ERR_CONNECTION_REFUSED @ http://localhost:3100/:0
[ 6056733ms] [ERROR] Failed to load resource: net::ERR_CONNECTION_REFUSED @ http://localhost:3100/:0
[ 6057737ms] [ERROR] Failed to load resource: net::ERR_CONNECTION_REFUSED @ http://localhost:3100/:0
[ 6058741ms] [ERROR] Failed to load resource: net::ERR_CONNECTION_REFUSED @ http://localhost:3100/:0
[ 6059745ms] [ERROR] Failed to load resource: net::ERR_CONNECTION_REFUSED @ http://localhost:3100/:0
[ 6060751ms] [ERROR] Failed to load resource: net::ERR_CONNECTION_REFUSED @ http://localhost:3100/:0
[ 6061756ms] [ERROR] Failed to load resource: net::ERR_CONNECTION_REFUSED @ http://localhost:3100/:0
[ 6062761ms] [ERROR] Failed to load resource: net::ERR_CONNECTION_REFUSED @ http://localhost:3100/:0
[ 6063769ms] [ERROR] Failed to load resource: net::ERR_CONNECTION_REFUSED @ http://localhost:3100/:0
[ 6064775ms] [ERROR] Failed to load resource: net::ERR_CONNECTION_REFUSED @ http://localhost:3100/:0
[ 6065783ms] [ERROR] Failed to load resource: net::ERR_CONNECTION_REFUSED @ http://localhost:3100/:0
[ 6066788ms] [ERROR] Failed to load resource: net::ERR_CONNECTION_REFUSED @ http://localhost:3100/:0
[ 6067793ms] [ERROR] Failed to load resource: net::ERR_CONNECTION_REFUSED @ http://localhost:3100/:0
[ 6068796ms] [ERROR] Failed to load resource: net::ERR_CONNECTION_REFUSED @ http://localhost:3100/:0
[ 6069805ms] [ERROR] Failed to load resource: net::ERR_CONNECTION_REFUSED @ http://localhost:3100/:0
[ 6070812ms] [ERROR] Failed to load resource: net::ERR_CONNECTION_REFUSED @ http://localhost:3100/:0
[ 6071815ms] [ERROR] Failed to load resource: net::ERR_CONNECTION_REFUSED @ http://localhost:3100/:0
[ 6072822ms] [ERROR] Failed to load resource: net::ERR_CONNECTION_REFUSED @ http://localhost:3100/:0
[ 6073829ms] [ERROR] Failed to load resource: net::ERR_CONNECTION_REFUSED @ http://localhost:3100/:0
[ 6074838ms] [ERROR] Failed to load resource: net::ERR_CONNECTION_REFUSED @ http://localhost:3100/:0
[ 6075842ms] [ERROR] Failed to load resource: net::ERR_CONNECTION_REFUSED @ http://localhost:3100/:0
[ 6076846ms] [ERROR] Failed to load resource: net::ERR_CONNECTION_REFUSED @ http://localhost:3100/:0
[ 6077851ms] [ERROR] Failed to load resource: net::ERR_CONNECTION_REFUSED @ http://localhost:3100/:0
[ 6078857ms] [ERROR] Failed to load resource: net::ERR_CONNECTION_REFUSED @ http://localhost:3100/:0
[ 6079862ms] [ERROR] Failed to load resource: net::ERR_CONNECTION_REFUSED @ http://localhost:3100/:0
[ 6080868ms] [ERROR] Failed to load resource: net::ERR_CONNECTION_REFUSED @ http://localhost:3100/:0
[ 6081873ms] [ERROR] Failed to load resource: net::ERR_CONNECTION_REFUSED @ http://localhost:3100/:0
[ 6082875ms] [ERROR] Failed to load resource: net::ERR_CONNECTION_REFUSED @ http://localhost:3100/:0
[ 6083882ms] [ERROR] Failed to load resource: net::ERR_CONNECTION_REFUSED @ http://localhost:3100/:0
[ 6084889ms] [ERROR] Failed to load resource: net::ERR_CONNECTION_REFUSED @ http://localhost:3100/:0
[ 6085892ms] [ERROR] Failed to load resource: net::ERR_CONNECTION_REFUSED @ http://localhost:3100/:0
[ 6086896ms] [ERROR] Failed to load resource: net::ERR_CONNECTION_REFUSED @ http://localhost:3100/:0
[ 6087900ms] [ERROR] Failed to load resource: net::ERR_CONNECTION_REFUSED @ http://localhost:3100/:0
[ 6088904ms] [ERROR] Failed to load resource: net::ERR_CONNECTION_REFUSED @ http://localhost:3100/:0
[ 6089911ms] [ERROR] Failed to load resource: net::ERR_CONNECTION_REFUSED @ http://localhost:3100/:0
[ 6090916ms] [ERROR] Failed to load resource: net::ERR_CONNECTION_REFUSED @ http://localhost:3100/:0
[ 6091920ms] [ERROR] Failed to load resource: net::ERR_CONNECTION_REFUSED @ http://localhost:3100/:0
[ 6092923ms] [ERROR] Failed to load resource: net::ERR_CONNECTION_REFUSED @ http://localhost:3100/:0
[ 6093930ms] [ERROR] Failed to load resource: net::ERR_CONNECTION_REFUSED @ http://localhost:3100/:0
[ 6094934ms] [ERROR] Failed to load resource: net::ERR_CONNECTION_REFUSED @ http://localhost:3100/:0
[ 6095940ms] [ERROR] Failed to load resource: net::ERR_CONNECTION_REFUSED @ http://localhost:3100/:0
[ 6096944ms] [ERROR] Failed to load resource: net::ERR_CONNECTION_REFUSED @ http://localhost:3100/:0
[ 6097946ms] [ERROR] Failed to load resource: net::ERR_CONNECTION_REFUSED @ http://localhost:3100/:0
[ 6098951ms] [ERROR] Failed to load resource: net::ERR_CONNECTION_REFUSED @ http://localhost:3100/:0
[ 6099955ms] [ERROR] Failed to load resource: net::ERR_CONNECTION_REFUSED @ http://localhost:3100/:0
[ 6100959ms] [ERROR] Failed to load resource: net::ERR_CONNECTION_REFUSED @ http://localhost:3100/:0
[ 6101961ms] [ERROR] Failed to load resource: net::ERR_CONNECTION_REFUSED @ http://localhost:3100/:0
[ 6102965ms] [ERROR] Failed to load resource: net::ERR_CONNECTION_REFUSED @ http://localhost:3100/:0
[ 6103969ms] [ERROR] Failed to load resource: net::ERR_CONNECTION_REFUSED @ http://localhost:3100/:0
[ 6104974ms] [ERROR] Failed to load resource: net::ERR_CONNECTION_REFUSED @ http://localhost:3100/:0
[ 6105979ms] [ERROR] Failed to load resource: net::ERR_CONNECTION_REFUSED @ http://localhost:3100/:0
[ 6106981ms] [ERROR] Failed to load resource: net::ERR_CONNECTION_REFUSED @ http://localhost:3100/:0
[ 6107983ms] [ERROR] Failed to load resource: net::ERR_CONNECTION_REFUSED @ http://localhost:3100/:0
[ 6108989ms] [ERROR] Failed to load resource: net::ERR_CONNECTION_REFUSED @ http://localhost:3100/:0
[ 6109996ms] [ERROR] Failed to load resource: net::ERR_CONNECTION_REFUSED @ http://localhost:3100/:0
[ 6111001ms] [ERROR] Failed to load resource: net::ERR_CONNECTION_REFUSED @ http://localhost:3100/:0
[ 6112008ms] [ERROR] Failed to load resource: net::ERR_CONNECTION_REFUSED @ http://localhost:3100/:0
[ 6113011ms] [ERROR] Failed to load resource: net::ERR_CONNECTION_REFUSED @ http://localhost:3100/:0
[ 6114017ms] [ERROR] Failed to load resource: net::ERR_CONNECTION_REFUSED @ http://localhost:3100/:0
[ 6115019ms] [ERROR] Failed to load resource: net::ERR_CONNECTION_REFUSED @ http://localhost:3100/:0
[ 6116023ms] [ERROR] Failed to load resource: net::ERR_CONNECTION_REFUSED @ http://localhost:3100/:0
[ 6117026ms] [ERROR] Failed to load resource: net::ERR_CONNECTION_REFUSED @ http://localhost:3100/:0
[ 6118030ms] [ERROR] Failed to load resource: net::ERR_CONNECTION_REFUSED @ http://localhost:3100/:0
[ 6119034ms] [ERROR] Failed to load resource: net::ERR_CONNECTION_REFUSED @ http://localhost:3100/:0
[ 6120038ms] [ERROR] Failed to load resource: net::ERR_CONNECTION_REFUSED @ http://localhost:3100/:0
[ 6121042ms] [ERROR] Failed to load resource: net::ERR_CONNECTION_REFUSED @ http://localhost:3100/:0
[ 6122044ms] [ERROR] Failed to load resource: net::ERR_CONNECTION_REFUSED @ http://localhost:3100/:0
[ 6123047ms] [ERROR] Failed to load resource: net::ERR_CONNECTION_REFUSED @ http://localhost:3100/:0
[ 6124051ms] [ERROR] Failed to load resource: net::ERR_CONNECTION_REFUSED @ http://localhost:3100/:0
[ 6125054ms] [ERROR] Failed to load resource: net::ERR_CONNECTION_REFUSED @ http://localhost:3100/:0
[ 6126056ms] [ERROR] Failed to load resource: net::ERR_CONNECTION_REFUSED @ http://localhost:3100/:0
[ 6127059ms] [ERROR] Failed to load resource: net::ERR_CONNECTION_REFUSED @ http://localhost:3100/:0
[ 6128063ms] [ERROR] Failed to load resource: net::ERR_CONNECTION_REFUSED @ http://localhost:3100/:0
[ 6129066ms] [ERROR] Failed to load resource: net::ERR_CONNECTION_REFUSED @ http://localhost:3100/:0
[ 6130072ms] [ERROR] Failed to load resource: net::ERR_CONNECTION_REFUSED @ http://localhost:3100/:0
[ 6131077ms] [ERROR] Failed to load resource: net::ERR_CONNECTION_REFUSED @ http://localhost:3100/:0
[ 6132080ms] [ERROR] Failed to load resource: net::ERR_CONNECTION_REFUSED @ http://localhost:3100/:0
[ 6133084ms] [ERROR] Failed to load resource: net::ERR_CONNECTION_REFUSED @ http://localhost:3100/:0
[ 6134090ms] [ERROR] Failed to load resource: net::ERR_CONNECTION_REFUSED @ http://localhost:3100/:0
[ 6135094ms] [ERROR] Failed to load resource: net::ERR_CONNECTION_REFUSED @ http://localhost:3100/:0
[ 6136098ms] [ERROR] Failed to load resource: net::ERR_CONNECTION_REFUSED @ http://localhost:3100/:0
[ 6137103ms] [ERROR] Failed to load resource: net::ERR_CONNECTION_REFUSED @ http://localhost:3100/:0
[ 6138109ms] [ERROR] Failed to load resource: net::ERR_CONNECTION_REFUSED @ http://localhost:3100/:0
[ 6139112ms] [ERROR] Failed to load resource: net::ERR_CONNECTION_REFUSED @ http://localhost:3100/:0
[ 6140115ms] [ERROR] Failed to load resource: net::ERR_CONNECTION_REFUSED @ http://localhost:3100/:0
[ 6141123ms] [ERROR] Failed to load resource: net::ERR_CONNECTION_REFUSED @ http://localhost:3100/:0
[ 6142127ms] [ERROR] Failed to load resource: net::ERR_CONNECTION_REFUSED @ http://localhost:3100/:0
[ 6143131ms] [ERROR] Failed to load resource: net::ERR_CONNECTION_REFUSED @ http://localhost:3100/:0
[ 6144134ms] [ERROR] Failed to load resource: net::ERR_CONNECTION_REFUSED @ http://localhost:3100/:0
[ 6145138ms] [ERROR] Failed to load resource: net::ERR_CONNECTION_REFUSED @ http://localhost:3100/:0
[ 6146143ms] [ERROR] Failed to load resource: net::ERR_CONNECTION_REFUSED @ http://localhost:3100/:0
[ 6147146ms] [ERROR] Failed to load resource: net::ERR_CONNECTION_REFUSED @ http://localhost:3100/:0
[ 6148154ms] [ERROR] Failed to load resource: net::ERR_CONNECTION_REFUSED @ http://localhost:3100/:0
[ 6149159ms] [ERROR] Failed to load resource: net::ERR_CONNECTION_REFUSED @ http://localhost:3100/:0
[ 6150166ms] [ERROR] Failed to load resource: net::ERR_CONNECTION_REFUSED @ http://localhost:3100/:0
[ 6151168ms] [ERROR] Failed to load resource: net::ERR_CONNECTION_REFUSED @ http://localhost:3100/:0
[ 6152176ms] [ERROR] Failed to load resource: net::ERR_CONNECTION_REFUSED @ http://localhost:3100/:0
[ 6153181ms] [ERROR] Failed to load resource: net::ERR_CONNECTION_REFUSED @ http://localhost:3100/:0
[ 6154187ms] [ERROR] Failed to load resource: net::ERR_CONNECTION_REFUSED @ http://localhost:3100/:0
[ 6155190ms] [ERROR] Failed to load resource: net::ERR_CONNECTION_REFUSED @ http://localhost:3100/:0
[ 6156195ms] [ERROR] Failed to load resource: net::ERR_CONNECTION_REFUSED @ http://localhost:3100/:0
[ 6157197ms] [ERROR] Failed to load resource: net::ERR_CONNECTION_REFUSED @ http://localhost:3100/:0
[ 6158202ms] [ERROR] Failed to load resource: net::ERR_CONNECTION_REFUSED @ http://localhost:3100/:0
[ 6159208ms] [ERROR] Failed to load resource: net::ERR_CONNECTION_REFUSED @ http://localhost:3100/:0
[ 6160213ms] [ERROR] Failed to load resource: net::ERR_CONNECTION_REFUSED @ http://localhost:3100/:0
[ 6161216ms] [ERROR] Failed to load resource: net::ERR_CONNECTION_REFUSED @ http://localhost:3100/:0
[ 6162220ms] [ERROR] Failed to load resource: net::ERR_CONNECTION_REFUSED @ http://localhost:3100/:0
[ 6163226ms] [ERROR] Failed to load resource: net::ERR_CONNECTION_REFUSED @ http://localhost:3100/:0
[ 6164237ms] [ERROR] Failed to load resource: net::ERR_CONNECTION_REFUSED @ http://localhost:3100/:0
[ 6165239ms] [ERROR] Failed to load resource: net::ERR_CONNECTION_REFUSED @ http://localhost:3100/:0
[ 6166244ms] [ERROR] Failed to load resource: net::ERR_CONNECTION_REFUSED @ http://localhost:3100/:0
[ 6167247ms] [ERROR] Failed to load resource: net::ERR_CONNECTION_REFUSED @ http://localhost:3100/:0
[ 6168251ms] [ERROR] Failed to load resource: net::ERR_CONNECTION_REFUSED @ http://localhost:3100/:0
[ 6169254ms] [ERROR] Failed to load resource: net::ERR_CONNECTION_REFUSED @ http://localhost:3100/:0
[ 6170259ms] [ERROR] Failed to load resource: net::ERR_CONNECTION_REFUSED @ http://localhost:3100/:0
[ 6171263ms] [ERROR] Failed to load resource: net::ERR_CONNECTION_REFUSED @ http://localhost:3100/:0
[ 6172267ms] [ERROR] Failed to load resource: net::ERR_CONNECTION_REFUSED @ http://localhost:3100/:0
[ 6173270ms] [ERROR] Failed to load resource: net::ERR_CONNECTION_REFUSED @ http://localhost:3100/:0
[ 6174273ms] [ERROR] Failed to load resource: net::ERR_CONNECTION_REFUSED @ http://localhost:3100/:0
[ 6175277ms] [ERROR] Failed to load resource: net::ERR_CONNECTION_REFUSED @ http://localhost:3100/:0
[ 6176282ms] [ERROR] Failed to load resource: net::ERR_CONNECTION_REFUSED @ http://localhost:3100/:0
[ 6177286ms] [ERROR] Failed to load resource: net::ERR_CONNECTION_REFUSED @ http://localhost:3100/:0
[ 6178289ms] [ERROR] Failed to load resource: net::ERR_CONNECTION_REFUSED @ http://localhost:3100/:0
[ 6179292ms] [ERROR] Failed to load resource: net::ERR_CONNECTION_REFUSED @ http://localhost:3100/:0
[ 6180294ms] [ERROR] Failed to load resource: net::ERR_CONNECTION_REFUSED @ http://localhost:3100/:0
[ 6181300ms] [ERROR] Failed to load resource: net::ERR_CONNECTION_REFUSED @ http://localhost:3100/:0
[ 6182303ms] [ERROR] Failed to load resource: net::ERR_CONNECTION_REFUSED @ http://localhost:3100/:0
[ 6183306ms] [ERROR] Failed to load resource: net::ERR_CONNECTION_REFUSED @ http://localhost:3100/:0
[ 6184310ms] [ERROR] Failed to load resource: net::ERR_CONNECTION_REFUSED @ http://localhost:3100/:0
[ 6185315ms] [ERROR] Failed to load resource: net::ERR_CONNECTION_REFUSED @ http://localhost:3100/:0
[ 6186320ms] [ERROR] Failed to load resource: net::ERR_CONNECTION_REFUSED @ http://localhost:3100/:0
[ 6187324ms] [ERROR] Failed to load resource: net::ERR_CONNECTION_REFUSED @ http://localhost:3100/:0
[ 6188328ms] [ERROR] Failed to load resource: net::ERR_CONNECTION_REFUSED @ http://localhost:3100/:0
[ 6189331ms] [ERROR] Failed to load resource: net::ERR_CONNECTION_REFUSED @ http://localhost:3100/:0
[ 6190337ms] [ERROR] Failed to load resource: net::ERR_CONNECTION_REFUSED @ http://localhost:3100/:0
[ 6191340ms] [ERROR] Failed to load resource: net::ERR_CONNECTION_REFUSED @ http://localhost:3100/:0
[ 6192343ms] [ERROR] Failed to load resource: net::ERR_CONNECTION_REFUSED @ http://localhost:3100/:0
[ 6193348ms] [ERROR] Failed to load resource: net::ERR_CONNECTION_REFUSED @ http://localhost:3100/:0
[ 6194353ms] [ERROR] Failed to load resource: net::ERR_CONNECTION_REFUSED @ http://localhost:3100/:0
[ 6195359ms] [ERROR] Failed to load resource: net::ERR_CONNECTION_REFUSED @ http://localhost:3100/:0
[ 6196368ms] [ERROR] Failed to load resource: net::ERR_CONNECTION_REFUSED @ http://localhost:3100/:0
[ 6197372ms] [ERROR] Failed to load resource: net::ERR_CONNECTION_REFUSED @ http://localhost:3100/:0
[ 6198376ms] [ERROR] Failed to load resource: net::ERR_CONNECTION_REFUSED @ http://localhost:3100/:0
[ 6199378ms] [ERROR] Failed to load resource: net::ERR_CONNECTION_REFUSED @ http://localhost:3100/:0
[ 6200387ms] [ERROR] Failed to load resource: net::ERR_CONNECTION_REFUSED @ http://localhost:3100/:0
[ 6201393ms] [ERROR] Failed to load resource: net::ERR_CONNECTION_REFUSED @ http://localhost:3100/:0
[ 6202395ms] [ERROR] Failed to load resource: net::ERR_CONNECTION_REFUSED @ http://localhost:3100/:0
[ 6203400ms] [ERROR] Failed to load resource: net::ERR_CONNECTION_REFUSED @ http://localhost:3100/:0
[ 6204404ms] [ERROR] Failed to load resource: net::ERR_CONNECTION_REFUSED @ http://localhost:3100/:0
[ 6205410ms] [ERROR] Failed to load resource: net::ERR_CONNECTION_REFUSED @ http://localhost:3100/:0
[ 6206413ms] [ERROR] Failed to load resource: net::ERR_CONNECTION_REFUSED @ http://localhost:3100/:0
[ 6207416ms] [ERROR] Failed to load resource: net::ERR_CONNECTION_REFUSED @ http://localhost:3100/:0
[ 6208421ms] [ERROR] Failed to load resource: net::ERR_CONNECTION_REFUSED @ http://localhost:3100/:0
[ 6209426ms] [ERROR] Failed to load resource: net::ERR_CONNECTION_REFUSED @ http://localhost:3100/:0
[ 6210429ms] [ERROR] Failed to load resource: net::ERR_CONNECTION_REFUSED @ http://localhost:3100/:0
[ 6211434ms] [ERROR] Failed to load resource: net::ERR_CONNECTION_REFUSED @ http://localhost:3100/:0
[ 6212436ms] [ERROR] Failed to load resource: net::ERR_CONNECTION_REFUSED @ http://localhost:3100/:0
[ 6213441ms] [ERROR] Failed to load resource: net::ERR_CONNECTION_REFUSED @ http://localhost:3100/:0
[ 6214446ms] [ERROR] Failed to load resource: net::ERR_CONNECTION_REFUSED @ http://localhost:3100/:0
[ 6215449ms] [ERROR] Failed to load resource: net::ERR_CONNECTION_REFUSED @ http://localhost:3100/:0
[ 6216455ms] [ERROR] Failed to load resource: net::ERR_CONNECTION_REFUSED @ http://localhost:3100/:0
[ 6217458ms] [ERROR] Failed to load resource: net::ERR_CONNECTION_REFUSED @ http://localhost:3100/:0
[ 6218466ms] [ERROR] Failed to load resource: net::ERR_CONNECTION_REFUSED @ http://localhost:3100/:0
[ 6219472ms] [ERROR] Failed to load resource: net::ERR_CONNECTION_REFUSED @ http://localhost:3100/:0
[ 6220475ms] [ERROR] Failed to load resource: net::ERR_CONNECTION_REFUSED @ http://localhost:3100/:0
[ 6221480ms] [ERROR] Failed to load resource: net::ERR_CONNECTION_REFUSED @ http://localhost:3100/:0
[ 6222484ms] [ERROR] Failed to load resource: net::ERR_CONNECTION_REFUSED @ http://localhost:3100/:0
[ 6223491ms] [ERROR] Failed to load resource: net::ERR_CONNECTION_REFUSED @ http://localhost:3100/:0
[ 6224496ms] [ERROR] Failed to load resource: net::ERR_CONNECTION_REFUSED @ http://localhost:3100/:0
[ 6225501ms] [ERROR] Failed to load resource: net::ERR_CONNECTION_REFUSED @ http://localhost:3100/:0
[ 6226507ms] [ERROR] Failed to load resource: net::ERR_CONNECTION_REFUSED @ http://localhost:3100/:0
[ 6227515ms] [ERROR] Failed to load resource: net::ERR_CONNECTION_REFUSED @ http://localhost:3100/:0
[ 6228520ms] [ERROR] Failed to load resource: net::ERR_CONNECTION_REFUSED @ http://localhost:3100/:0
[ 6229524ms] [ERROR] Failed to load resource: net::ERR_CONNECTION_REFUSED @ http://localhost:3100/:0
[ 6230526ms] [ERROR] Failed to load resource: net::ERR_CONNECTION_REFUSED @ http://localhost:3100/:0
[ 6231530ms] [ERROR] Failed to load resource: net::ERR_CONNECTION_REFUSED @ http://localhost:3100/:0
[ 6232534ms] [ERROR] Failed to load resource: net::ERR_CONNECTION_REFUSED @ http://localhost:3100/:0
[ 6233537ms] [ERROR] Failed to load resource: net::ERR_CONNECTION_REFUSED @ http://localhost:3100/:0
[ 6234542ms] [ERROR] Failed to load resource: net::ERR_CONNECTION_REFUSED @ http://localhost:3100/:0
[ 6235547ms] [ERROR] Failed to load resource: net::ERR_CONNECTION_REFUSED @ http://localhost:3100/:0
[ 6236552ms] [ERROR] Failed to load resource: net::ERR_CONNECTION_REFUSED @ http://localhost:3100/:0
[ 6237555ms] [ERROR] Failed to load resource: net::ERR_CONNECTION_REFUSED @ http://localhost:3100/:0
[ 6238560ms] [ERROR] Failed to load resource: net::ERR_CONNECTION_REFUSED @ http://localhost:3100/:0
[ 6239564ms] [ERROR] Failed to load resource: net::ERR_CONNECTION_REFUSED @ http://localhost:3100/:0
[ 6240568ms] [ERROR] Failed to load resource: net::ERR_CONNECTION_REFUSED @ http://localhost:3100/:0
[ 6241571ms] [ERROR] Failed to load resource: net::ERR_CONNECTION_REFUSED @ http://localhost:3100/:0
[ 6242577ms] [ERROR] Failed to load resource: net::ERR_CONNECTION_REFUSED @ http://localhost:3100/:0
[ 6243584ms] [ERROR] Failed to load resource: net::ERR_CONNECTION_REFUSED @ http://localhost:3100/:0
[ 6244588ms] [ERROR] Failed to load resource: net::ERR_CONNECTION_REFUSED @ http://localhost:3100/:0
[ 6245590ms] [ERROR] Failed to load resource: net::ERR_CONNECTION_REFUSED @ http://localhost:3100/:0
[ 6246593ms] [ERROR] Failed to load resource: net::ERR_CONNECTION_REFUSED @ http://localhost:3100/:0
[ 6247597ms] [ERROR] Failed to load resource: net::ERR_CONNECTION_REFUSED @ http://localhost:3100/:0
[ 6248601ms] [ERROR] Failed to load resource: net::ERR_CONNECTION_REFUSED @ http://localhost:3100/:0
[ 6249605ms] [ERROR] Failed to load resource: net::ERR_CONNECTION_REFUSED @ http://localhost:3100/:0
[ 6250609ms] [ERROR] Failed to load resource: net::ERR_CONNECTION_REFUSED @ http://localhost:3100/:0
[ 6251613ms] [ERROR] Failed to load resource: net::ERR_CONNECTION_REFUSED @ http://localhost:3100/:0
[ 6252615ms] [ERROR] Failed to load resource: net::ERR_CONNECTION_REFUSED @ http://localhost:3100/:0
[ 6253618ms] [ERROR] Failed to load resource: net::ERR_CONNECTION_REFUSED @ http://localhost:3100/:0
[ 6254621ms] [ERROR] Failed to load resource: net::ERR_CONNECTION_REFUSED @ http://localhost:3100/:0
[ 6255626ms] [ERROR] Failed to load resource: net::ERR_CONNECTION_REFUSED @ http://localhost:3100/:0
[ 6256630ms] [ERROR] Failed to load resource: net::ERR_CONNECTION_REFUSED @ http://localhost:3100/:0
[ 6257634ms] [ERROR] Failed to load resource: net::ERR_CONNECTION_REFUSED @ http://localhost:3100/:0
[ 6258638ms] [ERROR] Failed to load resource: net::ERR_CONNECTION_REFUSED @ http://localhost:3100/:0
[ 6259645ms] [ERROR] Failed to load resource: net::ERR_CONNECTION_REFUSED @ http://localhost:3100/:0
[ 6260651ms] [ERROR] Failed to load resource: net::ERR_CONNECTION_REFUSED @ http://localhost:3100/:0
[ 6261656ms] [ERROR] Failed to load resource: net::ERR_CONNECTION_REFUSED @ http://localhost:3100/:0
[ 6262664ms] [ERROR] Failed to load resource: net::ERR_CONNECTION_REFUSED @ http://localhost:3100/:0
[ 6263672ms] [ERROR] Failed to load resource: net::ERR_CONNECTION_REFUSED @ http://localhost:3100/:0
[ 6264678ms] [ERROR] Failed to load resource: net::ERR_CONNECTION_REFUSED @ http://localhost:3100/:0
[ 6265683ms] [ERROR] Failed to load resource: net::ERR_CONNECTION_REFUSED @ http://localhost:3100/:0
[ 6266688ms] [ERROR] Failed to load resource: net::ERR_CONNECTION_REFUSED @ http://localhost:3100/:0
[ 6267691ms] [ERROR] Failed to load resource: net::ERR_CONNECTION_REFUSED @ http://localhost:3100/:0
[ 6268693ms] [ERROR] Failed to load resource: net::ERR_CONNECTION_REFUSED @ http://localhost:3100/:0
[ 6269699ms] [ERROR] Failed to load resource: net::ERR_CONNECTION_REFUSED @ http://localhost:3100/:0
[ 6270704ms] [ERROR] Failed to load resource: net::ERR_CONNECTION_REFUSED @ http://localhost:3100/:0
[ 6271712ms] [ERROR] Failed to load resource: net::ERR_CONNECTION_REFUSED @ http://localhost:3100/:0
[ 6272714ms] [ERROR] Failed to load resource: net::ERR_CONNECTION_REFUSED @ http://localhost:3100/:0
[ 6273716ms] [ERROR] Failed to load resource: net::ERR_CONNECTION_REFUSED @ http://localhost:3100/:0
[ 6274720ms] [ERROR] Failed to load resource: net::ERR_CONNECTION_REFUSED @ http://localhost:3100/:0
[ 6275724ms] [ERROR] Failed to load resource: net::ERR_CONNECTION_REFUSED @ http://localhost:3100/:0
[ 6276726ms] [ERROR] Failed to load resource: net::ERR_CONNECTION_REFUSED @ http://localhost:3100/:0
[ 6277731ms] [ERROR] Failed to load resource: net::ERR_CONNECTION_REFUSED @ http://localhost:3100/:0
[ 6278736ms] [ERROR] Failed to load resource: net::ERR_CONNECTION_REFUSED @ http://localhost:3100/:0
[ 6279741ms] [ERROR] Failed to load resource: net::ERR_CONNECTION_REFUSED @ http://localhost:3100/:0
[ 6280747ms] [ERROR] Failed to load resource: net::ERR_CONNECTION_REFUSED @ http://localhost:3100/:0
[ 6281753ms] [ERROR] Failed to load resource: net::ERR_CONNECTION_REFUSED @ http://localhost:3100/:0
[ 6282757ms] [ERROR] Failed to load resource: net::ERR_CONNECTION_REFUSED @ http://localhost:3100/:0
[ 6283763ms] [ERROR] Failed to load resource: net::ERR_CONNECTION_REFUSED @ http://localhost:3100/:0
[ 6284769ms] [ERROR] Failed to load resource: net::ERR_CONNECTION_REFUSED @ http://localhost:3100/:0
[ 6285772ms] [ERROR] Failed to load resource: net::ERR_CONNECTION_REFUSED @ http://localhost:3100/:0
[ 6286777ms] [ERROR] Failed to load resource: net::ERR_CONNECTION_REFUSED @ http://localhost:3100/:0
[ 6287783ms] [ERROR] Failed to load resource: net::ERR_CONNECTION_REFUSED @ http://localhost:3100/:0
[ 6288787ms] [ERROR] Failed to load resource: net::ERR_CONNECTION_REFUSED @ http://localhost:3100/:0
[ 6289789ms] [ERROR] Failed to load resource: net::ERR_CONNECTION_REFUSED @ http://localhost:3100/:0
[ 6290792ms] [ERROR] Failed to load resource: net::ERR_CONNECTION_REFUSED @ http://localhost:3100/:0
[ 6291798ms] [ERROR] Failed to load resource: net::ERR_CONNECTION_REFUSED @ http://localhost:3100/:0
[ 6292802ms] [ERROR] Failed to load resource: net::ERR_CONNECTION_REFUSED @ http://localhost:3100/:0
[ 6293806ms] [ERROR] Failed to load resource: net::ERR_CONNECTION_REFUSED @ http://localhost:3100/:0
[ 6294812ms] [ERROR] Failed to load resource: net::ERR_CONNECTION_REFUSED @ http://localhost:3100/:0
[ 6295818ms] [ERROR] Failed to load resource: net::ERR_CONNECTION_REFUSED @ http://localhost:3100/:0
[ 6296821ms] [ERROR] Failed to load resource: net::ERR_CONNECTION_REFUSED @ http://localhost:3100/:0
[ 6297824ms] [ERROR] Failed to load resource: net::ERR_CONNECTION_REFUSED @ http://localhost:3100/:0
[ 6298829ms] [ERROR] Failed to load resource: net::ERR_CONNECTION_REFUSED @ http://localhost:3100/:0
[ 6299833ms] [ERROR] Failed to load resource: net::ERR_CONNECTION_REFUSED @ http://localhost:3100/:0
[ 6300835ms] [ERROR] Failed to load resource: net::ERR_CONNECTION_REFUSED @ http://localhost:3100/:0
[ 6301842ms] [ERROR] Failed to load resource: net::ERR_CONNECTION_REFUSED @ http://localhost:3100/:0
[ 6302847ms] [ERROR] Failed to load resource: net::ERR_CONNECTION_REFUSED @ http://localhost:3100/:0
[ 6303851ms] [ERROR] Failed to load resource: net::ERR_CONNECTION_REFUSED @ http://localhost:3100/:0
[ 6304856ms] [ERROR] Failed to load resource: net::ERR_CONNECTION_REFUSED @ http://localhost:3100/:0
[ 6305860ms] [ERROR] Failed to load resource: net::ERR_CONNECTION_REFUSED @ http://localhost:3100/:0
[ 6306864ms] [ERROR] Failed to load resource: net::ERR_CONNECTION_REFUSED @ http://localhost:3100/:0
[ 6307868ms] [ERROR] Failed to load resource: net::ERR_CONNECTION_REFUSED @ http://localhost:3100/:0
[ 6308873ms] [ERROR] Failed to load resource: net::ERR_CONNECTION_REFUSED @ http://localhost:3100/:0
[ 6309877ms] [ERROR] Failed to load resource: net::ERR_CONNECTION_REFUSED @ http://localhost:3100/:0
[ 6310882ms] [ERROR] Failed to load resource: net::ERR_CONNECTION_REFUSED @ http://localhost:3100/:0
[ 6311885ms] [ERROR] Failed to load resource: net::ERR_CONNECTION_REFUSED @ http://localhost:3100/:0
[ 6312888ms] [ERROR] Failed to load resource: net::ERR_CONNECTION_REFUSED @ http://localhost:3100/:0
[ 6313895ms] [ERROR] Failed to load resource: net::ERR_CONNECTION_REFUSED @ http://localhost:3100/:0
[ 6314901ms] [ERROR] Failed to load resource: net::ERR_CONNECTION_REFUSED @ http://localhost:3100/:0
[ 6315905ms] [ERROR] Failed to load resource: net::ERR_CONNECTION_REFUSED @ http://localhost:3100/:0
[ 6316909ms] [ERROR] Failed to load resource: net::ERR_CONNECTION_REFUSED @ http://localhost:3100/:0
[ 6317912ms] [ERROR] Failed to load resource: net::ERR_CONNECTION_REFUSED @ http://localhost:3100/:0
[ 6318915ms] [ERROR] Failed to load resource: net::ERR_CONNECTION_REFUSED @ http://localhost:3100/:0
[ 6319921ms] [ERROR] Failed to load resource: net::ERR_CONNECTION_REFUSED @ http://localhost:3100/:0
[ 6320927ms] [ERROR] Failed to load resource: net::ERR_CONNECTION_REFUSED @ http://localhost:3100/:0
[ 6321933ms] [ERROR] Failed to load resource: net::ERR_CONNECTION_REFUSED @ http://localhost:3100/:0
[ 6322936ms] [ERROR] Failed to load resource: net::ERR_CONNECTION_REFUSED @ http://localhost:3100/:0
[ 6323939ms] [ERROR] Failed to load resource: net::ERR_CONNECTION_REFUSED @ http://localhost:3100/:0
[ 6324945ms] [ERROR] Failed to load resource: net::ERR_CONNECTION_REFUSED @ http://localhost:3100/:0
[ 6325950ms] [ERROR] Failed to load resource: net::ERR_CONNECTION_REFUSED @ http://localhost:3100/:0
[ 6326954ms] [ERROR] Failed to load resource: net::ERR_CONNECTION_REFUSED @ http://localhost:3100/:0
[ 6327960ms] [ERROR] Failed to load resource: net::ERR_CONNECTION_REFUSED @ http://localhost:3100/:0
[ 6328964ms] [ERROR] Failed to load resource: net::ERR_CONNECTION_REFUSED @ http://localhost:3100/:0
[ 6329970ms] [ERROR] Failed to load resource: net::ERR_CONNECTION_REFUSED @ http://localhost:3100/:0
[ 6330974ms] [ERROR] Failed to load resource: net::ERR_CONNECTION_REFUSED @ http://localhost:3100/:0
[ 6331978ms] [ERROR] Failed to load resource: net::ERR_CONNECTION_REFUSED @ http://localhost:3100/:0
[ 6332984ms] [ERROR] Failed to load resource: net::ERR_CONNECTION_REFUSED @ http://localhost:3100/:0
[ 6333988ms] [ERROR] Failed to load resource: net::ERR_CONNECTION_REFUSED @ http://localhost:3100/:0
[ 6334994ms] [ERROR] Failed to load resource: net::ERR_CONNECTION_REFUSED @ http://localhost:3100/:0
[ 6335999ms] [ERROR] Failed to load resource: net::ERR_CONNECTION_REFUSED @ http://localhost:3100/:0
[ 6337002ms] [ERROR] Failed to load resource: net::ERR_CONNECTION_REFUSED @ http://localhost:3100/:0
[ 6338008ms] [ERROR] Failed to load resource: net::ERR_CONNECTION_REFUSED @ http://localhost:3100/:0
[ 6339011ms] [ERROR] Failed to load resource: net::ERR_CONNECTION_REFUSED @ http://localhost:3100/:0
[ 6340013ms] [ERROR] Failed to load resource: net::ERR_CONNECTION_REFUSED @ http://localhost:3100/:0
[ 6341016ms] [ERROR] Failed to load resource: net::ERR_CONNECTION_REFUSED @ http://localhost:3100/:0
[ 6342019ms] [ERROR] Failed to load resource: net::ERR_CONNECTION_REFUSED @ http://localhost:3100/:0
[ 6343025ms] [ERROR] Failed to load resource: net::ERR_CONNECTION_REFUSED @ http://localhost:3100/:0
[ 6344028ms] [ERROR] Failed to load resource: net::ERR_CONNECTION_REFUSED @ http://localhost:3100/:0
[ 6345033ms] [ERROR] Failed to load resource: net::ERR_CONNECTION_REFUSED @ http://localhost:3100/:0
[ 6346036ms] [ERROR] Failed to load resource: net::ERR_CONNECTION_REFUSED @ http://localhost:3100/:0
[ 6347042ms] [ERROR] Failed to load resource: net::ERR_CONNECTION_REFUSED @ http://localhost:3100/:0
[ 6348045ms] [ERROR] Failed to load resource: net::ERR_CONNECTION_REFUSED @ http://localhost:3100/:0
[ 6349049ms] [ERROR] Failed to load resource: net::ERR_CONNECTION_REFUSED @ http://localhost:3100/:0
[ 6350052ms] [ERROR] Failed to load resource: net::ERR_CONNECTION_REFUSED @ http://localhost:3100/:0
[ 6351056ms] [ERROR] Failed to load resource: net::ERR_CONNECTION_REFUSED @ http://localhost:3100/:0
[ 6352059ms] [ERROR] Failed to load resource: net::ERR_CONNECTION_REFUSED @ http://localhost:3100/:0
[ 6353063ms] [ERROR] Failed to load resource: net::ERR_CONNECTION_REFUSED @ http://localhost:3100/:0
[ 6354065ms] [ERROR] Failed to load resource: net::ERR_CONNECTION_REFUSED @ http://localhost:3100/:0
[ 6355072ms] [ERROR] Failed to load resource: net::ERR_CONNECTION_REFUSED @ http://localhost:3100/:0
[ 6356079ms] [ERROR] Failed to load resource: net::ERR_CONNECTION_REFUSED @ http://localhost:3100/:0
[ 6357087ms] [ERROR] Failed to load resource: net::ERR_CONNECTION_REFUSED @ http://localhost:3100/:0
[ 6358095ms] [ERROR] Failed to load resource: net::ERR_CONNECTION_REFUSED @ http://localhost:3100/:0
[ 6359102ms] [ERROR] Failed to load resource: net::ERR_CONNECTION_REFUSED @ http://localhost:3100/:0
[ 6360107ms] [ERROR] Failed to load resource: net::ERR_CONNECTION_REFUSED @ http://localhost:3100/:0
[ 6361112ms] [ERROR] Failed to load resource: net::ERR_CONNECTION_REFUSED @ http://localhost:3100/:0
[ 6362117ms] [ERROR] Failed to load resource: net::ERR_CONNECTION_REFUSED @ http://localhost:3100/:0
[ 6363120ms] [ERROR] Failed to load resource: net::ERR_CONNECTION_REFUSED @ http://localhost:3100/:0
[ 6364126ms] [ERROR] Failed to load resource: net::ERR_CONNECTION_REFUSED @ http://localhost:3100/:0
[ 6365131ms] [ERROR] Failed to load resource: net::ERR_CONNECTION_REFUSED @ http://localhost:3100/:0
[ 6366134ms] [ERROR] Failed to load resource: net::ERR_CONNECTION_REFUSED @ http://localhost:3100/:0
[ 6367137ms] [ERROR] Failed to load resource: net::ERR_CONNECTION_REFUSED @ http://localhost:3100/:0
[ 6368143ms] [ERROR] Failed to load resource: net::ERR_CONNECTION_REFUSED @ http://localhost:3100/:0
[ 6369147ms] [ERROR] Failed to load resource: net::ERR_CONNECTION_REFUSED @ http://localhost:3100/:0
[ 6370153ms] [ERROR] Failed to load resource: net::ERR_CONNECTION_REFUSED @ http://localhost:3100/:0
[ 6371156ms] [ERROR] Failed to load resource: net::ERR_CONNECTION_REFUSED @ http://localhost:3100/:0
[ 6372159ms] [ERROR] Failed to load resource: net::ERR_CONNECTION_REFUSED @ http://localhost:3100/:0
[ 6373162ms] [ERROR] Failed to load resource: net::ERR_CONNECTION_REFUSED @ http://localhost:3100/:0
[ 6374165ms] [ERROR] Failed to load resource: net::ERR_CONNECTION_REFUSED @ http://localhost:3100/:0
[ 6375168ms] [ERROR] Failed to load resource: net::ERR_CONNECTION_REFUSED @ http://localhost:3100/:0
[ 6376177ms] [ERROR] Failed to load resource: net::ERR_CONNECTION_REFUSED @ http://localhost:3100/:0
[ 6377181ms] [ERROR] Failed to load resource: net::ERR_CONNECTION_REFUSED @ http://localhost:3100/:0
[ 6378185ms] [ERROR] Failed to load resource: net::ERR_CONNECTION_REFUSED @ http://localhost:3100/:0
[ 6379191ms] [ERROR] Failed to load resource: net::ERR_CONNECTION_REFUSED @ http://localhost:3100/:0
[ 6380195ms] [ERROR] Failed to load resource: net::ERR_CONNECTION_REFUSED @ http://localhost:3100/:0
[ 6381199ms] [ERROR] Failed to load resource: net::ERR_CONNECTION_REFUSED @ http://localhost:3100/:0
[ 6382204ms] [ERROR] Failed to load resource: net::ERR_CONNECTION_REFUSED @ http://localhost:3100/:0
[ 6383210ms] [ERROR] Failed to load resource: net::ERR_CONNECTION_REFUSED @ http://localhost:3100/:0
[ 6384213ms] [ERROR] Failed to load resource: net::ERR_CONNECTION_REFUSED @ http://localhost:3100/:0
[ 6385217ms] [ERROR] Failed to load resource: net::ERR_CONNECTION_REFUSED @ http://localhost:3100/:0
[ 6386220ms] [ERROR] Failed to load resource: net::ERR_CONNECTION_REFUSED @ http://localhost:3100/:0
[ 6387230ms] [ERROR] Failed to load resource: net::ERR_CONNECTION_REFUSED @ http://localhost:3100/:0
[ 6388235ms] [ERROR] Failed to load resource: net::ERR_CONNECTION_REFUSED @ http://localhost:3100/:0
[ 6389239ms] [ERROR] Failed to load resource: net::ERR_CONNECTION_REFUSED @ http://localhost:3100/:0
[ 6390243ms] [ERROR] Failed to load resource: net::ERR_CONNECTION_REFUSED @ http://localhost:3100/:0
[ 6391247ms] [ERROR] Failed to load resource: net::ERR_CONNECTION_REFUSED @ http://localhost:3100/:0
[ 6392253ms] [ERROR] Failed to load resource: net::ERR_CONNECTION_REFUSED @ http://localhost:3100/:0
[ 6393255ms] [ERROR] Failed to load resource: net::ERR_CONNECTION_REFUSED @ http://localhost:3100/:0
[ 6394259ms] [ERROR] Failed to load resource: net::ERR_CONNECTION_REFUSED @ http://localhost:3100/:0
[ 6395263ms] [ERROR] Failed to load resource: net::ERR_CONNECTION_REFUSED @ http://localhost:3100/:0
[ 6396268ms] [ERROR] Failed to load resource: net::ERR_CONNECTION_REFUSED @ http://localhost:3100/:0
[ 6397272ms] [ERROR] Failed to load resource: net::ERR_CONNECTION_REFUSED @ http://localhost:3100/:0
[ 6398277ms] [ERROR] Failed to load resource: net::ERR_CONNECTION_REFUSED @ http://localhost:3100/:0
[ 6399280ms] [ERROR] Failed to load resource: net::ERR_CONNECTION_REFUSED @ http://localhost:3100/:0
[ 6400283ms] [ERROR] Failed to load resource: net::ERR_CONNECTION_REFUSED @ http://localhost:3100/:0
[ 6401288ms] [ERROR] Failed to load resource: net::ERR_CONNECTION_REFUSED @ http://localhost:3100/:0
[ 6402291ms] [ERROR] Failed to load resource: net::ERR_CONNECTION_REFUSED @ http://localhost:3100/:0
[ 6403295ms] [ERROR] Failed to load resource: net::ERR_CONNECTION_REFUSED @ http://localhost:3100/:0
[ 6404299ms] [ERROR] Failed to load resource: net::ERR_CONNECTION_REFUSED @ http://localhost:3100/:0
[ 6405302ms] [ERROR] Failed to load resource: net::ERR_CONNECTION_REFUSED @ http://localhost:3100/:0
[ 6406306ms] [ERROR] Failed to load resource: net::ERR_CONNECTION_REFUSED @ http://localhost:3100/:0
[ 6407309ms] [ERROR] Failed to load resource: net::ERR_CONNECTION_REFUSED @ http://localhost:3100/:0
[ 6408316ms] [ERROR] Failed to load resource: net::ERR_CONNECTION_REFUSED @ http://localhost:3100/:0
[ 6409320ms] [ERROR] Failed to load resource: net::ERR_CONNECTION_REFUSED @ http://localhost:3100/:0
[ 6410324ms] [ERROR] Failed to load resource: net::ERR_CONNECTION_REFUSED @ http://localhost:3100/:0
[ 6411327ms] [ERROR] Failed to load resource: net::ERR_CONNECTION_REFUSED @ http://localhost:3100/:0
[ 6412331ms] [ERROR] Failed to load resource: net::ERR_CONNECTION_REFUSED @ http://localhost:3100/:0
[ 6413334ms] [ERROR] Failed to load resource: net::ERR_CONNECTION_REFUSED @ http://localhost:3100/:0
[ 6414340ms] [ERROR] Failed to load resource: net::ERR_CONNECTION_REFUSED @ http://localhost:3100/:0
[ 6415342ms] [ERROR] Failed to load resource: net::ERR_CONNECTION_REFUSED @ http://localhost:3100/:0
[ 6416346ms] [ERROR] Failed to load resource: net::ERR_CONNECTION_REFUSED @ http://localhost:3100/:0
[ 6417351ms] [ERROR] Failed to load resource: net::ERR_CONNECTION_REFUSED @ http://localhost:3100/:0
[ 6418354ms] [ERROR] Failed to load resource: net::ERR_CONNECTION_REFUSED @ http://localhost:3100/:0
[ 6419358ms] [ERROR] Failed to load resource: net::ERR_CONNECTION_REFUSED @ http://localhost:3100/:0
[ 6420363ms] [ERROR] Failed to load resource: net::ERR_CONNECTION_REFUSED @ http://localhost:3100/:0
[ 6421365ms] [ERROR] Failed to load resource: net::ERR_CONNECTION_REFUSED @ http://localhost:3100/:0
[ 6422368ms] [ERROR] Failed to load resource: net::ERR_CONNECTION_REFUSED @ http://localhost:3100/:0
[ 6423373ms] [ERROR] Failed to load resource: net::ERR_CONNECTION_REFUSED @ http://localhost:3100/:0
[ 6424377ms] [ERROR] Failed to load resource: net::ERR_CONNECTION_REFUSED @ http://localhost:3100/:0
[ 6425380ms] [ERROR] Failed to load resource: net::ERR_CONNECTION_REFUSED @ http://localhost:3100/:0
[ 6426386ms] [ERROR] Failed to load resource: net::ERR_CONNECTION_REFUSED @ http://localhost:3100/:0
[ 6427390ms] [ERROR] Failed to load resource: net::ERR_CONNECTION_REFUSED @ http://localhost:3100/:0
[ 6428395ms] [ERROR] Failed to load resource: net::ERR_CONNECTION_REFUSED @ http://localhost:3100/:0
[ 6429400ms] [ERROR] Failed to load resource: net::ERR_CONNECTION_REFUSED @ http://localhost:3100/:0
[ 6430404ms] [ERROR] Failed to load resource: net::ERR_CONNECTION_REFUSED @ http://localhost:3100/:0
[ 6431409ms] [ERROR] Failed to load resource: net::ERR_CONNECTION_REFUSED @ http://localhost:3100/:0
[ 6432411ms] [ERROR] Failed to load resource: net::ERR_CONNECTION_REFUSED @ http://localhost:3100/:0
[ 6433414ms] [ERROR] Failed to load resource: net::ERR_CONNECTION_REFUSED @ http://localhost:3100/:0
[ 6434418ms] [ERROR] Failed to load resource: net::ERR_CONNECTION_REFUSED @ http://localhost:3100/:0
[ 6435424ms] [ERROR] Failed to load resource: net::ERR_CONNECTION_REFUSED @ http://localhost:3100/:0
[ 6436433ms] [ERROR] Failed to load resource: net::ERR_CONNECTION_REFUSED @ http://localhost:3100/:0
[ 6437438ms] [ERROR] Failed to load resource: net::ERR_CONNECTION_REFUSED @ http://localhost:3100/:0
[ 6438444ms] [ERROR] Failed to load resource: net::ERR_CONNECTION_REFUSED @ http://localhost:3100/:0
[ 6439446ms] [ERROR] Failed to load resource: net::ERR_CONNECTION_REFUSED @ http://localhost:3100/:0
[ 6440449ms] [ERROR] Failed to load resource: net::ERR_CONNECTION_REFUSED @ http://localhost:3100/:0
[ 6441452ms] [ERROR] Failed to load resource: net::ERR_CONNECTION_REFUSED @ http://localhost:3100/:0
[ 6442456ms] [ERROR] Failed to load resource: net::ERR_CONNECTION_REFUSED @ http://localhost:3100/:0
[ 6443459ms] [ERROR] Failed to load resource: net::ERR_CONNECTION_REFUSED @ http://localhost:3100/:0
[ 6444465ms] [ERROR] Failed to load resource: net::ERR_CONNECTION_REFUSED @ http://localhost:3100/:0
[ 6445467ms] [ERROR] Failed to load resource: net::ERR_CONNECTION_REFUSED @ http://localhost:3100/:0
[ 6446469ms] [ERROR] Failed to load resource: net::ERR_CONNECTION_REFUSED @ http://localhost:3100/:0
[ 6447474ms] [ERROR] Failed to load resource: net::ERR_CONNECTION_REFUSED @ http://localhost:3100/:0
[ 6448480ms] [ERROR] Failed to load resource: net::ERR_CONNECTION_REFUSED @ http://localhost:3100/:0
[ 6449483ms] [ERROR] Failed to load resource: net::ERR_CONNECTION_REFUSED @ http://localhost:3100/:0
[ 6450489ms] [ERROR] Failed to load resource: net::ERR_CONNECTION_REFUSED @ http://localhost:3100/:0
[ 6451493ms] [ERROR] Failed to load resource: net::ERR_CONNECTION_REFUSED @ http://localhost:3100/:0
[ 6452499ms] [ERROR] Failed to load resource: net::ERR_CONNECTION_REFUSED @ http://localhost:3100/:0
[ 6453508ms] [ERROR] Failed to load resource: net::ERR_CONNECTION_REFUSED @ http://localhost:3100/:0
[ 6454514ms] [ERROR] Failed to load resource: net::ERR_CONNECTION_REFUSED @ http://localhost:3100/:0
[ 6455519ms] [ERROR] Failed to load resource: net::ERR_CONNECTION_REFUSED @ http://localhost:3100/:0
[ 6456523ms] [ERROR] Failed to load resource: net::ERR_CONNECTION_REFUSED @ http://localhost:3100/:0
[ 6457525ms] [ERROR] Failed to load resource: net::ERR_CONNECTION_REFUSED @ http://localhost:3100/:0
[ 6458530ms] [ERROR] Failed to load resource: net::ERR_CONNECTION_REFUSED @ http://localhost:3100/:0
[ 6459534ms] [ERROR] Failed to load resource: net::ERR_CONNECTION_REFUSED @ http://localhost:3100/:0
[ 6460538ms] [ERROR] Failed to load resource: net::ERR_CONNECTION_REFUSED @ http://localhost:3100/:0
[ 6461541ms] [ERROR] Failed to load resource: net::ERR_CONNECTION_REFUSED @ http://localhost:3100/:0
[ 6462547ms] [ERROR] Failed to load resource: net::ERR_CONNECTION_REFUSED @ http://localhost:3100/:0
[ 6463551ms] [ERROR] Failed to load resource: net::ERR_CONNECTION_REFUSED @ http://localhost:3100/:0
[ 6464560ms] [ERROR] Failed to load resource: net::ERR_CONNECTION_REFUSED @ http://localhost:3100/:0
[ 6465563ms] [ERROR] Failed to load resource: net::ERR_CONNECTION_REFUSED @ http://localhost:3100/:0
[ 6466567ms] [ERROR] Failed to load resource: net::ERR_CONNECTION_REFUSED @ http://localhost:3100/:0
[ 6467573ms] [ERROR] Failed to load resource: net::ERR_CONNECTION_REFUSED @ http://localhost:3100/:0
[ 6468577ms] [ERROR] Failed to load resource: net::ERR_CONNECTION_REFUSED @ http://localhost:3100/:0
[ 6469580ms] [ERROR] Failed to load resource: net::ERR_CONNECTION_REFUSED @ http://localhost:3100/:0
[ 6470584ms] [ERROR] Failed to load resource: net::ERR_CONNECTION_REFUSED @ http://localhost:3100/:0
[ 6471589ms] [ERROR] Failed to load resource: net::ERR_CONNECTION_REFUSED @ http://localhost:3100/:0
[ 6472593ms] [ERROR] Failed to load resource: net::ERR_CONNECTION_REFUSED @ http://localhost:3100/:0
[ 6473596ms] [ERROR] Failed to load resource: net::ERR_CONNECTION_REFUSED @ http://localhost:3100/:0
[ 6474601ms] [ERROR] Failed to load resource: net::ERR_CONNECTION_REFUSED @ http://localhost:3100/:0
[ 6475605ms] [ERROR] Failed to load resource: net::ERR_CONNECTION_REFUSED @ http://localhost:3100/:0
[ 6476610ms] [ERROR] Failed to load resource: net::ERR_CONNECTION_REFUSED @ http://localhost:3100/:0
[ 6477613ms] [ERROR] Failed to load resource: net::ERR_CONNECTION_REFUSED @ http://localhost:3100/:0
[ 6478618ms] [ERROR] Failed to load resource: net::ERR_CONNECTION_REFUSED @ http://localhost:3100/:0
[ 6479621ms] [ERROR] Failed to load resource: net::ERR_CONNECTION_REFUSED @ http://localhost:3100/:0
[ 6480624ms] [ERROR] Failed to load resource: net::ERR_CONNECTION_REFUSED @ http://localhost:3100/:0
[ 6481630ms] [ERROR] Failed to load resource: net::ERR_CONNECTION_REFUSED @ http://localhost:3100/:0
[ 6482636ms] [ERROR] Failed to load resource: net::ERR_CONNECTION_REFUSED @ http://localhost:3100/:0
[ 6483640ms] [ERROR] Failed to load resource: net::ERR_CONNECTION_REFUSED @ http://localhost:3100/:0
[ 6484644ms] [ERROR] Failed to load resource: net::ERR_CONNECTION_REFUSED @ http://localhost:3100/:0
[ 6485647ms] [ERROR] Failed to load resource: net::ERR_CONNECTION_REFUSED @ http://localhost:3100/:0
[ 6486649ms] [ERROR] Failed to load resource: net::ERR_CONNECTION_REFUSED @ http://localhost:3100/:0
[ 6487653ms] [ERROR] Failed to load resource: net::ERR_CONNECTION_REFUSED @ http://localhost:3100/:0
[ 6488660ms] [ERROR] Failed to load resource: net::ERR_CONNECTION_REFUSED @ http://localhost:3100/:0
[ 6489665ms] [ERROR] Failed to load resource: net::ERR_CONNECTION_REFUSED @ http://localhost:3100/:0
[ 6490670ms] [ERROR] Failed to load resource: net::ERR_CONNECTION_REFUSED @ http://localhost:3100/:0
[ 6491675ms] [ERROR] Failed to load resource: net::ERR_CONNECTION_REFUSED @ http://localhost:3100/:0
[ 6492681ms] [ERROR] Failed to load resource: net::ERR_CONNECTION_REFUSED @ http://localhost:3100/:0
[ 6493686ms] [ERROR] Failed to load resource: net::ERR_CONNECTION_REFUSED @ http://localhost:3100/:0
[ 6494690ms] [ERROR] Failed to load resource: net::ERR_CONNECTION_REFUSED @ http://localhost:3100/:0
[ 6495695ms] [ERROR] Failed to load resource: net::ERR_CONNECTION_REFUSED @ http://localhost:3100/:0
[ 6496700ms] [ERROR] Failed to load resource: net::ERR_CONNECTION_REFUSED @ http://localhost:3100/:0
[ 6497703ms] [ERROR] Failed to load resource: net::ERR_CONNECTION_REFUSED @ http://localhost:3100/:0
[ 6498709ms] [ERROR] Failed to load resource: net::ERR_CONNECTION_REFUSED @ http://localhost:3100/:0
[ 6499712ms] [ERROR] Failed to load resource: net::ERR_CONNECTION_REFUSED @ http://localhost:3100/:0
[ 6500717ms] [ERROR] Failed to load resource: net::ERR_CONNECTION_REFUSED @ http://localhost:3100/:0
[ 6501720ms] [ERROR] Failed to load resource: net::ERR_CONNECTION_REFUSED @ http://localhost:3100/:0
[ 6502725ms] [ERROR] Failed to load resource: net::ERR_CONNECTION_REFUSED @ http://localhost:3100/:0
[ 6503729ms] [ERROR] Failed to load resource: net::ERR_CONNECTION_REFUSED @ http://localhost:3100/:0
[ 6504734ms] [ERROR] Failed to load resource: net::ERR_CONNECTION_REFUSED @ http://localhost:3100/:0
[ 6505736ms] [ERROR] Failed to load resource: net::ERR_CONNECTION_REFUSED @ http://localhost:3100/:0
[ 6506741ms] [ERROR] Failed to load resource: net::ERR_CONNECTION_REFUSED @ http://localhost:3100/:0
[ 6507744ms] [ERROR] Failed to load resource: net::ERR_CONNECTION_REFUSED @ http://localhost:3100/:0
[ 6508746ms] [ERROR] Failed to load resource: net::ERR_CONNECTION_REFUSED @ http://localhost:3100/:0
[ 6509751ms] [ERROR] Failed to load resource: net::ERR_CONNECTION_REFUSED @ http://localhost:3100/:0
[ 6510754ms] [ERROR] Failed to load resource: net::ERR_CONNECTION_REFUSED @ http://localhost:3100/:0
[ 6511758ms] [ERROR] Failed to load resource: net::ERR_CONNECTION_REFUSED @ http://localhost:3100/:0
[ 6512762ms] [ERROR] Failed to load resource: net::ERR_CONNECTION_REFUSED @ http://localhost:3100/:0
[ 6513767ms] [ERROR] Failed to load resource: net::ERR_CONNECTION_REFUSED @ http://localhost:3100/:0
[ 6514771ms] [ERROR] Failed to load resource: net::ERR_CONNECTION_REFUSED @ http://localhost:3100/:0
[ 6515776ms] [ERROR] Failed to load resource: net::ERR_CONNECTION_REFUSED @ http://localhost:3100/:0
[ 6516780ms] [ERROR] Failed to load resource: net::ERR_CONNECTION_REFUSED @ http://localhost:3100/:0
[ 6517783ms] [ERROR] Failed to load resource: net::ERR_CONNECTION_REFUSED @ http://localhost:3100/:0
[ 6518786ms] [ERROR] Failed to load resource: net::ERR_CONNECTION_REFUSED @ http://localhost:3100/:0
[ 6519791ms] [ERROR] Failed to load resource: net::ERR_CONNECTION_REFUSED @ http://localhost:3100/:0
[ 6520797ms] [ERROR] Failed to load resource: net::ERR_CONNECTION_REFUSED @ http://localhost:3100/:0
[ 6521801ms] [ERROR] Failed to load resource: net::ERR_CONNECTION_REFUSED @ http://localhost:3100/:0
[ 6522804ms] [ERROR] Failed to load resource: net::ERR_CONNECTION_REFUSED @ http://localhost:3100/:0
[ 6523808ms] [ERROR] Failed to load resource: net::ERR_CONNECTION_REFUSED @ http://localhost:3100/:0
[ 6524815ms] [ERROR] Failed to load resource: net::ERR_CONNECTION_REFUSED @ http://localhost:3100/:0
[ 6525817ms] [ERROR] Failed to load resource: net::ERR_CONNECTION_REFUSED @ http://localhost:3100/:0
[ 6526821ms] [ERROR] Failed to load resource: net::ERR_CONNECTION_REFUSED @ http://localhost:3100/:0
[ 6527825ms] [ERROR] Failed to load resource: net::ERR_CONNECTION_REFUSED @ http://localhost:3100/:0
[ 6528827ms] [ERROR] Failed to load resource: net::ERR_CONNECTION_REFUSED @ http://localhost:3100/:0
[ 6529832ms] [ERROR] Failed to load resource: net::ERR_CONNECTION_REFUSED @ http://localhost:3100/:0
[ 6530836ms] [ERROR] Failed to load resource: net::ERR_CONNECTION_REFUSED @ http://localhost:3100/:0
[ 6531841ms] [ERROR] Failed to load resource: net::ERR_CONNECTION_REFUSED @ http://localhost:3100/:0
[ 6532846ms] [ERROR] Failed to load resource: net::ERR_CONNECTION_REFUSED @ http://localhost:3100/:0
[ 6533848ms] [ERROR] Failed to load resource: net::ERR_CONNECTION_REFUSED @ http://localhost:3100/:0
[ 6534850ms] [ERROR] Failed to load resource: net::ERR_CONNECTION_REFUSED @ http://localhost:3100/:0
[ 6535855ms] [ERROR] Failed to load resource: net::ERR_CONNECTION_REFUSED @ http://localhost:3100/:0
[ 6536860ms] [ERROR] Failed to load resource: net::ERR_CONNECTION_REFUSED @ http://localhost:3100/:0
[ 6537864ms] [ERROR] Failed to load resource: net::ERR_CONNECTION_REFUSED @ http://localhost:3100/:0
[ 6538869ms] [ERROR] Failed to load resource: net::ERR_CONNECTION_REFUSED @ http://localhost:3100/:0
[ 6539874ms] [ERROR] Failed to load resource: net::ERR_CONNECTION_REFUSED @ http://localhost:3100/:0
[ 6540877ms] [ERROR] Failed to load resource: net::ERR_CONNECTION_REFUSED @ http://localhost:3100/:0
[ 6541881ms] [ERROR] Failed to load resource: net::ERR_CONNECTION_REFUSED @ http://localhost:3100/:0
[ 6542887ms] [ERROR] Failed to load resource: net::ERR_CONNECTION_REFUSED @ http://localhost:3100/:0
[ 6543892ms] [ERROR] Failed to load resource: net::ERR_CONNECTION_REFUSED @ http://localhost:3100/:0
[ 6544894ms] [ERROR] Failed to load resource: net::ERR_CONNECTION_REFUSED @ http://localhost:3100/:0
[ 6545900ms] [ERROR] Failed to load resource: net::ERR_CONNECTION_REFUSED @ http://localhost:3100/:0
[ 6546903ms] [ERROR] Failed to load resource: net::ERR_CONNECTION_REFUSED @ http://localhost:3100/:0
[ 6547908ms] [ERROR] Failed to load resource: net::ERR_CONNECTION_REFUSED @ http://localhost:3100/:0
[ 6548913ms] [ERROR] Failed to load resource: net::ERR_CONNECTION_REFUSED @ http://localhost:3100/:0
[ 6549918ms] [ERROR] Failed to load resource: net::ERR_CONNECTION_REFUSED @ http://localhost:3100/:0
[ 6550921ms] [ERROR] Failed to load resource: net::ERR_CONNECTION_REFUSED @ http://localhost:3100/:0
[ 6551924ms] [ERROR] Failed to load resource: net::ERR_CONNECTION_REFUSED @ http://localhost:3100/:0
[ 6552928ms] [ERROR] Failed to load resource: net::ERR_CONNECTION_REFUSED @ http://localhost:3100/:0
[ 6553932ms] [ERROR] Failed to load resource: net::ERR_CONNECTION_REFUSED @ http://localhost:3100/:0
[ 6554938ms] [ERROR] Failed to load resource: net::ERR_CONNECTION_REFUSED @ http://localhost:3100/:0
[ 6555943ms] [ERROR] Failed to load resource: net::ERR_CONNECTION_REFUSED @ http://localhost:3100/:0
[ 6556947ms] [ERROR] Failed to load resource: net::ERR_CONNECTION_REFUSED @ http://localhost:3100/:0
[ 6557952ms] [ERROR] Failed to load resource: net::ERR_CONNECTION_REFUSED @ http://localhost:3100/:0
[ 6558963ms] [ERROR] Failed to load resource: net::ERR_CONNECTION_REFUSED @ http://localhost:3100/:0
[ 6559971ms] [ERROR] Failed to load resource: net::ERR_CONNECTION_REFUSED @ http://localhost:3100/:0
[ 6560975ms] [ERROR] Failed to load resource: net::ERR_CONNECTION_REFUSED @ http://localhost:3100/:0
[ 6561980ms] [ERROR] Failed to load resource: net::ERR_CONNECTION_REFUSED @ http://localhost:3100/:0
[ 6562987ms] [ERROR] Failed to load resource: net::ERR_CONNECTION_REFUSED @ http://localhost:3100/:0
[ 6563990ms] [ERROR] Failed to load resource: net::ERR_CONNECTION_REFUSED @ http://localhost:3100/:0
[ 6564994ms] [ERROR] Failed to load resource: net::ERR_CONNECTION_REFUSED @ http://localhost:3100/:0
[ 6565999ms] [ERROR] Failed to load resource: net::ERR_CONNECTION_REFUSED @ http://localhost:3100/:0
[ 6567003ms] [ERROR] Failed to load resource: net::ERR_CONNECTION_REFUSED @ http://localhost:3100/:0
[ 6568006ms] [ERROR] Failed to load resource: net::ERR_CONNECTION_REFUSED @ http://localhost:3100/:0
[ 6569010ms] [ERROR] Failed to load resource: net::ERR_CONNECTION_REFUSED @ http://localhost:3100/:0
[ 6570012ms] [ERROR] Failed to load resource: net::ERR_CONNECTION_REFUSED @ http://localhost:3100/:0
[ 6571016ms] [ERROR] Failed to load resource: net::ERR_CONNECTION_REFUSED @ http://localhost:3100/:0
[ 6572021ms] [ERROR] Failed to load resource: net::ERR_CONNECTION_REFUSED @ http://localhost:3100/:0
[ 6573026ms] [ERROR] Failed to load resource: net::ERR_CONNECTION_REFUSED @ http://localhost:3100/:0
[ 6574030ms] [ERROR] Failed to load resource: net::ERR_CONNECTION_REFUSED @ http://localhost:3100/:0
[ 6575033ms] [ERROR] Failed to load resource: net::ERR_CONNECTION_REFUSED @ http://localhost:3100/:0
[ 6576038ms] [ERROR] Failed to load resource: net::ERR_CONNECTION_REFUSED @ http://localhost:3100/:0
[ 6577043ms] [ERROR] Failed to load resource: net::ERR_CONNECTION_REFUSED @ http://localhost:3100/:0
[ 6578052ms] [ERROR] Failed to load resource: net::ERR_CONNECTION_REFUSED @ http://localhost:3100/:0
[ 6579057ms] [ERROR] Failed to load resource: net::ERR_CONNECTION_REFUSED @ http://localhost:3100/:0
[ 6580063ms] [ERROR] Failed to load resource: net::ERR_CONNECTION_REFUSED @ http://localhost:3100/:0
[ 6581066ms] [ERROR] Failed to load resource: net::ERR_CONNECTION_REFUSED @ http://localhost:3100/:0
[ 6582074ms] [ERROR] Failed to load resource: net::ERR_CONNECTION_REFUSED @ http://localhost:3100/:0
[ 6583079ms] [ERROR] Failed to load resource: net::ERR_CONNECTION_REFUSED @ http://localhost:3100/:0
[ 6584085ms] [ERROR] Failed to load resource: net::ERR_CONNECTION_REFUSED @ http://localhost:3100/:0
[ 6585090ms] [ERROR] Failed to load resource: net::ERR_CONNECTION_REFUSED @ http://localhost:3100/:0
[ 6586096ms] [ERROR] Failed to load resource: net::ERR_CONNECTION_REFUSED @ http://localhost:3100/:0
[ 6587101ms] [ERROR] Failed to load resource: net::ERR_CONNECTION_REFUSED @ http://localhost:3100/:0
[ 6588106ms] [ERROR] Failed to load resource: net::ERR_CONNECTION_REFUSED @ http://localhost:3100/:0
[ 6589110ms] [ERROR] Failed to load resource: net::ERR_CONNECTION_REFUSED @ http://localhost:3100/:0
[ 6590113ms] [ERROR] Failed to load resource: net::ERR_CONNECTION_REFUSED @ http://localhost:3100/:0
[ 6591118ms] [ERROR] Failed to load resource: net::ERR_CONNECTION_REFUSED @ http://localhost:3100/:0
[ 6592125ms] [ERROR] Failed to load resource: net::ERR_CONNECTION_REFUSED @ http://localhost:3100/:0
[ 6593129ms] [ERROR] Failed to load resource: net::ERR_CONNECTION_REFUSED @ http://localhost:3100/:0
[ 6594135ms] [ERROR] Failed to load resource: net::ERR_CONNECTION_REFUSED @ http://localhost:3100/:0
[ 6595138ms] [ERROR] Failed to load resource: net::ERR_CONNECTION_REFUSED @ http://localhost:3100/:0
[ 6596143ms] [ERROR] Failed to load resource: net::ERR_CONNECTION_REFUSED @ http://localhost:3100/:0
[ 6597148ms] [ERROR] Failed to load resource: net::ERR_CONNECTION_REFUSED @ http://localhost:3100/:0
[ 6598151ms] [ERROR] Failed to load resource: net::ERR_CONNECTION_REFUSED @ http://localhost:3100/:0
[ 6599156ms] [ERROR] Failed to load resource: net::ERR_CONNECTION_REFUSED @ http://localhost:3100/:0
[ 6600161ms] [ERROR] Failed to load resource: net::ERR_CONNECTION_REFUSED @ http://localhost:3100/:0
[ 6601165ms] [ERROR] Failed to load resource: net::ERR_CONNECTION_REFUSED @ http://localhost:3100/:0
[ 6602169ms] [ERROR] Failed to load resource: net::ERR_CONNECTION_REFUSED @ http://localhost:3100/:0
[ 6603172ms] [ERROR] Failed to load resource: net::ERR_CONNECTION_REFUSED @ http://localhost:3100/:0
[ 6604177ms] [ERROR] Failed to load resource: net::ERR_CONNECTION_REFUSED @ http://localhost:3100/:0
[ 6605182ms] [ERROR] Failed to load resource: net::ERR_CONNECTION_REFUSED @ http://localhost:3100/:0
[ 6606187ms] [ERROR] Failed to load resource: net::ERR_CONNECTION_REFUSED @ http://localhost:3100/:0
[ 6607189ms] [ERROR] Failed to load resource: net::ERR_CONNECTION_REFUSED @ http://localhost:3100/:0
[ 6608193ms] [ERROR] Failed to load resource: net::ERR_CONNECTION_REFUSED @ http://localhost:3100/:0
[ 6609199ms] [ERROR] Failed to load resource: net::ERR_CONNECTION_REFUSED @ http://localhost:3100/:0
[ 6610203ms] [ERROR] Failed to load resource: net::ERR_CONNECTION_REFUSED @ http://localhost:3100/:0
[ 6611208ms] [ERROR] Failed to load resource: net::ERR_CONNECTION_REFUSED @ http://localhost:3100/:0
[ 6612212ms] [ERROR] Failed to load resource: net::ERR_CONNECTION_REFUSED @ http://localhost:3100/:0
[ 6613219ms] [ERROR] Failed to load resource: net::ERR_CONNECTION_REFUSED @ http://localhost:3100/:0
[ 6614221ms] [ERROR] Failed to load resource: net::ERR_CONNECTION_REFUSED @ http://localhost:3100/:0
[ 6615228ms] [ERROR] Failed to load resource: net::ERR_CONNECTION_REFUSED @ http://localhost:3100/:0
[ 6616233ms] [ERROR] Failed to load resource: net::ERR_CONNECTION_REFUSED @ http://localhost:3100/:0
[ 6617239ms] [ERROR] Failed to load resource: net::ERR_CONNECTION_REFUSED @ http://localhost:3100/:0
[ 6618244ms] [ERROR] Failed to load resource: net::ERR_CONNECTION_REFUSED @ http://localhost:3100/:0
[ 6619247ms] [ERROR] Failed to load resource: net::ERR_CONNECTION_REFUSED @ http://localhost:3100/:0
[ 6620252ms] [ERROR] Failed to load resource: net::ERR_CONNECTION_REFUSED @ http://localhost:3100/:0
[ 6621257ms] [ERROR] Failed to load resource: net::ERR_CONNECTION_REFUSED @ http://localhost:3100/:0
[ 6622260ms] [ERROR] Failed to load resource: net::ERR_CONNECTION_REFUSED @ http://localhost:3100/:0
[ 6623264ms] [ERROR] Failed to load resource: net::ERR_CONNECTION_REFUSED @ http://localhost:3100/:0
[ 6624276ms] [ERROR] Failed to load resource: net::ERR_CONNECTION_REFUSED @ http://localhost:3100/:0
[ 6625280ms] [ERROR] Failed to load resource: net::ERR_CONNECTION_REFUSED @ http://localhost:3100/:0
[ 6626285ms] [ERROR] Failed to load resource: net::ERR_CONNECTION_REFUSED @ http://localhost:3100/:0
[ 6627290ms] [ERROR] Failed to load resource: net::ERR_CONNECTION_REFUSED @ http://localhost:3100/:0
[ 6628293ms] [ERROR] Failed to load resource: net::ERR_CONNECTION_REFUSED @ http://localhost:3100/:0
[ 6629299ms] [ERROR] Failed to load resource: net::ERR_CONNECTION_REFUSED @ http://localhost:3100/:0
[ 6630306ms] [ERROR] Failed to load resource: net::ERR_CONNECTION_REFUSED @ http://localhost:3100/:0
[ 6631309ms] [ERROR] Failed to load resource: net::ERR_CONNECTION_REFUSED @ http://localhost:3100/:0
[ 6632313ms] [ERROR] Failed to load resource: net::ERR_CONNECTION_REFUSED @ http://localhost:3100/:0
[ 6633317ms] [ERROR] Failed to load resource: net::ERR_CONNECTION_REFUSED @ http://localhost:3100/:0
[ 6634320ms] [ERROR] Failed to load resource: net::ERR_CONNECTION_REFUSED @ http://localhost:3100/:0
[ 6635324ms] [ERROR] Failed to load resource: net::ERR_CONNECTION_REFUSED @ http://localhost:3100/:0
[ 6636327ms] [ERROR] Failed to load resource: net::ERR_CONNECTION_REFUSED @ http://localhost:3100/:0
[ 6637330ms] [ERROR] Failed to load resource: net::ERR_CONNECTION_REFUSED @ http://localhost:3100/:0
[ 6638333ms] [ERROR] Failed to load resource: net::ERR_CONNECTION_REFUSED @ http://localhost:3100/:0
[ 6639337ms] [ERROR] Failed to load resource: net::ERR_CONNECTION_REFUSED @ http://localhost:3100/:0
[ 6640341ms] [ERROR] Failed to load resource: net::ERR_CONNECTION_REFUSED @ http://localhost:3100/:0
[ 6641345ms] [ERROR] Failed to load resource: net::ERR_CONNECTION_REFUSED @ http://localhost:3100/:0
[ 6642348ms] [ERROR] Failed to load resource: net::ERR_CONNECTION_REFUSED @ http://localhost:3100/:0
[ 6643350ms] [ERROR] Failed to load resource: net::ERR_CONNECTION_REFUSED @ http://localhost:3100/:0
[ 6644354ms] [ERROR] Failed to load resource: net::ERR_CONNECTION_REFUSED @ http://localhost:3100/:0
[ 6645356ms] [ERROR] Failed to load resource: net::ERR_CONNECTION_REFUSED @ http://localhost:3100/:0
[ 6646360ms] [ERROR] Failed to load resource: net::ERR_CONNECTION_REFUSED @ http://localhost:3100/:0
[ 6647363ms] [ERROR] Failed to load resource: net::ERR_CONNECTION_REFUSED @ http://localhost:3100/:0
[ 6648368ms] [ERROR] Failed to load resource: net::ERR_CONNECTION_REFUSED @ http://localhost:3100/:0
[ 6649373ms] [ERROR] Failed to load resource: net::ERR_CONNECTION_REFUSED @ http://localhost:3100/:0
[ 6650376ms] [ERROR] Failed to load resource: net::ERR_CONNECTION_REFUSED @ http://localhost:3100/:0
[ 6651380ms] [ERROR] Failed to load resource: net::ERR_CONNECTION_REFUSED @ http://localhost:3100/:0
[ 6652385ms] [ERROR] Failed to load resource: net::ERR_CONNECTION_REFUSED @ http://localhost:3100/:0
[ 6653389ms] [ERROR] Failed to load resource: net::ERR_CONNECTION_REFUSED @ http://localhost:3100/:0
[ 6654392ms] [ERROR] Failed to load resource: net::ERR_CONNECTION_REFUSED @ http://localhost:3100/:0
[ 6655398ms] [ERROR] Failed to load resource: net::ERR_CONNECTION_REFUSED @ http://localhost:3100/:0
[ 6656400ms] [ERROR] Failed to load resource: net::ERR_CONNECTION_REFUSED @ http://localhost:3100/:0
[ 6657410ms] [ERROR] Failed to load resource: net::ERR_CONNECTION_REFUSED @ http://localhost:3100/:0
[ 6658414ms] [ERROR] Failed to load resource: net::ERR_CONNECTION_REFUSED @ http://localhost:3100/:0
[ 6659417ms] [ERROR] Failed to load resource: net::ERR_CONNECTION_REFUSED @ http://localhost:3100/:0
[ 6660423ms] [ERROR] Failed to load resource: net::ERR_CONNECTION_REFUSED @ http://localhost:3100/:0
[ 6661429ms] [ERROR] Failed to load resource: net::ERR_CONNECTION_REFUSED @ http://localhost:3100/:0
[ 6662434ms] [ERROR] Failed to load resource: net::ERR_CONNECTION_REFUSED @ http://localhost:3100/:0
[ 6663438ms] [ERROR] Failed to load resource: net::ERR_CONNECTION_REFUSED @ http://localhost:3100/:0
[ 6664443ms] [ERROR] Failed to load resource: net::ERR_CONNECTION_REFUSED @ http://localhost:3100/:0
[ 6665446ms] [ERROR] Failed to load resource: net::ERR_CONNECTION_REFUSED @ http://localhost:3100/:0
[ 6666452ms] [ERROR] Failed to load resource: net::ERR_CONNECTION_REFUSED @ http://localhost:3100/:0
[ 6667456ms] [ERROR] Failed to load resource: net::ERR_CONNECTION_REFUSED @ http://localhost:3100/:0
[ 6668459ms] [ERROR] Failed to load resource: net::ERR_CONNECTION_REFUSED @ http://localhost:3100/:0
[ 6669464ms] [ERROR] Failed to load resource: net::ERR_CONNECTION_REFUSED @ http://localhost:3100/:0
[ 6670468ms] [ERROR] Failed to load resource: net::ERR_CONNECTION_REFUSED @ http://localhost:3100/:0
[ 6671471ms] [ERROR] Failed to load resource: net::ERR_CONNECTION_REFUSED @ http://localhost:3100/:0
[ 6672474ms] [ERROR] Failed to load resource: net::ERR_CONNECTION_REFUSED @ http://localhost:3100/:0
[ 6673477ms] [ERROR] Failed to load resource: net::ERR_CONNECTION_REFUSED @ http://localhost:3100/:0
[ 6674481ms] [ERROR] Failed to load resource: net::ERR_CONNECTION_REFUSED @ http://localhost:3100/:0
[ 6675484ms] [ERROR] Failed to load resource: net::ERR_CONNECTION_REFUSED @ http://localhost:3100/:0
[ 6676489ms] [ERROR] Failed to load resource: net::ERR_CONNECTION_REFUSED @ http://localhost:3100/:0
[ 6677493ms] [ERROR] Failed to load resource: net::ERR_CONNECTION_REFUSED @ http://localhost:3100/:0
[ 6678496ms] [ERROR] Failed to load resource: net::ERR_CONNECTION_REFUSED @ http://localhost:3100/:0
[ 6679502ms] [ERROR] Failed to load resource: net::ERR_CONNECTION_REFUSED @ http://localhost:3100/:0
[ 6680506ms] [ERROR] Failed to load resource: net::ERR_CONNECTION_REFUSED @ http://localhost:3100/:0
[ 6681540ms] [ERROR] Failed to load resource: net::ERR_CONNECTION_REFUSED @ http://localhost:3100/:0
[ 6682546ms] [ERROR] Failed to load resource: net::ERR_CONNECTION_REFUSED @ http://localhost:3100/:0
[ 6683548ms] [ERROR] Failed to load resource: net::ERR_CONNECTION_REFUSED @ http://localhost:3100/:0
[ 6684552ms] [ERROR] Failed to load resource: net::ERR_CONNECTION_REFUSED @ http://localhost:3100/:0
[ 6685555ms] [ERROR] Failed to load resource: net::ERR_CONNECTION_REFUSED @ http://localhost:3100/:0
[ 6686560ms] [ERROR] Failed to load resource: net::ERR_CONNECTION_REFUSED @ http://localhost:3100/:0
[ 6687565ms] [ERROR] Failed to load resource: net::ERR_CONNECTION_REFUSED @ http://localhost:3100/:0
[ 6688568ms] [ERROR] Failed to load resource: net::ERR_CONNECTION_REFUSED @ http://localhost:3100/:0
[ 6689573ms] [ERROR] Failed to load resource: net::ERR_CONNECTION_REFUSED @ http://localhost:3100/:0
[ 6690577ms] [ERROR] Failed to load resource: net::ERR_CONNECTION_REFUSED @ http://localhost:3100/:0
[ 6691580ms] [ERROR] Failed to load resource: net::ERR_CONNECTION_REFUSED @ http://localhost:3100/:0
[ 6692586ms] [ERROR] Failed to load resource: net::ERR_CONNECTION_REFUSED @ http://localhost:3100/:0
[ 6693591ms] [ERROR] Failed to load resource: net::ERR_CONNECTION_REFUSED @ http://localhost:3100/:0
[ 6694593ms] [ERROR] Failed to load resource: net::ERR_CONNECTION_REFUSED @ http://localhost:3100/:0
[ 6695599ms] [ERROR] Failed to load resource: net::ERR_CONNECTION_REFUSED @ http://localhost:3100/:0
[ 6696603ms] [ERROR] Failed to load resource: net::ERR_CONNECTION_REFUSED @ http://localhost:3100/:0
[ 6697606ms] [ERROR] Failed to load resource: net::ERR_CONNECTION_REFUSED @ http://localhost:3100/:0
[ 6698612ms] [ERROR] Failed to load resource: net::ERR_CONNECTION_REFUSED @ http://localhost:3100/:0
[ 6699615ms] [ERROR] Failed to load resource: net::ERR_CONNECTION_REFUSED @ http://localhost:3100/:0
[ 6700619ms] [ERROR] Failed to load resource: net::ERR_CONNECTION_REFUSED @ http://localhost:3100/:0
[ 6701623ms] [ERROR] Failed to load resource: net::ERR_CONNECTION_REFUSED @ http://localhost:3100/:0
[ 6702628ms] [ERROR] Failed to load resource: net::ERR_CONNECTION_REFUSED @ http://localhost:3100/:0
[ 6703632ms] [ERROR] Failed to load resource: net::ERR_CONNECTION_REFUSED @ http://localhost:3100/:0
[ 6704637ms] [ERROR] Failed to load resource: net::ERR_CONNECTION_REFUSED @ http://localhost:3100/:0
[ 6705645ms] [ERROR] Failed to load resource: net::ERR_CONNECTION_REFUSED @ http://localhost:3100/:0
[ 6706647ms] [ERROR] Failed to load resource: net::ERR_CONNECTION_REFUSED @ http://localhost:3100/:0
[ 6707650ms] [ERROR] Failed to load resource: net::ERR_CONNECTION_REFUSED @ http://localhost:3100/:0
[ 6708657ms] [ERROR] Failed to load resource: net::ERR_CONNECTION_REFUSED @ http://localhost:3100/:0
[ 6709661ms] [ERROR] Failed to load resource: net::ERR_CONNECTION_REFUSED @ http://localhost:3100/:0
[ 6710665ms] [ERROR] Failed to load resource: net::ERR_CONNECTION_REFUSED @ http://localhost:3100/:0
[ 6711675ms] [ERROR] Failed to load resource: net::ERR_CONNECTION_REFUSED @ http://localhost:3100/:0
[ 6712680ms] [ERROR] Failed to load resource: net::ERR_CONNECTION_REFUSED @ http://localhost:3100/:0
[ 6713683ms] [ERROR] Failed to load resource: net::ERR_CONNECTION_REFUSED @ http://localhost:3100/:0
[ 6714686ms] [ERROR] Failed to load resource: net::ERR_CONNECTION_REFUSED @ http://localhost:3100/:0
[ 6715689ms] [ERROR] Failed to load resource: net::ERR_CONNECTION_REFUSED @ http://localhost:3100/:0
[ 6716692ms] [ERROR] Failed to load resource: net::ERR_CONNECTION_REFUSED @ http://localhost:3100/:0
[ 6717697ms] [ERROR] Failed to load resource: net::ERR_CONNECTION_REFUSED @ http://localhost:3100/:0
[ 6718702ms] [ERROR] Failed to load resource: net::ERR_CONNECTION_REFUSED @ http://localhost:3100/:0
[ 6719706ms] [ERROR] Failed to load resource: net::ERR_CONNECTION_REFUSED @ http://localhost:3100/:0
[ 6720709ms] [ERROR] Failed to load resource: net::ERR_CONNECTION_REFUSED @ http://localhost:3100/:0
[ 6721713ms] [ERROR] Failed to load resource: net::ERR_CONNECTION_REFUSED @ http://localhost:3100/:0
[ 6722717ms] [ERROR] Failed to load resource: net::ERR_CONNECTION_REFUSED @ http://localhost:3100/:0
[ 6723722ms] [ERROR] Failed to load resource: net::ERR_CONNECTION_REFUSED @ http://localhost:3100/:0
[ 6724726ms] [ERROR] Failed to load resource: net::ERR_CONNECTION_REFUSED @ http://localhost:3100/:0
[ 6725732ms] [ERROR] Failed to load resource: net::ERR_CONNECTION_REFUSED @ http://localhost:3100/:0
[ 6726737ms] [ERROR] Failed to load resource: net::ERR_CONNECTION_REFUSED @ http://localhost:3100/:0
[ 6727742ms] [ERROR] Failed to load resource: net::ERR_CONNECTION_REFUSED @ http://localhost:3100/:0
[ 6728747ms] [ERROR] Failed to load resource: net::ERR_CONNECTION_REFUSED @ http://localhost:3100/:0
[ 6729751ms] [ERROR] Failed to load resource: net::ERR_CONNECTION_REFUSED @ http://localhost:3100/:0
[ 6730754ms] [ERROR] Failed to load resource: net::ERR_CONNECTION_REFUSED @ http://localhost:3100/:0
[ 6731758ms] [ERROR] Failed to load resource: net::ERR_CONNECTION_REFUSED @ http://localhost:3100/:0
[ 6732760ms] [ERROR] Failed to load resource: net::ERR_CONNECTION_REFUSED @ http://localhost:3100/:0
[ 6733764ms] [ERROR] Failed to load resource: net::ERR_CONNECTION_REFUSED @ http://localhost:3100/:0
[ 6734770ms] [ERROR] Failed to load resource: net::ERR_CONNECTION_REFUSED @ http://localhost:3100/:0
[ 6735773ms] [ERROR] Failed to load resource: net::ERR_CONNECTION_REFUSED @ http://localhost:3100/:0
[ 6736775ms] [ERROR] Failed to load resource: net::ERR_CONNECTION_REFUSED @ http://localhost:3100/:0
[ 6737778ms] [ERROR] Failed to load resource: net::ERR_CONNECTION_REFUSED @ http://localhost:3100/:0
[ 6738781ms] [ERROR] Failed to load resource: net::ERR_CONNECTION_REFUSED @ http://localhost:3100/:0
[ 6739785ms] [ERROR] Failed to load resource: net::ERR_CONNECTION_REFUSED @ http://localhost:3100/:0
[ 6740790ms] [ERROR] Failed to load resource: net::ERR_CONNECTION_REFUSED @ http://localhost:3100/:0
[ 6741794ms] [ERROR] Failed to load resource: net::ERR_CONNECTION_REFUSED @ http://localhost:3100/:0
[ 6742797ms] [ERROR] Failed to load resource: net::ERR_CONNECTION_REFUSED @ http://localhost:3100/:0
[ 6743801ms] [ERROR] Failed to load resource: net::ERR_CONNECTION_REFUSED @ http://localhost:3100/:0
[ 6744806ms] [ERROR] Failed to load resource: net::ERR_CONNECTION_REFUSED @ http://localhost:3100/:0
[ 6745810ms] [ERROR] Failed to load resource: net::ERR_CONNECTION_REFUSED @ http://localhost:3100/:0
[ 6746814ms] [ERROR] Failed to load resource: net::ERR_CONNECTION_REFUSED @ http://localhost:3100/:0
[ 6747819ms] [ERROR] Failed to load resource: net::ERR_CONNECTION_REFUSED @ http://localhost:3100/:0
[ 6748849ms] [ERROR] Failed to load resource: net::ERR_CONNECTION_REFUSED @ http://localhost:3100/:0
[ 6749855ms] [ERROR] Failed to load resource: net::ERR_CONNECTION_REFUSED @ http://localhost:3100/:0
[ 6750859ms] [ERROR] Failed to load resource: net::ERR_CONNECTION_REFUSED @ http://localhost:3100/:0
[ 6751863ms] [ERROR] Failed to load resource: net::ERR_CONNECTION_REFUSED @ http://localhost:3100/:0
[ 6752868ms] [ERROR] Failed to load resource: net::ERR_CONNECTION_REFUSED @ http://localhost:3100/:0
[ 6753872ms] [ERROR] Failed to load resource: net::ERR_CONNECTION_REFUSED @ http://localhost:3100/:0
[ 6754876ms] [ERROR] Failed to load resource: net::ERR_CONNECTION_REFUSED @ http://localhost:3100/:0
[ 6755883ms] [ERROR] Failed to load resource: net::ERR_CONNECTION_REFUSED @ http://localhost:3100/:0
[ 6756890ms] [ERROR] Failed to load resource: net::ERR_CONNECTION_REFUSED @ http://localhost:3100/:0
[ 6757892ms] [ERROR] Failed to load resource: net::ERR_CONNECTION_REFUSED @ http://localhost:3100/:0
[ 6758897ms] [ERROR] Failed to load resource: net::ERR_CONNECTION_REFUSED @ http://localhost:3100/:0
[ 6759901ms] [ERROR] Failed to load resource: net::ERR_CONNECTION_REFUSED @ http://localhost:3100/:0
[ 6760906ms] [ERROR] Failed to load resource: net::ERR_CONNECTION_REFUSED @ http://localhost:3100/:0
[ 6761909ms] [ERROR] Failed to load resource: net::ERR_CONNECTION_REFUSED @ http://localhost:3100/:0
[ 6762923ms] [ERROR] Failed to load resource: net::ERR_CONNECTION_REFUSED @ http://localhost:3100/:0
[ 6763926ms] [ERROR] Failed to load resource: net::ERR_CONNECTION_REFUSED @ http://localhost:3100/:0
[ 6764931ms] [ERROR] Failed to load resource: net::ERR_CONNECTION_REFUSED @ http://localhost:3100/:0
[ 6765937ms] [ERROR] Failed to load resource: net::ERR_CONNECTION_REFUSED @ http://localhost:3100/:0
[ 6766945ms] [ERROR] Failed to load resource: net::ERR_CONNECTION_REFUSED @ http://localhost:3100/:0
[ 6767951ms] [ERROR] Failed to load resource: net::ERR_CONNECTION_REFUSED @ http://localhost:3100/:0
[ 6768960ms] [ERROR] Failed to load resource: net::ERR_CONNECTION_REFUSED @ http://localhost:3100/:0
[ 6769965ms] [ERROR] Failed to load resource: net::ERR_CONNECTION_REFUSED @ http://localhost:3100/:0
[ 6770971ms] [ERROR] Failed to load resource: net::ERR_CONNECTION_REFUSED @ http://localhost:3100/:0
[ 6771978ms] [ERROR] Failed to load resource: net::ERR_CONNECTION_REFUSED @ http://localhost:3100/:0
[ 6772982ms] [ERROR] Failed to load resource: net::ERR_CONNECTION_REFUSED @ http://localhost:3100/:0
[ 6773986ms] [ERROR] Failed to load resource: net::ERR_CONNECTION_REFUSED @ http://localhost:3100/:0
[ 6774991ms] [ERROR] Failed to load resource: net::ERR_CONNECTION_REFUSED @ http://localhost:3100/:0
[ 6775995ms] [ERROR] Failed to load resource: net::ERR_CONNECTION_REFUSED @ http://localhost:3100/:0
[ 6776999ms] [ERROR] Failed to load resource: net::ERR_CONNECTION_REFUSED @ http://localhost:3100/:0
[ 6778004ms] [ERROR] Failed to load resource: net::ERR_CONNECTION_REFUSED @ http://localhost:3100/:0
[ 6779007ms] [ERROR] Failed to load resource: net::ERR_CONNECTION_REFUSED @ http://localhost:3100/:0
[ 6780010ms] [ERROR] Failed to load resource: net::ERR_CONNECTION_REFUSED @ http://localhost:3100/:0
[ 6781014ms] [ERROR] Failed to load resource: net::ERR_CONNECTION_REFUSED @ http://localhost:3100/:0
[ 6782020ms] [ERROR] Failed to load resource: net::ERR_CONNECTION_REFUSED @ http://localhost:3100/:0
[ 6783023ms] [ERROR] Failed to load resource: net::ERR_CONNECTION_REFUSED @ http://localhost:3100/:0
[ 6784026ms] [ERROR] Failed to load resource: net::ERR_CONNECTION_REFUSED @ http://localhost:3100/:0
[ 6785030ms] [ERROR] Failed to load resource: net::ERR_CONNECTION_REFUSED @ http://localhost:3100/:0
[ 6786032ms] [ERROR] Failed to load resource: net::ERR_CONNECTION_REFUSED @ http://localhost:3100/:0
[ 6787037ms] [ERROR] Failed to load resource: net::ERR_CONNECTION_REFUSED @ http://localhost:3100/:0
[ 6788042ms] [ERROR] Failed to load resource: net::ERR_CONNECTION_REFUSED @ http://localhost:3100/:0
[ 6789047ms] [ERROR] Failed to load resource: net::ERR_CONNECTION_REFUSED @ http://localhost:3100/:0
[ 6790052ms] [ERROR] Failed to load resource: net::ERR_CONNECTION_REFUSED @ http://localhost:3100/:0
[ 6791057ms] [ERROR] Failed to load resource: net::ERR_CONNECTION_REFUSED @ http://localhost:3100/:0
[ 6792060ms] [ERROR] Failed to load resource: net::ERR_CONNECTION_REFUSED @ http://localhost:3100/:0
[ 6800011ms] [LOG] [App] Starting initialization... @ http://localhost:3100/src/main.js:19
[ 6800192ms] [LOG] [popcorn-init] OK: jquery @ http://localhost:3100/src/lib/popcornInit.js:41
[ 6800505ms] [LOG] [popcorn-init] OK: jquery-textfill @ http://localhost:3100/src/lib/popcornInit.js:48
[ 6803372ms] [LOG] [popcorn-init] OK: popcorn-core @ http://localhost:3100/src/lib/popcornInit.js:48
[ 6811559ms] [LOG] [App] Starting initialization... @ http://localhost:3100/src/main.js:19
[ 6813548ms] [LOG] [popcorn-init] OK: jquery @ http://localhost:3100/src/lib/popcornInit.js:41
[ 6814373ms] [LOG] [popcorn-init] OK: jquery-textfill @ http://localhost:3100/src/lib/popcornInit.js:48
[ 6815000ms] [LOG] [popcorn-init] OK: popcorn-core @ http://localhost:3100/src/lib/popcornInit.js:48
[ 6815191ms] [LOG] [popcorn-init] OK: popcorn-ie8 @ http://localhost:3100/src/lib/popcornInit.js:48
[ 6815474ms] [LOG] [popcorn-init] OK: wrapper-common @ http://localhost:3100/src/lib/popcornInit.js:48
[ 6815526ms] [INFO] %cDownload the React DevTools for a better development experience: https://react.dev/link/react-devtools font-weight:bold @ http://localhost:3100/node_modules/.vite/deps/chunk-EEAUBQDT.js?v=3deaaf84:20096
[ 6815560ms] [LOG] [App] Initialized in 4000.30ms @ http://localhost:3100/src/main.js:164
[ 6815560ms] [LOG] [App] Navigating to initial page: video @ http://localhost:3100/src/main.js:165
[ 6815560ms] [INFO] [App] Dev auth bypass active — skipping setup popup. @ http://localhost:3100/src/main.js:176
[ 6815734ms] [LOG] [popcorn-init] OK: wrapper-html5 @ http://localhost:3100/src/lib/popcornInit.js:48
[ 6815785ms] [ERROR] [ModalSystem] mount failed TypeError: Class constructor SortableElement cannot be invoked without 'new'
    at http://localhost:3100/components/modals/RetargetOptInModal.jsx:26:22 @ http://localhost:3100/src/main.js:329
[ 6816056ms] [WARNING] Clerk: Clerk has been loaded with development keys. Development instances have strict usage limits and should not be used when deploying your application to production. Learn more: https://clerk.com/docs/deployments/overview @ https://clerk.smartvid.app/npm/@clerk/clerk-js@6/dist/clerk.browser.js:11
[ 6816091ms] [LOG] [popcorn-init] OK: wrapper-vrview @ http://localhost:3100/src/lib/popcornInit.js:48
[ 6816212ms] [ERROR] Failed to load resource: the server responded with a status of 400 () @ https://clerk.smartvid.app/v1/environment?__clerk_api_version=2026-05-12&_clerk_js_version=6.29.2&_method=PATCH:0
[ 6817932ms] [LOG] [popcorn-init] OK: wrapper-adaptive @ http://localhost:3100/src/lib/popcornInit.js:48
[ 6818421ms] [LOG] [popcorn-init] OK: wrapper-null @ http://localhost:3100/src/lib/popcornInit.js:48
[ 6818456ms] [LOG] [popcorn-init] OK: wrapper-soundcloud @ http://localhost:3100/src/lib/popcornInit.js:48
[ 6818466ms] [LOG] [popcorn-init] OK: wrapper-vimeo @ http://localhost:3100/src/lib/popcornInit.js:48
[ 6818478ms] [LOG] [popcorn-init] OK: wrapper-youtube @ http://localhost:3100/src/lib/popcornInit.js:48
[ 6818517ms] [LOG] [popcorn-init] OK: wrapper-jwplayer @ http://localhost:3100/src/lib/popcornInit.js:48
[ 6818545ms] [LOG] [popcorn-init] OK: player-module @ http://localhost:3100/src/lib/popcornInit.js:48
[ 6819053ms] [ERROR] [VideoStudio] demo rail failed TypeError: Cannot read properties of undefined (reading 'filter')
    at http://localhost:3100/src/components/VideoStudio.js:702:36 @ http://localhost:3100/src/components/VideoStudio.js:714
[ 6819746ms] [ERROR] [popcorn-init] FAILED at: plugin-image TypeError: Class constructor SortableElement cannot be invoked without 'new'
    at http://localhost:3100/components/modals/RetargetOptInModal.jsx:26:22 @ http://localhost:3100/src/lib/popcornInit.js:55
[ 6821550ms] [ERROR] [popcorn-init] FAILED at: plugin-jsonTransition TypeError: Class constructor SortableElement cannot be invoked without 'new'
    at http://localhost:3100/components/modals/RetargetOptInModal.jsx:26:22 @ http://localhost:3100/src/lib/popcornInit.js:55
[ 6825437ms] [LOG] [App] Starting initialization... @ http://localhost:3100/src/main.js:19
[ 6825507ms] [LOG] [popcorn-init] OK: jquery @ http://localhost:3100/src/lib/popcornInit.js:41
[ 6826476ms] [LOG] [popcorn-init] OK: jquery-textfill @ http://localhost:3100/src/lib/popcornInit.js:48
[ 6828301ms] [LOG] [popcorn-init] OK: popcorn-core @ http://localhost:3100/src/lib/popcornInit.js:48
[ 6829389ms] [LOG] [popcorn-init] OK: popcorn-ie8 @ http://localhost:3100/src/lib/popcornInit.js:48
[ 6829441ms] [LOG] [popcorn-init] OK: wrapper-common @ http://localhost:3100/src/lib/popcornInit.js:48
[ 6829489ms] [INFO] %cDownload the React DevTools for a better development experience: https://react.dev/link/react-devtools font-weight:bold @ http://localhost:3100/node_modules/.vite/deps/chunk-EEAUBQDT.js?v=ca01fe2d:20096
[ 6829505ms] [LOG] [App] Initialized in 4067.60ms @ http://localhost:3100/src/main.js:164
[ 6829505ms] [LOG] [App] Navigating to initial page: video @ http://localhost:3100/src/main.js:165
[ 6829505ms] [INFO] [App] Dev auth bypass active — skipping setup popup. @ http://localhost:3100/src/main.js:176
[ 6829531ms] [LOG] [popcorn-init] OK: wrapper-html5 @ http://localhost:3100/src/lib/popcornInit.js:48
[ 6829599ms] [ERROR] [ModalSystem] mount failed TypeError: Class constructor SortableElement cannot be invoked without 'new'
    at http://localhost:3100/components/modals/RetargetOptInModal.jsx:26:22 @ http://localhost:3100/src/main.js:329
[ 6829711ms] [LOG] [popcorn-init] OK: wrapper-vrview @ http://localhost:3100/src/lib/popcornInit.js:48
[ 6829724ms] [WARNING] Clerk: Clerk has been loaded with development keys. Development instances have strict usage limits and should not be used when deploying your application to production. Learn more: https://clerk.com/docs/deployments/overview @ https://clerk.smartvid.app/npm/@clerk/clerk-js@6/dist/clerk.browser.js:11
[ 6829810ms] [ERROR] Failed to load resource: the server responded with a status of 400 () @ https://clerk.smartvid.app/v1/environment?__clerk_api_version=2026-05-12&_clerk_js_version=6.29.2&_method=PATCH:0
[ 6830074ms] [LOG] [popcorn-init] OK: wrapper-adaptive @ http://localhost:3100/src/lib/popcornInit.js:48
[ 6830643ms] [LOG] [popcorn-init] OK: wrapper-null @ http://localhost:3100/src/lib/popcornInit.js:48
[ 6830701ms] [LOG] [popcorn-init] OK: wrapper-soundcloud @ http://localhost:3100/src/lib/popcornInit.js:48
[ 6830750ms] [LOG] [popcorn-init] OK: wrapper-vimeo @ http://localhost:3100/src/lib/popcornInit.js:48
[ 6830857ms] [LOG] [popcorn-init] OK: wrapper-youtube @ http://localhost:3100/src/lib/popcornInit.js:48
[ 6830911ms] [ERROR] [VideoStudio] demo rail failed TypeError: Cannot read properties of undefined (reading 'filter')
    at http://localhost:3100/src/components/VideoStudio.js:702:36 @ http://localhost:3100/src/components/VideoStudio.js:714
[ 6830926ms] [LOG] [popcorn-init] OK: wrapper-jwplayer @ http://localhost:3100/src/lib/popcornInit.js:48
[ 6830943ms] [LOG] [popcorn-init] OK: player-module @ http://localhost:3100/src/lib/popcornInit.js:48
[ 6831051ms] [ERROR] [popcorn-init] FAILED at: plugin-image TypeError: Class constructor SortableElement cannot be invoked without 'new'
    at http://localhost:3100/components/modals/RetargetOptInModal.jsx:26:22 @ http://localhost:3100/src/lib/popcornInit.js:55
[ 6831108ms] [ERROR] [popcorn-init] FAILED at: plugin-jsonTransition TypeError: Class constructor SortableElement cannot be invoked without 'new'
    at http://localhost:3100/components/modals/RetargetOptInModal.jsx:26:22 @ http://localhost:3100/src/lib/popcornInit.js:55
[ 6831123ms] [ERROR] [popcorn-init] FAILED at: plugin-lottie-json TypeError: Class constructor SortableElement cannot be invoked without 'new'
    at http://localhost:3100/components/modals/RetargetOptInModal.jsx:26:22 @ http://localhost:3100/src/lib/popcornInit.js:55
[ 6831161ms] [LOG] [popcorn-init] OK: plugin-json-button @ http://localhost:3100/src/lib/popcornInit.js:48
[ 6831208ms] [ERROR] [popcorn-init] FAILED at: plugin-personalizedImage TypeError: Class constructor SortableElement cannot be invoked without 'new'
    at http://localhost:3100/components/modals/RetargetOptInModal.jsx:26:22 @ http://localhost:3100/src/lib/popcornInit.js:55
[ 6831227ms] [ERROR] [popcorn-init] FAILED at: plugin-loopPlugin TypeError: Class constructor SortableElement cannot be invoked without 'new'
    at http://localhost:3100/components/modals/RetargetOptInModal.jsx:26:22 @ http://localhost:3100/src/lib/popcornInit.js:55
[ 6831244ms] [ERROR] [popcorn-init] FAILED at: plugin-pausePlugin TypeError: Class constructor SortableElement cannot be invoked without 'new'
    at http://localhost:3100/components/modals/RetargetOptInModal.jsx:26:22 @ http://localhost:3100/src/lib/popcornInit.js:55
[ 6831316ms] [ERROR] [popcorn-init] FAILED at: plugin-form TypeError: Class constructor SortableElement cannot be invoked without 'new'
    at http://localhost:3100/components/modals/RetargetOptInModal.jsx:26:22 @ http://localhost:3100/src/lib/popcornInit.js:55
[ 6831460ms] [ERROR] [popcorn-init] FAILED at: plugin-retarget TypeError: Class constructor SortableElement cannot be invoked without 'new'
    at http://localhost:3100/components/modals/RetargetOptInModal.jsx:26:22 @ http://localhost:3100/src/lib/popcornInit.js:55
[ 6831501ms] [LOG] [popcorn-init] OK: plugin-popup @ http://localhost:3100/src/lib/popcornInit.js:48
[ 6831552ms] [ERROR] [popcorn-init] FAILED at: plugin-sequencer TypeError: Class constructor SortableElement cannot be invoked without 'new'
    at http://localhost:3100/components/modals/RetargetOptInModal.jsx:26:22 @ http://localhost:3100/src/lib/popcornInit.js:55
[ 6831564ms] [ERROR] [popcorn-init] FAILED at: plugin-skip TypeError: Class constructor SortableElement cannot be invoked without 'new'
    at http://localhost:3100/components/modals/RetargetOptInModal.jsx:26:22 @ http://localhost:3100/src/lib/popcornInit.js:55
[ 6831639ms] [ERROR] [popcorn-init] FAILED at: plugin-text TypeError: Class constructor SortableElement cannot be invoked without 'new'
    at http://localhost:3100/components/modals/RetargetOptInModal.jsx:26:22 @ http://localhost:3100/src/lib/popcornInit.js:55
[ 6831677ms] [LOG] [popcorn-init] OK: plugin-social @ http://localhost:3100/src/lib/popcornInit.js:48
[ 6831701ms] [ERROR] [popcorn-init] FAILED at: plugin-jsonAnimation TypeError: Class constructor SortableElement cannot be invoked without 'new'
    at http://localhost:3100/components/modals/RetargetOptInModal.jsx:26:22 @ http://localhost:3100/src/lib/popcornInit.js:55
[ 6831749ms] [LOG] [popcorn-init] OK: plugin-videoTransition @ http://localhost:3100/src/lib/popcornInit.js:48
[ 6831774ms] [ERROR] [popcorn-init] FAILED at: plugin-seethroughtext TypeError: Class constructor SortableElement cannot be invoked without 'new'
    at http://localhost:3100/components/modals/RetargetOptInModal.jsx:26:22 @ http://localhost:3100/src/lib/popcornInit.js:55
[ 6831812ms] [LOG] [popcorn-init] OK: plugin-wikipedia @ http://localhost:3100/src/lib/popcornInit.js:48
[ 6831835ms] [ERROR] [popcorn-init] FAILED at: plugin-combined TypeError: Class constructor SortableElement cannot be invoked without 'new'
    at http://localhost:3100/components/modals/RetargetOptInModal.jsx:26:22 @ http://localhost:3100/src/lib/popcornInit.js:55
[ 6831857ms] [ERROR] [popcorn-init] FAILED at: plugin-background TypeError: Class constructor SortableElement cannot be invoked without 'new'
    at http://localhost:3100/components/modals/RetargetOptInModal.jsx:26:22 @ http://localhost:3100/src/lib/popcornInit.js:55
[ 6831858ms] [LOG] [popcorn-init] SUMMARY: 5/20 plugins registered; FAILED: plugin-image, plugin-jsonTransition, plugin-lottie-json, plugin-personalizedImage, plugin-loopPlugin, plugin-pausePlugin, plugin-form, plugin-retarget, plugin-sequencer, plugin-skip, plugin-text, plugin-jsonAnimation, plugin-seethroughtext, plugin-combined, plugin-background @ http://localhost:3100/src/lib/popcornInit.js:60
[ 6831858ms] [LOG] [popcorn] function 5 @ http://localhost:3100/src/main.js:4
[ 6850779ms] [LOG] [vite] server connection lost. Polling for restart... @ http://localhost:3100/@vite/client:559
[ 6850782ms] [ERROR] Failed to load resource: net::ERR_CONNECTION_REFUSED @ http://localhost:3100/:0
[ 6851785ms] [ERROR] Failed to load resource: net::ERR_CONNECTION_REFUSED @ http://localhost:3100/:0
[ 6852789ms] [ERROR] Failed to load resource: net::ERR_CONNECTION_REFUSED @ http://localhost:3100/:0
[ 6853791ms] [ERROR] Failed to load resource: net::ERR_CONNECTION_REFUSED @ http://localhost:3100/:0
[ 6854796ms] [ERROR] Failed to load resource: net::ERR_CONNECTION_REFUSED @ http://localhost:3100/:0
[ 6855801ms] [ERROR] Failed to load resource: net::ERR_CONNECTION_REFUSED @ http://localhost:3100/:0
[ 6856805ms] [ERROR] Failed to load resource: net::ERR_CONNECTION_REFUSED @ http://localhost:3100/:0
[ 6857808ms] [ERROR] Failed to load resource: net::ERR_CONNECTION_REFUSED @ http://localhost:3100/:0
[ 6858814ms] [ERROR] Failed to load resource: net::ERR_CONNECTION_REFUSED @ http://localhost:3100/:0
[ 6859819ms] [ERROR] Failed to load resource: net::ERR_CONNECTION_REFUSED @ http://localhost:3100/:0
[ 6860821ms] [ERROR] Failed to load resource: net::ERR_CONNECTION_REFUSED @ http://localhost:3100/:0
[ 6861823ms] [ERROR] Failed to load resource: net::ERR_CONNECTION_REFUSED @ http://localhost:3100/:0
[ 6862825ms] [ERROR] Failed to load resource: net::ERR_CONNECTION_REFUSED @ http://localhost:3100/:0
[ 6863829ms] [ERROR] Failed to load resource: net::ERR_CONNECTION_REFUSED @ http://localhost:3100/:0
[ 6864833ms] [ERROR] Failed to load resource: net::ERR_CONNECTION_REFUSED @ http://localhost:3100/:0
[ 6865836ms] [ERROR] Failed to load resource: net::ERR_CONNECTION_REFUSED @ http://localhost:3100/:0
[ 6866839ms] [ERROR] Failed to load resource: net::ERR_CONNECTION_REFUSED @ http://localhost:3100/:0
[ 6867842ms] [ERROR] Failed to load resource: net::ERR_CONNECTION_REFUSED @ http://localhost:3100/:0
[ 6868845ms] [ERROR] Failed to load resource: net::ERR_CONNECTION_REFUSED @ http://localhost:3100/:0
[ 6869850ms] [ERROR] Failed to load resource: net::ERR_CONNECTION_REFUSED @ http://localhost:3100/:0
[ 6870855ms] [ERROR] Failed to load resource: net::ERR_CONNECTION_REFUSED @ http://localhost:3100/:0
[ 6871858ms] [ERROR] Failed to load resource: net::ERR_CONNECTION_REFUSED @ http://localhost:3100/:0
[ 6872861ms] [ERROR] Failed to load resource: net::ERR_CONNECTION_REFUSED @ http://localhost:3100/:0
[ 6873865ms] [ERROR] Failed to load resource: net::ERR_CONNECTION_REFUSED @ http://localhost:3100/:0
[ 6874867ms] [ERROR] Failed to load resource: net::ERR_CONNECTION_REFUSED @ http://localhost:3100/:0
[ 6875952ms] [ERROR] Failed to load resource: net::ERR_CONNECTION_REFUSED @ http://localhost:3100/:0
[ 6876954ms] [ERROR] Failed to load resource: net::ERR_CONNECTION_REFUSED @ http://localhost:3100/:0
[ 6877957ms] [ERROR] Failed to load resource: net::ERR_CONNECTION_REFUSED @ http://localhost:3100/:0
[ 6878960ms] [ERROR] Failed to load resource: net::ERR_CONNECTION_REFUSED @ http://localhost:3100/:0
[ 6879962ms] [ERROR] Failed to load resource: net::ERR_CONNECTION_REFUSED @ http://localhost:3100/:0
[ 6880964ms] [ERROR] Failed to load resource: net::ERR_CONNECTION_REFUSED @ http://localhost:3100/:0
[ 6881967ms] [ERROR] Failed to load resource: net::ERR_CONNECTION_REFUSED @ http://localhost:3100/:0
[ 6882970ms] [ERROR] Failed to load resource: net::ERR_CONNECTION_REFUSED @ http://localhost:3100/:0
[ 6883972ms] [ERROR] Failed to load resource: net::ERR_CONNECTION_REFUSED @ http://localhost:3100/:0
[ 6884975ms] [ERROR] Failed to load resource: net::ERR_CONNECTION_REFUSED @ http://localhost:3100/:0
[ 6885978ms] [ERROR] Failed to load resource: net::ERR_CONNECTION_REFUSED @ http://localhost:3100/:0
[ 6886979ms] [ERROR] Failed to load resource: net::ERR_CONNECTION_REFUSED @ http://localhost:3100/:0
[ 6887981ms] [ERROR] Failed to load resource: net::ERR_CONNECTION_REFUSED @ http://localhost:3100/:0
[ 6888984ms] [ERROR] Failed to load resource: net::ERR_CONNECTION_REFUSED @ http://localhost:3100/:0
[ 6889986ms] [ERROR] Failed to load resource: net::ERR_CONNECTION_REFUSED @ http://localhost:3100/:0
[ 6890989ms] [ERROR] Failed to load resource: net::ERR_CONNECTION_REFUSED @ http://localhost:3100/:0
[ 6892011ms] [ERROR] Failed to load resource: net::ERR_CONNECTION_REFUSED @ http://localhost:3100/:0
[ 6893014ms] [ERROR] Failed to load resource: net::ERR_CONNECTION_REFUSED @ http://localhost:3100/:0
[ 6894017ms] [ERROR] Failed to load resource: net::ERR_CONNECTION_REFUSED @ http://localhost:3100/:0
[ 6895019ms] [ERROR] Failed to load resource: net::ERR_CONNECTION_REFUSED @ http://localhost:3100/:0
[ 6896021ms] [ERROR] Failed to load resource: net::ERR_CONNECTION_REFUSED @ http://localhost:3100/:0
[ 6897026ms] [ERROR] Failed to load resource: net::ERR_CONNECTION_REFUSED @ http://localhost:3100/:0
[ 6898029ms] [ERROR] Failed to load resource: net::ERR_CONNECTION_REFUSED @ http://localhost:3100/:0
[ 6899034ms] [ERROR] Failed to load resource: net::ERR_CONNECTION_REFUSED @ http://localhost:3100/:0
[ 6900037ms] [ERROR] Failed to load resource: net::ERR_CONNECTION_REFUSED @ http://localhost:3100/:0
[ 6901039ms] [ERROR] Failed to load resource: net::ERR_CONNECTION_REFUSED @ http://localhost:3100/:0
[ 6902043ms] [ERROR] Failed to load resource: net::ERR_CONNECTION_REFUSED @ http://localhost:3100/:0
[ 6903048ms] [ERROR] Failed to load resource: net::ERR_CONNECTION_REFUSED @ http://localhost:3100/:0
[ 6904055ms] [ERROR] Failed to load resource: net::ERR_CONNECTION_REFUSED @ http://localhost:3100/:0
[ 6905058ms] [ERROR] Failed to load resource: net::ERR_CONNECTION_REFUSED @ http://localhost:3100/:0
[ 6906063ms] [ERROR] Failed to load resource: net::ERR_CONNECTION_REFUSED @ http://localhost:3100/:0
[ 6907075ms] [ERROR] Failed to load resource: net::ERR_CONNECTION_REFUSED @ http://localhost:3100/:0
[ 6908078ms] [ERROR] Failed to load resource: net::ERR_CONNECTION_REFUSED @ http://localhost:3100/:0
[ 6909080ms] [ERROR] Failed to load resource: net::ERR_CONNECTION_REFUSED @ http://localhost:3100/:0
[ 6910082ms] [ERROR] Failed to load resource: net::ERR_CONNECTION_REFUSED @ http://localhost:3100/:0
[ 6911085ms] [ERROR] Failed to load resource: net::ERR_CONNECTION_REFUSED @ http://localhost:3100/:0
[ 6912088ms] [ERROR] Failed to load resource: net::ERR_CONNECTION_REFUSED @ http://localhost:3100/:0
[ 6913090ms] [ERROR] Failed to load resource: net::ERR_CONNECTION_REFUSED @ http://localhost:3100/:0
[ 6914092ms] [ERROR] Failed to load resource: net::ERR_CONNECTION_REFUSED @ http://localhost:3100/:0
[ 6915097ms] [ERROR] Failed to load resource: net::ERR_CONNECTION_REFUSED @ http://localhost:3100/:0
[ 6916100ms] [ERROR] Failed to load resource: net::ERR_CONNECTION_REFUSED @ http://localhost:3100/:0
[ 6917102ms] [ERROR] Failed to load resource: net::ERR_CONNECTION_REFUSED @ http://localhost:3100/:0
[ 6918104ms] [ERROR] Failed to load resource: net::ERR_CONNECTION_REFUSED @ http://localhost:3100/:0
[ 6919109ms] [ERROR] Failed to load resource: net::ERR_CONNECTION_REFUSED @ http://localhost:3100/:0
[ 6920112ms] [ERROR] Failed to load resource: net::ERR_CONNECTION_REFUSED @ http://localhost:3100/:0
[ 6921115ms] [ERROR] Failed to load resource: net::ERR_CONNECTION_REFUSED @ http://localhost:3100/:0
[ 6922120ms] [ERROR] Failed to load resource: net::ERR_CONNECTION_REFUSED @ http://localhost:3100/:0
[ 6923124ms] [ERROR] Failed to load resource: net::ERR_CONNECTION_REFUSED @ http://localhost:3100/:0
[ 6924126ms] [ERROR] Failed to load resource: net::ERR_CONNECTION_REFUSED @ http://localhost:3100/:0
[ 6925129ms] [ERROR] Failed to load resource: net::ERR_CONNECTION_REFUSED @ http://localhost:3100/:0
[ 6926133ms] [ERROR] Failed to load resource: net::ERR_CONNECTION_REFUSED @ http://localhost:3100/:0
[ 6927136ms] [ERROR] Failed to load resource: net::ERR_CONNECTION_REFUSED @ http://localhost:3100/:0
[ 6928141ms] [ERROR] Failed to load resource: net::ERR_CONNECTION_REFUSED @ http://localhost:3100/:0
[ 6929143ms] [ERROR] Failed to load resource: net::ERR_CONNECTION_REFUSED @ http://localhost:3100/:0
[ 6930148ms] [ERROR] Failed to load resource: net::ERR_CONNECTION_REFUSED @ http://localhost:3100/:0
[ 6931151ms] [ERROR] Failed to load resource: net::ERR_CONNECTION_REFUSED @ http://localhost:3100/:0
[ 6932153ms] [ERROR] Failed to load resource: net::ERR_CONNECTION_REFUSED @ http://localhost:3100/:0
[ 6933158ms] [ERROR] Failed to load resource: net::ERR_CONNECTION_REFUSED @ http://localhost:3100/:0
[ 6934161ms] [ERROR] Failed to load resource: net::ERR_CONNECTION_REFUSED @ http://localhost:3100/:0
[ 6935165ms] [ERROR] Failed to load resource: net::ERR_CONNECTION_REFUSED @ http://localhost:3100/:0
[ 6936168ms] [ERROR] Failed to load resource: net::ERR_CONNECTION_REFUSED @ http://localhost:3100/:0
[ 6937170ms] [ERROR] Failed to load resource: net::ERR_CONNECTION_REFUSED @ http://localhost:3100/:0
[ 6938174ms] [ERROR] Failed to load resource: net::ERR_CONNECTION_REFUSED @ http://localhost:3100/:0
[ 6939176ms] [ERROR] Failed to load resource: net::ERR_CONNECTION_REFUSED @ http://localhost:3100/:0
[ 6940178ms] [ERROR] Failed to load resource: net::ERR_CONNECTION_REFUSED @ http://localhost:3100/:0
[ 6941182ms] [ERROR] Failed to load resource: net::ERR_CONNECTION_REFUSED @ http://localhost:3100/:0
[ 6942185ms] [ERROR] Failed to load resource: net::ERR_CONNECTION_REFUSED @ http://localhost:3100/:0
[ 6943189ms] [ERROR] Failed to load resource: net::ERR_CONNECTION_REFUSED @ http://localhost:3100/:0
[ 6944193ms] [ERROR] Failed to load resource: net::ERR_CONNECTION_REFUSED @ http://localhost:3100/:0
[ 6945196ms] [ERROR] Failed to load resource: net::ERR_CONNECTION_REFUSED @ http://localhost:3100/:0
[ 6946199ms] [ERROR] Failed to load resource: net::ERR_CONNECTION_REFUSED @ http://localhost:3100/:0
[ 6947203ms] [ERROR] Failed to load resource: net::ERR_CONNECTION_REFUSED @ http://localhost:3100/:0
[ 6948207ms] [ERROR] Failed to load resource: net::ERR_CONNECTION_REFUSED @ http://localhost:3100/:0
[ 6949211ms] [ERROR] Failed to load resource: net::ERR_CONNECTION_REFUSED @ http://localhost:3100/:0
[ 6950215ms] [ERROR] Failed to load resource: net::ERR_CONNECTION_REFUSED @ http://localhost:3100/:0
[ 6951219ms] [ERROR] Failed to load resource: net::ERR_CONNECTION_REFUSED @ http://localhost:3100/:0
[ 6952224ms] [ERROR] Failed to load resource: net::ERR_CONNECTION_REFUSED @ http://localhost:3100/:0
[ 6953229ms] [ERROR] Failed to load resource: net::ERR_CONNECTION_REFUSED @ http://localhost:3100/:0
[ 6954233ms] [ERROR] Failed to load resource: net::ERR_CONNECTION_REFUSED @ http://localhost:3100/:0
