[     106ms] [LOG] [App] Starting initialization... @ http://localhost:5173/src/main.js?t=1787450597038:19
[     123ms] [LOG] [popcorn-init] OK: jquery @ http://localhost:5173/src/lib/popcornInit.js?t=1787450597038:41
[     126ms] [LOG] [popcorn-init] OK: jquery-textfill @ http://localhost:5173/src/lib/popcornInit.js?t=1787450597038:48
[     128ms] [LOG] [popcorn-init] OK: popcorn-core @ http://localhost:5173/src/lib/popcornInit.js?t=1787450597038:48
[     129ms] [LOG] [popcorn-init] OK: popcorn-ie8 @ http://localhost:5173/src/lib/popcornInit.js?t=1787450597038:48
[     130ms] [LOG] [popcorn-init] OK: wrapper-common @ http://localhost:5173/src/lib/popcornInit.js?t=1787450597038:48
[     131ms] [LOG] [popcorn-init] OK: wrapper-html5 @ http://localhost:5173/src/lib/popcornInit.js?t=1787450597038:48
[     132ms] [LOG] [popcorn-init] OK: wrapper-vrview @ http://localhost:5173/src/lib/popcornInit.js?t=1787450597038:48
[     132ms] [LOG] [popcorn-init] OK: wrapper-adaptive @ http://localhost:5173/src/lib/popcornInit.js?t=1787450597038:48
[     133ms] [LOG] [popcorn-init] OK: wrapper-null @ http://localhost:5173/src/lib/popcornInit.js?t=1787450597038:48
[     133ms] [LOG] [popcorn-init] OK: wrapper-soundcloud @ http://localhost:5173/src/lib/popcornInit.js?t=1787450597038:48
[     134ms] [LOG] [popcorn-init] OK: wrapper-vimeo @ http://localhost:5173/src/lib/popcornInit.js?t=1787450597038:48
[     134ms] [LOG] [popcorn-init] OK: wrapper-youtube @ http://localhost:5173/src/lib/popcornInit.js?t=1787450597038:48
[     134ms] [LOG] [popcorn-init] OK: wrapper-jwplayer @ http://localhost:5173/src/lib/popcornInit.js?t=1787450597038:48
[     135ms] [LOG] [popcorn-init] OK: player-module @ http://localhost:5173/src/lib/popcornInit.js?t=1787450597038:48
[     451ms] [LOG] [LandingPage] Header.jsx loaded @ http://localhost:5173/src/components/landing/LandingPage.jsx?t=1787450597038:170
[     979ms] [LOG] [LandingPage] CinematicVideoHero.jsx loaded @ http://localhost:5173/src/components/landing/LandingPage.jsx?t=1787450597038:183
[    1020ms] [ERROR] [popcorn-init] FAILED at: plugin-image TypeError: Class constructor SortableElement cannot be invoked without 'new'
    at http://localhost:5173/components/modals/RetargetOptInModal.jsx?t=1787450597038:26:22 @ http://localhost:5173/src/lib/popcornInit.js?t=1787450597038:55
[    1024ms] [INFO] %cDownload the React DevTools for a better development experience: https://react.dev/link/react-devtools font-weight:bold @ http://localhost:5173/node_modules/.vite/deps/chunk-EEAUBQDT.js?v=51f3ee12:20096
[    1024ms] [ERROR] [ModalSystem] mount failed TypeError: Class constructor SortableElement cannot be invoked without 'new'
    at http://localhost:5173/components/modals/RetargetOptInModal.jsx?t=1787450597038:26:22 @ http://localhost:5173/src/main.js?t=1787450597038:329
[    1047ms] [LOG] [LandingPage] HeroSection.jsx loaded @ http://localhost:5173/src/components/landing/LandingPage.jsx?t=1787450597038:196
[    1049ms] [LOG] [LandingPage] Observer created for: scrolling placeholder id: section-scrolling @ http://localhost:5173/src/components/landing/LandingPage.jsx?t=1787450597038:154
[    1049ms] [LOG] [LandingPage] Observer created for: hook placeholder id: section-hook @ http://localhost:5173/src/components/landing/LandingPage.jsx?t=1787450597038:154
[    1049ms] [LOG] [LandingPage] Observer created for: engines placeholder id: section-engines @ http://localhost:5173/src/components/landing/LandingPage.jsx?t=1787450597038:154
[    1049ms] [LOG] [LandingPage] Observer created for: apps placeholder id: section-apps @ http://localhost:5173/src/components/landing/LandingPage.jsx?t=1787450597038:154
[    1050ms] [LOG] [LandingPage] Observer created for: features placeholder id: section-features @ http://localhost:5173/src/components/landing/LandingPage.jsx?t=1787450597038:154
[    1050ms] [LOG] [LandingPage] Observer created for: problem placeholder id: section-problem @ http://localhost:5173/src/components/landing/LandingPage.jsx?t=1787450597038:154
[    1050ms] [LOG] [LandingPage] Observer created for: workflow placeholder id: section-workflow @ http://localhost:5173/src/components/landing/LandingPage.jsx?t=1787450597038:154
[    1050ms] [LOG] [LandingPage] Observer created for: comparison placeholder id: section-comparison @ http://localhost:5173/src/components/landing/LandingPage.jsx?t=1787450597038:154
[    1050ms] [LOG] [LandingPage] Observer created for: value placeholder id: section-value @ http://localhost:5173/src/components/landing/LandingPage.jsx?t=1787450597038:154
[    1050ms] [LOG] [LandingPage] Observer created for: agency placeholder id: section-agency @ http://localhost:5173/src/components/landing/LandingPage.jsx?t=1787450597038:154
[    1050ms] [LOG] [LandingPage] Observer created for: offer placeholder id: section-offer @ http://localhost:5173/src/components/landing/LandingPage.jsx?t=1787450597038:154
[    1050ms] [LOG] [LandingPage] Observer created for: cta placeholder id: section-cta @ http://localhost:5173/src/components/landing/LandingPage.jsx?t=1787450597038:154
[    1050ms] [LOG] [LandingPage] Observer created for: ai-workflow placeholder id: section-ai-workflow @ http://localhost:5173/src/components/landing/LandingPage.jsx?t=1787450597038:154
[    1050ms] [LOG] [LandingPage] Observer created for: made-with placeholder id: section-made-with @ http://localhost:5173/src/components/landing/LandingPage.jsx?t=1787450597038:154
[    1050ms] [LOG] [LandingPage] Observer created for: ugc placeholder id: section-ugc @ http://localhost:5173/src/components/landing/LandingPage.jsx?t=1787450597038:154
[    1050ms] [LOG] [LandingPage] Observer created for: gallery placeholder id: section-gallery @ http://localhost:5173/src/components/landing/LandingPage.jsx?t=1787450597038:154
[    1050ms] [LOG] [LandingPage] Observer created for: academy placeholder id: section-academy @ http://localhost:5173/src/components/landing/LandingPage.jsx?t=1787450597038:154
[    1050ms] [LOG] [LandingPage] Observer created for: repo-cinema placeholder id: section-repo-cinema @ http://localhost:5173/src/components/landing/LandingPage.jsx?t=1787450597038:154
[    1050ms] [LOG] [LandingPage] Observer created for: repo-commercial placeholder id: section-repo-commercial @ http://localhost:5173/src/components/landing/LandingPage.jsx?t=1787450597038:154
[    1051ms] [LOG] [LandingPage] Observer created for: repo-social-ads placeholder id: section-repo-social-ads @ http://localhost:5173/src/components/landing/LandingPage.jsx?t=1787450597038:154
[    1051ms] [LOG] [LandingPage] Observer created for: repo-narrative placeholder id: section-repo-narrative @ http://localhost:5173/src/components/landing/LandingPage.jsx?t=1787450597038:154
[    1051ms] [LOG] [LandingPage] Observer created for: repo-vertical placeholder id: section-repo-vertical @ http://localhost:5173/src/components/landing/LandingPage.jsx?t=1787450597038:154
[    1051ms] [LOG] [LandingPage] Observer created for: repo-ecommerce placeholder id: section-repo-ecommerce @ http://localhost:5173/src/components/landing/LandingPage.jsx?t=1787450597038:154
[    1051ms] [LOG] [LandingPage] Observer created for: repo-kinetic placeholder id: section-repo-kinetic @ http://localhost:5173/src/components/landing/LandingPage.jsx?t=1787450597038:154
[    1051ms] [LOG] [LandingPage] Observer created for: repo-animated placeholder id: section-repo-animated @ http://localhost:5173/src/components/landing/LandingPage.jsx?t=1787450597038:154
[    1051ms] [LOG] [LandingPage] Observer created for: repo-animation placeholder id: section-repo-animation @ http://localhost:5173/src/components/landing/LandingPage.jsx?t=1787450597038:154
[    1051ms] [LOG] [LandingPage] Observer created for: repo-reference placeholder id: section-repo-reference @ http://localhost:5173/src/components/landing/LandingPage.jsx?t=1787450597038:154
[    1051ms] [LOG] [LandingPage] Observer created for: repo-vfx placeholder id: section-repo-vfx @ http://localhost:5173/src/components/landing/LandingPage.jsx?t=1787450597038:154
[    1051ms] [LOG] [LandingPage] Observer created for: repo-fashion placeholder id: section-repo-fashion @ http://localhost:5173/src/components/landing/LandingPage.jsx?t=1787450597038:154
[    1051ms] [LOG] [LandingPage] Observer created for: repos placeholder id: section-repos @ http://localhost:5173/src/components/landing/LandingPage.jsx?t=1787450597038:154
[    1051ms] [LOG] [LandingPage] Observer created for: gtm-boost placeholder id: section-gtm-boost @ http://localhost:5173/src/components/landing/LandingPage.jsx?t=1787450597038:154
[    1052ms] [LOG] [App] Landing page rendered @ http://localhost:5173/src/main.js?t=1787450597038:88
[    1119ms] [LOG] [LandingPage] IntersectionObserver fired for repos [Object] @ http://localhost:5173/src/components/landing/LandingPage.jsx?t=1787450597038:119
[    1124ms] [LOG] [LandingPage] Loading section: repos @ http://localhost:5173/src/components/landing/LandingPage.jsx?t=1787450597038:122
[    1127ms] [LOG] [LandingPage] IntersectionObserver fired for repo-ecommerce [Object] @ http://localhost:5173/src/components/landing/LandingPage.jsx?t=1787450597038:119
[    1128ms] [LOG] [LandingPage] Loading section: repo-ecommerce @ http://localhost:5173/src/components/landing/LandingPage.jsx?t=1787450597038:122
[    1129ms] [LOG] [LandingPage] IntersectionObserver fired for offer [Object] @ http://localhost:5173/src/components/landing/LandingPage.jsx?t=1787450597038:119
[    1133ms] [LOG] [LandingPage] Loading section: offer @ http://localhost:5173/src/components/landing/LandingPage.jsx?t=1787450597038:122
[    1135ms] [LOG] [LandingPage] IntersectionObserver fired for made-with [Object] @ http://localhost:5173/src/components/landing/LandingPage.jsx?t=1787450597038:119
[    1135ms] [LOG] [LandingPage] Loading section: made-with @ http://localhost:5173/src/components/landing/LandingPage.jsx?t=1787450597038:122
[    1136ms] [LOG] [LandingPage] IntersectionObserver fired for repo-vertical [Object] @ http://localhost:5173/src/components/landing/LandingPage.jsx?t=1787450597038:119
[    1136ms] [LOG] [LandingPage] Loading section: repo-vertical @ http://localhost:5173/src/components/landing/LandingPage.jsx?t=1787450597038:122
[    1137ms] [LOG] [LandingPage] IntersectionObserver fired for workflow [Object] @ http://localhost:5173/src/components/landing/LandingPage.jsx?t=1787450597038:119
[    1137ms] [LOG] [LandingPage] Loading section: workflow @ http://localhost:5173/src/components/landing/LandingPage.jsx?t=1787450597038:122
[    1138ms] [LOG] [LandingPage] IntersectionObserver fired for cta [Object] @ http://localhost:5173/src/components/landing/LandingPage.jsx?t=1787450597038:119
[    1138ms] [LOG] [LandingPage] Loading section: cta @ http://localhost:5173/src/components/landing/LandingPage.jsx?t=1787450597038:122
[    1138ms] [LOG] [LandingPage] IntersectionObserver fired for value [Object] @ http://localhost:5173/src/components/landing/LandingPage.jsx?t=1787450597038:119
[    1139ms] [LOG] [LandingPage] Loading section: value @ http://localhost:5173/src/components/landing/LandingPage.jsx?t=1787450597038:122
[    1140ms] [LOG] [LandingPage] IntersectionObserver fired for ugc [Object] @ http://localhost:5173/src/components/landing/LandingPage.jsx?t=1787450597038:119
[    1140ms] [LOG] [LandingPage] Loading section: ugc @ http://localhost:5173/src/components/landing/LandingPage.jsx?t=1787450597038:122
[    1141ms] [LOG] [LandingPage] IntersectionObserver fired for repo-narrative [Object] @ http://localhost:5173/src/components/landing/LandingPage.jsx?t=1787450597038:119
[    1141ms] [LOG] [LandingPage] Loading section: repo-narrative @ http://localhost:5173/src/components/landing/LandingPage.jsx?t=1787450597038:122
[    1142ms] [LOG] [LandingPage] IntersectionObserver fired for repo-cinema [Object] @ http://localhost:5173/src/components/landing/LandingPage.jsx?t=1787450597038:119
[    1142ms] [LOG] [LandingPage] Loading section: repo-cinema @ http://localhost:5173/src/components/landing/LandingPage.jsx?t=1787450597038:122
[    1142ms] [LOG] [LandingPage] IntersectionObserver fired for comparison [Object] @ http://localhost:5173/src/components/landing/LandingPage.jsx?t=1787450597038:119
[    1143ms] [LOG] [LandingPage] Loading section: comparison @ http://localhost:5173/src/components/landing/LandingPage.jsx?t=1787450597038:122
[    1143ms] [LOG] [LandingPage] IntersectionObserver fired for gallery [Object] @ http://localhost:5173/src/components/landing/LandingPage.jsx?t=1787450597038:119
[    1144ms] [LOG] [LandingPage] Loading section: gallery @ http://localhost:5173/src/components/landing/LandingPage.jsx?t=1787450597038:122
[    1145ms] [LOG] [LandingPage] IntersectionObserver fired for scrolling [Object] @ http://localhost:5173/src/components/landing/LandingPage.jsx?t=1787450597038:119
[    1145ms] [LOG] [LandingPage] Loading section: scrolling @ http://localhost:5173/src/components/landing/LandingPage.jsx?t=1787450597038:122
[    1146ms] [LOG] [LandingPage] IntersectionObserver fired for academy [Object] @ http://localhost:5173/src/components/landing/LandingPage.jsx?t=1787450597038:119
[    1152ms] [LOG] [LandingPage] Loading section: academy @ http://localhost:5173/src/components/landing/LandingPage.jsx?t=1787450597038:122
[    1153ms] [LOG] [LandingPage] IntersectionObserver fired for hook [Object] @ http://localhost:5173/src/components/landing/LandingPage.jsx?t=1787450597038:119
[    1154ms] [LOG] [LandingPage] Loading section: hook @ http://localhost:5173/src/components/landing/LandingPage.jsx?t=1787450597038:122
[    1155ms] [LOG] [LandingPage] IntersectionObserver fired for repo-commercial [Object] @ http://localhost:5173/src/components/landing/LandingPage.jsx?t=1787450597038:119
[    1156ms] [LOG] [LandingPage] Loading section: repo-commercial @ http://localhost:5173/src/components/landing/LandingPage.jsx?t=1787450597038:122
[    1157ms] [LOG] [LandingPage] IntersectionObserver fired for repo-social-ads [Object] @ http://localhost:5173/src/components/landing/LandingPage.jsx?t=1787450597038:119
[    1157ms] [LOG] [LandingPage] Loading section: repo-social-ads @ http://localhost:5173/src/components/landing/LandingPage.jsx?t=1787450597038:122
[    1158ms] [LOG] [LandingPage] IntersectionObserver fired for repo-animated [Object] @ http://localhost:5173/src/components/landing/LandingPage.jsx?t=1787450597038:119
[    1158ms] [LOG] [LandingPage] Loading section: repo-animated @ http://localhost:5173/src/components/landing/LandingPage.jsx?t=1787450597038:122
[    1158ms] [LOG] [LandingPage] IntersectionObserver fired for engines [Object] @ http://localhost:5173/src/components/landing/LandingPage.jsx?t=1787450597038:119
[    1158ms] [LOG] [LandingPage] Loading section: engines @ http://localhost:5173/src/components/landing/LandingPage.jsx?t=1787450597038:122
[    1159ms] [LOG] [LandingPage] IntersectionObserver fired for agency [Object] @ http://localhost:5173/src/components/landing/LandingPage.jsx?t=1787450597038:119
[    1159ms] [LOG] [LandingPage] Loading section: agency @ http://localhost:5173/src/components/landing/LandingPage.jsx?t=1787450597038:122
[    1159ms] [LOG] [LandingPage] IntersectionObserver fired for repo-animation [Object] @ http://localhost:5173/src/components/landing/LandingPage.jsx?t=1787450597038:119
[    1159ms] [LOG] [LandingPage] Loading section: repo-animation @ http://localhost:5173/src/components/landing/LandingPage.jsx?t=1787450597038:122
[    1159ms] [LOG] [LandingPage] IntersectionObserver fired for problem [Object] @ http://localhost:5173/src/components/landing/LandingPage.jsx?t=1787450597038:119
[    1160ms] [LOG] [LandingPage] Loading section: problem @ http://localhost:5173/src/components/landing/LandingPage.jsx?t=1787450597038:122
[    1160ms] [LOG] [LandingPage] IntersectionObserver fired for repo-vfx [Object] @ http://localhost:5173/src/components/landing/LandingPage.jsx?t=1787450597038:119
[    1161ms] [LOG] [LandingPage] Loading section: repo-vfx @ http://localhost:5173/src/components/landing/LandingPage.jsx?t=1787450597038:122
[    1161ms] [LOG] [LandingPage] IntersectionObserver fired for apps [Object] @ http://localhost:5173/src/components/landing/LandingPage.jsx?t=1787450597038:119
[    1161ms] [LOG] [LandingPage] Loading section: apps @ http://localhost:5173/src/components/landing/LandingPage.jsx?t=1787450597038:122
[    1162ms] [LOG] [LandingPage] IntersectionObserver fired for ai-workflow [Object] @ http://localhost:5173/src/components/landing/LandingPage.jsx?t=1787450597038:119
[    1162ms] [LOG] [LandingPage] Loading section: ai-workflow @ http://localhost:5173/src/components/landing/LandingPage.jsx?t=1787450597038:122
[    1162ms] [LOG] [LandingPage] IntersectionObserver fired for features [Object] @ http://localhost:5173/src/components/landing/LandingPage.jsx?t=1787450597038:119
[    1163ms] [LOG] [LandingPage] Loading section: features @ http://localhost:5173/src/components/landing/LandingPage.jsx?t=1787450597038:122
[    1164ms] [LOG] [LandingPage] IntersectionObserver fired for repo-kinetic [Object] @ http://localhost:5173/src/components/landing/LandingPage.jsx?t=1787450597038:119
[    1165ms] [LOG] [LandingPage] Loading section: repo-kinetic @ http://localhost:5173/src/components/landing/LandingPage.jsx?t=1787450597038:122
[    1165ms] [LOG] [LandingPage] IntersectionObserver fired for gtm-boost [Object] @ http://localhost:5173/src/components/landing/LandingPage.jsx?t=1787450597038:119
[    1166ms] [LOG] [LandingPage] Loading section: gtm-boost @ http://localhost:5173/src/components/landing/LandingPage.jsx?t=1787450597038:122
[    1166ms] [LOG] [LandingPage] IntersectionObserver fired for repo-fashion [Object] @ http://localhost:5173/src/components/landing/LandingPage.jsx?t=1787450597038:119
[    1166ms] [LOG] [LandingPage] Loading section: repo-fashion @ http://localhost:5173/src/components/landing/LandingPage.jsx?t=1787450597038:122
[    1166ms] [LOG] [LandingPage] IntersectionObserver fired for repo-reference [Object] @ http://localhost:5173/src/components/landing/LandingPage.jsx?t=1787450597038:119
[    1166ms] [LOG] [LandingPage] Loading section: repo-reference @ http://localhost:5173/src/components/landing/LandingPage.jsx?t=1787450597038:122
[    1255ms] [ERROR] [popcorn-init] FAILED at: plugin-jsonTransition TypeError: Class constructor SortableElement cannot be invoked without 'new'
    at http://localhost:5173/components/modals/RetargetOptInModal.jsx?t=1787450597038:26:22 @ http://localhost:5173/src/lib/popcornInit.js?t=1787450597038:55
[    1375ms] [LOG] [LandingPage] Section loaded: repos @ http://localhost:5173/src/components/landing/LandingPage.jsx?t=1787450597038:141
[    1423ms] [LOG] [LandingPage] Section loaded: cta @ http://localhost:5173/src/components/landing/LandingPage.jsx?t=1787450597038:141
[    1679ms] [LOG] [LandingPage] Section loaded: workflow @ http://localhost:5173/src/components/landing/LandingPage.jsx?t=1787450597038:141
[    1709ms] [LOG] [LandingPage] Section loaded: offer @ http://localhost:5173/src/components/landing/LandingPage.jsx?t=1787450597038:141
[    1736ms] [LOG] [LandingPage] Section loaded: value @ http://localhost:5173/src/components/landing/LandingPage.jsx?t=1787450597038:141
[    1739ms] [LOG] [LandingPage] Section loaded: comparison @ http://localhost:5173/src/components/landing/LandingPage.jsx?t=1787450597038:141
[    1747ms] [LOG] [LandingPage] Section loaded: scrolling @ http://localhost:5173/src/components/landing/LandingPage.jsx?t=1787450597038:141
[    1899ms] [LOG] [LandingPage] Section loaded: hook @ http://localhost:5173/src/components/landing/LandingPage.jsx?t=1787450597038:141
[    1942ms] [LOG] [LandingPage] Section loaded: engines @ http://localhost:5173/src/components/landing/LandingPage.jsx?t=1787450597038:141
[    1943ms] [LOG] [LandingPage] Section loaded: agency @ http://localhost:5173/src/components/landing/LandingPage.jsx?t=1787450597038:141
[    1945ms] [LOG] [LandingPage] Section loaded: problem @ http://localhost:5173/src/components/landing/LandingPage.jsx?t=1787450597038:141
[    1995ms] [LOG] [LandingPage] Section loaded: ugc @ http://localhost:5173/src/components/landing/LandingPage.jsx?t=1787450597038:141
[    2004ms] [LOG] [LandingPage] Section loaded: gallery @ http://localhost:5173/src/components/landing/LandingPage.jsx?t=1787450597038:141
[    2037ms] [ERROR] [popcorn-init] FAILED at: plugin-lottie-json TypeError: Class constructor SortableElement cannot be invoked without 'new'
    at http://localhost:5173/components/modals/RetargetOptInModal.jsx?t=1787450597038:26:22 @ http://localhost:5173/src/lib/popcornInit.js?t=1787450597038:55
[    2044ms] [LOG] [LandingPage] Section loaded: repo-vertical @ http://localhost:5173/src/components/landing/LandingPage.jsx?t=1787450597038:141
[    2052ms] [LOG] [LandingPage] Section loaded: repo-animated @ http://localhost:5173/src/components/landing/LandingPage.jsx?t=1787450597038:141
[    2056ms] [LOG] [LandingPage] Section loaded: repo-vfx @ http://localhost:5173/src/components/landing/LandingPage.jsx?t=1787450597038:141
[    2060ms] [LOG] [LandingPage] Section loaded: repo-fashion @ http://localhost:5173/src/components/landing/LandingPage.jsx?t=1787450597038:141
[    2067ms] [LOG] [LandingPage] Section loaded: repo-reference @ http://localhost:5173/src/components/landing/LandingPage.jsx?t=1787450597038:141
[    2072ms] [LOG] [LandingPage] Section loaded: repo-kinetic @ http://localhost:5173/src/components/landing/LandingPage.jsx?t=1787450597038:141
[    2077ms] [LOG] [LandingPage] Section loaded: repo-narrative @ http://localhost:5173/src/components/landing/LandingPage.jsx?t=1787450597038:141
[    2088ms] [LOG] [LandingPage] Section loaded: made-with @ http://localhost:5173/src/components/landing/LandingPage.jsx?t=1787450597038:141
[    2093ms] [LOG] [LandingPage] Section loaded: repo-social-ads @ http://localhost:5173/src/components/landing/LandingPage.jsx?t=1787450597038:141
[    2100ms] [LOG] [LandingPage] Section loaded: repo-cinema @ http://localhost:5173/src/components/landing/LandingPage.jsx?t=1787450597038:141
[    2104ms] [LOG] [LandingPage] Section loaded: repo-animation @ http://localhost:5173/src/components/landing/LandingPage.jsx?t=1787450597038:141
[    2110ms] [LOG] [LandingPage] Section loaded: repo-commercial @ http://localhost:5173/src/components/landing/LandingPage.jsx?t=1787450597038:141
[    2115ms] [LOG] [LandingPage] Section loaded: repo-ecommerce @ http://localhost:5173/src/components/landing/LandingPage.jsx?t=1787450597038:141
[    2265ms] [LOG] [LandingPage] Section loaded: academy @ http://localhost:5173/src/components/landing/LandingPage.jsx?t=1787450597038:141
[    2299ms] [LOG] [LandingPage] Section loaded: apps @ http://localhost:5173/src/components/landing/LandingPage.jsx?t=1787450597038:141
[    2301ms] [LOG] [LandingPage] Section loaded: ai-workflow @ http://localhost:5173/src/components/landing/LandingPage.jsx?t=1787450597038:141
[    2301ms] [LOG] [LandingPage] Section loaded: features @ http://localhost:5173/src/components/landing/LandingPage.jsx?t=1787450597038:141
[    2302ms] [LOG] [popcorn-init] OK: plugin-json-button @ http://localhost:5173/src/lib/popcornInit.js?t=1787450597038:48
[    2306ms] [LOG] [LandingPage] Section loaded: gtm-boost @ http://localhost:5173/src/components/landing/LandingPage.jsx?t=1787450597038:141
[    2310ms] [ERROR] [popcorn-init] FAILED at: plugin-personalizedImage TypeError: Class constructor SortableElement cannot be invoked without 'new'
    at http://localhost:5173/components/modals/RetargetOptInModal.jsx?t=1787450597038:26:22 @ http://localhost:5173/src/lib/popcornInit.js?t=1787450597038:55
[    2369ms] [ERROR] [popcorn-init] FAILED at: plugin-loopPlugin TypeError: Class constructor SortableElement cannot be invoked without 'new'
    at http://localhost:5173/components/modals/RetargetOptInModal.jsx?t=1787450597038:26:22 @ http://localhost:5173/src/lib/popcornInit.js?t=1787450597038:55
[    2379ms] [ERROR] [popcorn-init] FAILED at: plugin-pausePlugin TypeError: Class constructor SortableElement cannot be invoked without 'new'
    at http://localhost:5173/components/modals/RetargetOptInModal.jsx?t=1787450597038:26:22 @ http://localhost:5173/src/lib/popcornInit.js?t=1787450597038:55
[    2407ms] [ERROR] [popcorn-init] FAILED at: plugin-form TypeError: Class constructor SortableElement cannot be invoked without 'new'
    at http://localhost:5173/components/modals/RetargetOptInModal.jsx?t=1787450597038:26:22 @ http://localhost:5173/src/lib/popcornInit.js?t=1787450597038:55
[    2426ms] [ERROR] [popcorn-init] FAILED at: plugin-retarget TypeError: Class constructor SortableElement cannot be invoked without 'new'
    at http://localhost:5173/components/modals/RetargetOptInModal.jsx?t=1787450597038:26:22 @ http://localhost:5173/src/lib/popcornInit.js?t=1787450597038:55
[    2436ms] [LOG] [popcorn-init] OK: plugin-popup @ http://localhost:5173/src/lib/popcornInit.js?t=1787450597038:48
[    2442ms] [ERROR] [popcorn-init] FAILED at: plugin-sequencer TypeError: Class constructor SortableElement cannot be invoked without 'new'
    at http://localhost:5173/components/modals/RetargetOptInModal.jsx?t=1787450597038:26:22 @ http://localhost:5173/src/lib/popcornInit.js?t=1787450597038:55
[    2450ms] [ERROR] [popcorn-init] FAILED at: plugin-skip TypeError: Class constructor SortableElement cannot be invoked without 'new'
    at http://localhost:5173/components/modals/RetargetOptInModal.jsx?t=1787450597038:26:22 @ http://localhost:5173/src/lib/popcornInit.js?t=1787450597038:55
[    2472ms] [ERROR] [popcorn-init] FAILED at: plugin-text TypeError: Class constructor SortableElement cannot be invoked without 'new'
    at http://localhost:5173/components/modals/RetargetOptInModal.jsx?t=1787450597038:26:22 @ http://localhost:5173/src/lib/popcornInit.js?t=1787450597038:55
[    2482ms] [LOG] [popcorn-init] OK: plugin-social @ http://localhost:5173/src/lib/popcornInit.js?t=1787450597038:48
[    2488ms] [ERROR] [popcorn-init] FAILED at: plugin-jsonAnimation TypeError: Class constructor SortableElement cannot be invoked without 'new'
    at http://localhost:5173/components/modals/RetargetOptInModal.jsx?t=1787450597038:26:22 @ http://localhost:5173/src/lib/popcornInit.js?t=1787450597038:55
[    2503ms] [LOG] [popcorn-init] OK: plugin-videoTransition @ http://localhost:5173/src/lib/popcornInit.js?t=1787450597038:48
[    2508ms] [ERROR] [popcorn-init] FAILED at: plugin-seethroughtext TypeError: Class constructor SortableElement cannot be invoked without 'new'
    at http://localhost:5173/components/modals/RetargetOptInModal.jsx?t=1787450597038:26:22 @ http://localhost:5173/src/lib/popcornInit.js?t=1787450597038:55
[    2512ms] [LOG] [popcorn-init] OK: plugin-wikipedia @ http://localhost:5173/src/lib/popcornInit.js?t=1787450597038:48
[    2520ms] [ERROR] [popcorn-init] FAILED at: plugin-combined TypeError: Class constructor SortableElement cannot be invoked without 'new'
    at http://localhost:5173/components/modals/RetargetOptInModal.jsx?t=1787450597038:26:22 @ http://localhost:5173/src/lib/popcornInit.js?t=1787450597038:55
[    2525ms] [ERROR] [popcorn-init] FAILED at: plugin-background TypeError: Class constructor SortableElement cannot be invoked without 'new'
    at http://localhost:5173/components/modals/RetargetOptInModal.jsx?t=1787450597038:26:22 @ http://localhost:5173/src/lib/popcornInit.js?t=1787450597038:55
[    2525ms] [LOG] [popcorn-init] SUMMARY: 5/20 plugins registered; FAILED: plugin-image, plugin-jsonTransition, plugin-lottie-json, plugin-personalizedImage, plugin-loopPlugin, plugin-pausePlugin, plugin-form, plugin-retarget, plugin-sequencer, plugin-skip, plugin-text, plugin-jsonAnimation, plugin-seethroughtext, plugin-combined, plugin-background @ http://localhost:5173/src/lib/popcornInit.js?t=1787450597038:60
[    2525ms] [LOG] [popcorn] function 5 @ http://localhost:5173/src/main.js?t=1787450597038:4
[   31772ms] [LOG] [App] Starting initialization... @ http://localhost:5173/src/main.js?t=1787450597038:19
[   31803ms] [LOG] [popcorn-init] OK: jquery @ http://localhost:5173/src/lib/popcornInit.js?t=1787450597038:41
[   31815ms] [LOG] [popcorn-init] OK: jquery-textfill @ http://localhost:5173/src/lib/popcornInit.js?t=1787450597038:48
[   31823ms] [LOG] [popcorn-init] OK: popcorn-core @ http://localhost:5173/src/lib/popcornInit.js?t=1787450597038:48
[   31841ms] [LOG] [popcorn-init] OK: popcorn-ie8 @ http://localhost:5173/src/lib/popcornInit.js?t=1787450597038:48
[   31846ms] [LOG] [popcorn-init] OK: wrapper-common @ http://localhost:5173/src/lib/popcornInit.js?t=1787450597038:48
[   31874ms] [LOG] [popcorn-init] OK: wrapper-html5 @ http://localhost:5173/src/lib/popcornInit.js?t=1787450597038:48
[   31888ms] [LOG] [popcorn-init] OK: wrapper-vrview @ http://localhost:5173/src/lib/popcornInit.js?t=1787450597038:48
[   31895ms] [LOG] [popcorn-init] OK: wrapper-adaptive @ http://localhost:5173/src/lib/popcornInit.js?t=1787450597038:48
[   31897ms] [LOG] [popcorn-init] OK: wrapper-null @ http://localhost:5173/src/lib/popcornInit.js?t=1787450597038:48
[   31898ms] [LOG] [popcorn-init] OK: wrapper-soundcloud @ http://localhost:5173/src/lib/popcornInit.js?t=1787450597038:48
[   31898ms] [LOG] [popcorn-init] OK: wrapper-vimeo @ http://localhost:5173/src/lib/popcornInit.js?t=1787450597038:48
[   31899ms] [LOG] [popcorn-init] OK: wrapper-youtube @ http://localhost:5173/src/lib/popcornInit.js?t=1787450597038:48
[   31899ms] [LOG] [popcorn-init] OK: wrapper-jwplayer @ http://localhost:5173/src/lib/popcornInit.js?t=1787450597038:48
[   31900ms] [LOG] [popcorn-init] OK: player-module @ http://localhost:5173/src/lib/popcornInit.js?t=1787450597038:48
[   31941ms] [INFO] %cDownload the React DevTools for a better development experience: https://react.dev/link/react-devtools font-weight:bold @ http://localhost:5173/node_modules/.vite/deps/chunk-EEAUBQDT.js?v=51f3ee12:20096
[   31943ms] [LOG] [App] Initialized in 171.00ms @ http://localhost:5173/src/main.js?t=1787450597038:164
[   31944ms] [LOG] [App] Navigating to initial page: video @ http://localhost:5173/src/main.js?t=1787450597038:165
[   31944ms] [INFO] [App] Dev auth bypass active — skipping setup popup. @ http://localhost:5173/src/main.js?t=1787450597038:176
[   31947ms] [ERROR] [2026-08-23T02:04:15.849Z] [ERROR] Unhandled promise rejection | {"reason":"Assignment to constant variable."} @ http://localhost:5173/src/lib/logger.js:84
[   31947ms] [ERROR] TypeError: Assignment to constant variable.
    at navigate (http://localhost:5173/src/lib/router.js?t=1787450597038:185:16)
    at http://localhost:5173/src/main.js?t=1787450597038:175:5 @ http://localhost:5173/src/lib/logger.js:85
[   31947ms] [ERROR] [Unhandled Promise Rejection] TypeError: Assignment to constant variable.
    at navigate (http://localhost:5173/src/lib/router.js?t=1787450597038:185:16)
    at http://localhost:5173/src/main.js?t=1787450597038:175:5 @ http://localhost:5173/src/main.js?t=1787450597038:33
[   31948ms] [LOG] [Analytics] error {errorType: unhandled_rejection, message: Assignment to constant variable.} @ http://localhost:5173/src/lib/analytics.js:36
[   32107ms] TypeError: Assignment to constant variable.
    at navigate (http://localhost:5173/src/lib/router.js?t=1787450597038:185:16)
    at http://localhost:5173/src/main.js?t=1787450597038:175:5
[   32458ms] [WARNING] Clerk: Clerk has been loaded with development keys. Development instances have strict usage limits and should not be used when deploying your application to production. Learn more: https://clerk.com/docs/deployments/overview @ https://clerk.smartvid.app/npm/@clerk/clerk-js@6/dist/clerk.browser.js:11
[   32477ms] [ERROR] [ModalSystem] mount failed TypeError: Class constructor SortableElement cannot be invoked without 'new'
    at http://localhost:5173/components/modals/RetargetOptInModal.jsx?t=1787450597038:26:22 @ http://localhost:5173/src/main.js?t=1787450597038:329
[   32479ms] [ERROR] [popcorn-init] FAILED at: plugin-image TypeError: Class constructor SortableElement cannot be invoked without 'new'
    at http://localhost:5173/components/modals/RetargetOptInModal.jsx?t=1787450597038:26:22 @ http://localhost:5173/src/lib/popcornInit.js?t=1787450597038:55
[   32506ms] [ERROR] [popcorn-init] FAILED at: plugin-jsonTransition TypeError: Class constructor SortableElement cannot be invoked without 'new'
    at http://localhost:5173/components/modals/RetargetOptInModal.jsx?t=1787450597038:26:22 @ http://localhost:5173/src/lib/popcornInit.js?t=1787450597038:55
[   32518ms] [ERROR] [popcorn-init] FAILED at: plugin-lottie-json TypeError: Class constructor SortableElement cannot be invoked without 'new'
    at http://localhost:5173/components/modals/RetargetOptInModal.jsx?t=1787450597038:26:22 @ http://localhost:5173/src/lib/popcornInit.js?t=1787450597038:55
[   32534ms] [LOG] [popcorn-init] OK: plugin-json-button @ http://localhost:5173/src/lib/popcornInit.js?t=1787450597038:48
[   32540ms] [ERROR] [popcorn-init] FAILED at: plugin-personalizedImage TypeError: Class constructor SortableElement cannot be invoked without 'new'
    at http://localhost:5173/components/modals/RetargetOptInModal.jsx?t=1787450597038:26:22 @ http://localhost:5173/src/lib/popcornInit.js?t=1787450597038:55
[   32552ms] [ERROR] Failed to load resource: the server responded with a status of 400 () @ https://clerk.smartvid.app/v1/environment?__clerk_api_version=2026-05-12&_clerk_js_version=6.29.2&_method=PATCH:0
[   32558ms] [ERROR] [popcorn-init] FAILED at: plugin-loopPlugin TypeError: Class constructor SortableElement cannot be invoked without 'new'
    at http://localhost:5173/components/modals/RetargetOptInModal.jsx?t=1787450597038:26:22 @ http://localhost:5173/src/lib/popcornInit.js?t=1787450597038:55
[   32591ms] [ERROR] [popcorn-init] FAILED at: plugin-pausePlugin TypeError: Class constructor SortableElement cannot be invoked without 'new'
    at http://localhost:5173/components/modals/RetargetOptInModal.jsx?t=1787450597038:26:22 @ http://localhost:5173/src/lib/popcornInit.js?t=1787450597038:55
[   32609ms] [ERROR] [popcorn-init] FAILED at: plugin-form TypeError: Class constructor SortableElement cannot be invoked without 'new'
    at http://localhost:5173/components/modals/RetargetOptInModal.jsx?t=1787450597038:26:22 @ http://localhost:5173/src/lib/popcornInit.js?t=1787450597038:55
[   32621ms] [ERROR] [popcorn-init] FAILED at: plugin-retarget TypeError: Class constructor SortableElement cannot be invoked without 'new'
    at http://localhost:5173/components/modals/RetargetOptInModal.jsx?t=1787450597038:26:22 @ http://localhost:5173/src/lib/popcornInit.js?t=1787450597038:55
[   32641ms] [LOG] [popcorn-init] OK: plugin-popup @ http://localhost:5173/src/lib/popcornInit.js?t=1787450597038:48
[   32666ms] [ERROR] [popcorn-init] FAILED at: plugin-sequencer TypeError: Class constructor SortableElement cannot be invoked without 'new'
    at http://localhost:5173/components/modals/RetargetOptInModal.jsx?t=1787450597038:26:22 @ http://localhost:5173/src/lib/popcornInit.js?t=1787450597038:55
[   32674ms] [ERROR] [popcorn-init] FAILED at: plugin-skip TypeError: Class constructor SortableElement cannot be invoked without 'new'
    at http://localhost:5173/components/modals/RetargetOptInModal.jsx?t=1787450597038:26:22 @ http://localhost:5173/src/lib/popcornInit.js?t=1787450597038:55
[   32696ms] [ERROR] [popcorn-init] FAILED at: plugin-text TypeError: Class constructor SortableElement cannot be invoked without 'new'
    at http://localhost:5173/components/modals/RetargetOptInModal.jsx?t=1787450597038:26:22 @ http://localhost:5173/src/lib/popcornInit.js?t=1787450597038:55
[   32704ms] [LOG] [popcorn-init] OK: plugin-social @ http://localhost:5173/src/lib/popcornInit.js?t=1787450597038:48
[   32709ms] [ERROR] [popcorn-init] FAILED at: plugin-jsonAnimation TypeError: Class constructor SortableElement cannot be invoked without 'new'
    at http://localhost:5173/components/modals/RetargetOptInModal.jsx?t=1787450597038:26:22 @ http://localhost:5173/src/lib/popcornInit.js?t=1787450597038:55
[   32737ms] [LOG] [popcorn-init] OK: plugin-videoTransition @ http://localhost:5173/src/lib/popcornInit.js?t=1787450597038:48
[   32750ms] [ERROR] [popcorn-init] FAILED at: plugin-seethroughtext TypeError: Class constructor SortableElement cannot be invoked without 'new'
    at http://localhost:5173/components/modals/RetargetOptInModal.jsx?t=1787450597038:26:22 @ http://localhost:5173/src/lib/popcornInit.js?t=1787450597038:55
[   32756ms] [LOG] [popcorn-init] OK: plugin-wikipedia @ http://localhost:5173/src/lib/popcornInit.js?t=1787450597038:48
[   32772ms] [ERROR] [popcorn-init] FAILED at: plugin-combined TypeError: Class constructor SortableElement cannot be invoked without 'new'
    at http://localhost:5173/components/modals/RetargetOptInModal.jsx?t=1787450597038:26:22 @ http://localhost:5173/src/lib/popcornInit.js?t=1787450597038:55
[   32802ms] [ERROR] [popcorn-init] FAILED at: plugin-background TypeError: Class constructor SortableElement cannot be invoked without 'new'
    at http://localhost:5173/components/modals/RetargetOptInModal.jsx?t=1787450597038:26:22 @ http://localhost:5173/src/lib/popcornInit.js?t=1787450597038:55
[   32804ms] [LOG] [popcorn-init] SUMMARY: 5/20 plugins registered; FAILED: plugin-image, plugin-jsonTransition, plugin-lottie-json, plugin-personalizedImage, plugin-loopPlugin, plugin-pausePlugin, plugin-form, plugin-retarget, plugin-sequencer, plugin-skip, plugin-text, plugin-jsonAnimation, plugin-seethroughtext, plugin-combined, plugin-background @ http://localhost:5173/src/lib/popcornInit.js?t=1787450597038:60
[   32804ms] [LOG] [popcorn] function 5 @ http://localhost:5173/src/main.js?t=1787450597038:4
[  135885ms] [LOG] [App] Starting initialization... @ http://localhost:5173/src/main.js?t=1787450756399:19
[  135904ms] [LOG] [popcorn-init] OK: jquery @ http://localhost:5173/src/lib/popcornInit.js?t=1787450597038:41
[  135906ms] [LOG] [popcorn-init] OK: jquery-textfill @ http://localhost:5173/src/lib/popcornInit.js?t=1787450597038:48
[  135909ms] [LOG] [popcorn-init] OK: popcorn-core @ http://localhost:5173/src/lib/popcornInit.js?t=1787450597038:48
[  135909ms] [LOG] [popcorn-init] OK: popcorn-ie8 @ http://localhost:5173/src/lib/popcornInit.js?t=1787450597038:48
[  135910ms] [LOG] [popcorn-init] OK: wrapper-common @ http://localhost:5173/src/lib/popcornInit.js?t=1787450597038:48
[  135910ms] [LOG] [popcorn-init] OK: wrapper-html5 @ http://localhost:5173/src/lib/popcornInit.js?t=1787450597038:48
[  135911ms] [LOG] [popcorn-init] OK: wrapper-vrview @ http://localhost:5173/src/lib/popcornInit.js?t=1787450597038:48
[  135912ms] [LOG] [popcorn-init] OK: wrapper-adaptive @ http://localhost:5173/src/lib/popcornInit.js?t=1787450597038:48
[  135912ms] [LOG] [popcorn-init] OK: wrapper-null @ http://localhost:5173/src/lib/popcornInit.js?t=1787450597038:48
[  135913ms] [LOG] [popcorn-init] OK: wrapper-soundcloud @ http://localhost:5173/src/lib/popcornInit.js?t=1787450597038:48
[  135913ms] [LOG] [popcorn-init] OK: wrapper-vimeo @ http://localhost:5173/src/lib/popcornInit.js?t=1787450597038:48
[  135914ms] [LOG] [popcorn-init] OK: wrapper-youtube @ http://localhost:5173/src/lib/popcornInit.js?t=1787450597038:48
[  135914ms] [LOG] [popcorn-init] OK: wrapper-jwplayer @ http://localhost:5173/src/lib/popcornInit.js?t=1787450597038:48
[  135915ms] [LOG] [popcorn-init] OK: player-module @ http://localhost:5173/src/lib/popcornInit.js?t=1787450597038:48
[  135978ms] [INFO] %cDownload the React DevTools for a better development experience: https://react.dev/link/react-devtools font-weight:bold @ http://localhost:5173/node_modules/.vite/deps/chunk-EEAUBQDT.js?v=51f3ee12:20096
[  135984ms] [LOG] [App] Initialized in 98.30ms @ http://localhost:5173/src/main.js?t=1787450756399:164
[  135984ms] [LOG] [App] Navigating to initial page: video @ http://localhost:5173/src/main.js?t=1787450756399:165
[  135984ms] [INFO] [App] Dev auth bypass active — skipping setup popup. @ http://localhost:5173/src/main.js?t=1787450756399:176
[  135997ms] [ERROR] [2026-08-23T02:05:59.898Z] [ERROR] Unhandled promise rejection | {"reason":"Assignment to constant variable."} @ http://localhost:5173/src/lib/logger.js:84
[  135997ms] [ERROR] TypeError: Assignment to constant variable.
    at navigate (http://localhost:5173/src/lib/router.js?t=1787450597038:185:16)
    at http://localhost:5173/src/main.js?t=1787450756399:175:5 @ http://localhost:5173/src/lib/logger.js:85
[  135997ms] [ERROR] [Unhandled Promise Rejection] TypeError: Assignment to constant variable.
    at navigate (http://localhost:5173/src/lib/router.js?t=1787450597038:185:16)
    at http://localhost:5173/src/main.js?t=1787450756399:175:5 @ http://localhost:5173/src/main.js?t=1787450756399:33
[  135997ms] [LOG] [Analytics] error {errorType: unhandled_rejection, message: Assignment to constant variable.} @ http://localhost:5173/src/lib/analytics.js:36
[  136198ms] TypeError: Assignment to constant variable.
    at navigate (http://localhost:5173/src/lib/router.js?t=1787450597038:185:16)
    at http://localhost:5173/src/main.js?t=1787450756399:175:5
[  136796ms] [WARNING] Clerk: Clerk has been loaded with development keys. Development instances have strict usage limits and should not be used when deploying your application to production. Learn more: https://clerk.com/docs/deployments/overview @ https://clerk.smartvid.app/npm/@clerk/clerk-js@6/dist/clerk.browser.js:11
[  136834ms] [ERROR] [ModalSystem] mount failed TypeError: Class constructor SortableElement cannot be invoked without 'new'
    at http://localhost:5173/components/modals/RetargetOptInModal.jsx?t=1787450597038:26:22 @ http://localhost:5173/src/main.js?t=1787450756399:329
[  136837ms] [ERROR] [popcorn-init] FAILED at: plugin-image TypeError: Class constructor SortableElement cannot be invoked without 'new'
    at http://localhost:5173/components/modals/RetargetOptInModal.jsx?t=1787450597038:26:22 @ http://localhost:5173/src/lib/popcornInit.js?t=1787450597038:55
[  136865ms] [ERROR] [popcorn-init] FAILED at: plugin-jsonTransition TypeError: Class constructor SortableElement cannot be invoked without 'new'
    at http://localhost:5173/components/modals/RetargetOptInModal.jsx?t=1787450597038:26:22 @ http://localhost:5173/src/lib/popcornInit.js?t=1787450597038:55
[  136874ms] [ERROR] [popcorn-init] FAILED at: plugin-lottie-json TypeError: Class constructor SortableElement cannot be invoked without 'new'
    at http://localhost:5173/components/modals/RetargetOptInModal.jsx?t=1787450597038:26:22 @ http://localhost:5173/src/lib/popcornInit.js?t=1787450597038:55
[  136883ms] [LOG] [popcorn-init] OK: plugin-json-button @ http://localhost:5173/src/lib/popcornInit.js?t=1787450597038:48
[  136892ms] [ERROR] [popcorn-init] FAILED at: plugin-personalizedImage TypeError: Class constructor SortableElement cannot be invoked without 'new'
    at http://localhost:5173/components/modals/RetargetOptInModal.jsx?t=1787450597038:26:22 @ http://localhost:5173/src/lib/popcornInit.js?t=1787450597038:55
[  136898ms] [ERROR] [popcorn-init] FAILED at: plugin-loopPlugin TypeError: Class constructor SortableElement cannot be invoked without 'new'
    at http://localhost:5173/components/modals/RetargetOptInModal.jsx?t=1787450597038:26:22 @ http://localhost:5173/src/lib/popcornInit.js?t=1787450597038:55
[  136903ms] [ERROR] [popcorn-init] FAILED at: plugin-pausePlugin TypeError: Class constructor SortableElement cannot be invoked without 'new'
    at http://localhost:5173/components/modals/RetargetOptInModal.jsx?t=1787450597038:26:22 @ http://localhost:5173/src/lib/popcornInit.js?t=1787450597038:55
[  136916ms] [ERROR] [popcorn-init] FAILED at: plugin-form TypeError: Class constructor SortableElement cannot be invoked without 'new'
    at http://localhost:5173/components/modals/RetargetOptInModal.jsx?t=1787450597038:26:22 @ http://localhost:5173/src/lib/popcornInit.js?t=1787450597038:55
[  136930ms] [ERROR] [popcorn-init] FAILED at: plugin-retarget TypeError: Class constructor SortableElement cannot be invoked without 'new'
    at http://localhost:5173/components/modals/RetargetOptInModal.jsx?t=1787450597038:26:22 @ http://localhost:5173/src/lib/popcornInit.js?t=1787450597038:55
[  136931ms] [ERROR] Failed to load resource: the server responded with a status of 400 () @ https://clerk.smartvid.app/v1/environment?__clerk_api_version=2026-05-12&_clerk_js_version=6.29.2&_method=PATCH:0
[  136937ms] [LOG] [popcorn-init] OK: plugin-popup @ http://localhost:5173/src/lib/popcornInit.js?t=1787450597038:48
[  136970ms] [ERROR] [popcorn-init] FAILED at: plugin-sequencer TypeError: Class constructor SortableElement cannot be invoked without 'new'
    at http://localhost:5173/components/modals/RetargetOptInModal.jsx?t=1787450597038:26:22 @ http://localhost:5173/src/lib/popcornInit.js?t=1787450597038:55
[  136982ms] [ERROR] [popcorn-init] FAILED at: plugin-skip TypeError: Class constructor SortableElement cannot be invoked without 'new'
    at http://localhost:5173/components/modals/RetargetOptInModal.jsx?t=1787450597038:26:22 @ http://localhost:5173/src/lib/popcornInit.js?t=1787450597038:55
[  137011ms] [ERROR] [popcorn-init] FAILED at: plugin-text TypeError: Class constructor SortableElement cannot be invoked without 'new'
    at http://localhost:5173/components/modals/RetargetOptInModal.jsx?t=1787450597038:26:22 @ http://localhost:5173/src/lib/popcornInit.js?t=1787450597038:55
[  137019ms] [LOG] [popcorn-init] OK: plugin-social @ http://localhost:5173/src/lib/popcornInit.js?t=1787450597038:48
[  137025ms] [ERROR] [popcorn-init] FAILED at: plugin-jsonAnimation TypeError: Class constructor SortableElement cannot be invoked without 'new'
    at http://localhost:5173/components/modals/RetargetOptInModal.jsx?t=1787450597038:26:22 @ http://localhost:5173/src/lib/popcornInit.js?t=1787450597038:55
[  137044ms] [LOG] [popcorn-init] OK: plugin-videoTransition @ http://localhost:5173/src/lib/popcornInit.js?t=1787450597038:48
[  137054ms] [ERROR] [popcorn-init] FAILED at: plugin-seethroughtext TypeError: Class constructor SortableElement cannot be invoked without 'new'
    at http://localhost:5173/components/modals/RetargetOptInModal.jsx?t=1787450597038:26:22 @ http://localhost:5173/src/lib/popcornInit.js?t=1787450597038:55
[  137060ms] [LOG] [popcorn-init] OK: plugin-wikipedia @ http://localhost:5173/src/lib/popcornInit.js?t=1787450597038:48
[  137066ms] [ERROR] [popcorn-init] FAILED at: plugin-combined TypeError: Class constructor SortableElement cannot be invoked without 'new'
    at http://localhost:5173/components/modals/RetargetOptInModal.jsx?t=1787450597038:26:22 @ http://localhost:5173/src/lib/popcornInit.js?t=1787450597038:55
[  137076ms] [ERROR] [popcorn-init] FAILED at: plugin-background TypeError: Class constructor SortableElement cannot be invoked without 'new'
    at http://localhost:5173/components/modals/RetargetOptInModal.jsx?t=1787450597038:26:22 @ http://localhost:5173/src/lib/popcornInit.js?t=1787450597038:55
[  137076ms] [LOG] [popcorn-init] SUMMARY: 5/20 plugins registered; FAILED: plugin-image, plugin-jsonTransition, plugin-lottie-json, plugin-personalizedImage, plugin-loopPlugin, plugin-pausePlugin, plugin-form, plugin-retarget, plugin-sequencer, plugin-skip, plugin-text, plugin-jsonAnimation, plugin-seethroughtext, plugin-combined, plugin-background @ http://localhost:5173/src/lib/popcornInit.js?t=1787450597038:60
[  137077ms] [LOG] [popcorn] function 5 @ http://localhost:5173/src/main.js?t=1787450756399:4
[  193260ms] [LOG] [App] Starting initialization... @ http://localhost:5173/src/main.js?t=1787450815504:19
[  193277ms] [LOG] [popcorn-init] OK: jquery @ http://localhost:5173/src/lib/popcornInit.js?t=1787450815504:41
[  193277ms] [LOG] [popcorn-init] OK: jquery-textfill @ http://localhost:5173/src/lib/popcornInit.js?t=1787450815504:48
[  193278ms] [LOG] [popcorn-init] OK: popcorn-core @ http://localhost:5173/src/lib/popcornInit.js?t=1787450815504:48
[  193279ms] [LOG] [popcorn-init] OK: popcorn-ie8 @ http://localhost:5173/src/lib/popcornInit.js?t=1787450815504:48
[  193280ms] [LOG] [popcorn-init] OK: wrapper-common @ http://localhost:5173/src/lib/popcornInit.js?t=1787450815504:48
[  193280ms] [LOG] [popcorn-init] OK: wrapper-html5 @ http://localhost:5173/src/lib/popcornInit.js?t=1787450815504:48
[  193281ms] [LOG] [popcorn-init] OK: wrapper-vrview @ http://localhost:5173/src/lib/popcornInit.js?t=1787450815504:48
[  193281ms] [LOG] [popcorn-init] OK: wrapper-adaptive @ http://localhost:5173/src/lib/popcornInit.js?t=1787450815504:48
[  193282ms] [LOG] [popcorn-init] OK: wrapper-null @ http://localhost:5173/src/lib/popcornInit.js?t=1787450815504:48
[  193283ms] [LOG] [popcorn-init] OK: wrapper-soundcloud @ http://localhost:5173/src/lib/popcornInit.js?t=1787450815504:48
[  193283ms] [LOG] [popcorn-init] OK: wrapper-vimeo @ http://localhost:5173/src/lib/popcornInit.js?t=1787450815504:48
[  193284ms] [LOG] [popcorn-init] OK: wrapper-youtube @ http://localhost:5173/src/lib/popcornInit.js?t=1787450815504:48
[  193284ms] [LOG] [popcorn-init] OK: wrapper-jwplayer @ http://localhost:5173/src/lib/popcornInit.js?t=1787450815504:48
[  193285ms] [LOG] [popcorn-init] OK: player-module @ http://localhost:5173/src/lib/popcornInit.js?t=1787450815504:48
[  193561ms] [INFO] %cDownload the React DevTools for a better development experience: https://react.dev/link/react-devtools font-weight:bold @ http://localhost:5173/node_modules/.vite/deps/chunk-EEAUBQDT.js?v=51f3ee12:20096
[  193566ms] [LOG] [App] Initialized in 306.20ms @ http://localhost:5173/src/main.js?t=1787450815504:164
[  193566ms] [LOG] [App] Navigating to initial page: video @ http://localhost:5173/src/main.js?t=1787450815504:165
[  193567ms] [INFO] [App] Dev auth bypass active — skipping setup popup. @ http://localhost:5173/src/main.js?t=1787450815504:176
[  193570ms] [ERROR] [2026-08-23T02:06:57.472Z] [ERROR] Unhandled promise rejection | {"reason":"Assignment to constant variable."} @ http://localhost:5173/src/lib/logger.js:84
[  193570ms] [ERROR] TypeError: Assignment to constant variable.
    at navigate (http://localhost:5173/src/lib/router.js?t=1787450815504:185:16)
    at http://localhost:5173/src/main.js?t=1787450815504:175:5 @ http://localhost:5173/src/lib/logger.js:85
[  193571ms] [ERROR] [Unhandled Promise Rejection] TypeError: Assignment to constant variable.
    at navigate (http://localhost:5173/src/lib/router.js?t=1787450815504:185:16)
    at http://localhost:5173/src/main.js?t=1787450815504:175:5 @ http://localhost:5173/src/main.js?t=1787450815504:33
[  193571ms] [LOG] [Analytics] error {errorType: unhandled_rejection, message: Assignment to constant variable.} @ http://localhost:5173/src/lib/analytics.js:36
[  193572ms] TypeError: Assignment to constant variable.
    at navigate (http://localhost:5173/src/lib/router.js?t=1787450815504:185:16)
    at http://localhost:5173/src/main.js?t=1787450815504:175:5
[  194869ms] [ERROR] [ModalSystem] mount failed TypeError: Class constructor SortableElement cannot be invoked without 'new'
    at http://localhost:5173/components/modals/RetargetOptInModal.jsx?t=1787450815504:26:22 @ http://localhost:5173/src/main.js?t=1787450815504:329
[  194872ms] [ERROR] [popcorn-init] FAILED at: plugin-image TypeError: Class constructor SortableElement cannot be invoked without 'new'
    at http://localhost:5173/components/modals/RetargetOptInModal.jsx?t=1787450815504:26:22 @ http://localhost:5173/src/lib/popcornInit.js?t=1787450815504:55
[  194891ms] [ERROR] [popcorn-init] FAILED at: plugin-jsonTransition TypeError: Class constructor SortableElement cannot be invoked without 'new'
    at http://localhost:5173/components/modals/RetargetOptInModal.jsx?t=1787450815504:26:22 @ http://localhost:5173/src/lib/popcornInit.js?t=1787450815504:55
[  194901ms] [ERROR] [popcorn-init] FAILED at: plugin-lottie-json TypeError: Class constructor SortableElement cannot be invoked without 'new'
    at http://localhost:5173/components/modals/RetargetOptInModal.jsx?t=1787450815504:26:22 @ http://localhost:5173/src/lib/popcornInit.js?t=1787450815504:55
[  194909ms] [LOG] [popcorn-init] OK: plugin-json-button @ http://localhost:5173/src/lib/popcornInit.js?t=1787450815504:48
[  194914ms] [ERROR] [popcorn-init] FAILED at: plugin-personalizedImage TypeError: Class constructor SortableElement cannot be invoked without 'new'
    at http://localhost:5173/components/modals/RetargetOptInModal.jsx?t=1787450815504:26:22 @ http://localhost:5173/src/lib/popcornInit.js?t=1787450815504:55
[  194919ms] [ERROR] [popcorn-init] FAILED at: plugin-loopPlugin TypeError: Class constructor SortableElement cannot be invoked without 'new'
    at http://localhost:5173/components/modals/RetargetOptInModal.jsx?t=1787450815504:26:22 @ http://localhost:5173/src/lib/popcornInit.js?t=1787450815504:55
[  194929ms] [ERROR] [popcorn-init] FAILED at: plugin-pausePlugin TypeError: Class constructor SortableElement cannot be invoked without 'new'
    at http://localhost:5173/components/modals/RetargetOptInModal.jsx?t=1787450815504:26:22 @ http://localhost:5173/src/lib/popcornInit.js?t=1787450815504:55
[  194940ms] [ERROR] [popcorn-init] FAILED at: plugin-form TypeError: Class constructor SortableElement cannot be invoked without 'new'
    at http://localhost:5173/components/modals/RetargetOptInModal.jsx?t=1787450815504:26:22 @ http://localhost:5173/src/lib/popcornInit.js?t=1787450815504:55
[  194953ms] [ERROR] [popcorn-init] FAILED at: plugin-retarget TypeError: Class constructor SortableElement cannot be invoked without 'new'
    at http://localhost:5173/components/modals/RetargetOptInModal.jsx?t=1787450815504:26:22 @ http://localhost:5173/src/lib/popcornInit.js?t=1787450815504:55
[  194959ms] [LOG] [popcorn-init] OK: plugin-popup @ http://localhost:5173/src/lib/popcornInit.js?t=1787450815504:48
[  194965ms] [ERROR] [popcorn-init] FAILED at: plugin-sequencer TypeError: Class constructor SortableElement cannot be invoked without 'new'
    at http://localhost:5173/components/modals/RetargetOptInModal.jsx?t=1787450815504:26:22 @ http://localhost:5173/src/lib/popcornInit.js?t=1787450815504:55
[  194970ms] [ERROR] [popcorn-init] FAILED at: plugin-skip TypeError: Class constructor SortableElement cannot be invoked without 'new'
    at http://localhost:5173/components/modals/RetargetOptInModal.jsx?t=1787450815504:26:22 @ http://localhost:5173/src/lib/popcornInit.js?t=1787450815504:55
[  194974ms] [WARNING] Clerk: Clerk has been loaded with development keys. Development instances have strict usage limits and should not be used when deploying your application to production. Learn more: https://clerk.com/docs/deployments/overview @ https://clerk.smartvid.app/npm/@clerk/clerk-js@6/dist/clerk.browser.js:11
[  194999ms] [ERROR] [popcorn-init] FAILED at: plugin-text TypeError: Class constructor SortableElement cannot be invoked without 'new'
    at http://localhost:5173/components/modals/RetargetOptInModal.jsx?t=1787450815504:26:22 @ http://localhost:5173/src/lib/popcornInit.js?t=1787450815504:55
[  195006ms] [LOG] [popcorn-init] OK: plugin-social @ http://localhost:5173/src/lib/popcornInit.js?t=1787450815504:48
[  195013ms] [ERROR] [popcorn-init] FAILED at: plugin-jsonAnimation TypeError: Class constructor SortableElement cannot be invoked without 'new'
    at http://localhost:5173/components/modals/RetargetOptInModal.jsx?t=1787450815504:26:22 @ http://localhost:5173/src/lib/popcornInit.js?t=1787450815504:55
[  195023ms] [LOG] [popcorn-init] OK: plugin-videoTransition @ http://localhost:5173/src/lib/popcornInit.js?t=1787450815504:48
[  195030ms] [ERROR] [popcorn-init] FAILED at: plugin-seethroughtext TypeError: Class constructor SortableElement cannot be invoked without 'new'
    at http://localhost:5173/components/modals/RetargetOptInModal.jsx?t=1787450815504:26:22 @ http://localhost:5173/src/lib/popcornInit.js?t=1787450815504:55
[  195034ms] [LOG] [popcorn-init] OK: plugin-wikipedia @ http://localhost:5173/src/lib/popcornInit.js?t=1787450815504:48
[  195039ms] [ERROR] [popcorn-init] FAILED at: plugin-combined TypeError: Class constructor SortableElement cannot be invoked without 'new'
    at http://localhost:5173/components/modals/RetargetOptInModal.jsx?t=1787450815504:26:22 @ http://localhost:5173/src/lib/popcornInit.js?t=1787450815504:55
[  195046ms] [ERROR] [popcorn-init] FAILED at: plugin-background TypeError: Class constructor SortableElement cannot be invoked without 'new'
    at http://localhost:5173/components/modals/RetargetOptInModal.jsx?t=1787450815504:26:22 @ http://localhost:5173/src/lib/popcornInit.js?t=1787450815504:55
[  195046ms] [LOG] [popcorn-init] SUMMARY: 5/20 plugins registered; FAILED: plugin-image, plugin-jsonTransition, plugin-lottie-json, plugin-personalizedImage, plugin-loopPlugin, plugin-pausePlugin, plugin-form, plugin-retarget, plugin-sequencer, plugin-skip, plugin-text, plugin-jsonAnimation, plugin-seethroughtext, plugin-combined, plugin-background @ http://localhost:5173/src/lib/popcornInit.js?t=1787450815504:60
[  195046ms] [LOG] [popcorn] function 5 @ http://localhost:5173/src/main.js?t=1787450815504:4
[  195056ms] [ERROR] Failed to load resource: the server responded with a status of 400 () @ https://clerk.smartvid.app/v1/environment?__clerk_api_version=2026-05-12&_clerk_js_version=6.29.2&_method=PATCH:0
[  387742ms] [ERROR] Failed to load resource: the server responded with a status of 500 (Internal Server Error) @ http://localhost:5173/src/style.css?t=1787451009506:0
[  387743ms] [ERROR] Failed to load resource: the server responded with a status of 500 (Internal Server Error) @ http://localhost:5173/src/style.css?t=1787451009512:0
[  387743ms] [ERROR] Failed to load resource: the server responded with a status of 500 (Internal Server Error) @ http://localhost:5173/src/style.css?t=1787451009514:0
[  387746ms] [ERROR] Failed to load resource: the server responded with a status of 500 (Internal Server Error) @ http://localhost:5173/src/style.css?t=1787451009520:0
[  387746ms] [ERROR] Failed to load resource: the server responded with a status of 500 (Internal Server Error) @ http://localhost:5173/src/style.css?t=1787451009522:0
[  387746ms] [ERROR] Failed to load resource: the server responded with a status of 500 (Internal Server Error) @ http://localhost:5173/src/style.css?t=1787451009501:0
[  387747ms] [ERROR] [hmr] Failed to reload /src/style.css. This could be due to syntax errors or importing non-existent modules. (see errors above) @ http://localhost:5173/@vite/client:175
[  387747ms] [ERROR] [hmr] Failed to reload /src/style.css. This could be due to syntax errors or importing non-existent modules. (see errors above) @ http://localhost:5173/@vite/client:175
[  387747ms] [ERROR] [hmr] Failed to reload /src/style.css. This could be due to syntax errors or importing non-existent modules. (see errors above) @ http://localhost:5173/@vite/client:175
[  387752ms] [ERROR] [hmr] Failed to reload /src/style.css. This could be due to syntax errors or importing non-existent modules. (see errors above) @ http://localhost:5173/@vite/client:175
[  387752ms] [ERROR] [hmr] Failed to reload /src/style.css. This could be due to syntax errors or importing non-existent modules. (see errors above) @ http://localhost:5173/@vite/client:175
[  387752ms] [ERROR] [hmr] Failed to reload /src/style.css. This could be due to syntax errors or importing non-existent modules. (see errors above) @ http://localhost:5173/@vite/client:175
[  390203ms] [ERROR] Failed to load resource: the server responded with a status of 404 (Not Found) @ http://localhost:5173/src/lib/clerkInit.js?t=1787451011084:0
[  392463ms] [ERROR] Failed to load resource: the server responded with a status of 404 (Not Found) @ http://localhost:5173/src/lib/clerkInit.js?t=1787451011084:0
[  392712ms] [ERROR] Failed to load resource: the server responded with a status of 504 (Outdated Request) @ http://localhost:5173/src/lib/analytics.js:0
[  392721ms] [ERROR] Failed to load resource: the server responded with a status of 504 (Outdated Request) @ http://localhost:5173/src/style.css?t=1787451015943:0
[  392725ms] [ERROR] Failed to load resource: the server responded with a status of 504 (Outdated Request) @ http://localhost:5173/src/components/Header.js?t=1787451015942:0
[  392727ms] [ERROR] Failed to load resource: the server responded with a status of 504 (Outdated Request) @ http://localhost:5173/src/components/Sidebar.js?t=1787451015938:0
[  392812ms] [ERROR] Failed to load resource: the server responded with a status of 504 (Outdated Request) @ http://localhost:5173/src/lib/apiKeyManager.js:0
[  392816ms] [ERROR] Failed to load resource: the server responded with a status of 504 (Outdated Request) @ http://localhost:5173/src/lib/loading.js:0
[  393446ms] [LOG] [vite] server connection lost. Polling for restart... @ http://localhost:5173/@vite/client:559
[  393450ms] [ERROR] Failed to load resource: net::ERR_CONNECTION_REFUSED @ http://localhost:5173/:0
[  395880ms] [ERROR] Failed to load resource: the server responded with a status of 500 (Internal Server Error) @ http://localhost:5173/src/main.js:0
[  400778ms] [ERROR] Failed to load resource: the server responded with a status of 500 (Internal Server Error) @ http://localhost:5173/src/main.js?t=1787451020388:0
[  403439ms] [ERROR] Failed to load resource: the server responded with a status of 500 (Internal Server Error) @ http://localhost:5173/src/main.js?t=1787451024650:0
[  413738ms] [LOG] [vite] server connection lost. Polling for restart... @ http://localhost:5173/@vite/client:559
[  420095ms] [LOG] [App] Starting initialization... @ http://localhost:5173/src/main.js:19
[  420364ms] [LOG] [popcorn-init] OK: jquery @ http://localhost:5173/src/lib/popcornInit.js:41
[  420884ms] [LOG] [popcorn-init] OK: jquery-textfill @ http://localhost:5173/src/lib/popcornInit.js:48
[  423164ms] [LOG] [popcorn-init] OK: popcorn-core @ http://localhost:5173/src/lib/popcornInit.js:48
[  431361ms] [LOG] [App] Starting initialization... @ http://localhost:5173/src/main.js:19
[  432122ms] [LOG] [popcorn-init] OK: jquery @ http://localhost:5173/src/lib/popcornInit.js:41
[  432857ms] [LOG] [popcorn-init] OK: jquery-textfill @ http://localhost:5173/src/lib/popcornInit.js:48
[  433888ms] [LOG] [popcorn-init] OK: popcorn-core @ http://localhost:5173/src/lib/popcornInit.js:48
[  434261ms] [LOG] [popcorn-init] OK: popcorn-ie8 @ http://localhost:5173/src/lib/popcornInit.js:48
[  434350ms] [LOG] [popcorn-init] OK: wrapper-common @ http://localhost:5173/src/lib/popcornInit.js:48
[  434425ms] [INFO] %cDownload the React DevTools for a better development experience: https://react.dev/link/react-devtools font-weight:bold @ http://localhost:5173/node_modules/.vite/deps/chunk-EEAUBQDT.js?v=7b4ba4fd:20096
[  434444ms] [LOG] [App] Initialized in 3083.60ms @ http://localhost:5173/src/main.js:164
[  434445ms] [LOG] [App] Navigating to initial page: video @ http://localhost:5173/src/main.js:165
[  434445ms] [INFO] [App] Dev auth bypass active — skipping setup popup. @ http://localhost:5173/src/main.js:176
[  434470ms] [ERROR] [2026-08-23T02:10:58.371Z] [ERROR] Unhandled promise rejection | {"reason":"Assignment to constant variable."} @ http://localhost:5173/src/lib/logger.js:84
[  434470ms] [ERROR] TypeError: Assignment to constant variable.
    at navigate (http://localhost:5173/src/lib/router.js:185:16)
    at http://localhost:5173/src/main.js:175:5 @ http://localhost:5173/src/lib/logger.js:85
[  434470ms] [ERROR] [Unhandled Promise Rejection] TypeError: Assignment to constant variable.
    at navigate (http://localhost:5173/src/lib/router.js:185:16)
    at http://localhost:5173/src/main.js:175:5 @ http://localhost:5173/src/main.js:33
[  434471ms] [LOG] [Analytics] error {errorType: unhandled_rejection, message: Assignment to constant variable.} @ http://localhost:5173/src/lib/analytics.js:36
[  434472ms] TypeError: Assignment to constant variable.
    at navigate (http://localhost:5173/src/lib/router.js:185:16)
    at http://localhost:5173/src/main.js:175:5
[  434471ms] [LOG] [popcorn-init] OK: wrapper-html5 @ http://localhost:5173/src/lib/popcornInit.js:48
[  434482ms] [ERROR] [ModalSystem] mount failed TypeError: Class constructor SortableElement cannot be invoked without 'new'
    at http://localhost:5173/components/modals/RetargetOptInModal.jsx:26:22 @ http://localhost:5173/src/main.js:329
[  434486ms] [LOG] [popcorn-init] OK: wrapper-vrview @ http://localhost:5173/src/lib/popcornInit.js:48
[  434511ms] [LOG] [popcorn-init] OK: wrapper-adaptive @ http://localhost:5173/src/lib/popcornInit.js:48
[  434524ms] [LOG] [popcorn-init] OK: wrapper-null @ http://localhost:5173/src/lib/popcornInit.js:48
[  434554ms] [LOG] [popcorn-init] OK: wrapper-soundcloud @ http://localhost:5173/src/lib/popcornInit.js:48
[  434565ms] [LOG] [popcorn-init] OK: wrapper-vimeo @ http://localhost:5173/src/lib/popcornInit.js:48
[  434575ms] [LOG] [popcorn-init] OK: wrapper-youtube @ http://localhost:5173/src/lib/popcornInit.js:48
[  434583ms] [LOG] [popcorn-init] OK: wrapper-jwplayer @ http://localhost:5173/src/lib/popcornInit.js:48
[  434591ms] [LOG] [popcorn-init] OK: player-module @ http://localhost:5173/src/lib/popcornInit.js:48
[  434666ms] [WARNING] Clerk: Clerk has been loaded with development keys. Development instances have strict usage limits and should not be used when deploying your application to production. Learn more: https://clerk.com/docs/deployments/overview @ https://clerk.smartvid.app/npm/@clerk/clerk-js@6/dist/clerk.browser.js:11
[  434721ms] [ERROR] [popcorn-init] FAILED at: plugin-image TypeError: Class constructor SortableElement cannot be invoked without 'new'
    at http://localhost:5173/components/modals/RetargetOptInModal.jsx:26:22 @ http://localhost:5173/src/lib/popcornInit.js:55
[  434888ms] [ERROR] Failed to load resource: the server responded with a status of 400 () @ https://clerk.smartvid.app/v1/environment?__clerk_api_version=2026-05-12&_clerk_js_version=6.29.2&_method=PATCH:0
[  435825ms] [ERROR] [popcorn-init] FAILED at: plugin-jsonTransition TypeError: Class constructor SortableElement cannot be invoked without 'new'
    at http://localhost:5173/components/modals/RetargetOptInModal.jsx:26:22 @ http://localhost:5173/src/lib/popcornInit.js:55
[  438988ms] [LOG] [App] Starting initialization... @ http://localhost:5173/src/main.js:19
[  439052ms] [LOG] [popcorn-init] OK: jquery @ http://localhost:5173/src/lib/popcornInit.js:41
[  440057ms] [LOG] [popcorn-init] OK: jquery-textfill @ http://localhost:5173/src/lib/popcornInit.js:48
[  441138ms] [LOG] [popcorn-init] OK: popcorn-core @ http://localhost:5173/src/lib/popcornInit.js:48
[  441776ms] [LOG] [popcorn-init] OK: popcorn-ie8 @ http://localhost:5173/src/lib/popcornInit.js:48
[  441928ms] [INFO] %cDownload the React DevTools for a better development experience: https://react.dev/link/react-devtools font-weight:bold @ http://localhost:5173/node_modules/.vite/deps/chunk-EEAUBQDT.js?v=2834caec:20096
[  441945ms] [LOG] [App] Initialized in 2956.90ms @ http://localhost:5173/src/main.js:164
[  441945ms] [LOG] [App] Navigating to initial page: video @ http://localhost:5173/src/main.js:165
[  441945ms] [INFO] [App] Dev auth bypass active — skipping setup popup. @ http://localhost:5173/src/main.js:176
[  441965ms] [ERROR] [2026-08-23T02:11:05.867Z] [ERROR] Unhandled promise rejection | {"reason":"Assignment to constant variable."} @ http://localhost:5173/src/lib/logger.js:84
[  441966ms] [ERROR] TypeError: Assignment to constant variable.
    at navigate (http://localhost:5173/src/lib/router.js:185:16)
    at http://localhost:5173/src/main.js:175:5 @ http://localhost:5173/src/lib/logger.js:85
[  441966ms] [ERROR] [Unhandled Promise Rejection] TypeError: Assignment to constant variable.
    at navigate (http://localhost:5173/src/lib/router.js:185:16)
    at http://localhost:5173/src/main.js:175:5 @ http://localhost:5173/src/main.js:33
[  441966ms] [LOG] [Analytics] error {errorType: unhandled_rejection, message: Assignment to constant variable.} @ http://localhost:5173/src/lib/analytics.js:36
[  441967ms] TypeError: Assignment to constant variable.
    at navigate (http://localhost:5173/src/lib/router.js:185:16)
    at http://localhost:5173/src/main.js:175:5
[  441978ms] [LOG] [popcorn-init] OK: wrapper-common @ http://localhost:5173/src/lib/popcornInit.js:48
[  441995ms] [LOG] [popcorn-init] OK: wrapper-html5 @ http://localhost:5173/src/lib/popcornInit.js:48
[  442014ms] [ERROR] [ModalSystem] mount failed TypeError: Class constructor SortableElement cannot be invoked without 'new'
    at http://localhost:5173/components/modals/RetargetOptInModal.jsx:26:22 @ http://localhost:5173/src/main.js:329
[  442046ms] [LOG] [popcorn-init] OK: wrapper-vrview @ http://localhost:5173/src/lib/popcornInit.js:48
[  442056ms] [LOG] [popcorn-init] OK: wrapper-adaptive @ http://localhost:5173/src/lib/popcornInit.js:48
[  442064ms] [LOG] [popcorn-init] OK: wrapper-null @ http://localhost:5173/src/lib/popcornInit.js:48
[  442072ms] [LOG] [popcorn-init] OK: wrapper-soundcloud @ http://localhost:5173/src/lib/popcornInit.js:48
[  442080ms] [LOG] [popcorn-init] OK: wrapper-vimeo @ http://localhost:5173/src/lib/popcornInit.js:48
[  442089ms] [LOG] [popcorn-init] OK: wrapper-youtube @ http://localhost:5173/src/lib/popcornInit.js:48
[  442096ms] [LOG] [popcorn-init] OK: wrapper-jwplayer @ http://localhost:5173/src/lib/popcornInit.js:48
[  442107ms] [LOG] [popcorn-init] OK: player-module @ http://localhost:5173/src/lib/popcornInit.js:48
[  442162ms] [WARNING] Clerk: Clerk has been loaded with development keys. Development instances have strict usage limits and should not be used when deploying your application to production. Learn more: https://clerk.com/docs/deployments/overview @ https://clerk.smartvid.app/npm/@clerk/clerk-js@6/dist/clerk.browser.js:11
[  442195ms] [ERROR] [popcorn-init] FAILED at: plugin-image TypeError: Class constructor SortableElement cannot be invoked without 'new'
    at http://localhost:5173/components/modals/RetargetOptInModal.jsx:26:22 @ http://localhost:5173/src/lib/popcornInit.js:55
[  442233ms] [ERROR] [popcorn-init] FAILED at: plugin-jsonTransition TypeError: Class constructor SortableElement cannot be invoked without 'new'
    at http://localhost:5173/components/modals/RetargetOptInModal.jsx:26:22 @ http://localhost:5173/src/lib/popcornInit.js:55
[  442241ms] [ERROR] [popcorn-init] FAILED at: plugin-lottie-json TypeError: Class constructor SortableElement cannot be invoked without 'new'
    at http://localhost:5173/components/modals/RetargetOptInModal.jsx:26:22 @ http://localhost:5173/src/lib/popcornInit.js:55
[  442248ms] [ERROR] Failed to load resource: the server responded with a status of 400 () @ https://clerk.smartvid.app/v1/environment?__clerk_api_version=2026-05-12&_clerk_js_version=6.29.2&_method=PATCH:0
[  442297ms] [LOG] [popcorn-init] OK: plugin-json-button @ http://localhost:5173/src/lib/popcornInit.js:48
[  442328ms] [ERROR] [popcorn-init] FAILED at: plugin-personalizedImage TypeError: Class constructor SortableElement cannot be invoked without 'new'
    at http://localhost:5173/components/modals/RetargetOptInModal.jsx:26:22 @ http://localhost:5173/src/lib/popcornInit.js:55
[  442344ms] [ERROR] [popcorn-init] FAILED at: plugin-loopPlugin TypeError: Class constructor SortableElement cannot be invoked without 'new'
    at http://localhost:5173/components/modals/RetargetOptInModal.jsx:26:22 @ http://localhost:5173/src/lib/popcornInit.js:55
[  442359ms] [ERROR] [popcorn-init] FAILED at: plugin-pausePlugin TypeError: Class constructor SortableElement cannot be invoked without 'new'
    at http://localhost:5173/components/modals/RetargetOptInModal.jsx:26:22 @ http://localhost:5173/src/lib/popcornInit.js:55
[  442429ms] [ERROR] [popcorn-init] FAILED at: plugin-form TypeError: Class constructor SortableElement cannot be invoked without 'new'
    at http://localhost:5173/components/modals/RetargetOptInModal.jsx:26:22 @ http://localhost:5173/src/lib/popcornInit.js:55
[  442584ms] [ERROR] [popcorn-init] FAILED at: plugin-retarget TypeError: Class constructor SortableElement cannot be invoked without 'new'
    at http://localhost:5173/components/modals/RetargetOptInModal.jsx:26:22 @ http://localhost:5173/src/lib/popcornInit.js:55
[  442614ms] [LOG] [popcorn-init] OK: plugin-popup @ http://localhost:5173/src/lib/popcornInit.js:48
[  442663ms] [ERROR] [popcorn-init] FAILED at: plugin-sequencer TypeError: Class constructor SortableElement cannot be invoked without 'new'
    at http://localhost:5173/components/modals/RetargetOptInModal.jsx:26:22 @ http://localhost:5173/src/lib/popcornInit.js:55
[  442676ms] [ERROR] [popcorn-init] FAILED at: plugin-skip TypeError: Class constructor SortableElement cannot be invoked without 'new'
    at http://localhost:5173/components/modals/RetargetOptInModal.jsx:26:22 @ http://localhost:5173/src/lib/popcornInit.js:55
[  442754ms] [ERROR] [popcorn-init] FAILED at: plugin-text TypeError: Class constructor SortableElement cannot be invoked without 'new'
    at http://localhost:5173/components/modals/RetargetOptInModal.jsx:26:22 @ http://localhost:5173/src/lib/popcornInit.js:55
[  442782ms] [LOG] [popcorn-init] OK: plugin-social @ http://localhost:5173/src/lib/popcornInit.js:48
[  442810ms] [ERROR] [popcorn-init] FAILED at: plugin-jsonAnimation TypeError: Class constructor SortableElement cannot be invoked without 'new'
    at http://localhost:5173/components/modals/RetargetOptInModal.jsx:26:22 @ http://localhost:5173/src/lib/popcornInit.js:55
[  442865ms] [LOG] [popcorn-init] OK: plugin-videoTransition @ http://localhost:5173/src/lib/popcornInit.js:48
[  442897ms] [ERROR] [popcorn-init] FAILED at: plugin-seethroughtext TypeError: Class constructor SortableElement cannot be invoked without 'new'
    at http://localhost:5173/components/modals/RetargetOptInModal.jsx:26:22 @ http://localhost:5173/src/lib/popcornInit.js:55
[  442939ms] [LOG] [popcorn-init] OK: plugin-wikipedia @ http://localhost:5173/src/lib/popcornInit.js:48
[  442958ms] [ERROR] [popcorn-init] FAILED at: plugin-combined TypeError: Class constructor SortableElement cannot be invoked without 'new'
    at http://localhost:5173/components/modals/RetargetOptInModal.jsx:26:22 @ http://localhost:5173/src/lib/popcornInit.js:55
[  442980ms] [ERROR] [popcorn-init] FAILED at: plugin-background TypeError: Class constructor SortableElement cannot be invoked without 'new'
    at http://localhost:5173/components/modals/RetargetOptInModal.jsx:26:22 @ http://localhost:5173/src/lib/popcornInit.js:55
[  442980ms] [LOG] [popcorn-init] SUMMARY: 5/20 plugins registered; FAILED: plugin-image, plugin-jsonTransition, plugin-lottie-json, plugin-personalizedImage, plugin-loopPlugin, plugin-pausePlugin, plugin-form, plugin-retarget, plugin-sequencer, plugin-skip, plugin-text, plugin-jsonAnimation, plugin-seethroughtext, plugin-combined, plugin-background @ http://localhost:5173/src/lib/popcornInit.js:60
[  442980ms] [LOG] [popcorn] function 5 @ http://localhost:5173/src/main.js:4
[  479698ms] [ERROR] Failed to load resource: the server responded with a status of 500 (Internal Server Error) @ http://localhost:5173/src/lib/muapi.js?t=1787451101781:0
[  479855ms] [LOG] [App] Starting initialization... @ http://localhost:5173/src/main.js?t=1787451101781:19
[  479907ms] [LOG] [popcorn-init] OK: jquery @ http://localhost:5173/src/lib/popcornInit.js?t=1787451101780:41
[  479914ms] [LOG] [popcorn-init] OK: jquery-textfill @ http://localhost:5173/src/lib/popcornInit.js?t=1787451101780:48
[  479917ms] [LOG] [popcorn-init] OK: popcorn-core @ http://localhost:5173/src/lib/popcornInit.js?t=1787451101780:48
[  479919ms] [LOG] [popcorn-init] OK: popcorn-ie8 @ http://localhost:5173/src/lib/popcornInit.js?t=1787451101780:48
[  479920ms] [LOG] [popcorn-init] OK: wrapper-common @ http://localhost:5173/src/lib/popcornInit.js?t=1787451101780:48
[  479921ms] [LOG] [popcorn-init] OK: wrapper-html5 @ http://localhost:5173/src/lib/popcornInit.js?t=1787451101780:48
[  479922ms] [LOG] [popcorn-init] OK: wrapper-vrview @ http://localhost:5173/src/lib/popcornInit.js?t=1787451101780:48
[  479922ms] [LOG] [popcorn-init] OK: wrapper-adaptive @ http://localhost:5173/src/lib/popcornInit.js?t=1787451101780:48
[  479923ms] [LOG] [popcorn-init] OK: wrapper-null @ http://localhost:5173/src/lib/popcornInit.js?t=1787451101780:48
[  479924ms] [LOG] [popcorn-init] OK: wrapper-soundcloud @ http://localhost:5173/src/lib/popcornInit.js?t=1787451101780:48
[  479925ms] [LOG] [popcorn-init] OK: wrapper-vimeo @ http://localhost:5173/src/lib/popcornInit.js?t=1787451101780:48
[  479925ms] [LOG] [popcorn-init] OK: wrapper-youtube @ http://localhost:5173/src/lib/popcornInit.js?t=1787451101780:48
[  479926ms] [LOG] [popcorn-init] OK: wrapper-jwplayer @ http://localhost:5173/src/lib/popcornInit.js?t=1787451101780:48
[  479927ms] [LOG] [popcorn-init] OK: player-module @ http://localhost:5173/src/lib/popcornInit.js?t=1787451101780:48
[  480128ms] [ERROR] Failed to load resource: the server responded with a status of 500 (Internal Server Error) @ http://localhost:5173/src/lib/muapi.js?t=1787451101781:0
[  480167ms] [WARNING] [App] HeaderAuth.jsx failed to load, continuing without header auth: TypeError: Failed to fetch dynamically imported module: http://localhost:5173/src/components/auth/HeaderAuth.jsx?t=1787451101781 @ http://localhost:5173/src/main.js?t=1787451101781:135
[  480168ms] [LOG] [App] Initialized in 312.90ms @ http://localhost:5173/src/main.js?t=1787451101781:164
[  480168ms] [LOG] [App] Navigating to initial page: video @ http://localhost:5173/src/main.js?t=1787451101781:165
[  480169ms] [INFO] [App] Dev auth bypass active — skipping setup popup. @ http://localhost:5173/src/main.js?t=1787451101781:176
[  480175ms] [ERROR] [2026-08-23T02:11:44.076Z] [ERROR] Unhandled promise rejection | {"reason":"Assignment to constant variable."} @ http://localhost:5173/src/lib/logger.js:84
[  480175ms] [ERROR] TypeError: Assignment to constant variable.
    at navigate (http://localhost:5173/src/lib/router.js?t=1787451101780:185:16)
    at http://localhost:5173/src/main.js?t=1787451101781:175:5 @ http://localhost:5173/src/lib/logger.js:85
[  480175ms] [ERROR] [Unhandled Promise Rejection] TypeError: Assignment to constant variable.
    at navigate (http://localhost:5173/src/lib/router.js?t=1787451101780:185:16)
    at http://localhost:5173/src/main.js?t=1787451101781:175:5 @ http://localhost:5173/src/main.js?t=1787451101781:33
[  480176ms] [LOG] [Analytics] error {errorType: unhandled_rejection, message: Assignment to constant variable.} @ http://localhost:5173/src/lib/analytics.js:36
[  480215ms] TypeError: Assignment to constant variable.
    at navigate (http://localhost:5173/src/lib/router.js?t=1787451101780:185:16)
    at http://localhost:5173/src/main.js?t=1787451101781:175:5
[  480776ms] [ERROR] [popcorn-init] FAILED at: plugin-image TypeError: Class constructor SortableElement cannot be invoked without 'new'
    at http://localhost:5173/components/modals/RetargetOptInModal.jsx?t=1787451101780:26:22 @ http://localhost:5173/src/lib/popcornInit.js?t=1787451101780:55
[  480779ms] [INFO] %cDownload the React DevTools for a better development experience: https://react.dev/link/react-devtools font-weight:bold @ http://localhost:5173/node_modules/.vite/deps/chunk-EEAUBQDT.js?v=2834caec:20096
[  480779ms] [ERROR] [ModalSystem] mount failed TypeError: Class constructor SortableElement cannot be invoked without 'new'
    at http://localhost:5173/components/modals/RetargetOptInModal.jsx?t=1787451101780:26:22 @ http://localhost:5173/src/main.js?t=1787451101781:329
[  480862ms] [ERROR] [popcorn-init] FAILED at: plugin-jsonTransition TypeError: Class constructor SortableElement cannot be invoked without 'new'
    at http://localhost:5173/components/modals/RetargetOptInModal.jsx?t=1787451101780:26:22 @ http://localhost:5173/src/lib/popcornInit.js?t=1787451101780:55
[  480870ms] [ERROR] [popcorn-init] FAILED at: plugin-lottie-json TypeError: Class constructor SortableElement cannot be invoked without 'new'
    at http://localhost:5173/components/modals/RetargetOptInModal.jsx?t=1787451101780:26:22 @ http://localhost:5173/src/lib/popcornInit.js?t=1787451101780:55
[  480877ms] [LOG] [popcorn-init] OK: plugin-json-button @ http://localhost:5173/src/lib/popcornInit.js?t=1787451101780:48
[  480884ms] [ERROR] [popcorn-init] FAILED at: plugin-personalizedImage TypeError: Class constructor SortableElement cannot be invoked without 'new'
    at http://localhost:5173/components/modals/RetargetOptInModal.jsx?t=1787451101780:26:22 @ http://localhost:5173/src/lib/popcornInit.js?t=1787451101780:55
[  480889ms] [ERROR] [popcorn-init] FAILED at: plugin-loopPlugin TypeError: Class constructor SortableElement cannot be invoked without 'new'
    at http://localhost:5173/components/modals/RetargetOptInModal.jsx?t=1787451101780:26:22 @ http://localhost:5173/src/lib/popcornInit.js?t=1787451101780:55
[  480894ms] [ERROR] [popcorn-init] FAILED at: plugin-pausePlugin TypeError: Class constructor SortableElement cannot be invoked without 'new'
    at http://localhost:5173/components/modals/RetargetOptInModal.jsx?t=1787451101780:26:22 @ http://localhost:5173/src/lib/popcornInit.js?t=1787451101780:55
[  480907ms] [ERROR] [popcorn-init] FAILED at: plugin-form TypeError: Class constructor SortableElement cannot be invoked without 'new'
    at http://localhost:5173/components/modals/RetargetOptInModal.jsx?t=1787451101780:26:22 @ http://localhost:5173/src/lib/popcornInit.js?t=1787451101780:55
[  480923ms] [ERROR] [popcorn-init] FAILED at: plugin-retarget TypeError: Class constructor SortableElement cannot be invoked without 'new'
    at http://localhost:5173/components/modals/RetargetOptInModal.jsx?t=1787451101780:26:22 @ http://localhost:5173/src/lib/popcornInit.js?t=1787451101780:55
[  480930ms] [LOG] [popcorn-init] OK: plugin-popup @ http://localhost:5173/src/lib/popcornInit.js?t=1787451101780:48
[  480937ms] [ERROR] [popcorn-init] FAILED at: plugin-sequencer TypeError: Class constructor SortableElement cannot be invoked without 'new'
    at http://localhost:5173/components/modals/RetargetOptInModal.jsx?t=1787451101780:26:22 @ http://localhost:5173/src/lib/popcornInit.js?t=1787451101780:55
[  480942ms] [ERROR] [popcorn-init] FAILED at: plugin-skip TypeError: Class constructor SortableElement cannot be invoked without 'new'
    at http://localhost:5173/components/modals/RetargetOptInModal.jsx?t=1787451101780:26:22 @ http://localhost:5173/src/lib/popcornInit.js?t=1787451101780:55
[  480963ms] [ERROR] [popcorn-init] FAILED at: plugin-text TypeError: Class constructor SortableElement cannot be invoked without 'new'
    at http://localhost:5173/components/modals/RetargetOptInModal.jsx?t=1787451101780:26:22 @ http://localhost:5173/src/lib/popcornInit.js?t=1787451101780:55
[  480972ms] [LOG] [popcorn-init] OK: plugin-social @ http://localhost:5173/src/lib/popcornInit.js?t=1787451101780:48
[  480978ms] [ERROR] [popcorn-init] FAILED at: plugin-jsonAnimation TypeError: Class constructor SortableElement cannot be invoked without 'new'
    at http://localhost:5173/components/modals/RetargetOptInModal.jsx?t=1787451101780:26:22 @ http://localhost:5173/src/lib/popcornInit.js?t=1787451101780:55
[  480990ms] [LOG] [popcorn-init] OK: plugin-videoTransition @ http://localhost:5173/src/lib/popcornInit.js?t=1787451101780:48
[  480996ms] [ERROR] [popcorn-init] FAILED at: plugin-seethroughtext TypeError: Class constructor SortableElement cannot be invoked without 'new'
    at http://localhost:5173/components/modals/RetargetOptInModal.jsx?t=1787451101780:26:22 @ http://localhost:5173/src/lib/popcornInit.js?t=1787451101780:55
[  481001ms] [LOG] [popcorn-init] OK: plugin-wikipedia @ http://localhost:5173/src/lib/popcornInit.js?t=1787451101780:48
[  481007ms] [ERROR] [popcorn-init] FAILED at: plugin-combined TypeError: Class constructor SortableElement cannot be invoked without 'new'
    at http://localhost:5173/components/modals/RetargetOptInModal.jsx?t=1787451101780:26:22 @ http://localhost:5173/src/lib/popcornInit.js?t=1787451101780:55
[  481013ms] [ERROR] [popcorn-init] FAILED at: plugin-background TypeError: Class constructor SortableElement cannot be invoked without 'new'
    at http://localhost:5173/components/modals/RetargetOptInModal.jsx?t=1787451101780:26:22 @ http://localhost:5173/src/lib/popcornInit.js?t=1787451101780:55
[  481013ms] [LOG] [popcorn-init] SUMMARY: 5/20 plugins registered; FAILED: plugin-image, plugin-jsonTransition, plugin-lottie-json, plugin-personalizedImage, plugin-loopPlugin, plugin-pausePlugin, plugin-form, plugin-retarget, plugin-sequencer, plugin-skip, plugin-text, plugin-jsonAnimation, plugin-seethroughtext, plugin-combined, plugin-background @ http://localhost:5173/src/lib/popcornInit.js?t=1787451101780:60
[  481013ms] [LOG] [popcorn] function 5 @ http://localhost:5173/src/main.js?t=1787451101781:4
[  496060ms] [LOG] [App] Starting initialization... @ http://localhost:5173/src/main.js?t=1787451118476:19
[  496078ms] [LOG] [popcorn-init] OK: jquery @ http://localhost:5173/src/lib/popcornInit.js?t=1787451101780:41
[  496082ms] [LOG] [popcorn-init] OK: jquery-textfill @ http://localhost:5173/src/lib/popcornInit.js?t=1787451101780:48
[  496086ms] [LOG] [popcorn-init] OK: popcorn-core @ http://localhost:5173/src/lib/popcornInit.js?t=1787451101780:48
[  496086ms] [LOG] [popcorn-init] OK: popcorn-ie8 @ http://localhost:5173/src/lib/popcornInit.js?t=1787451101780:48
[  496087ms] [LOG] [popcorn-init] OK: wrapper-common @ http://localhost:5173/src/lib/popcornInit.js?t=1787451101780:48
[  496087ms] [LOG] [popcorn-init] OK: wrapper-html5 @ http://localhost:5173/src/lib/popcornInit.js?t=1787451101780:48
[  496088ms] [LOG] [popcorn-init] OK: wrapper-vrview @ http://localhost:5173/src/lib/popcornInit.js?t=1787451101780:48
[  496088ms] [LOG] [popcorn-init] OK: wrapper-adaptive @ http://localhost:5173/src/lib/popcornInit.js?t=1787451101780:48
[  496088ms] [LOG] [popcorn-init] OK: wrapper-null @ http://localhost:5173/src/lib/popcornInit.js?t=1787451101780:48
[  496089ms] [LOG] [popcorn-init] OK: wrapper-soundcloud @ http://localhost:5173/src/lib/popcornInit.js?t=1787451101780:48
[  496089ms] [LOG] [popcorn-init] OK: wrapper-vimeo @ http://localhost:5173/src/lib/popcornInit.js?t=1787451101780:48
[  496089ms] [LOG] [popcorn-init] OK: wrapper-youtube @ http://localhost:5173/src/lib/popcornInit.js?t=1787451101780:48
[  496090ms] [LOG] [popcorn-init] OK: wrapper-jwplayer @ http://localhost:5173/src/lib/popcornInit.js?t=1787451101780:48
[  496090ms] [LOG] [popcorn-init] OK: player-module @ http://localhost:5173/src/lib/popcornInit.js?t=1787451101780:48
[  496862ms] [INFO] %cDownload the React DevTools for a better development experience: https://react.dev/link/react-devtools font-weight:bold @ http://localhost:5173/node_modules/.vite/deps/chunk-EEAUBQDT.js?v=2834caec:20096
[  496865ms] [LOG] [App] Initialized in 804.70ms @ http://localhost:5173/src/main.js?t=1787451118476:164
[  496865ms] [LOG] [App] Navigating to initial page: video @ http://localhost:5173/src/main.js?t=1787451118476:165
[  496865ms] [INFO] [App] Dev auth bypass active — skipping setup popup. @ http://localhost:5173/src/main.js?t=1787451118476:176
[  496886ms] [ERROR] [2026-08-23T02:12:00.787Z] [ERROR] Unhandled promise rejection | {"reason":"Assignment to constant variable."} @ http://localhost:5173/src/lib/logger.js:84
[  496886ms] [ERROR] TypeError: Assignment to constant variable.
    at navigate (http://localhost:5173/src/lib/router.js?t=1787451101780:185:16)
    at http://localhost:5173/src/main.js?t=1787451118476:175:5 @ http://localhost:5173/src/lib/logger.js:85
[  496886ms] [ERROR] [Unhandled Promise Rejection] TypeError: Assignment to constant variable.
    at navigate (http://localhost:5173/src/lib/router.js?t=1787451101780:185:16)
    at http://localhost:5173/src/main.js?t=1787451118476:175:5 @ http://localhost:5173/src/main.js?t=1787451118476:33
[  496887ms] [LOG] [Analytics] error {errorType: unhandled_rejection, message: Assignment to constant variable.} @ http://localhost:5173/src/lib/analytics.js:36
[  496891ms] TypeError: Assignment to constant variable.
    at navigate (http://localhost:5173/src/lib/router.js?t=1787451101780:185:16)
    at http://localhost:5173/src/main.js?t=1787451118476:175:5
[  497254ms] [ERROR] [ModalSystem] mount failed TypeError: Class constructor SortableElement cannot be invoked without 'new'
    at http://localhost:5173/components/modals/RetargetOptInModal.jsx?t=1787451101780:26:22 @ http://localhost:5173/src/main.js?t=1787451118476:329
[  497256ms] [ERROR] [popcorn-init] FAILED at: plugin-image TypeError: Class constructor SortableElement cannot be invoked without 'new'
    at http://localhost:5173/components/modals/RetargetOptInModal.jsx?t=1787451101780:26:22 @ http://localhost:5173/src/lib/popcornInit.js?t=1787451101780:55
[  497287ms] [WARNING] Clerk: Clerk has been loaded with development keys. Development instances have strict usage limits and should not be used when deploying your application to production. Learn more: https://clerk.com/docs/deployments/overview @ https://clerk.smartvid.app/npm/@clerk/clerk-js@6/dist/clerk.browser.js:11
[  497323ms] [ERROR] [popcorn-init] FAILED at: plugin-jsonTransition TypeError: Class constructor SortableElement cannot be invoked without 'new'
    at http://localhost:5173/components/modals/RetargetOptInModal.jsx?t=1787451101780:26:22 @ http://localhost:5173/src/lib/popcornInit.js?t=1787451101780:55
[  497330ms] [ERROR] [popcorn-init] FAILED at: plugin-lottie-json TypeError: Class constructor SortableElement cannot be invoked without 'new'
    at http://localhost:5173/components/modals/RetargetOptInModal.jsx?t=1787451101780:26:22 @ http://localhost:5173/src/lib/popcornInit.js?t=1787451101780:55
[  497337ms] [LOG] [popcorn-init] OK: plugin-json-button @ http://localhost:5173/src/lib/popcornInit.js?t=1787451101780:48
[  497342ms] [ERROR] [popcorn-init] FAILED at: plugin-personalizedImage TypeError: Class constructor SortableElement cannot be invoked without 'new'
    at http://localhost:5173/components/modals/RetargetOptInModal.jsx?t=1787451101780:26:22 @ http://localhost:5173/src/lib/popcornInit.js?t=1787451101780:55
[  497347ms] [ERROR] [popcorn-init] FAILED at: plugin-loopPlugin TypeError: Class constructor SortableElement cannot be invoked without 'new'
    at http://localhost:5173/components/modals/RetargetOptInModal.jsx?t=1787451101780:26:22 @ http://localhost:5173/src/lib/popcornInit.js?t=1787451101780:55
[  497352ms] [ERROR] [popcorn-init] FAILED at: plugin-pausePlugin TypeError: Class constructor SortableElement cannot be invoked without 'new'
    at http://localhost:5173/components/modals/RetargetOptInModal.jsx?t=1787451101780:26:22 @ http://localhost:5173/src/lib/popcornInit.js?t=1787451101780:55
[  497358ms] [ERROR] [popcorn-init] FAILED at: plugin-form TypeError: Class constructor SortableElement cannot be invoked without 'new'
    at http://localhost:5173/components/modals/RetargetOptInModal.jsx?t=1787451101780:26:22 @ http://localhost:5173/src/lib/popcornInit.js?t=1787451101780:55
[  497368ms] [ERROR] [popcorn-init] FAILED at: plugin-retarget TypeError: Class constructor SortableElement cannot be invoked without 'new'
    at http://localhost:5173/components/modals/RetargetOptInModal.jsx?t=1787451101780:26:22 @ http://localhost:5173/src/lib/popcornInit.js?t=1787451101780:55
[  497372ms] [LOG] [popcorn-init] OK: plugin-popup @ http://localhost:5173/src/lib/popcornInit.js?t=1787451101780:48
[  497377ms] [ERROR] [popcorn-init] FAILED at: plugin-sequencer TypeError: Class constructor SortableElement cannot be invoked without 'new'
    at http://localhost:5173/components/modals/RetargetOptInModal.jsx?t=1787451101780:26:22 @ http://localhost:5173/src/lib/popcornInit.js?t=1787451101780:55
[  497383ms] [ERROR] [popcorn-init] FAILED at: plugin-skip TypeError: Class constructor SortableElement cannot be invoked without 'new'
    at http://localhost:5173/components/modals/RetargetOptInModal.jsx?t=1787451101780:26:22 @ http://localhost:5173/src/lib/popcornInit.js?t=1787451101780:55
[  497403ms] [ERROR] [popcorn-init] FAILED at: plugin-text TypeError: Class constructor SortableElement cannot be invoked without 'new'
    at http://localhost:5173/components/modals/RetargetOptInModal.jsx?t=1787451101780:26:22 @ http://localhost:5173/src/lib/popcornInit.js?t=1787451101780:55
[  497405ms] [ERROR] Failed to load resource: the server responded with a status of 400 () @ https://clerk.smartvid.app/v1/environment?__clerk_api_version=2026-05-12&_clerk_js_version=6.29.2&_method=PATCH:0
[  497421ms] [LOG] [popcorn-init] OK: plugin-social @ http://localhost:5173/src/lib/popcornInit.js?t=1787451101780:48
[  497435ms] [ERROR] [popcorn-init] FAILED at: plugin-jsonAnimation TypeError: Class constructor SortableElement cannot be invoked without 'new'
    at http://localhost:5173/components/modals/RetargetOptInModal.jsx?t=1787451101780:26:22 @ http://localhost:5173/src/lib/popcornInit.js?t=1787451101780:55
[  497453ms] [LOG] [popcorn-init] OK: plugin-videoTransition @ http://localhost:5173/src/lib/popcornInit.js?t=1787451101780:48
[  497457ms] [ERROR] [popcorn-init] FAILED at: plugin-seethroughtext TypeError: Class constructor SortableElement cannot be invoked without 'new'
    at http://localhost:5173/components/modals/RetargetOptInModal.jsx?t=1787451101780:26:22 @ http://localhost:5173/src/lib/popcornInit.js?t=1787451101780:55
[  497461ms] [LOG] [popcorn-init] OK: plugin-wikipedia @ http://localhost:5173/src/lib/popcornInit.js?t=1787451101780:48
[  497466ms] [ERROR] [popcorn-init] FAILED at: plugin-combined TypeError: Class constructor SortableElement cannot be invoked without 'new'
    at http://localhost:5173/components/modals/RetargetOptInModal.jsx?t=1787451101780:26:22 @ http://localhost:5173/src/lib/popcornInit.js?t=1787451101780:55
[  497470ms] [ERROR] [popcorn-init] FAILED at: plugin-background TypeError: Class constructor SortableElement cannot be invoked without 'new'
    at http://localhost:5173/components/modals/RetargetOptInModal.jsx?t=1787451101780:26:22 @ http://localhost:5173/src/lib/popcornInit.js?t=1787451101780:55
[  497470ms] [LOG] [popcorn-init] SUMMARY: 5/20 plugins registered; FAILED: plugin-image, plugin-jsonTransition, plugin-lottie-json, plugin-personalizedImage, plugin-loopPlugin, plugin-pausePlugin, plugin-form, plugin-retarget, plugin-sequencer, plugin-skip, plugin-text, plugin-jsonAnimation, plugin-seethroughtext, plugin-combined, plugin-background @ http://localhost:5173/src/lib/popcornInit.js?t=1787451101780:60
[  497471ms] [LOG] [popcorn] function 5 @ http://localhost:5173/src/main.js?t=1787451118476:4
[  588770ms] [LOG] [App] Starting initialization... @ http://localhost:5173/src/main.js?t=1787451209635:19
[  588786ms] [LOG] [popcorn-init] OK: jquery @ http://localhost:5173/src/lib/popcornInit.js?t=1787451101780:41
[  588790ms] [LOG] [popcorn-init] OK: jquery-textfill @ http://localhost:5173/src/lib/popcornInit.js?t=1787451101780:48
[  588792ms] [LOG] [popcorn-init] OK: popcorn-core @ http://localhost:5173/src/lib/popcornInit.js?t=1787451101780:48
[  588793ms] [LOG] [popcorn-init] OK: popcorn-ie8 @ http://localhost:5173/src/lib/popcornInit.js?t=1787451101780:48
[  588793ms] [LOG] [popcorn-init] OK: wrapper-common @ http://localhost:5173/src/lib/popcornInit.js?t=1787451101780:48
[  588794ms] [LOG] [popcorn-init] OK: wrapper-html5 @ http://localhost:5173/src/lib/popcornInit.js?t=1787451101780:48
[  588794ms] [LOG] [popcorn-init] OK: wrapper-vrview @ http://localhost:5173/src/lib/popcornInit.js?t=1787451101780:48
[  588794ms] [LOG] [popcorn-init] OK: wrapper-adaptive @ http://localhost:5173/src/lib/popcornInit.js?t=1787451101780:48
[  588795ms] [LOG] [popcorn-init] OK: wrapper-null @ http://localhost:5173/src/lib/popcornInit.js?t=1787451101780:48
[  588796ms] [LOG] [popcorn-init] OK: wrapper-soundcloud @ http://localhost:5173/src/lib/popcornInit.js?t=1787451101780:48
[  588796ms] [LOG] [popcorn-init] OK: wrapper-vimeo @ http://localhost:5173/src/lib/popcornInit.js?t=1787451101780:48
[  588797ms] [LOG] [popcorn-init] OK: wrapper-youtube @ http://localhost:5173/src/lib/popcornInit.js?t=1787451101780:48
[  588797ms] [LOG] [popcorn-init] OK: wrapper-jwplayer @ http://localhost:5173/src/lib/popcornInit.js?t=1787451101780:48
[  588797ms] [LOG] [popcorn-init] OK: player-module @ http://localhost:5173/src/lib/popcornInit.js?t=1787451101780:48
[  588956ms] [INFO] %cDownload the React DevTools for a better development experience: https://react.dev/link/react-devtools font-weight:bold @ http://localhost:5173/node_modules/.vite/deps/chunk-EEAUBQDT.js?v=2834caec:20096
[  588959ms] [LOG] [App] Initialized in 188.90ms @ http://localhost:5173/src/main.js?t=1787451209635:164
[  588959ms] [LOG] [App] Navigating to initial page: video @ http://localhost:5173/src/main.js?t=1787451209635:165
[  588959ms] [INFO] [App] Dev auth bypass active — skipping setup popup. @ http://localhost:5173/src/main.js?t=1787451209635:176
[  588965ms] [ERROR] [2026-08-23T02:13:32.867Z] [ERROR] Unhandled promise rejection | {"reason":"Assignment to constant variable."} @ http://localhost:5173/src/lib/logger.js:84
[  588965ms] [ERROR] TypeError: Assignment to constant variable.
    at navigate (http://localhost:5173/src/lib/router.js?t=1787451101780:185:16)
    at http://localhost:5173/src/main.js?t=1787451209635:175:5 @ http://localhost:5173/src/lib/logger.js:85
[  588966ms] [ERROR] [Unhandled Promise Rejection] TypeError: Assignment to constant variable.
    at navigate (http://localhost:5173/src/lib/router.js?t=1787451101780:185:16)
    at http://localhost:5173/src/main.js?t=1787451209635:175:5 @ http://localhost:5173/src/main.js?t=1787451209635:33
[  588966ms] [LOG] [Analytics] error {errorType: unhandled_rejection, message: Assignment to constant variable.} @ http://localhost:5173/src/lib/analytics.js:36
[  589000ms] TypeError: Assignment to constant variable.
    at navigate (http://localhost:5173/src/lib/router.js?t=1787451101780:185:16)
    at http://localhost:5173/src/main.js?t=1787451209635:175:5
[  589367ms] [ERROR] [ModalSystem] mount failed TypeError: Class constructor SortableElement cannot be invoked without 'new'
    at http://localhost:5173/components/modals/RetargetOptInModal.jsx?t=1787451101780:26:22 @ http://localhost:5173/src/main.js?t=1787451209635:329
[  589370ms] [ERROR] [popcorn-init] FAILED at: plugin-image TypeError: Class constructor SortableElement cannot be invoked without 'new'
    at http://localhost:5173/components/modals/RetargetOptInModal.jsx?t=1787451101780:26:22 @ http://localhost:5173/src/lib/popcornInit.js?t=1787451101780:55
[  589383ms] [ERROR] [popcorn-init] FAILED at: plugin-jsonTransition TypeError: Class constructor SortableElement cannot be invoked without 'new'
    at http://localhost:5173/components/modals/RetargetOptInModal.jsx?t=1787451101780:26:22 @ http://localhost:5173/src/lib/popcornInit.js?t=1787451101780:55
[  589391ms] [ERROR] [popcorn-init] FAILED at: plugin-lottie-json TypeError: Class constructor SortableElement cannot be invoked without 'new'
    at http://localhost:5173/components/modals/RetargetOptInModal.jsx?t=1787451101780:26:22 @ http://localhost:5173/src/lib/popcornInit.js?t=1787451101780:55
[  589397ms] [LOG] [popcorn-init] OK: plugin-json-button @ http://localhost:5173/src/lib/popcornInit.js?t=1787451101780:48
[  589403ms] [ERROR] [popcorn-init] FAILED at: plugin-personalizedImage TypeError: Class constructor SortableElement cannot be invoked without 'new'
    at http://localhost:5173/components/modals/RetargetOptInModal.jsx?t=1787451101780:26:22 @ http://localhost:5173/src/lib/popcornInit.js?t=1787451101780:55
[  589409ms] [ERROR] [popcorn-init] FAILED at: plugin-loopPlugin TypeError: Class constructor SortableElement cannot be invoked without 'new'
    at http://localhost:5173/components/modals/RetargetOptInModal.jsx?t=1787451101780:26:22 @ http://localhost:5173/src/lib/popcornInit.js?t=1787451101780:55
[  589414ms] [ERROR] [popcorn-init] FAILED at: plugin-pausePlugin TypeError: Class constructor SortableElement cannot be invoked without 'new'
    at http://localhost:5173/components/modals/RetargetOptInModal.jsx?t=1787451101780:26:22 @ http://localhost:5173/src/lib/popcornInit.js?t=1787451101780:55
[  589425ms] [ERROR] [popcorn-init] FAILED at: plugin-form TypeError: Class constructor SortableElement cannot be invoked without 'new'
    at http://localhost:5173/components/modals/RetargetOptInModal.jsx?t=1787451101780:26:22 @ http://localhost:5173/src/lib/popcornInit.js?t=1787451101780:55
[  589438ms] [ERROR] [popcorn-init] FAILED at: plugin-retarget TypeError: Class constructor SortableElement cannot be invoked without 'new'
    at http://localhost:5173/components/modals/RetargetOptInModal.jsx?t=1787451101780:26:22 @ http://localhost:5173/src/lib/popcornInit.js?t=1787451101780:55
[  589442ms] [LOG] [popcorn-init] OK: plugin-popup @ http://localhost:5173/src/lib/popcornInit.js?t=1787451101780:48
[  589448ms] [ERROR] [popcorn-init] FAILED at: plugin-sequencer TypeError: Class constructor SortableElement cannot be invoked without 'new'
    at http://localhost:5173/components/modals/RetargetOptInModal.jsx?t=1787451101780:26:22 @ http://localhost:5173/src/lib/popcornInit.js?t=1787451101780:55
[  589452ms] [ERROR] [popcorn-init] FAILED at: plugin-skip TypeError: Class constructor SortableElement cannot be invoked without 'new'
    at http://localhost:5173/components/modals/RetargetOptInModal.jsx?t=1787451101780:26:22 @ http://localhost:5173/src/lib/popcornInit.js?t=1787451101780:55
[  589473ms] [WARNING] Clerk: Clerk has been loaded with development keys. Development instances have strict usage limits and should not be used when deploying your application to production. Learn more: https://clerk.com/docs/deployments/overview @ https://clerk.smartvid.app/npm/@clerk/clerk-js@6/dist/clerk.browser.js:11
[  589478ms] [ERROR] [popcorn-init] FAILED at: plugin-text TypeError: Class constructor SortableElement cannot be invoked without 'new'
    at http://localhost:5173/components/modals/RetargetOptInModal.jsx?t=1787451101780:26:22 @ http://localhost:5173/src/lib/popcornInit.js?t=1787451101780:55
[  589491ms] [LOG] [popcorn-init] OK: plugin-social @ http://localhost:5173/src/lib/popcornInit.js?t=1787451101780:48
[  589499ms] [ERROR] [popcorn-init] FAILED at: plugin-jsonAnimation TypeError: Class constructor SortableElement cannot be invoked without 'new'
    at http://localhost:5173/components/modals/RetargetOptInModal.jsx?t=1787451101780:26:22 @ http://localhost:5173/src/lib/popcornInit.js?t=1787451101780:55
[  589520ms] [LOG] [popcorn-init] OK: plugin-videoTransition @ http://localhost:5173/src/lib/popcornInit.js?t=1787451101780:48
[  589529ms] [ERROR] [popcorn-init] FAILED at: plugin-seethroughtext TypeError: Class constructor SortableElement cannot be invoked without 'new'
    at http://localhost:5173/components/modals/RetargetOptInModal.jsx?t=1787451101780:26:22 @ http://localhost:5173/src/lib/popcornInit.js?t=1787451101780:55
[  589534ms] [LOG] [popcorn-init] OK: plugin-wikipedia @ http://localhost:5173/src/lib/popcornInit.js?t=1787451101780:48
[  589542ms] [ERROR] [popcorn-init] FAILED at: plugin-combined TypeError: Class constructor SortableElement cannot be invoked without 'new'
    at http://localhost:5173/components/modals/RetargetOptInModal.jsx?t=1787451101780:26:22 @ http://localhost:5173/src/lib/popcornInit.js?t=1787451101780:55
[  589548ms] [ERROR] [popcorn-init] FAILED at: plugin-background TypeError: Class constructor SortableElement cannot be invoked without 'new'
    at http://localhost:5173/components/modals/RetargetOptInModal.jsx?t=1787451101780:26:22 @ http://localhost:5173/src/lib/popcornInit.js?t=1787451101780:55
[  589548ms] [LOG] [popcorn-init] SUMMARY: 5/20 plugins registered; FAILED: plugin-image, plugin-jsonTransition, plugin-lottie-json, plugin-personalizedImage, plugin-loopPlugin, plugin-pausePlugin, plugin-form, plugin-retarget, plugin-sequencer, plugin-skip, plugin-text, plugin-jsonAnimation, plugin-seethroughtext, plugin-combined, plugin-background @ http://localhost:5173/src/lib/popcornInit.js?t=1787451101780:60
[  589548ms] [LOG] [popcorn] function 5 @ http://localhost:5173/src/main.js?t=1787451209635:4
[  589573ms] [ERROR] Failed to load resource: the server responded with a status of 400 () @ https://clerk.smartvid.app/v1/environment?__clerk_api_version=2026-05-12&_clerk_js_version=6.29.2&_method=PATCH:0
[  644819ms] [LOG] [App] Starting initialization... @ http://localhost:5173/src/main.js?t=1787451266077:19
[  644836ms] [LOG] [popcorn-init] OK: jquery @ http://localhost:5173/src/lib/popcornInit.js?t=1787451266075:41
[  644836ms] [LOG] [popcorn-init] OK: jquery-textfill @ http://localhost:5173/src/lib/popcornInit.js?t=1787451266075:48
[  644838ms] [LOG] [popcorn-init] OK: popcorn-core @ http://localhost:5173/src/lib/popcornInit.js?t=1787451266075:48
[  644839ms] [LOG] [popcorn-init] OK: popcorn-ie8 @ http://localhost:5173/src/lib/popcornInit.js?t=1787451266075:48
[  644839ms] [LOG] [popcorn-init] OK: wrapper-common @ http://localhost:5173/src/lib/popcornInit.js?t=1787451266075:48
[  644840ms] [LOG] [popcorn-init] OK: wrapper-html5 @ http://localhost:5173/src/lib/popcornInit.js?t=1787451266075:48
[  644840ms] [LOG] [popcorn-init] OK: wrapper-vrview @ http://localhost:5173/src/lib/popcornInit.js?t=1787451266075:48
[  644841ms] [LOG] [popcorn-init] OK: wrapper-adaptive @ http://localhost:5173/src/lib/popcornInit.js?t=1787451266075:48
[  644841ms] [LOG] [popcorn-init] OK: wrapper-null @ http://localhost:5173/src/lib/popcornInit.js?t=1787451266075:48
[  644842ms] [LOG] [popcorn-init] OK: wrapper-soundcloud @ http://localhost:5173/src/lib/popcornInit.js?t=1787451266075:48
[  644842ms] [LOG] [popcorn-init] OK: wrapper-vimeo @ http://localhost:5173/src/lib/popcornInit.js?t=1787451266075:48
[  644843ms] [LOG] [popcorn-init] OK: wrapper-youtube @ http://localhost:5173/src/lib/popcornInit.js?t=1787451266075:48
[  644843ms] [LOG] [popcorn-init] OK: wrapper-jwplayer @ http://localhost:5173/src/lib/popcornInit.js?t=1787451266075:48
[  644844ms] [LOG] [popcorn-init] OK: player-module @ http://localhost:5173/src/lib/popcornInit.js?t=1787451266075:48
[  645045ms] [INFO] %cDownload the React DevTools for a better development experience: https://react.dev/link/react-devtools font-weight:bold @ http://localhost:5173/node_modules/.vite/deps/chunk-EEAUBQDT.js?v=2834caec:20096
[  645050ms] [LOG] [App] Initialized in 230.60ms @ http://localhost:5173/src/main.js?t=1787451266077:164
[  645050ms] [LOG] [App] Navigating to initial page: video @ http://localhost:5173/src/main.js?t=1787451266077:165
[  645051ms] [INFO] [App] Dev auth bypass active — skipping setup popup. @ http://localhost:5173/src/main.js?t=1787451266077:176
[  645053ms] [ERROR] [2026-08-23T02:14:28.955Z] [ERROR] Unhandled promise rejection | {"reason":"Assignment to constant variable."} @ http://localhost:5173/src/lib/logger.js:84
[  645053ms] [ERROR] TypeError: Assignment to constant variable.
    at navigate (http://localhost:5173/src/lib/router.js?t=1787451266075:185:16)
    at http://localhost:5173/src/main.js?t=1787451266077:175:5 @ http://localhost:5173/src/lib/logger.js:85
[  645054ms] [ERROR] [Unhandled Promise Rejection] TypeError: Assignment to constant variable.
    at navigate (http://localhost:5173/src/lib/router.js?t=1787451266075:185:16)
    at http://localhost:5173/src/main.js?t=1787451266077:175:5 @ http://localhost:5173/src/main.js?t=1787451266077:33
[  645054ms] [LOG] [Analytics] error {errorType: unhandled_rejection, message: Assignment to constant variable.} @ http://localhost:5173/src/lib/analytics.js:36
[  645054ms] TypeError: Assignment to constant variable.
    at navigate (http://localhost:5173/src/lib/router.js?t=1787451266075:185:16)
    at http://localhost:5173/src/main.js?t=1787451266077:175:5
[  645703ms] [ERROR] [ModalSystem] mount failed TypeError: Class constructor SortableElement cannot be invoked without 'new'
    at http://localhost:5173/components/modals/RetargetOptInModal.jsx?t=1787451266075:26:22 @ http://localhost:5173/src/main.js?t=1787451266077:329
[  645704ms] [ERROR] [popcorn-init] FAILED at: plugin-image TypeError: Class constructor SortableElement cannot be invoked without 'new'
    at http://localhost:5173/components/modals/RetargetOptInModal.jsx?t=1787451266075:26:22 @ http://localhost:5173/src/lib/popcornInit.js?t=1787451266075:55
[  645716ms] [ERROR] [popcorn-init] FAILED at: plugin-jsonTransition TypeError: Class constructor SortableElement cannot be invoked without 'new'
    at http://localhost:5173/components/modals/RetargetOptInModal.jsx?t=1787451266075:26:22 @ http://localhost:5173/src/lib/popcornInit.js?t=1787451266075:55
[  645728ms] [ERROR] [popcorn-init] FAILED at: plugin-lottie-json TypeError: Class constructor SortableElement cannot be invoked without 'new'
    at http://localhost:5173/components/modals/RetargetOptInModal.jsx?t=1787451266075:26:22 @ http://localhost:5173/src/lib/popcornInit.js?t=1787451266075:55
[  645741ms] [LOG] [popcorn-init] OK: plugin-json-button @ http://localhost:5173/src/lib/popcornInit.js?t=1787451266075:48
[  645747ms] [ERROR] [popcorn-init] FAILED at: plugin-personalizedImage TypeError: Class constructor SortableElement cannot be invoked without 'new'
    at http://localhost:5173/components/modals/RetargetOptInModal.jsx?t=1787451266075:26:22 @ http://localhost:5173/src/lib/popcornInit.js?t=1787451266075:55
[  645753ms] [WARNING] Clerk: Clerk has been loaded with development keys. Development instances have strict usage limits and should not be used when deploying your application to production. Learn more: https://clerk.com/docs/deployments/overview @ https://clerk.smartvid.app/npm/@clerk/clerk-js@6/dist/clerk.browser.js:11
[  645757ms] [ERROR] [popcorn-init] FAILED at: plugin-loopPlugin TypeError: Class constructor SortableElement cannot be invoked without 'new'
    at http://localhost:5173/components/modals/RetargetOptInModal.jsx?t=1787451266075:26:22 @ http://localhost:5173/src/lib/popcornInit.js?t=1787451266075:55
[  645763ms] [ERROR] [popcorn-init] FAILED at: plugin-pausePlugin TypeError: Class constructor SortableElement cannot be invoked without 'new'
    at http://localhost:5173/components/modals/RetargetOptInModal.jsx?t=1787451266075:26:22 @ http://localhost:5173/src/lib/popcornInit.js?t=1787451266075:55
[  645773ms] [ERROR] [popcorn-init] FAILED at: plugin-form TypeError: Class constructor SortableElement cannot be invoked without 'new'
    at http://localhost:5173/components/modals/RetargetOptInModal.jsx?t=1787451266075:26:22 @ http://localhost:5173/src/lib/popcornInit.js?t=1787451266075:55
[  645784ms] [ERROR] [popcorn-init] FAILED at: plugin-retarget TypeError: Class constructor SortableElement cannot be invoked without 'new'
    at http://localhost:5173/components/modals/RetargetOptInModal.jsx?t=1787451266075:26:22 @ http://localhost:5173/src/lib/popcornInit.js?t=1787451266075:55
[  645788ms] [LOG] [popcorn-init] OK: plugin-popup @ http://localhost:5173/src/lib/popcornInit.js?t=1787451266075:48
[  645794ms] [ERROR] [popcorn-init] FAILED at: plugin-sequencer TypeError: Class constructor SortableElement cannot be invoked without 'new'
    at http://localhost:5173/components/modals/RetargetOptInModal.jsx?t=1787451266075:26:22 @ http://localhost:5173/src/lib/popcornInit.js?t=1787451266075:55
[  645799ms] [ERROR] [popcorn-init] FAILED at: plugin-skip TypeError: Class constructor SortableElement cannot be invoked without 'new'
    at http://localhost:5173/components/modals/RetargetOptInModal.jsx?t=1787451266075:26:22 @ http://localhost:5173/src/lib/popcornInit.js?t=1787451266075:55
[  645817ms] [ERROR] [popcorn-init] FAILED at: plugin-text TypeError: Class constructor SortableElement cannot be invoked without 'new'
    at http://localhost:5173/components/modals/RetargetOptInModal.jsx?t=1787451266075:26:22 @ http://localhost:5173/src/lib/popcornInit.js?t=1787451266075:55
[  645823ms] [LOG] [popcorn-init] OK: plugin-social @ http://localhost:5173/src/lib/popcornInit.js?t=1787451266075:48
[  645829ms] [ERROR] [popcorn-init] FAILED at: plugin-jsonAnimation TypeError: Class constructor SortableElement cannot be invoked without 'new'
    at http://localhost:5173/components/modals/RetargetOptInModal.jsx?t=1787451266075:26:22 @ http://localhost:5173/src/lib/popcornInit.js?t=1787451266075:55
[  645839ms] [LOG] [popcorn-init] OK: plugin-videoTransition @ http://localhost:5173/src/lib/popcornInit.js?t=1787451266075:48
[  645840ms] [ERROR] Failed to load resource: the server responded with a status of 400 () @ https://clerk.smartvid.app/v1/environment?__clerk_api_version=2026-05-12&_clerk_js_version=6.29.2&_method=PATCH:0
[  645864ms] [ERROR] [popcorn-init] FAILED at: plugin-seethroughtext TypeError: Class constructor SortableElement cannot be invoked without 'new'
    at http://localhost:5173/components/modals/RetargetOptInModal.jsx?t=1787451266075:26:22 @ http://localhost:5173/src/lib/popcornInit.js?t=1787451266075:55
[  645874ms] [LOG] [popcorn-init] OK: plugin-wikipedia @ http://localhost:5173/src/lib/popcornInit.js?t=1787451266075:48
[  645879ms] [ERROR] [popcorn-init] FAILED at: plugin-combined TypeError: Class constructor SortableElement cannot be invoked without 'new'
    at http://localhost:5173/components/modals/RetargetOptInModal.jsx?t=1787451266075:26:22 @ http://localhost:5173/src/lib/popcornInit.js?t=1787451266075:55
[  645885ms] [ERROR] [popcorn-init] FAILED at: plugin-background TypeError: Class constructor SortableElement cannot be invoked without 'new'
    at http://localhost:5173/components/modals/RetargetOptInModal.jsx?t=1787451266075:26:22 @ http://localhost:5173/src/lib/popcornInit.js?t=1787451266075:55
[  645885ms] [LOG] [popcorn-init] SUMMARY: 5/20 plugins registered; FAILED: plugin-image, plugin-jsonTransition, plugin-lottie-json, plugin-personalizedImage, plugin-loopPlugin, plugin-pausePlugin, plugin-form, plugin-retarget, plugin-sequencer, plugin-skip, plugin-text, plugin-jsonAnimation, plugin-seethroughtext, plugin-combined, plugin-background @ http://localhost:5173/src/lib/popcornInit.js?t=1787451266075:60
[  645885ms] [LOG] [popcorn] function 5 @ http://localhost:5173/src/main.js?t=1787451266077:4
[  680321ms] [LOG] [App] Starting initialization... @ http://localhost:5173/src/main.js?t=1787451300538:19
[  680336ms] [LOG] [popcorn-init] OK: jquery @ http://localhost:5173/src/lib/popcornInit.js?t=1787451266075:41
[  680337ms] [LOG] [popcorn-init] OK: jquery-textfill @ http://localhost:5173/src/lib/popcornInit.js?t=1787451266075:48
[  680339ms] [LOG] [popcorn-init] OK: popcorn-core @ http://localhost:5173/src/lib/popcornInit.js?t=1787451266075:48
[  680339ms] [LOG] [popcorn-init] OK: popcorn-ie8 @ http://localhost:5173/src/lib/popcornInit.js?t=1787451266075:48
[  680340ms] [LOG] [popcorn-init] OK: wrapper-common @ http://localhost:5173/src/lib/popcornInit.js?t=1787451266075:48
[  680340ms] [LOG] [popcorn-init] OK: wrapper-html5 @ http://localhost:5173/src/lib/popcornInit.js?t=1787451266075:48
[  680341ms] [LOG] [popcorn-init] OK: wrapper-vrview @ http://localhost:5173/src/lib/popcornInit.js?t=1787451266075:48
[  680341ms] [LOG] [popcorn-init] OK: wrapper-adaptive @ http://localhost:5173/src/lib/popcornInit.js?t=1787451266075:48
[  680341ms] [LOG] [popcorn-init] OK: wrapper-null @ http://localhost:5173/src/lib/popcornInit.js?t=1787451266075:48
[  680342ms] [LOG] [popcorn-init] OK: wrapper-soundcloud @ http://localhost:5173/src/lib/popcornInit.js?t=1787451266075:48
[  680342ms] [LOG] [popcorn-init] OK: wrapper-vimeo @ http://localhost:5173/src/lib/popcornInit.js?t=1787451266075:48
[  680342ms] [LOG] [popcorn-init] OK: wrapper-youtube @ http://localhost:5173/src/lib/popcornInit.js?t=1787451266075:48
[  680343ms] [LOG] [popcorn-init] OK: wrapper-jwplayer @ http://localhost:5173/src/lib/popcornInit.js?t=1787451266075:48
[  680344ms] [LOG] [popcorn-init] OK: player-module @ http://localhost:5173/src/lib/popcornInit.js?t=1787451266075:48
[  680407ms] [INFO] %cDownload the React DevTools for a better development experience: https://react.dev/link/react-devtools font-weight:bold @ http://localhost:5173/node_modules/.vite/deps/chunk-EEAUBQDT.js?v=2834caec:20096
[  680411ms] [LOG] [App] Initialized in 89.70ms @ http://localhost:5173/src/main.js?t=1787451300538:164
[  680411ms] [LOG] [App] Navigating to initial page: video @ http://localhost:5173/src/main.js?t=1787451300538:165
[  680411ms] [INFO] [App] Dev auth bypass active — skipping setup popup. @ http://localhost:5173/src/main.js?t=1787451300538:176
[  680415ms] [ERROR] [2026-08-23T02:15:04.317Z] [ERROR] Unhandled promise rejection | {"reason":"Assignment to constant variable."} @ http://localhost:5173/src/lib/logger.js:84
[  680416ms] [ERROR] TypeError: Assignment to constant variable.
    at navigate (http://localhost:5173/src/lib/router.js?t=1787451266075:185:16)
    at http://localhost:5173/src/main.js?t=1787451300538:175:5 @ http://localhost:5173/src/lib/logger.js:85
[  680416ms] [ERROR] [Unhandled Promise Rejection] TypeError: Assignment to constant variable.
    at navigate (http://localhost:5173/src/lib/router.js?t=1787451266075:185:16)
    at http://localhost:5173/src/main.js?t=1787451300538:175:5 @ http://localhost:5173/src/main.js?t=1787451300538:33
[  680416ms] [LOG] [Analytics] error {errorType: unhandled_rejection, message: Assignment to constant variable.} @ http://localhost:5173/src/lib/analytics.js:36
[  680537ms] TypeError: Assignment to constant variable.
    at navigate (http://localhost:5173/src/lib/router.js?t=1787451266075:185:16)
    at http://localhost:5173/src/main.js?t=1787451300538:175:5
[  680911ms] [ERROR] [ModalSystem] mount failed TypeError: Class constructor SortableElement cannot be invoked without 'new'
    at http://localhost:5173/components/modals/RetargetOptInModal.jsx?t=1787451266075:26:22 @ http://localhost:5173/src/main.js?t=1787451300538:329
[  680914ms] [ERROR] [popcorn-init] FAILED at: plugin-image TypeError: Class constructor SortableElement cannot be invoked without 'new'
    at http://localhost:5173/components/modals/RetargetOptInModal.jsx?t=1787451266075:26:22 @ http://localhost:5173/src/lib/popcornInit.js?t=1787451266075:55
[  680927ms] [ERROR] [popcorn-init] FAILED at: plugin-jsonTransition TypeError: Class constructor SortableElement cannot be invoked without 'new'
    at http://localhost:5173/components/modals/RetargetOptInModal.jsx?t=1787451266075:26:22 @ http://localhost:5173/src/lib/popcornInit.js?t=1787451266075:55
[  680941ms] [ERROR] [popcorn-init] FAILED at: plugin-lottie-json TypeError: Class constructor SortableElement cannot be invoked without 'new'
    at http://localhost:5173/components/modals/RetargetOptInModal.jsx?t=1787451266075:26:22 @ http://localhost:5173/src/lib/popcornInit.js?t=1787451266075:55
[  680950ms] [LOG] [popcorn-init] OK: plugin-json-button @ http://localhost:5173/src/lib/popcornInit.js?t=1787451266075:48
[  680955ms] [ERROR] [popcorn-init] FAILED at: plugin-personalizedImage TypeError: Class constructor SortableElement cannot be invoked without 'new'
    at http://localhost:5173/components/modals/RetargetOptInModal.jsx?t=1787451266075:26:22 @ http://localhost:5173/src/lib/popcornInit.js?t=1787451266075:55
[  680960ms] [ERROR] [popcorn-init] FAILED at: plugin-loopPlugin TypeError: Class constructor SortableElement cannot be invoked without 'new'
    at http://localhost:5173/components/modals/RetargetOptInModal.jsx?t=1787451266075:26:22 @ http://localhost:5173/src/lib/popcornInit.js?t=1787451266075:55
[  680967ms] [ERROR] [popcorn-init] FAILED at: plugin-pausePlugin TypeError: Class constructor SortableElement cannot be invoked without 'new'
    at http://localhost:5173/components/modals/RetargetOptInModal.jsx?t=1787451266075:26:22 @ http://localhost:5173/src/lib/popcornInit.js?t=1787451266075:55
[  680977ms] [ERROR] [popcorn-init] FAILED at: plugin-form TypeError: Class constructor SortableElement cannot be invoked without 'new'
    at http://localhost:5173/components/modals/RetargetOptInModal.jsx?t=1787451266075:26:22 @ http://localhost:5173/src/lib/popcornInit.js?t=1787451266075:55
[  680988ms] [ERROR] [popcorn-init] FAILED at: plugin-retarget TypeError: Class constructor SortableElement cannot be invoked without 'new'
    at http://localhost:5173/components/modals/RetargetOptInModal.jsx?t=1787451266075:26:22 @ http://localhost:5173/src/lib/popcornInit.js?t=1787451266075:55
[  680992ms] [LOG] [popcorn-init] OK: plugin-popup @ http://localhost:5173/src/lib/popcornInit.js?t=1787451266075:48
[  680998ms] [ERROR] [popcorn-init] FAILED at: plugin-sequencer TypeError: Class constructor SortableElement cannot be invoked without 'new'
    at http://localhost:5173/components/modals/RetargetOptInModal.jsx?t=1787451266075:26:22 @ http://localhost:5173/src/lib/popcornInit.js?t=1787451266075:55
[  681003ms] [ERROR] [popcorn-init] FAILED at: plugin-skip TypeError: Class constructor SortableElement cannot be invoked without 'new'
    at http://localhost:5173/components/modals/RetargetOptInModal.jsx?t=1787451266075:26:22 @ http://localhost:5173/src/lib/popcornInit.js?t=1787451266075:55
[  681015ms] [WARNING] Clerk: Clerk has been loaded with development keys. Development instances have strict usage limits and should not be used when deploying your application to production. Learn more: https://clerk.com/docs/deployments/overview @ https://clerk.smartvid.app/npm/@clerk/clerk-js@6/dist/clerk.browser.js:11
[  681028ms] [ERROR] [popcorn-init] FAILED at: plugin-text TypeError: Class constructor SortableElement cannot be invoked without 'new'
    at http://localhost:5173/components/modals/RetargetOptInModal.jsx?t=1787451266075:26:22 @ http://localhost:5173/src/lib/popcornInit.js?t=1787451266075:55
[  681037ms] [LOG] [popcorn-init] OK: plugin-social @ http://localhost:5173/src/lib/popcornInit.js?t=1787451266075:48
[  681042ms] [ERROR] [popcorn-init] FAILED at: plugin-jsonAnimation TypeError: Class constructor SortableElement cannot be invoked without 'new'
    at http://localhost:5173/components/modals/RetargetOptInModal.jsx?t=1787451266075:26:22 @ http://localhost:5173/src/lib/popcornInit.js?t=1787451266075:55
[  681052ms] [LOG] [popcorn-init] OK: plugin-videoTransition @ http://localhost:5173/src/lib/popcornInit.js?t=1787451266075:48
[  681057ms] [ERROR] [popcorn-init] FAILED at: plugin-seethroughtext TypeError: Class constructor SortableElement cannot be invoked without 'new'
    at http://localhost:5173/components/modals/RetargetOptInModal.jsx?t=1787451266075:26:22 @ http://localhost:5173/src/lib/popcornInit.js?t=1787451266075:55
[  681060ms] [LOG] [popcorn-init] OK: plugin-wikipedia @ http://localhost:5173/src/lib/popcornInit.js?t=1787451266075:48
[  681065ms] [ERROR] [popcorn-init] FAILED at: plugin-combined TypeError: Class constructor SortableElement cannot be invoked without 'new'
    at http://localhost:5173/components/modals/RetargetOptInModal.jsx?t=1787451266075:26:22 @ http://localhost:5173/src/lib/popcornInit.js?t=1787451266075:55
[  681070ms] [ERROR] [popcorn-init] FAILED at: plugin-background TypeError: Class constructor SortableElement cannot be invoked without 'new'
    at http://localhost:5173/components/modals/RetargetOptInModal.jsx?t=1787451266075:26:22 @ http://localhost:5173/src/lib/popcornInit.js?t=1787451266075:55
[  681070ms] [LOG] [popcorn-init] SUMMARY: 5/20 plugins registered; FAILED: plugin-image, plugin-jsonTransition, plugin-lottie-json, plugin-personalizedImage, plugin-loopPlugin, plugin-pausePlugin, plugin-form, plugin-retarget, plugin-sequencer, plugin-skip, plugin-text, plugin-jsonAnimation, plugin-seethroughtext, plugin-combined, plugin-background @ http://localhost:5173/src/lib/popcornInit.js?t=1787451266075:60
[  681070ms] [LOG] [popcorn] function 5 @ http://localhost:5173/src/main.js?t=1787451300538:4
[  681106ms] [ERROR] Failed to load resource: the server responded with a status of 400 () @ https://clerk.smartvid.app/v1/environment?__clerk_api_version=2026-05-12&_clerk_js_version=6.29.2&_method=PATCH:0
[ 1603822ms] [LOG] [App] Starting initialization... @ http://localhost:5173/src/main.js?t=1787452225208:19
[ 1603843ms] [LOG] [popcorn-init] OK: jquery @ http://localhost:5173/src/lib/popcornInit.js?t=1787452225208:41
[ 1603844ms] [LOG] [popcorn-init] OK: jquery-textfill @ http://localhost:5173/src/lib/popcornInit.js?t=1787452225208:48
[ 1603846ms] [LOG] [popcorn-init] OK: popcorn-core @ http://localhost:5173/src/lib/popcornInit.js?t=1787452225208:48
[ 1603847ms] [LOG] [popcorn-init] OK: popcorn-ie8 @ http://localhost:5173/src/lib/popcornInit.js?t=1787452225208:48
[ 1603849ms] [LOG] [popcorn-init] OK: wrapper-common @ http://localhost:5173/src/lib/popcornInit.js?t=1787452225208:48
[ 1603849ms] [LOG] [popcorn-init] OK: wrapper-html5 @ http://localhost:5173/src/lib/popcornInit.js?t=1787452225208:48
[ 1603850ms] [LOG] [popcorn-init] OK: wrapper-vrview @ http://localhost:5173/src/lib/popcornInit.js?t=1787452225208:48
[ 1603851ms] [LOG] [popcorn-init] OK: wrapper-adaptive @ http://localhost:5173/src/lib/popcornInit.js?t=1787452225208:48
[ 1603851ms] [LOG] [popcorn-init] OK: wrapper-null @ http://localhost:5173/src/lib/popcornInit.js?t=1787452225208:48
[ 1603852ms] [LOG] [popcorn-init] OK: wrapper-soundcloud @ http://localhost:5173/src/lib/popcornInit.js?t=1787452225208:48
[ 1603853ms] [LOG] [popcorn-init] OK: wrapper-vimeo @ http://localhost:5173/src/lib/popcornInit.js?t=1787452225208:48
[ 1603853ms] [LOG] [popcorn-init] OK: wrapper-youtube @ http://localhost:5173/src/lib/popcornInit.js?t=1787452225208:48
[ 1603854ms] [LOG] [popcorn-init] OK: wrapper-jwplayer @ http://localhost:5173/src/lib/popcornInit.js?t=1787452225208:48
[ 1603855ms] [LOG] [popcorn-init] OK: player-module @ http://localhost:5173/src/lib/popcornInit.js?t=1787452225208:48
[ 1604317ms] [INFO] %cDownload the React DevTools for a better development experience: https://react.dev/link/react-devtools font-weight:bold @ http://localhost:5173/node_modules/.vite/deps/chunk-EEAUBQDT.js?v=2834caec:20096
[ 1604322ms] [LOG] [App] Initialized in 500.60ms @ http://localhost:5173/src/main.js?t=1787452225208:164
[ 1604323ms] [LOG] [App] Navigating to initial page: video @ http://localhost:5173/src/main.js?t=1787452225208:165
[ 1604323ms] [INFO] [App] Dev auth bypass active — skipping setup popup. @ http://localhost:5173/src/main.js?t=1787452225208:176
[ 1604330ms] [ERROR] [2026-08-23T02:30:28.232Z] [ERROR] Unhandled promise rejection | {"reason":"Assignment to constant variable."} @ http://localhost:5173/src/lib/logger.js:84
[ 1604330ms] [ERROR] TypeError: Assignment to constant variable.
    at navigate (http://localhost:5173/src/lib/router.js?t=1787452225208:185:16)
    at http://localhost:5173/src/main.js?t=1787452225208:175:5 @ http://localhost:5173/src/lib/logger.js:85
[ 1604331ms] [ERROR] [Unhandled Promise Rejection] TypeError: Assignment to constant variable.
    at navigate (http://localhost:5173/src/lib/router.js?t=1787452225208:185:16)
    at http://localhost:5173/src/main.js?t=1787452225208:175:5 @ http://localhost:5173/src/main.js?t=1787452225208:33
[ 1604331ms] [LOG] [Analytics] error {errorType: unhandled_rejection, message: Assignment to constant variable.} @ http://localhost:5173/src/lib/analytics.js:36
[ 1604333ms] TypeError: Assignment to constant variable.
    at navigate (http://localhost:5173/src/lib/router.js?t=1787452225208:185:16)
    at http://localhost:5173/src/main.js?t=1787452225208:175:5
[ 1604766ms] [ERROR] [ModalSystem] mount failed TypeError: Class constructor SortableElement cannot be invoked without 'new'
    at http://localhost:5173/components/modals/RetargetOptInModal.jsx?t=1787452225208:26:22 @ http://localhost:5173/src/main.js?t=1787452225208:329
[ 1604768ms] [ERROR] [popcorn-init] FAILED at: plugin-image TypeError: Class constructor SortableElement cannot be invoked without 'new'
    at http://localhost:5173/components/modals/RetargetOptInModal.jsx?t=1787452225208:26:22 @ http://localhost:5173/src/lib/popcornInit.js?t=1787452225208:55
[ 1604778ms] [ERROR] [popcorn-init] FAILED at: plugin-jsonTransition TypeError: Class constructor SortableElement cannot be invoked without 'new'
    at http://localhost:5173/components/modals/RetargetOptInModal.jsx?t=1787452225208:26:22 @ http://localhost:5173/src/lib/popcornInit.js?t=1787452225208:55
[ 1604792ms] [ERROR] [popcorn-init] FAILED at: plugin-lottie-json TypeError: Class constructor SortableElement cannot be invoked without 'new'
    at http://localhost:5173/components/modals/RetargetOptInModal.jsx?t=1787452225208:26:22 @ http://localhost:5173/src/lib/popcornInit.js?t=1787452225208:55
[ 1604804ms] [LOG] [popcorn-init] OK: plugin-json-button @ http://localhost:5173/src/lib/popcornInit.js?t=1787452225208:48
[ 1604811ms] [ERROR] [popcorn-init] FAILED at: plugin-personalizedImage TypeError: Class constructor SortableElement cannot be invoked without 'new'
    at http://localhost:5173/components/modals/RetargetOptInModal.jsx?t=1787452225208:26:22 @ http://localhost:5173/src/lib/popcornInit.js?t=1787452225208:55
[ 1604819ms] [ERROR] [popcorn-init] FAILED at: plugin-loopPlugin TypeError: Class constructor SortableElement cannot be invoked without 'new'
    at http://localhost:5173/components/modals/RetargetOptInModal.jsx?t=1787452225208:26:22 @ http://localhost:5173/src/lib/popcornInit.js?t=1787452225208:55
[ 1604824ms] [ERROR] [popcorn-init] FAILED at: plugin-pausePlugin TypeError: Class constructor SortableElement cannot be invoked without 'new'
    at http://localhost:5173/components/modals/RetargetOptInModal.jsx?t=1787452225208:26:22 @ http://localhost:5173/src/lib/popcornInit.js?t=1787452225208:55
[ 1604851ms] [ERROR] [popcorn-init] FAILED at: plugin-form TypeError: Class constructor SortableElement cannot be invoked without 'new'
    at http://localhost:5173/components/modals/RetargetOptInModal.jsx?t=1787452225208:26:22 @ http://localhost:5173/src/lib/popcornInit.js?t=1787452225208:55
[ 1604873ms] [ERROR] [popcorn-init] FAILED at: plugin-retarget TypeError: Class constructor SortableElement cannot be invoked without 'new'
    at http://localhost:5173/components/modals/RetargetOptInModal.jsx?t=1787452225208:26:22 @ http://localhost:5173/src/lib/popcornInit.js?t=1787452225208:55
[ 1604883ms] [LOG] [popcorn-init] OK: plugin-popup @ http://localhost:5173/src/lib/popcornInit.js?t=1787452225208:48
[ 1604900ms] [ERROR] [popcorn-init] FAILED at: plugin-sequencer TypeError: Class constructor SortableElement cannot be invoked without 'new'
    at http://localhost:5173/components/modals/RetargetOptInModal.jsx?t=1787452225208:26:22 @ http://localhost:5173/src/lib/popcornInit.js?t=1787452225208:55
[ 1604906ms] [ERROR] [popcorn-init] FAILED at: plugin-skip TypeError: Class constructor SortableElement cannot be invoked without 'new'
    at http://localhost:5173/components/modals/RetargetOptInModal.jsx?t=1787452225208:26:22 @ http://localhost:5173/src/lib/popcornInit.js?t=1787452225208:55
[ 1604931ms] [WARNING] Clerk: Clerk has been loaded with development keys. Development instances have strict usage limits and should not be used when deploying your application to production. Learn more: https://clerk.com/docs/deployments/overview @ https://clerk.smartvid.app/npm/@clerk/clerk-js@6/dist/clerk.browser.js:11
[ 1604940ms] [ERROR] [popcorn-init] FAILED at: plugin-text TypeError: Class constructor SortableElement cannot be invoked without 'new'
    at http://localhost:5173/components/modals/RetargetOptInModal.jsx?t=1787452225208:26:22 @ http://localhost:5173/src/lib/popcornInit.js?t=1787452225208:55
[ 1604958ms] [LOG] [popcorn-init] OK: plugin-social @ http://localhost:5173/src/lib/popcornInit.js?t=1787452225208:48
[ 1604966ms] [ERROR] [popcorn-init] FAILED at: plugin-jsonAnimation TypeError: Class constructor SortableElement cannot be invoked without 'new'
    at http://localhost:5173/components/modals/RetargetOptInModal.jsx?t=1787452225208:26:22 @ http://localhost:5173/src/lib/popcornInit.js?t=1787452225208:55
[ 1604980ms] [LOG] [popcorn-init] OK: plugin-videoTransition @ http://localhost:5173/src/lib/popcornInit.js?t=1787452225208:48
[ 1604986ms] [ERROR] [popcorn-init] FAILED at: plugin-seethroughtext TypeError: Class constructor SortableElement cannot be invoked without 'new'
    at http://localhost:5173/components/modals/RetargetOptInModal.jsx?t=1787452225208:26:22 @ http://localhost:5173/src/lib/popcornInit.js?t=1787452225208:55
[ 1604991ms] [LOG] [popcorn-init] OK: plugin-wikipedia @ http://localhost:5173/src/lib/popcornInit.js?t=1787452225208:48
[ 1604997ms] [ERROR] [popcorn-init] FAILED at: plugin-combined TypeError: Class constructor SortableElement cannot be invoked without 'new'
    at http://localhost:5173/components/modals/RetargetOptInModal.jsx?t=1787452225208:26:22 @ http://localhost:5173/src/lib/popcornInit.js?t=1787452225208:55
[ 1605003ms] [ERROR] [popcorn-init] FAILED at: plugin-background TypeError: Class constructor SortableElement cannot be invoked without 'new'
    at http://localhost:5173/components/modals/RetargetOptInModal.jsx?t=1787452225208:26:22 @ http://localhost:5173/src/lib/popcornInit.js?t=1787452225208:55
[ 1605003ms] [LOG] [popcorn-init] SUMMARY: 5/20 plugins registered; FAILED: plugin-image, plugin-jsonTransition, plugin-lottie-json, plugin-personalizedImage, plugin-loopPlugin, plugin-pausePlugin, plugin-form, plugin-retarget, plugin-sequencer, plugin-skip, plugin-text, plugin-jsonAnimation, plugin-seethroughtext, plugin-combined, plugin-background @ http://localhost:5173/src/lib/popcornInit.js?t=1787452225208:60
[ 1605003ms] [LOG] [popcorn] function 5 @ http://localhost:5173/src/main.js?t=1787452225208:4
[ 1605064ms] [ERROR] Failed to load resource: the server responded with a status of 400 () @ https://clerk.smartvid.app/v1/environment?__clerk_api_version=2026-05-12&_clerk_js_version=6.29.2&_method=PATCH:0
[ 1620775ms] [LOG] [App] Starting initialization... @ http://localhost:5173/src/main.js?t=1787452243071:19
[ 1620790ms] [LOG] [popcorn-init] OK: jquery @ http://localhost:5173/src/lib/popcornInit.js?t=1787452243071:41
[ 1620791ms] [LOG] [popcorn-init] OK: jquery-textfill @ http://localhost:5173/src/lib/popcornInit.js?t=1787452243071:48
[ 1620791ms] [LOG] [popcorn-init] OK: popcorn-core @ http://localhost:5173/src/lib/popcornInit.js?t=1787452243071:48
[ 1620792ms] [LOG] [popcorn-init] OK: popcorn-ie8 @ http://localhost:5173/src/lib/popcornInit.js?t=1787452243071:48
[ 1620793ms] [LOG] [popcorn-init] OK: wrapper-common @ http://localhost:5173/src/lib/popcornInit.js?t=1787452243071:48
[ 1620793ms] [LOG] [popcorn-init] OK: wrapper-html5 @ http://localhost:5173/src/lib/popcornInit.js?t=1787452243071:48
[ 1620794ms] [LOG] [popcorn-init] OK: wrapper-vrview @ http://localhost:5173/src/lib/popcornInit.js?t=1787452243071:48
[ 1620794ms] [LOG] [popcorn-init] OK: wrapper-adaptive @ http://localhost:5173/src/lib/popcornInit.js?t=1787452243071:48
[ 1620795ms] [LOG] [popcorn-init] OK: wrapper-null @ http://localhost:5173/src/lib/popcornInit.js?t=1787452243071:48
[ 1620795ms] [LOG] [popcorn-init] OK: wrapper-soundcloud @ http://localhost:5173/src/lib/popcornInit.js?t=1787452243071:48
[ 1620796ms] [LOG] [popcorn-init] OK: wrapper-vimeo @ http://localhost:5173/src/lib/popcornInit.js?t=1787452243071:48
[ 1620796ms] [LOG] [popcorn-init] OK: wrapper-youtube @ http://localhost:5173/src/lib/popcornInit.js?t=1787452243071:48
[ 1620797ms] [LOG] [popcorn-init] OK: wrapper-jwplayer @ http://localhost:5173/src/lib/popcornInit.js?t=1787452243071:48
[ 1620797ms] [LOG] [popcorn-init] OK: player-module @ http://localhost:5173/src/lib/popcornInit.js?t=1787452243071:48
[ 1621171ms] [INFO] %cDownload the React DevTools for a better development experience: https://react.dev/link/react-devtools font-weight:bold @ http://localhost:5173/node_modules/.vite/deps/chunk-EEAUBQDT.js?v=2834caec:20096
[ 1621174ms] [LOG] [App] Initialized in 398.60ms @ http://localhost:5173/src/main.js?t=1787452243071:164
[ 1621174ms] [LOG] [App] Navigating to initial page: video @ http://localhost:5173/src/main.js?t=1787452243071:165
[ 1621175ms] [INFO] [App] Dev auth bypass active — skipping setup popup. @ http://localhost:5173/src/main.js?t=1787452243071:176
[ 1621180ms] [ERROR] [2026-08-23T02:30:45.081Z] [ERROR] Unhandled promise rejection | {"reason":"Assignment to constant variable."} @ http://localhost:5173/src/lib/logger.js:84
[ 1621180ms] [ERROR] TypeError: Assignment to constant variable.
    at navigate (http://localhost:5173/src/lib/router.js?t=1787452243071:185:16)
    at http://localhost:5173/src/main.js?t=1787452243071:175:5 @ http://localhost:5173/src/lib/logger.js:85
[ 1621180ms] [ERROR] [Unhandled Promise Rejection] TypeError: Assignment to constant variable.
    at navigate (http://localhost:5173/src/lib/router.js?t=1787452243071:185:16)
    at http://localhost:5173/src/main.js?t=1787452243071:175:5 @ http://localhost:5173/src/main.js?t=1787452243071:33
[ 1621180ms] [LOG] [Analytics] error {errorType: unhandled_rejection, message: Assignment to constant variable.} @ http://localhost:5173/src/lib/analytics.js:36
[ 1621183ms] TypeError: Assignment to constant variable.
    at navigate (http://localhost:5173/src/lib/router.js?t=1787452243071:185:16)
    at http://localhost:5173/src/main.js?t=1787452243071:175:5
[ 1621659ms] [ERROR] [ModalSystem] mount failed TypeError: Class constructor SortableElement cannot be invoked without 'new'
    at http://localhost:5173/components/modals/RetargetOptInModal.jsx?t=1787452243071:26:22 @ http://localhost:5173/src/main.js?t=1787452243071:329
[ 1621660ms] [ERROR] [popcorn-init] FAILED at: plugin-image TypeError: Class constructor SortableElement cannot be invoked without 'new'
    at http://localhost:5173/components/modals/RetargetOptInModal.jsx?t=1787452243071:26:22 @ http://localhost:5173/src/lib/popcornInit.js?t=1787452243071:55
[ 1621696ms] [ERROR] [popcorn-init] FAILED at: plugin-jsonTransition TypeError: Class constructor SortableElement cannot be invoked without 'new'
    at http://localhost:5173/components/modals/RetargetOptInModal.jsx?t=1787452243071:26:22 @ http://localhost:5173/src/lib/popcornInit.js?t=1787452243071:55
[ 1621709ms] [ERROR] [popcorn-init] FAILED at: plugin-lottie-json TypeError: Class constructor SortableElement cannot be invoked without 'new'
    at http://localhost:5173/components/modals/RetargetOptInModal.jsx?t=1787452243071:26:22 @ http://localhost:5173/src/lib/popcornInit.js?t=1787452243071:55
[ 1621721ms] [LOG] [popcorn-init] OK: plugin-json-button @ http://localhost:5173/src/lib/popcornInit.js?t=1787452243071:48
[ 1621732ms] [ERROR] [popcorn-init] FAILED at: plugin-personalizedImage TypeError: Class constructor SortableElement cannot be invoked without 'new'
    at http://localhost:5173/components/modals/RetargetOptInModal.jsx?t=1787452243071:26:22 @ http://localhost:5173/src/lib/popcornInit.js?t=1787452243071:55
[ 1621740ms] [ERROR] [popcorn-init] FAILED at: plugin-loopPlugin TypeError: Class constructor SortableElement cannot be invoked without 'new'
    at http://localhost:5173/components/modals/RetargetOptInModal.jsx?t=1787452243071:26:22 @ http://localhost:5173/src/lib/popcornInit.js?t=1787452243071:55
[ 1621748ms] [ERROR] [popcorn-init] FAILED at: plugin-pausePlugin TypeError: Class constructor SortableElement cannot be invoked without 'new'
    at http://localhost:5173/components/modals/RetargetOptInModal.jsx?t=1787452243071:26:22 @ http://localhost:5173/src/lib/popcornInit.js?t=1787452243071:55
[ 1621760ms] [ERROR] [popcorn-init] FAILED at: plugin-form TypeError: Class constructor SortableElement cannot be invoked without 'new'
    at http://localhost:5173/components/modals/RetargetOptInModal.jsx?t=1787452243071:26:22 @ http://localhost:5173/src/lib/popcornInit.js?t=1787452243071:55
[ 1621774ms] [ERROR] [popcorn-init] FAILED at: plugin-retarget TypeError: Class constructor SortableElement cannot be invoked without 'new'
    at http://localhost:5173/components/modals/RetargetOptInModal.jsx?t=1787452243071:26:22 @ http://localhost:5173/src/lib/popcornInit.js?t=1787452243071:55
[ 1621778ms] [LOG] [popcorn-init] OK: plugin-popup @ http://localhost:5173/src/lib/popcornInit.js?t=1787452243071:48
[ 1621780ms] [WARNING] Clerk: Clerk has been loaded with development keys. Development instances have strict usage limits and should not be used when deploying your application to production. Learn more: https://clerk.com/docs/deployments/overview @ https://clerk.smartvid.app/npm/@clerk/clerk-js@6/dist/clerk.browser.js:11
[ 1621791ms] [ERROR] [popcorn-init] FAILED at: plugin-sequencer TypeError: Class constructor SortableElement cannot be invoked without 'new'
    at http://localhost:5173/components/modals/RetargetOptInModal.jsx?t=1787452243071:26:22 @ http://localhost:5173/src/lib/popcornInit.js?t=1787452243071:55
[ 1621800ms] [ERROR] [popcorn-init] FAILED at: plugin-skip TypeError: Class constructor SortableElement cannot be invoked without 'new'
    at http://localhost:5173/components/modals/RetargetOptInModal.jsx?t=1787452243071:26:22 @ http://localhost:5173/src/lib/popcornInit.js?t=1787452243071:55
[ 1621829ms] [ERROR] [popcorn-init] FAILED at: plugin-text TypeError: Class constructor SortableElement cannot be invoked without 'new'
    at http://localhost:5173/components/modals/RetargetOptInModal.jsx?t=1787452243071:26:22 @ http://localhost:5173/src/lib/popcornInit.js?t=1787452243071:55
[ 1621836ms] [LOG] [popcorn-init] OK: plugin-social @ http://localhost:5173/src/lib/popcornInit.js?t=1787452243071:48
[ 1621842ms] [ERROR] [popcorn-init] FAILED at: plugin-jsonAnimation TypeError: Class constructor SortableElement cannot be invoked without 'new'
    at http://localhost:5173/components/modals/RetargetOptInModal.jsx?t=1787452243071:26:22 @ http://localhost:5173/src/lib/popcornInit.js?t=1787452243071:55
[ 1621852ms] [LOG] [popcorn-init] OK: plugin-videoTransition @ http://localhost:5173/src/lib/popcornInit.js?t=1787452243071:48
[ 1621858ms] [ERROR] [popcorn-init] FAILED at: plugin-seethroughtext TypeError: Class constructor SortableElement cannot be invoked without 'new'
    at http://localhost:5173/components/modals/RetargetOptInModal.jsx?t=1787452243071:26:22 @ http://localhost:5173/src/lib/popcornInit.js?t=1787452243071:55
[ 1621861ms] [LOG] [popcorn-init] OK: plugin-wikipedia @ http://localhost:5173/src/lib/popcornInit.js?t=1787452243071:48
[ 1621862ms] [ERROR] Failed to load resource: the server responded with a status of 400 () @ https://clerk.smartvid.app/v1/environment?__clerk_api_version=2026-05-12&_clerk_js_version=6.29.2&_method=PATCH:0
[ 1621899ms] [ERROR] [popcorn-init] FAILED at: plugin-combined TypeError: Class constructor SortableElement cannot be invoked without 'new'
    at http://localhost:5173/components/modals/RetargetOptInModal.jsx?t=1787452243071:26:22 @ http://localhost:5173/src/lib/popcornInit.js?t=1787452243071:55
[ 1621913ms] [ERROR] [popcorn-init] FAILED at: plugin-background TypeError: Class constructor SortableElement cannot be invoked without 'new'
    at http://localhost:5173/components/modals/RetargetOptInModal.jsx?t=1787452243071:26:22 @ http://localhost:5173/src/lib/popcornInit.js?t=1787452243071:55
[ 1621913ms] [LOG] [popcorn-init] SUMMARY: 5/20 plugins registered; FAILED: plugin-image, plugin-jsonTransition, plugin-lottie-json, plugin-personalizedImage, plugin-loopPlugin, plugin-pausePlugin, plugin-form, plugin-retarget, plugin-sequencer, plugin-skip, plugin-text, plugin-jsonAnimation, plugin-seethroughtext, plugin-combined, plugin-background @ http://localhost:5173/src/lib/popcornInit.js?t=1787452243071:60
[ 1621913ms] [LOG] [popcorn] function 5 @ http://localhost:5173/src/main.js?t=1787452243071:4
[ 1650553ms] [LOG] [App] Starting initialization... @ http://localhost:5173/src/main.js?t=1787452272683:19
[ 1650571ms] [LOG] [popcorn-init] OK: jquery @ http://localhost:5173/src/lib/popcornInit.js?t=1787452243071:41
[ 1650571ms] [LOG] [popcorn-init] OK: jquery-textfill @ http://localhost:5173/src/lib/popcornInit.js?t=1787452243071:48
[ 1650572ms] [LOG] [popcorn-init] OK: popcorn-core @ http://localhost:5173/src/lib/popcornInit.js?t=1787452243071:48
[ 1650572ms] [LOG] [popcorn-init] OK: popcorn-ie8 @ http://localhost:5173/src/lib/popcornInit.js?t=1787452243071:48
[ 1650573ms] [LOG] [popcorn-init] OK: wrapper-common @ http://localhost:5173/src/lib/popcornInit.js?t=1787452243071:48
[ 1650573ms] [LOG] [popcorn-init] OK: wrapper-html5 @ http://localhost:5173/src/lib/popcornInit.js?t=1787452243071:48
[ 1650574ms] [LOG] [popcorn-init] OK: wrapper-vrview @ http://localhost:5173/src/lib/popcornInit.js?t=1787452243071:48
[ 1650574ms] [LOG] [popcorn-init] OK: wrapper-adaptive @ http://localhost:5173/src/lib/popcornInit.js?t=1787452243071:48
[ 1650575ms] [LOG] [popcorn-init] OK: wrapper-null @ http://localhost:5173/src/lib/popcornInit.js?t=1787452243071:48
[ 1650575ms] [LOG] [popcorn-init] OK: wrapper-soundcloud @ http://localhost:5173/src/lib/popcornInit.js?t=1787452243071:48
[ 1650575ms] [LOG] [popcorn-init] OK: wrapper-vimeo @ http://localhost:5173/src/lib/popcornInit.js?t=1787452243071:48
[ 1650576ms] [LOG] [popcorn-init] OK: wrapper-youtube @ http://localhost:5173/src/lib/popcornInit.js?t=1787452243071:48
[ 1650576ms] [LOG] [popcorn-init] OK: wrapper-jwplayer @ http://localhost:5173/src/lib/popcornInit.js?t=1787452243071:48
[ 1650577ms] [LOG] [popcorn-init] OK: player-module @ http://localhost:5173/src/lib/popcornInit.js?t=1787452243071:48
[ 1650974ms] [INFO] %cDownload the React DevTools for a better development experience: https://react.dev/link/react-devtools font-weight:bold @ http://localhost:5173/node_modules/.vite/deps/chunk-EEAUBQDT.js?v=2834caec:20096
[ 1650978ms] [LOG] [App] Initialized in 424.00ms @ http://localhost:5173/src/main.js?t=1787452272683:164
[ 1650978ms] [LOG] [App] Navigating to initial page: video @ http://localhost:5173/src/main.js?t=1787452272683:165
[ 1650978ms] [INFO] [App] Dev auth bypass active — skipping setup popup. @ http://localhost:5173/src/main.js?t=1787452272683:176
[ 1650982ms] [ERROR] [2026-08-23T02:31:14.883Z] [ERROR] Unhandled promise rejection | {"reason":"Assignment to constant variable."} @ http://localhost:5173/src/lib/logger.js:84
[ 1650982ms] [ERROR] TypeError: Assignment to constant variable.
    at navigate (http://localhost:5173/src/lib/router.js?t=1787452243071:185:16)
    at http://localhost:5173/src/main.js?t=1787452272683:175:5 @ http://localhost:5173/src/lib/logger.js:85
[ 1650984ms] [ERROR] [Unhandled Promise Rejection] TypeError: Assignment to constant variable.
    at navigate (http://localhost:5173/src/lib/router.js?t=1787452243071:185:16)
    at http://localhost:5173/src/main.js?t=1787452272683:175:5 @ http://localhost:5173/src/main.js?t=1787452272683:33
[ 1650984ms] [LOG] [Analytics] error {errorType: unhandled_rejection, message: Assignment to constant variable.} @ http://localhost:5173/src/lib/analytics.js:36
[ 1651069ms] TypeError: Assignment to constant variable.
    at navigate (http://localhost:5173/src/lib/router.js?t=1787452243071:185:16)
    at http://localhost:5173/src/main.js?t=1787452272683:175:5
[ 1651542ms] [ERROR] [ModalSystem] mount failed TypeError: Class constructor SortableElement cannot be invoked without 'new'
    at http://localhost:5173/components/modals/RetargetOptInModal.jsx?t=1787452243071:26:22 @ http://localhost:5173/src/main.js?t=1787452272683:329
[ 1651544ms] [ERROR] [popcorn-init] FAILED at: plugin-image TypeError: Class constructor SortableElement cannot be invoked without 'new'
    at http://localhost:5173/components/modals/RetargetOptInModal.jsx?t=1787452243071:26:22 @ http://localhost:5173/src/lib/popcornInit.js?t=1787452243071:55
[ 1651574ms] [ERROR] [popcorn-init] FAILED at: plugin-jsonTransition TypeError: Class constructor SortableElement cannot be invoked without 'new'
    at http://localhost:5173/components/modals/RetargetOptInModal.jsx?t=1787452243071:26:22 @ http://localhost:5173/src/lib/popcornInit.js?t=1787452243071:55
[ 1651588ms] [ERROR] [popcorn-init] FAILED at: plugin-lottie-json TypeError: Class constructor SortableElement cannot be invoked without 'new'
    at http://localhost:5173/components/modals/RetargetOptInModal.jsx?t=1787452243071:26:22 @ http://localhost:5173/src/lib/popcornInit.js?t=1787452243071:55
[ 1651596ms] [LOG] [popcorn-init] OK: plugin-json-button @ http://localhost:5173/src/lib/popcornInit.js?t=1787452243071:48
[ 1651604ms] [ERROR] [popcorn-init] FAILED at: plugin-personalizedImage TypeError: Class constructor SortableElement cannot be invoked without 'new'
    at http://localhost:5173/components/modals/RetargetOptInModal.jsx?t=1787452243071:26:22 @ http://localhost:5173/src/lib/popcornInit.js?t=1787452243071:55
[ 1651609ms] [ERROR] [popcorn-init] FAILED at: plugin-loopPlugin TypeError: Class constructor SortableElement cannot be invoked without 'new'
    at http://localhost:5173/components/modals/RetargetOptInModal.jsx?t=1787452243071:26:22 @ http://localhost:5173/src/lib/popcornInit.js?t=1787452243071:55
[ 1651616ms] [ERROR] [popcorn-init] FAILED at: plugin-pausePlugin TypeError: Class constructor SortableElement cannot be invoked without 'new'
    at http://localhost:5173/components/modals/RetargetOptInModal.jsx?t=1787452243071:26:22 @ http://localhost:5173/src/lib/popcornInit.js?t=1787452243071:55
[ 1651631ms] [ERROR] [popcorn-init] FAILED at: plugin-form TypeError: Class constructor SortableElement cannot be invoked without 'new'
    at http://localhost:5173/components/modals/RetargetOptInModal.jsx?t=1787452243071:26:22 @ http://localhost:5173/src/lib/popcornInit.js?t=1787452243071:55
[ 1651642ms] [ERROR] [popcorn-init] FAILED at: plugin-retarget TypeError: Class constructor SortableElement cannot be invoked without 'new'
    at http://localhost:5173/components/modals/RetargetOptInModal.jsx?t=1787452243071:26:22 @ http://localhost:5173/src/lib/popcornInit.js?t=1787452243071:55
[ 1651648ms] [LOG] [popcorn-init] OK: plugin-popup @ http://localhost:5173/src/lib/popcornInit.js?t=1787452243071:48
[ 1651654ms] [ERROR] [popcorn-init] FAILED at: plugin-sequencer TypeError: Class constructor SortableElement cannot be invoked without 'new'
    at http://localhost:5173/components/modals/RetargetOptInModal.jsx?t=1787452243071:26:22 @ http://localhost:5173/src/lib/popcornInit.js?t=1787452243071:55
[ 1651660ms] [ERROR] [popcorn-init] FAILED at: plugin-skip TypeError: Class constructor SortableElement cannot be invoked without 'new'
    at http://localhost:5173/components/modals/RetargetOptInModal.jsx?t=1787452243071:26:22 @ http://localhost:5173/src/lib/popcornInit.js?t=1787452243071:55
[ 1651681ms] [ERROR] [popcorn-init] FAILED at: plugin-text TypeError: Class constructor SortableElement cannot be invoked without 'new'
    at http://localhost:5173/components/modals/RetargetOptInModal.jsx?t=1787452243071:26:22 @ http://localhost:5173/src/lib/popcornInit.js?t=1787452243071:55
[ 1651682ms] [WARNING] Clerk: Clerk has been loaded with development keys. Development instances have strict usage limits and should not be used when deploying your application to production. Learn more: https://clerk.com/docs/deployments/overview @ https://clerk.smartvid.app/npm/@clerk/clerk-js@6/dist/clerk.browser.js:11
[ 1651695ms] [LOG] [popcorn-init] OK: plugin-social @ http://localhost:5173/src/lib/popcornInit.js?t=1787452243071:48
[ 1651705ms] [ERROR] [popcorn-init] FAILED at: plugin-jsonAnimation TypeError: Class constructor SortableElement cannot be invoked without 'new'
    at http://localhost:5173/components/modals/RetargetOptInModal.jsx?t=1787452243071:26:22 @ http://localhost:5173/src/lib/popcornInit.js?t=1787452243071:55
[ 1651719ms] [LOG] [popcorn-init] OK: plugin-videoTransition @ http://localhost:5173/src/lib/popcornInit.js?t=1787452243071:48
[ 1651727ms] [ERROR] [popcorn-init] FAILED at: plugin-seethroughtext TypeError: Class constructor SortableElement cannot be invoked without 'new'
    at http://localhost:5173/components/modals/RetargetOptInModal.jsx?t=1787452243071:26:22 @ http://localhost:5173/src/lib/popcornInit.js?t=1787452243071:55
[ 1651731ms] [LOG] [popcorn-init] OK: plugin-wikipedia @ http://localhost:5173/src/lib/popcornInit.js?t=1787452243071:48
[ 1651737ms] [ERROR] [popcorn-init] FAILED at: plugin-combined TypeError: Class constructor SortableElement cannot be invoked without 'new'
    at http://localhost:5173/components/modals/RetargetOptInModal.jsx?t=1787452243071:26:22 @ http://localhost:5173/src/lib/popcornInit.js?t=1787452243071:55
[ 1651743ms] [ERROR] [popcorn-init] FAILED at: plugin-background TypeError: Class constructor SortableElement cannot be invoked without 'new'
    at http://localhost:5173/components/modals/RetargetOptInModal.jsx?t=1787452243071:26:22 @ http://localhost:5173/src/lib/popcornInit.js?t=1787452243071:55
[ 1651743ms] [LOG] [popcorn-init] SUMMARY: 5/20 plugins registered; FAILED: plugin-image, plugin-jsonTransition, plugin-lottie-json, plugin-personalizedImage, plugin-loopPlugin, plugin-pausePlugin, plugin-form, plugin-retarget, plugin-sequencer, plugin-skip, plugin-text, plugin-jsonAnimation, plugin-seethroughtext, plugin-combined, plugin-background @ http://localhost:5173/src/lib/popcornInit.js?t=1787452243071:60
[ 1651743ms] [LOG] [popcorn] function 5 @ http://localhost:5173/src/main.js?t=1787452272683:4
[ 1651787ms] [ERROR] Failed to load resource: the server responded with a status of 400 () @ https://clerk.smartvid.app/v1/environment?__clerk_api_version=2026-05-12&_clerk_js_version=6.29.2&_method=PATCH:0
[ 1664936ms] [LOG] [App] Starting initialization... @ http://localhost:5173/src/main.js?t=1787452287405:19
[ 1664953ms] [LOG] [popcorn-init] OK: jquery @ http://localhost:5173/src/lib/popcornInit.js?t=1787452243071:41
[ 1664954ms] [LOG] [popcorn-init] OK: jquery-textfill @ http://localhost:5173/src/lib/popcornInit.js?t=1787452243071:48
[ 1664955ms] [LOG] [popcorn-init] OK: popcorn-core @ http://localhost:5173/src/lib/popcornInit.js?t=1787452243071:48
[ 1664955ms] [LOG] [popcorn-init] OK: popcorn-ie8 @ http://localhost:5173/src/lib/popcornInit.js?t=1787452243071:48
[ 1664956ms] [LOG] [popcorn-init] OK: wrapper-common @ http://localhost:5173/src/lib/popcornInit.js?t=1787452243071:48
[ 1664957ms] [LOG] [popcorn-init] OK: wrapper-html5 @ http://localhost:5173/src/lib/popcornInit.js?t=1787452243071:48
[ 1664957ms] [LOG] [popcorn-init] OK: wrapper-vrview @ http://localhost:5173/src/lib/popcornInit.js?t=1787452243071:48
[ 1664958ms] [LOG] [popcorn-init] OK: wrapper-adaptive @ http://localhost:5173/src/lib/popcornInit.js?t=1787452243071:48
[ 1664959ms] [LOG] [popcorn-init] OK: wrapper-null @ http://localhost:5173/src/lib/popcornInit.js?t=1787452243071:48
[ 1664959ms] [LOG] [popcorn-init] OK: wrapper-soundcloud @ http://localhost:5173/src/lib/popcornInit.js?t=1787452243071:48
[ 1664959ms] [LOG] [popcorn-init] OK: wrapper-vimeo @ http://localhost:5173/src/lib/popcornInit.js?t=1787452243071:48
[ 1664960ms] [LOG] [popcorn-init] OK: wrapper-youtube @ http://localhost:5173/src/lib/popcornInit.js?t=1787452243071:48
[ 1664960ms] [LOG] [popcorn-init] OK: wrapper-jwplayer @ http://localhost:5173/src/lib/popcornInit.js?t=1787452243071:48
[ 1664960ms] [LOG] [popcorn-init] OK: player-module @ http://localhost:5173/src/lib/popcornInit.js?t=1787452243071:48
[ 1665128ms] [INFO] %cDownload the React DevTools for a better development experience: https://react.dev/link/react-devtools font-weight:bold @ http://localhost:5173/node_modules/.vite/deps/chunk-EEAUBQDT.js?v=2834caec:20096
[ 1665133ms] [LOG] [App] Initialized in 196.70ms @ http://localhost:5173/src/main.js?t=1787452287405:164
[ 1665133ms] [LOG] [App] Navigating to initial page: video @ http://localhost:5173/src/main.js?t=1787452287405:165
[ 1665133ms] [INFO] [App] Dev auth bypass active — skipping setup popup. @ http://localhost:5173/src/main.js?t=1787452287405:176
[ 1665143ms] [ERROR] [2026-08-23T02:31:29.045Z] [ERROR] Unhandled promise rejection | {"reason":"Assignment to constant variable."} @ http://localhost:5173/src/lib/logger.js:84
[ 1665144ms] [ERROR] TypeError: Assignment to constant variable.
    at navigate (http://localhost:5173/src/lib/router.js?t=1787452243071:185:16)
    at http://localhost:5173/src/main.js?t=1787452287405:175:5 @ http://localhost:5173/src/lib/logger.js:85
[ 1665144ms] [ERROR] [Unhandled Promise Rejection] TypeError: Assignment to constant variable.
    at navigate (http://localhost:5173/src/lib/router.js?t=1787452243071:185:16)
    at http://localhost:5173/src/main.js?t=1787452287405:175:5 @ http://localhost:5173/src/main.js?t=1787452287405:33
[ 1665144ms] [LOG] [Analytics] error {errorType: unhandled_rejection, message: Assignment to constant variable.} @ http://localhost:5173/src/lib/analytics.js:36
[ 1665215ms] TypeError: Assignment to constant variable.
    at navigate (http://localhost:5173/src/lib/router.js?t=1787452243071:185:16)
    at http://localhost:5173/src/main.js?t=1787452287405:175:5
[ 1666323ms] [ERROR] [popcorn-init] FAILED at: plugin-image TypeError: Class constructor SortableElement cannot be invoked without 'new'
    at http://localhost:5173/components/modals/RetargetOptInModal.jsx?t=1787452243071:26:22 @ http://localhost:5173/src/lib/popcornInit.js?t=1787452243071:55
[ 1666324ms] [ERROR] [ModalSystem] mount failed TypeError: Class constructor SortableElement cannot be invoked without 'new'
    at http://localhost:5173/components/modals/RetargetOptInModal.jsx?t=1787452243071:26:22 @ http://localhost:5173/src/main.js?t=1787452287405:329
[ 1666375ms] [ERROR] [popcorn-init] FAILED at: plugin-jsonTransition TypeError: Class constructor SortableElement cannot be invoked without 'new'
    at http://localhost:5173/components/modals/RetargetOptInModal.jsx?t=1787452243071:26:22 @ http://localhost:5173/src/lib/popcornInit.js?t=1787452243071:55
[ 1666388ms] [ERROR] [popcorn-init] FAILED at: plugin-lottie-json TypeError: Class constructor SortableElement cannot be invoked without 'new'
    at http://localhost:5173/components/modals/RetargetOptInModal.jsx?t=1787452243071:26:22 @ http://localhost:5173/src/lib/popcornInit.js?t=1787452243071:55
[ 1666397ms] [LOG] [popcorn-init] OK: plugin-json-button @ http://localhost:5173/src/lib/popcornInit.js?t=1787452243071:48
[ 1666403ms] [ERROR] [popcorn-init] FAILED at: plugin-personalizedImage TypeError: Class constructor SortableElement cannot be invoked without 'new'
    at http://localhost:5173/components/modals/RetargetOptInModal.jsx?t=1787452243071:26:22 @ http://localhost:5173/src/lib/popcornInit.js?t=1787452243071:55
[ 1666408ms] [ERROR] [popcorn-init] FAILED at: plugin-loopPlugin TypeError: Class constructor SortableElement cannot be invoked without 'new'
    at http://localhost:5173/components/modals/RetargetOptInModal.jsx?t=1787452243071:26:22 @ http://localhost:5173/src/lib/popcornInit.js?t=1787452243071:55
[ 1666413ms] [ERROR] [popcorn-init] FAILED at: plugin-pausePlugin TypeError: Class constructor SortableElement cannot be invoked without 'new'
    at http://localhost:5173/components/modals/RetargetOptInModal.jsx?t=1787452243071:26:22 @ http://localhost:5173/src/lib/popcornInit.js?t=1787452243071:55
[ 1666423ms] [ERROR] [popcorn-init] FAILED at: plugin-form TypeError: Class constructor SortableElement cannot be invoked without 'new'
    at http://localhost:5173/components/modals/RetargetOptInModal.jsx?t=1787452243071:26:22 @ http://localhost:5173/src/lib/popcornInit.js?t=1787452243071:55
[ 1666433ms] [ERROR] [popcorn-init] FAILED at: plugin-retarget TypeError: Class constructor SortableElement cannot be invoked without 'new'
    at http://localhost:5173/components/modals/RetargetOptInModal.jsx?t=1787452243071:26:22 @ http://localhost:5173/src/lib/popcornInit.js?t=1787452243071:55
[ 1666437ms] [LOG] [popcorn-init] OK: plugin-popup @ http://localhost:5173/src/lib/popcornInit.js?t=1787452243071:48
[ 1666442ms] [ERROR] [popcorn-init] FAILED at: plugin-sequencer TypeError: Class constructor SortableElement cannot be invoked without 'new'
    at http://localhost:5173/components/modals/RetargetOptInModal.jsx?t=1787452243071:26:22 @ http://localhost:5173/src/lib/popcornInit.js?t=1787452243071:55
[ 1666444ms] [WARNING] Clerk: Clerk has been loaded with development keys. Development instances have strict usage limits and should not be used when deploying your application to production. Learn more: https://clerk.com/docs/deployments/overview @ https://clerk.smartvid.app/npm/@clerk/clerk-js@6/dist/clerk.browser.js:11
[ 1666450ms] [ERROR] [popcorn-init] FAILED at: plugin-skip TypeError: Class constructor SortableElement cannot be invoked without 'new'
    at http://localhost:5173/components/modals/RetargetOptInModal.jsx?t=1787452243071:26:22 @ http://localhost:5173/src/lib/popcornInit.js?t=1787452243071:55
[ 1666481ms] [ERROR] [popcorn-init] FAILED at: plugin-text TypeError: Class constructor SortableElement cannot be invoked without 'new'
    at http://localhost:5173/components/modals/RetargetOptInModal.jsx?t=1787452243071:26:22 @ http://localhost:5173/src/lib/popcornInit.js?t=1787452243071:55
[ 1666490ms] [LOG] [popcorn-init] OK: plugin-social @ http://localhost:5173/src/lib/popcornInit.js?t=1787452243071:48
[ 1666497ms] [ERROR] [popcorn-init] FAILED at: plugin-jsonAnimation TypeError: Class constructor SortableElement cannot be invoked without 'new'
    at http://localhost:5173/components/modals/RetargetOptInModal.jsx?t=1787452243071:26:22 @ http://localhost:5173/src/lib/popcornInit.js?t=1787452243071:55
[ 1666509ms] [LOG] [popcorn-init] OK: plugin-videoTransition @ http://localhost:5173/src/lib/popcornInit.js?t=1787452243071:48
[ 1666514ms] [ERROR] [popcorn-init] FAILED at: plugin-seethroughtext TypeError: Class constructor SortableElement cannot be invoked without 'new'
    at http://localhost:5173/components/modals/RetargetOptInModal.jsx?t=1787452243071:26:22 @ http://localhost:5173/src/lib/popcornInit.js?t=1787452243071:55
[ 1666518ms] [LOG] [popcorn-init] OK: plugin-wikipedia @ http://localhost:5173/src/lib/popcornInit.js?t=1787452243071:48
[ 1666523ms] [ERROR] [popcorn-init] FAILED at: plugin-combined TypeError: Class constructor SortableElement cannot be invoked without 'new'
    at http://localhost:5173/components/modals/RetargetOptInModal.jsx?t=1787452243071:26:22 @ http://localhost:5173/src/lib/popcornInit.js?t=1787452243071:55
[ 1666528ms] [ERROR] [popcorn-init] FAILED at: plugin-background TypeError: Class constructor SortableElement cannot be invoked without 'new'
    at http://localhost:5173/components/modals/RetargetOptInModal.jsx?t=1787452243071:26:22 @ http://localhost:5173/src/lib/popcornInit.js?t=1787452243071:55
[ 1666528ms] [LOG] [popcorn-init] SUMMARY: 5/20 plugins registered; FAILED: plugin-image, plugin-jsonTransition, plugin-lottie-json, plugin-personalizedImage, plugin-loopPlugin, plugin-pausePlugin, plugin-form, plugin-retarget, plugin-sequencer, plugin-skip, plugin-text, plugin-jsonAnimation, plugin-seethroughtext, plugin-combined, plugin-background @ http://localhost:5173/src/lib/popcornInit.js?t=1787452243071:60
[ 1666529ms] [LOG] [popcorn] function 5 @ http://localhost:5173/src/main.js?t=1787452287405:4
[ 1666533ms] [ERROR] Failed to load resource: the server responded with a status of 400 () @ https://clerk.smartvid.app/v1/environment?__clerk_api_version=2026-05-12&_clerk_js_version=6.29.2&_method=PATCH:0
[ 1669429ms] [LOG] [App] Starting initialization... @ http://localhost:5173/src/main.js?t=1787452291987:19
[ 1669445ms] [LOG] [popcorn-init] OK: jquery @ http://localhost:5173/src/lib/popcornInit.js?t=1787452291987:41
[ 1669446ms] [LOG] [popcorn-init] OK: jquery-textfill @ http://localhost:5173/src/lib/popcornInit.js?t=1787452291987:48
[ 1669447ms] [LOG] [popcorn-init] OK: popcorn-core @ http://localhost:5173/src/lib/popcornInit.js?t=1787452291987:48
[ 1669448ms] [LOG] [popcorn-init] OK: popcorn-ie8 @ http://localhost:5173/src/lib/popcornInit.js?t=1787452291987:48
[ 1669449ms] [LOG] [popcorn-init] OK: wrapper-common @ http://localhost:5173/src/lib/popcornInit.js?t=1787452291987:48
[ 1669450ms] [LOG] [popcorn-init] OK: wrapper-html5 @ http://localhost:5173/src/lib/popcornInit.js?t=1787452291987:48
[ 1669450ms] [LOG] [popcorn-init] OK: wrapper-vrview @ http://localhost:5173/src/lib/popcornInit.js?t=1787452291987:48
[ 1669451ms] [LOG] [popcorn-init] OK: wrapper-adaptive @ http://localhost:5173/src/lib/popcornInit.js?t=1787452291987:48
[ 1669451ms] [LOG] [popcorn-init] OK: wrapper-null @ http://localhost:5173/src/lib/popcornInit.js?t=1787452291987:48
[ 1669451ms] [LOG] [popcorn-init] OK: wrapper-soundcloud @ http://localhost:5173/src/lib/popcornInit.js?t=1787452291987:48
[ 1669452ms] [LOG] [popcorn-init] OK: wrapper-vimeo @ http://localhost:5173/src/lib/popcornInit.js?t=1787452291987:48
[ 1669452ms] [LOG] [popcorn-init] OK: wrapper-youtube @ http://localhost:5173/src/lib/popcornInit.js?t=1787452291987:48
[ 1669453ms] [LOG] [popcorn-init] OK: wrapper-jwplayer @ http://localhost:5173/src/lib/popcornInit.js?t=1787452291987:48
[ 1669453ms] [LOG] [popcorn-init] OK: player-module @ http://localhost:5173/src/lib/popcornInit.js?t=1787452291987:48
[ 1669671ms] [INFO] %cDownload the React DevTools for a better development experience: https://react.dev/link/react-devtools font-weight:bold @ http://localhost:5173/node_modules/.vite/deps/chunk-EEAUBQDT.js?v=2834caec:20096
[ 1669676ms] [LOG] [App] Initialized in 246.50ms @ http://localhost:5173/src/main.js?t=1787452291987:164
[ 1669676ms] [LOG] [App] Navigating to initial page: video @ http://localhost:5173/src/main.js?t=1787452291987:165
[ 1669677ms] [INFO] [App] Dev auth bypass active — skipping setup popup. @ http://localhost:5173/src/main.js?t=1787452291987:176
[ 1669681ms] [ERROR] [2026-08-23T02:31:33.582Z] [ERROR] Unhandled promise rejection | {"reason":"Assignment to constant variable."} @ http://localhost:5173/src/lib/logger.js:84
[ 1669681ms] [ERROR] TypeError: Assignment to constant variable.
    at navigate (http://localhost:5173/src/lib/router.js?t=1787452291987:185:16)
    at http://localhost:5173/src/main.js?t=1787452291987:175:5 @ http://localhost:5173/src/lib/logger.js:85
[ 1669681ms] [ERROR] [Unhandled Promise Rejection] TypeError: Assignment to constant variable.
    at navigate (http://localhost:5173/src/lib/router.js?t=1787452291987:185:16)
    at http://localhost:5173/src/main.js?t=1787452291987:175:5 @ http://localhost:5173/src/main.js?t=1787452291987:33
[ 1669682ms] [LOG] [Analytics] error {errorType: unhandled_rejection, message: Assignment to constant variable.} @ http://localhost:5173/src/lib/analytics.js:36
[ 1669686ms] TypeError: Assignment to constant variable.
    at navigate (http://localhost:5173/src/lib/router.js?t=1787452291987:185:16)
    at http://localhost:5173/src/main.js?t=1787452291987:175:5
[ 1670526ms] [ERROR] [ModalSystem] mount failed TypeError: Class constructor SortableElement cannot be invoked without 'new'
    at http://localhost:5173/components/modals/RetargetOptInModal.jsx?t=1787452291987:26:22 @ http://localhost:5173/src/main.js?t=1787452291987:329
[ 1670528ms] [ERROR] [popcorn-init] FAILED at: plugin-image TypeError: Class constructor SortableElement cannot be invoked without 'new'
    at http://localhost:5173/components/modals/RetargetOptInModal.jsx?t=1787452291987:26:22 @ http://localhost:5173/src/lib/popcornInit.js?t=1787452291987:55
[ 1670535ms] [ERROR] [popcorn-init] FAILED at: plugin-jsonTransition TypeError: Class constructor SortableElement cannot be invoked without 'new'
    at http://localhost:5173/components/modals/RetargetOptInModal.jsx?t=1787452291987:26:22 @ http://localhost:5173/src/lib/popcornInit.js?t=1787452291987:55
[ 1670549ms] [ERROR] [popcorn-init] FAILED at: plugin-lottie-json TypeError: Class constructor SortableElement cannot be invoked without 'new'
    at http://localhost:5173/components/modals/RetargetOptInModal.jsx?t=1787452291987:26:22 @ http://localhost:5173/src/lib/popcornInit.js?t=1787452291987:55
[ 1670558ms] [LOG] [popcorn-init] OK: plugin-json-button @ http://localhost:5173/src/lib/popcornInit.js?t=1787452291987:48
[ 1670564ms] [ERROR] [popcorn-init] FAILED at: plugin-personalizedImage TypeError: Class constructor SortableElement cannot be invoked without 'new'
    at http://localhost:5173/components/modals/RetargetOptInModal.jsx?t=1787452291987:26:22 @ http://localhost:5173/src/lib/popcornInit.js?t=1787452291987:55
[ 1670569ms] [ERROR] [popcorn-init] FAILED at: plugin-loopPlugin TypeError: Class constructor SortableElement cannot be invoked without 'new'
    at http://localhost:5173/components/modals/RetargetOptInModal.jsx?t=1787452291987:26:22 @ http://localhost:5173/src/lib/popcornInit.js?t=1787452291987:55
[ 1670574ms] [ERROR] [popcorn-init] FAILED at: plugin-pausePlugin TypeError: Class constructor SortableElement cannot be invoked without 'new'
    at http://localhost:5173/components/modals/RetargetOptInModal.jsx?t=1787452291987:26:22 @ http://localhost:5173/src/lib/popcornInit.js?t=1787452291987:55
[ 1670581ms] [WARNING] Clerk: Clerk has been loaded with development keys. Development instances have strict usage limits and should not be used when deploying your application to production. Learn more: https://clerk.com/docs/deployments/overview @ https://clerk.smartvid.app/npm/@clerk/clerk-js@6/dist/clerk.browser.js:11
[ 1670592ms] [ERROR] [popcorn-init] FAILED at: plugin-form TypeError: Class constructor SortableElement cannot be invoked without 'new'
    at http://localhost:5173/components/modals/RetargetOptInModal.jsx?t=1787452291987:26:22 @ http://localhost:5173/src/lib/popcornInit.js?t=1787452291987:55
[ 1670605ms] [ERROR] [popcorn-init] FAILED at: plugin-retarget TypeError: Class constructor SortableElement cannot be invoked without 'new'
    at http://localhost:5173/components/modals/RetargetOptInModal.jsx?t=1787452291987:26:22 @ http://localhost:5173/src/lib/popcornInit.js?t=1787452291987:55
[ 1670609ms] [LOG] [popcorn-init] OK: plugin-popup @ http://localhost:5173/src/lib/popcornInit.js?t=1787452291987:48
[ 1670618ms] [ERROR] [popcorn-init] FAILED at: plugin-sequencer TypeError: Class constructor SortableElement cannot be invoked without 'new'
    at http://localhost:5173/components/modals/RetargetOptInModal.jsx?t=1787452291987:26:22 @ http://localhost:5173/src/lib/popcornInit.js?t=1787452291987:55
[ 1670625ms] [ERROR] [popcorn-init] FAILED at: plugin-skip TypeError: Class constructor SortableElement cannot be invoked without 'new'
    at http://localhost:5173/components/modals/RetargetOptInModal.jsx?t=1787452291987:26:22 @ http://localhost:5173/src/lib/popcornInit.js?t=1787452291987:55
[ 1670664ms] [ERROR] Failed to load resource: the server responded with a status of 400 () @ https://clerk.smartvid.app/v1/environment?__clerk_api_version=2026-05-12&_clerk_js_version=6.29.2&_method=PATCH:0
[ 1670713ms] [ERROR] [popcorn-init] FAILED at: plugin-text TypeError: Class constructor SortableElement cannot be invoked without 'new'
    at http://localhost:5173/components/modals/RetargetOptInModal.jsx?t=1787452291987:26:22 @ http://localhost:5173/src/lib/popcornInit.js?t=1787452291987:55
[ 1670732ms] [LOG] [popcorn-init] OK: plugin-social @ http://localhost:5173/src/lib/popcornInit.js?t=1787452291987:48
[ 1670741ms] [ERROR] [popcorn-init] FAILED at: plugin-jsonAnimation TypeError: Class constructor SortableElement cannot be invoked without 'new'
    at http://localhost:5173/components/modals/RetargetOptInModal.jsx?t=1787452291987:26:22 @ http://localhost:5173/src/lib/popcornInit.js?t=1787452291987:55
[ 1670752ms] [LOG] [popcorn-init] OK: plugin-videoTransition @ http://localhost:5173/src/lib/popcornInit.js?t=1787452291987:48
[ 1670759ms] [ERROR] [popcorn-init] FAILED at: plugin-seethroughtext TypeError: Class constructor SortableElement cannot be invoked without 'new'
    at http://localhost:5173/components/modals/RetargetOptInModal.jsx?t=1787452291987:26:22 @ http://localhost:5173/src/lib/popcornInit.js?t=1787452291987:55
[ 1670762ms] [LOG] [popcorn-init] OK: plugin-wikipedia @ http://localhost:5173/src/lib/popcornInit.js?t=1787452291987:48
[ 1670768ms] [ERROR] [popcorn-init] FAILED at: plugin-combined TypeError: Class constructor SortableElement cannot be invoked without 'new'
    at http://localhost:5173/components/modals/RetargetOptInModal.jsx?t=1787452291987:26:22 @ http://localhost:5173/src/lib/popcornInit.js?t=1787452291987:55
[ 1670773ms] [ERROR] [popcorn-init] FAILED at: plugin-background TypeError: Class constructor SortableElement cannot be invoked without 'new'
    at http://localhost:5173/components/modals/RetargetOptInModal.jsx?t=1787452291987:26:22 @ http://localhost:5173/src/lib/popcornInit.js?t=1787452291987:55
[ 1670774ms] [LOG] [popcorn-init] SUMMARY: 5/20 plugins registered; FAILED: plugin-image, plugin-jsonTransition, plugin-lottie-json, plugin-personalizedImage, plugin-loopPlugin, plugin-pausePlugin, plugin-form, plugin-retarget, plugin-sequencer, plugin-skip, plugin-text, plugin-jsonAnimation, plugin-seethroughtext, plugin-combined, plugin-background @ http://localhost:5173/src/lib/popcornInit.js?t=1787452291987:60
[ 1670774ms] [LOG] [popcorn] function 5 @ http://localhost:5173/src/main.js?t=1787452291987:4
[ 1679136ms] [LOG] [App] Starting initialization... @ http://localhost:5173/src/main.js?t=1787452301553:19
[ 1679157ms] [LOG] [popcorn-init] OK: jquery @ http://localhost:5173/src/lib/popcornInit.js?t=1787452301551:41
[ 1679158ms] [LOG] [popcorn-init] OK: jquery-textfill @ http://localhost:5173/src/lib/popcornInit.js?t=1787452301551:48
[ 1679160ms] [LOG] [popcorn-init] OK: popcorn-core @ http://localhost:5173/src/lib/popcornInit.js?t=1787452301551:48
[ 1679161ms] [LOG] [popcorn-init] OK: popcorn-ie8 @ http://localhost:5173/src/lib/popcornInit.js?t=1787452301551:48
[ 1679161ms] [LOG] [popcorn-init] OK: wrapper-common @ http://localhost:5173/src/lib/popcornInit.js?t=1787452301551:48
[ 1679162ms] [LOG] [popcorn-init] OK: wrapper-html5 @ http://localhost:5173/src/lib/popcornInit.js?t=1787452301551:48
[ 1679162ms] [LOG] [popcorn-init] OK: wrapper-vrview @ http://localhost:5173/src/lib/popcornInit.js?t=1787452301551:48
[ 1679163ms] [LOG] [popcorn-init] OK: wrapper-adaptive @ http://localhost:5173/src/lib/popcornInit.js?t=1787452301551:48
[ 1679164ms] [LOG] [popcorn-init] OK: wrapper-null @ http://localhost:5173/src/lib/popcornInit.js?t=1787452301551:48
[ 1679164ms] [LOG] [popcorn-init] OK: wrapper-soundcloud @ http://localhost:5173/src/lib/popcornInit.js?t=1787452301551:48
[ 1679165ms] [LOG] [popcorn-init] OK: wrapper-vimeo @ http://localhost:5173/src/lib/popcornInit.js?t=1787452301551:48
[ 1679165ms] [LOG] [popcorn-init] OK: wrapper-youtube @ http://localhost:5173/src/lib/popcornInit.js?t=1787452301551:48
[ 1679165ms] [LOG] [popcorn-init] OK: wrapper-jwplayer @ http://localhost:5173/src/lib/popcornInit.js?t=1787452301551:48
[ 1679166ms] [LOG] [popcorn-init] OK: player-module @ http://localhost:5173/src/lib/popcornInit.js?t=1787452301551:48
[ 1679477ms] [INFO] %cDownload the React DevTools for a better development experience: https://react.dev/link/react-devtools font-weight:bold @ http://localhost:5173/node_modules/.vite/deps/chunk-EEAUBQDT.js?v=2834caec:20096
[ 1679481ms] [LOG] [App] Initialized in 344.60ms @ http://localhost:5173/src/main.js?t=1787452301553:164
[ 1679481ms] [LOG] [App] Navigating to initial page: video @ http://localhost:5173/src/main.js?t=1787452301553:165
[ 1679482ms] [INFO] [App] Dev auth bypass active — skipping setup popup. @ http://localhost:5173/src/main.js?t=1787452301553:176
[ 1679485ms] [ERROR] [2026-08-23T02:31:43.387Z] [ERROR] Unhandled promise rejection | {"reason":"Assignment to constant variable."} @ http://localhost:5173/src/lib/logger.js:84
[ 1679485ms] [ERROR] TypeError: Assignment to constant variable.
    at navigate (http://localhost:5173/src/lib/router.js?t=1787452301551:185:16)
    at http://localhost:5173/src/main.js?t=1787452301553:175:5 @ http://localhost:5173/src/lib/logger.js:85
[ 1679486ms] [ERROR] [Unhandled Promise Rejection] TypeError: Assignment to constant variable.
    at navigate (http://localhost:5173/src/lib/router.js?t=1787452301551:185:16)
    at http://localhost:5173/src/main.js?t=1787452301553:175:5 @ http://localhost:5173/src/main.js?t=1787452301553:33
[ 1679486ms] [LOG] [Analytics] error {errorType: unhandled_rejection, message: Assignment to constant variable.} @ http://localhost:5173/src/lib/analytics.js:36
[ 1679495ms] TypeError: Assignment to constant variable.
    at navigate (http://localhost:5173/src/lib/router.js?t=1787452301551:185:16)
    at http://localhost:5173/src/main.js?t=1787452301553:175:5
[ 1679896ms] [ERROR] [popcorn-init] FAILED at: plugin-image TypeError: Class constructor SortableElement cannot be invoked without 'new'
    at http://localhost:5173/components/modals/RetargetOptInModal.jsx?t=1787452301551:26:22 @ http://localhost:5173/src/lib/popcornInit.js?t=1787452301551:55
[ 1679897ms] [ERROR] [ModalSystem] mount failed TypeError: Class constructor SortableElement cannot be invoked without 'new'
    at http://localhost:5173/components/modals/RetargetOptInModal.jsx?t=1787452301551:26:22 @ http://localhost:5173/src/main.js?t=1787452301553:329
[ 1679905ms] [ERROR] [popcorn-init] FAILED at: plugin-jsonTransition TypeError: Class constructor SortableElement cannot be invoked without 'new'
    at http://localhost:5173/components/modals/RetargetOptInModal.jsx?t=1787452301551:26:22 @ http://localhost:5173/src/lib/popcornInit.js?t=1787452301551:55
[ 1679918ms] [ERROR] [popcorn-init] FAILED at: plugin-lottie-json TypeError: Class constructor SortableElement cannot be invoked without 'new'
    at http://localhost:5173/components/modals/RetargetOptInModal.jsx?t=1787452301551:26:22 @ http://localhost:5173/src/lib/popcornInit.js?t=1787452301551:55
[ 1679934ms] [LOG] [popcorn-init] OK: plugin-json-button @ http://localhost:5173/src/lib/popcornInit.js?t=1787452301551:48
[ 1679940ms] [ERROR] [popcorn-init] FAILED at: plugin-personalizedImage TypeError: Class constructor SortableElement cannot be invoked without 'new'
    at http://localhost:5173/components/modals/RetargetOptInModal.jsx?t=1787452301551:26:22 @ http://localhost:5173/src/lib/popcornInit.js?t=1787452301551:55
[ 1679947ms] [ERROR] [popcorn-init] FAILED at: plugin-loopPlugin TypeError: Class constructor SortableElement cannot be invoked without 'new'
    at http://localhost:5173/components/modals/RetargetOptInModal.jsx?t=1787452301551:26:22 @ http://localhost:5173/src/lib/popcornInit.js?t=1787452301551:55
[ 1679953ms] [ERROR] [popcorn-init] FAILED at: plugin-pausePlugin TypeError: Class constructor SortableElement cannot be invoked without 'new'
    at http://localhost:5173/components/modals/RetargetOptInModal.jsx?t=1787452301551:26:22 @ http://localhost:5173/src/lib/popcornInit.js?t=1787452301551:55
[ 1679967ms] [ERROR] [popcorn-init] FAILED at: plugin-form TypeError: Class constructor SortableElement cannot be invoked without 'new'
    at http://localhost:5173/components/modals/RetargetOptInModal.jsx?t=1787452301551:26:22 @ http://localhost:5173/src/lib/popcornInit.js?t=1787452301551:55
[ 1679981ms] [ERROR] [popcorn-init] FAILED at: plugin-retarget TypeError: Class constructor SortableElement cannot be invoked without 'new'
    at http://localhost:5173/components/modals/RetargetOptInModal.jsx?t=1787452301551:26:22 @ http://localhost:5173/src/lib/popcornInit.js?t=1787452301551:55
[ 1679985ms] [LOG] [popcorn-init] OK: plugin-popup @ http://localhost:5173/src/lib/popcornInit.js?t=1787452301551:48
[ 1679986ms] [WARNING] Clerk: Clerk has been loaded with development keys. Development instances have strict usage limits and should not be used when deploying your application to production. Learn more: https://clerk.com/docs/deployments/overview @ https://clerk.smartvid.app/npm/@clerk/clerk-js@6/dist/clerk.browser.js:11
[ 1679999ms] [ERROR] [popcorn-init] FAILED at: plugin-sequencer TypeError: Class constructor SortableElement cannot be invoked without 'new'
    at http://localhost:5173/components/modals/RetargetOptInModal.jsx?t=1787452301551:26:22 @ http://localhost:5173/src/lib/popcornInit.js?t=1787452301551:55
[ 1680004ms] [ERROR] [popcorn-init] FAILED at: plugin-skip TypeError: Class constructor SortableElement cannot be invoked without 'new'
    at http://localhost:5173/components/modals/RetargetOptInModal.jsx?t=1787452301551:26:22 @ http://localhost:5173/src/lib/popcornInit.js?t=1787452301551:55
[ 1680033ms] [ERROR] [popcorn-init] FAILED at: plugin-text TypeError: Class constructor SortableElement cannot be invoked without 'new'
    at http://localhost:5173/components/modals/RetargetOptInModal.jsx?t=1787452301551:26:22 @ http://localhost:5173/src/lib/popcornInit.js?t=1787452301551:55
[ 1680043ms] [LOG] [popcorn-init] OK: plugin-social @ http://localhost:5173/src/lib/popcornInit.js?t=1787452301551:48
[ 1680050ms] [ERROR] [popcorn-init] FAILED at: plugin-jsonAnimation TypeError: Class constructor SortableElement cannot be invoked without 'new'
    at http://localhost:5173/components/modals/RetargetOptInModal.jsx?t=1787452301551:26:22 @ http://localhost:5173/src/lib/popcornInit.js?t=1787452301551:55
[ 1680063ms] [LOG] [popcorn-init] OK: plugin-videoTransition @ http://localhost:5173/src/lib/popcornInit.js?t=1787452301551:48
[ 1680069ms] [ERROR] [popcorn-init] FAILED at: plugin-seethroughtext TypeError: Class constructor SortableElement cannot be invoked without 'new'
    at http://localhost:5173/components/modals/RetargetOptInModal.jsx?t=1787452301551:26:22 @ http://localhost:5173/src/lib/popcornInit.js?t=1787452301551:55
[ 1680074ms] [LOG] [popcorn-init] OK: plugin-wikipedia @ http://localhost:5173/src/lib/popcornInit.js?t=1787452301551:48
[ 1680080ms] [ERROR] [popcorn-init] FAILED at: plugin-combined TypeError: Class constructor SortableElement cannot be invoked without 'new'
    at http://localhost:5173/components/modals/RetargetOptInModal.jsx?t=1787452301551:26:22 @ http://localhost:5173/src/lib/popcornInit.js?t=1787452301551:55
[ 1680082ms] [ERROR] Failed to load resource: the server responded with a status of 400 () @ https://clerk.smartvid.app/v1/environment?__clerk_api_version=2026-05-12&_clerk_js_version=6.29.2&_method=PATCH:0
[ 1680109ms] [ERROR] [popcorn-init] FAILED at: plugin-background TypeError: Class constructor SortableElement cannot be invoked without 'new'
    at http://localhost:5173/components/modals/RetargetOptInModal.jsx?t=1787452301551:26:22 @ http://localhost:5173/src/lib/popcornInit.js?t=1787452301551:55
[ 1680109ms] [LOG] [popcorn-init] SUMMARY: 5/20 plugins registered; FAILED: plugin-image, plugin-jsonTransition, plugin-lottie-json, plugin-personalizedImage, plugin-loopPlugin, plugin-pausePlugin, plugin-form, plugin-retarget, plugin-sequencer, plugin-skip, plugin-text, plugin-jsonAnimation, plugin-seethroughtext, plugin-combined, plugin-background @ http://localhost:5173/src/lib/popcornInit.js?t=1787452301551:60
[ 1680110ms] [LOG] [popcorn] function 5 @ http://localhost:5173/src/main.js?t=1787452301553:4
[ 1690307ms] [ERROR] Failed to load resource: the server responded with a status of 500 (Internal Server Error) @ http://localhost:5173/src/style.css?t=1787452307663:0
[ 1690307ms] [ERROR] Failed to load resource: the server responded with a status of 500 (Internal Server Error) @ http://localhost:5173/src/style.css?t=1787452307664:0
[ 1690307ms] [ERROR] Failed to load resource: the server responded with a status of 500 (Internal Server Error) @ http://localhost:5173/src/style.css?t=1787452307665:0
[ 1690308ms] [ERROR] Failed to load resource: the server responded with a status of 500 (Internal Server Error) @ http://localhost:5173/src/style.css?t=1787452307666:0
[ 1690308ms] [ERROR] Failed to load resource: the server responded with a status of 500 (Internal Server Error) @ http://localhost:5173/src/style.css?t=1787452307667:0
[ 1690308ms] [ERROR] Failed to load resource: the server responded with a status of 500 (Internal Server Error) @ http://localhost:5173/src/style.css?t=1787452307662:0
[ 1690308ms] [ERROR] [hmr] Failed to reload /src/style.css. This could be due to syntax errors or importing non-existent modules. (see errors above) @ http://localhost:5173/@vite/client:175
[ 1690309ms] [ERROR] [hmr] Failed to reload /src/style.css. This could be due to syntax errors or importing non-existent modules. (see errors above) @ http://localhost:5173/@vite/client:175
[ 1690312ms] [ERROR] [hmr] Failed to reload /src/style.css. This could be due to syntax errors or importing non-existent modules. (see errors above) @ http://localhost:5173/@vite/client:175
[ 1690312ms] [ERROR] [hmr] Failed to reload /src/style.css. This could be due to syntax errors or importing non-existent modules. (see errors above) @ http://localhost:5173/@vite/client:175
[ 1690312ms] [ERROR] [hmr] Failed to reload /src/style.css. This could be due to syntax errors or importing non-existent modules. (see errors above) @ http://localhost:5173/@vite/client:175
[ 1690313ms] [ERROR] [hmr] Failed to reload /src/style.css. This could be due to syntax errors or importing non-existent modules. (see errors above) @ http://localhost:5173/@vite/client:175
[ 1690313ms] [ERROR] [hmr] Failed to reload /src/style.css. This could be due to syntax errors or importing non-existent modules. (see errors above) @ http://localhost:5173/@vite/client:175
[ 1690313ms] [ERROR] [hmr] Failed to reload /src/style.css. This could be due to syntax errors or importing non-existent modules. (see errors above) @ http://localhost:5173/@vite/client:175
[ 1690313ms] [ERROR] [hmr] Failed to reload /src/style.css. This could be due to syntax errors or importing non-existent modules. (see errors above) @ http://localhost:5173/@vite/client:175
[ 1690313ms] [ERROR] [hmr] Failed to reload /src/style.css. This could be due to syntax errors or importing non-existent modules. (see errors above) @ http://localhost:5173/@vite/client:175
[ 1690314ms] [ERROR] [hmr] Failed to reload /src/style.css. This could be due to syntax errors or importing non-existent modules. (see errors above) @ http://localhost:5173/@vite/client:175
[ 1694433ms] [ERROR] Failed to load resource: the server responded with a status of 404 (Not Found) @ http://localhost:5173/src/lib/clerkInit.js?t=1787452313482:0
[ 1703755ms] [LOG] [App] Starting initialization... @ http://localhost:5173/src/main.js?t=1787452323989:16
[ 1703878ms] [LOG] [popcorn-init] OK: jquery @ http://localhost:5173/src/lib/popcornInit.js?t=1787452323979:41
[ 1703881ms] [LOG] [popcorn-init] OK: jquery-textfill @ http://localhost:5173/src/lib/popcornInit.js?t=1787452323979:48
[ 1703887ms] [LOG] [popcorn-init] OK: popcorn-core @ http://localhost:5173/src/lib/popcornInit.js?t=1787452323979:48
[ 1703888ms] [LOG] [popcorn-init] OK: popcorn-ie8 @ http://localhost:5173/src/lib/popcornInit.js?t=1787452323979:48
[ 1703889ms] [LOG] [popcorn-init] OK: wrapper-common @ http://localhost:5173/src/lib/popcornInit.js?t=1787452323979:48
[ 1703890ms] [LOG] [popcorn-init] OK: wrapper-html5 @ http://localhost:5173/src/lib/popcornInit.js?t=1787452323979:48
[ 1703891ms] [LOG] [popcorn-init] OK: wrapper-vrview @ http://localhost:5173/src/lib/popcornInit.js?t=1787452323979:48
[ 1703892ms] [LOG] [popcorn-init] OK: wrapper-adaptive @ http://localhost:5173/src/lib/popcornInit.js?t=1787452323979:48
[ 1703893ms] [LOG] [popcorn-init] OK: wrapper-null @ http://localhost:5173/src/lib/popcornInit.js?t=1787452323979:48
[ 1703894ms] [LOG] [popcorn-init] OK: wrapper-soundcloud @ http://localhost:5173/src/lib/popcornInit.js?t=1787452323979:48
[ 1703894ms] [LOG] [popcorn-init] OK: wrapper-vimeo @ http://localhost:5173/src/lib/popcornInit.js?t=1787452323979:48
[ 1703895ms] [LOG] [popcorn-init] OK: wrapper-youtube @ http://localhost:5173/src/lib/popcornInit.js?t=1787452323979:48
[ 1703896ms] [LOG] [popcorn-init] OK: wrapper-jwplayer @ http://localhost:5173/src/lib/popcornInit.js?t=1787452323979:48
[ 1703896ms] [LOG] [popcorn-init] OK: player-module @ http://localhost:5173/src/lib/popcornInit.js?t=1787452323979:48
[ 1703921ms] [LOG] [vite] server connection lost. Polling for restart... @ http://localhost:5173/@vite/client:559
[ 1703930ms] [ERROR] Failed to load resource: net::ERR_CONNECTION_REFUSED @ http://localhost:5173/favicon.webp:0
[ 1703931ms] [ERROR] Failed to load resource: net::ERR_CONNECTION_RESET @ http://localhost:5173/:0
[ 1703932ms] [ERROR] Failed to load resource: net::ERR_CONNECTION_RESET @ http://localhost:5173/src/components/auth/HeaderAuth.jsx?t=1787452323918:0
[ 1703932ms] [ERROR] [App] Fatal initialization error: TypeError: Failed to fetch dynamically imported module: http://localhost:5173/src/components/auth/HeaderAuth.jsx?t=1787452323918 @ http://localhost:5173/src/main.js?t=1787452323989:148
[ 1703932ms] [LOG] [Analytics] error {errorType: fatal_init, message: Failed to fetch dynamically imported module: http:…rc/components/auth/HeaderAuth.jsx?t=1787452323918} @ http://localhost:5173/src/lib/analytics.js?t=1787452323983:35
[ 1703934ms] [ERROR] Failed to load resource: net::ERR_CONNECTION_REFUSED @ http://localhost:5173/favicon.webp:0
[ 1703934ms] [ERROR] Failed to load resource: net::ERR_CONNECTION_REFUSED @ http://localhost:5173/lib/popcorn/plugins/image/popcorn.image.js?t=1787452323979:0
[ 1703934ms] [ERROR] Failed to load resource: net::ERR_CONNECTION_REFUSED @ http://localhost:5173/src/lib/supabase.js?t=1787452324665:0
[ 1703934ms] [ERROR] Failed to load resource: net::ERR_CONNECTION_REFUSED @ http://localhost:5173/src/providers/StoreProvider.jsx?t=1787452323979:0
[ 1703934ms] [ERROR] Failed to load resource: net::ERR_CONNECTION_REFUSED @ http://localhost:5173/src/components/ModalContainer.jsx?t=1787452323979:0
[ 1703979ms] [ERROR] [popcorn-init] FAILED at: plugin-image TypeError: Failed to fetch dynamically imported module: http://localhost:5173/lib/popcorn/plugins/image/popcorn.image.js?t=1787452323979 @ http://localhost:5173/src/lib/popcornInit.js?t=1787452323979:55
[ 1703980ms] [ERROR] [ModalSystem] mount failed TypeError: Failed to fetch dynamically imported module: http://localhost:5173/src/mountModalSystem.jsx?t=1787452323979 @ http://localhost:5173/src/main.js?t=1787452323989:335
[ 1703980ms] [WARNING] Error while trying to use the following icon from the Manifest: http://localhost:5173/favicon.webp (Download error or resource isn't a valid image) @ http://localhost:5173/#/video:0
[ 1703980ms] [ERROR] [Unhandled Promise Rejection] TypeError: Failed to fetch dynamically imported module: http://localhost:5173/src/lib/devAuth.js?t=1787452324665 @ http://localhost:5173/src/main.js?t=1787452323989:30
[ 1703981ms] [LOG] [Analytics] error {errorType: unhandled_rejection, message: Failed to fetch dynamically imported module: http:…localhost:5173/src/lib/devAuth.js?t=1787452324665} @ http://localhost:5173/src/lib/analytics.js?t=1787452323983:35
[ 1703988ms] Failed to fetch dynamically imported module: http://localhost:5173/src/lib/devAuth.js?t=1787452324665
[ 1703981ms] [ERROR] Failed to load resource: net::ERR_CONNECTION_REFUSED @ http://localhost:5173/lib/popcorn/plugins/jsonTransition/popcorn.jsonTransition.js?t=1787452323979:0
[ 1703981ms] [ERROR] [popcorn-init] FAILED at: plugin-jsonTransition TypeError: Failed to fetch dynamically imported module: http://localhost:5173/lib/popcorn/plugins/jsonTransition/popcorn.jsonTransition.js?t=1787452323979 @ http://localhost:5173/src/lib/popcornInit.js?t=1787452323979:55
[ 1703983ms] [ERROR] Failed to load resource: net::ERR_CONNECTION_REFUSED @ http://localhost:5173/lib/popcorn/plugins/lottie-json/popcorn.lottie-json.js?t=1787452323979:0
[ 1703983ms] [ERROR] [popcorn-init] FAILED at: plugin-lottie-json TypeError: Failed to fetch dynamically imported module: http://localhost:5173/lib/popcorn/plugins/lottie-json/popcorn.lottie-json.js?t=1787452323979 @ http://localhost:5173/src/lib/popcornInit.js?t=1787452323979:55
[ 1703985ms] [ERROR] Failed to load resource: net::ERR_CONNECTION_REFUSED @ http://localhost:5173/lib/popcorn/plugins/json-button/popcorn.json-button.js?t=1787452323795:0
[ 1703986ms] [ERROR] [popcorn-init] FAILED at: plugin-json-button TypeError: Failed to fetch dynamically imported module: http://localhost:5173/lib/popcorn/plugins/json-button/popcorn.json-button.js?t=1787452323795 @ http://localhost:5173/src/lib/popcornInit.js?t=1787452323979:55
[ 1703988ms] [ERROR] Failed to load resource: net::ERR_CONNECTION_REFUSED @ http://localhost:5173/lib/popcorn/plugins/personalizedImage/popcorn.personalizedImage.js?t=1787452323979:0
[ 1703988ms] [ERROR] [popcorn-init] FAILED at: plugin-personalizedImage TypeError: Failed to fetch dynamically imported module: http://localhost:5173/lib/popcorn/plugins/personalizedImage/popcorn.personalizedImage.js?t=1787452323979 @ http://localhost:5173/src/lib/popcornInit.js?t=1787452323979:55
[ 1703990ms] [ERROR] Failed to load resource: net::ERR_CONNECTION_REFUSED @ http://localhost:5173/lib/popcorn/plugins/loopPlugin/popcorn.loopPlugin.js?t=1787452323979:0
[ 1703990ms] [ERROR] [popcorn-init] FAILED at: plugin-loopPlugin TypeError: Failed to fetch dynamically imported module: http://localhost:5173/lib/popcorn/plugins/loopPlugin/popcorn.loopPlugin.js?t=1787452323979 @ http://localhost:5173/src/lib/popcornInit.js?t=1787452323979:55
[ 1703992ms] [ERROR] Failed to load resource: net::ERR_CONNECTION_REFUSED @ http://localhost:5173/lib/popcorn/plugins/pausePlugin/popcorn.pausePlugin.js?t=1787452323979:0
[ 1703992ms] [ERROR] [popcorn-init] FAILED at: plugin-pausePlugin TypeError: Failed to fetch dynamically imported module: http://localhost:5173/lib/popcorn/plugins/pausePlugin/popcorn.pausePlugin.js?t=1787452323979 @ http://localhost:5173/src/lib/popcornInit.js?t=1787452323979:55
[ 1703993ms] [ERROR] Failed to load resource: net::ERR_CONNECTION_REFUSED @ http://localhost:5173/lib/popcorn/plugins/form/popcorn.form.js?t=1787452323979:0
[ 1703996ms] [ERROR] [popcorn-init] FAILED at: plugin-form TypeError: Failed to fetch dynamically imported module: http://localhost:5173/lib/popcorn/plugins/form/popcorn.form.js?t=1787452323979 @ http://localhost:5173/src/lib/popcornInit.js?t=1787452323979:55
[ 1703997ms] [ERROR] Failed to load resource: net::ERR_CONNECTION_REFUSED @ http://localhost:5173/lib/popcorn/plugins/retarget/popcorn.retarget.js?t=1787452323979:0
[ 1703997ms] [ERROR] [popcorn-init] FAILED at: plugin-retarget TypeError: Failed to fetch dynamically imported module: http://localhost:5173/lib/popcorn/plugins/retarget/popcorn.retarget.js?t=1787452323979 @ http://localhost:5173/src/lib/popcornInit.js?t=1787452323979:55
[ 1704007ms] [ERROR] Failed to load resource: net::ERR_CONNECTION_REFUSED @ http://localhost:5173/lib/popcorn/plugins/popup/popcorn.popup.js:0
[ 1704008ms] [ERROR] [popcorn-init] FAILED at: plugin-popup TypeError: Failed to fetch dynamically imported module: http://localhost:5173/lib/popcorn/plugins/popup/popcorn.popup.js @ http://localhost:5173/src/lib/popcornInit.js?t=1787452323979:55
[ 1704013ms] [ERROR] Failed to load resource: net::ERR_CONNECTION_REFUSED @ http://localhost:5173/lib/popcorn/plugins/sequencer/popcorn.sequencer.js?t=1787452323979:0
[ 1704014ms] [ERROR] [popcorn-init] FAILED at: plugin-sequencer TypeError: Failed to fetch dynamically imported module: http://localhost:5173/lib/popcorn/plugins/sequencer/popcorn.sequencer.js?t=1787452323979 @ http://localhost:5173/src/lib/popcornInit.js?t=1787452323979:55
[ 1704022ms] [ERROR] Failed to load resource: net::ERR_CONNECTION_REFUSED @ http://localhost:5173/lib/popcorn/plugins/skip/popcorn.skip.js?t=1787452323979:0
[ 1704023ms] [ERROR] [popcorn-init] FAILED at: plugin-skip TypeError: Failed to fetch dynamically imported module: http://localhost:5173/lib/popcorn/plugins/skip/popcorn.skip.js?t=1787452323979 @ http://localhost:5173/src/lib/popcornInit.js?t=1787452323979:55
[ 1704029ms] [ERROR] Failed to load resource: net::ERR_CONNECTION_REFUSED @ http://localhost:5173/lib/popcorn/plugins/text/popcorn.text.js?t=1787452323979:0
[ 1704030ms] [ERROR] [popcorn-init] FAILED at: plugin-text TypeError: Failed to fetch dynamically imported module: http://localhost:5173/lib/popcorn/plugins/text/popcorn.text.js?t=1787452323979 @ http://localhost:5173/src/lib/popcornInit.js?t=1787452323979:55
[ 1704040ms] [ERROR] Failed to load resource: net::ERR_CONNECTION_REFUSED @ http://localhost:5173/lib/popcorn/plugins/social/popcorn.social.js:0
[ 1704042ms] [ERROR] [popcorn-init] FAILED at: plugin-social TypeError: Failed to fetch dynamically imported module: http://localhost:5173/lib/popcorn/plugins/social/popcorn.social.js @ http://localhost:5173/src/lib/popcornInit.js?t=1787452323979:55
[ 1704047ms] [ERROR] Failed to load resource: net::ERR_CONNECTION_REFUSED @ http://localhost:5173/lib/popcorn/plugins/jsonAnimation/popcorn.jsonAnimation.js?t=1787452323979:0
[ 1704049ms] [ERROR] [popcorn-init] FAILED at: plugin-jsonAnimation TypeError: Failed to fetch dynamically imported module: http://localhost:5173/lib/popcorn/plugins/jsonAnimation/popcorn.jsonAnimation.js?t=1787452323979 @ http://localhost:5173/src/lib/popcornInit.js?t=1787452323979:55
[ 1704058ms] [ERROR] Failed to load resource: net::ERR_CONNECTION_REFUSED @ http://localhost:5173/lib/popcorn/plugins/videoTransition/popcorn.videoTransition.js:0
[ 1704065ms] [ERROR] [popcorn-init] FAILED at: plugin-videoTransition TypeError: Failed to fetch dynamically imported module: http://localhost:5173/lib/popcorn/plugins/videoTransition/popcorn.videoTransition.js @ http://localhost:5173/src/lib/popcornInit.js?t=1787452323979:55
[ 1704076ms] [ERROR] Failed to load resource: net::ERR_CONNECTION_REFUSED @ http://localhost:5173/lib/popcorn/plugins/seethroughtext/popcorn.seethroughtext.js?t=1787452323979:0
[ 1704081ms] [ERROR] [popcorn-init] FAILED at: plugin-seethroughtext TypeError: Failed to fetch dynamically imported module: http://localhost:5173/lib/popcorn/plugins/seethroughtext/popcorn.seethroughtext.js?t=1787452323979 @ http://localhost:5173/src/lib/popcornInit.js?t=1787452323979:55
[ 1704090ms] [ERROR] Failed to load resource: net::ERR_CONNECTION_REFUSED @ http://localhost:5173/lib/popcorn/plugins/wikipedia/popcorn.wikipedia.js:0
[ 1704091ms] [ERROR] [popcorn-init] FAILED at: plugin-wikipedia TypeError: Failed to fetch dynamically imported module: http://localhost:5173/lib/popcorn/plugins/wikipedia/popcorn.wikipedia.js @ http://localhost:5173/src/lib/popcornInit.js?t=1787452323979:55
[ 1704094ms] [ERROR] Failed to load resource: net::ERR_CONNECTION_REFUSED @ http://localhost:5173/lib/popcorn/plugins/combined/popcorn.combined.js?t=1787452323979:0
[ 1704095ms] [ERROR] [popcorn-init] FAILED at: plugin-combined TypeError: Failed to fetch dynamically imported module: http://localhost:5173/lib/popcorn/plugins/combined/popcorn.combined.js?t=1787452323979 @ http://localhost:5173/src/lib/popcornInit.js?t=1787452323979:55
[ 1704098ms] [ERROR] Failed to load resource: net::ERR_CONNECTION_REFUSED @ http://localhost:5173/lib/popcorn/plugins/background/popcorn.background.js?t=1787452323979:0
[ 1704098ms] [ERROR] [popcorn-init] FAILED at: plugin-background TypeError: Failed to fetch dynamically imported module: http://localhost:5173/lib/popcorn/plugins/background/popcorn.background.js?t=1787452323979 @ http://localhost:5173/src/lib/popcornInit.js?t=1787452323979:55
[ 1704099ms] [LOG] [popcorn-init] SUMMARY: 0/20 plugins registered; FAILED: plugin-image, plugin-jsonTransition, plugin-lottie-json, plugin-json-button, plugin-personalizedImage, plugin-loopPlugin, plugin-pausePlugin, plugin-form, plugin-retarget, plugin-popup, plugin-sequencer, plugin-skip, plugin-text, plugin-social, plugin-jsonAnimation, plugin-videoTransition, plugin-seethroughtext, plugin-wikipedia, plugin-combined, plugin-background @ http://localhost:5173/src/lib/popcornInit.js?t=1787452323979:60
[ 1704099ms] [LOG] [popcorn] function 0 @ http://localhost:5173/src/main.js?t=1787452323989:4
[ 1719097ms] [ERROR] Failed to load resource: the server responded with a status of 500 (Internal Server Error) @ http://localhost:5173/src/main.js?t=1787452333547:0
[ 1733146ms] [LOG] [vite] server connection lost. Polling for restart... @ http://localhost:5173/@vite/client:559
[ 1733148ms] [ERROR] Failed to load resource: net::ERR_CONNECTION_REFUSED @ http://localhost:5173/node_modules/.vite/deps/@clerk_clerk-js.js?v=d07d75f4:0
[ 1733148ms] [ERROR] Failed to load resource: net::ERR_CONNECTION_REFUSED @ http://localhost:5173/src/lib/errorBoundary.js:0
[ 1733154ms] [ERROR] Failed to load resource: net::ERR_CONNECTION_REFUSED @ http://localhost:5173/src/lib/monetizationIntegration.js?t=1787452347856:0
[ 1733154ms] [ERROR] Failed to load resource: net::ERR_CONNECTION_REFUSED @ http://localhost:5173/src/lib/apiKeyManager.js?t=1787452347765:0
[ 1733154ms] [ERROR] Failed to load resource: net::ERR_CONNECTION_REFUSED @ http://localhost:5173/src/lib/security.js:0
[ 1733155ms] [ERROR] Failed to load resource: net::ERR_CONNECTION_REFUSED @ http://localhost:5173/:0
[ 1733158ms] [ERROR] Failed to load resource: net::ERR_CONNECTION_REFUSED @ http://localhost:5173/favicon.webp:0
[ 1733163ms] [ERROR] Failed to load resource: net::ERR_CONNECTION_REFUSED @ http://localhost:5173/favicon.webp:0
[ 1733165ms] [WARNING] Error while trying to use the following icon from the Manifest: http://localhost:5173/favicon.webp (Download error or resource isn't a valid image) @ http://localhost:5173/#/video:0
[ 1741749ms] [LOG] [App] Starting initialization... @ http://localhost:5173/src/main.js?t=1787452361964:19
[ 1742038ms] [LOG] [popcorn-init] OK: jquery @ http://localhost:5173/src/lib/popcornInit.js:41
[ 1744215ms] [LOG] [popcorn-init] OK: jquery-textfill @ http://localhost:5173/src/lib/popcornInit.js:48
[ 1748154ms] [LOG] [popcorn-init] OK: popcorn-core @ http://localhost:5173/src/lib/popcornInit.js:48
[ 1757264ms] [LOG] [App] Starting initialization... @ http://localhost:5173/src/main.js?t=1787452373814:19
[ 1757643ms] [LOG] [popcorn-init] OK: jquery @ http://localhost:5173/src/lib/popcornInit.js:41
[ 1757947ms] [LOG] [popcorn-init] OK: jquery-textfill @ http://localhost:5173/src/lib/popcornInit.js:48
[ 1760175ms] [LOG] [popcorn-init] OK: popcorn-core @ http://localhost:5173/src/lib/popcornInit.js:48
[ 1761100ms] [INFO] %cDownload the React DevTools for a better development experience: https://react.dev/link/react-devtools font-weight:bold @ http://localhost:5173/node_modules/.vite/deps/chunk-EEAUBQDT.js?v=58461a0c:20096
[ 1761120ms] [LOG] [App] Initialized in 3855.70ms @ http://localhost:5173/src/main.js?t=1787452373814:164
[ 1761121ms] [LOG] [App] Navigating to initial page: video @ http://localhost:5173/src/main.js?t=1787452373814:165
[ 1761122ms] [INFO] [App] Dev auth bypass active — skipping setup popup. @ http://localhost:5173/src/main.js?t=1787452373814:176
[ 1761153ms] [ERROR] [2026-08-23T02:33:05.054Z] [ERROR] Unhandled promise rejection | {"reason":"Assignment to constant variable."} @ http://localhost:5173/src/lib/logger.js:84
[ 1761153ms] [ERROR] TypeError: Assignment to constant variable.
    at navigate (http://localhost:5173/src/lib/router.js:185:16)
    at http://localhost:5173/src/main.js?t=1787452373814:175:5 @ http://localhost:5173/src/lib/logger.js:85
[ 1761154ms] [ERROR] [Unhandled Promise Rejection] TypeError: Assignment to constant variable.
    at navigate (http://localhost:5173/src/lib/router.js:185:16)
    at http://localhost:5173/src/main.js?t=1787452373814:175:5 @ http://localhost:5173/src/main.js?t=1787452373814:33
[ 1761154ms] [LOG] [Analytics] error {errorType: unhandled_rejection, message: Assignment to constant variable.} @ http://localhost:5173/src/lib/analytics.js:36
[ 1761344ms] TypeError: Assignment to constant variable.
    at navigate (http://localhost:5173/src/lib/router.js:185:16)
    at http://localhost:5173/src/main.js?t=1787452373814:175:5
[ 1761345ms] [WARNING] Clerk: Clerk has been loaded with development keys. Development instances have strict usage limits and should not be used when deploying your application to production. Learn more: https://clerk.com/docs/deployments/overview @ https://clerk.smartvid.app/npm/@clerk/clerk-js@6/dist/clerk.browser.js:11
[ 1761445ms] [ERROR] Failed to load resource: the server responded with a status of 400 () @ https://clerk.smartvid.app/v1/environment?__clerk_api_version=2026-05-12&_clerk_js_version=6.29.2&_method=PATCH:0
[ 1762012ms] [LOG] [popcorn-init] OK: popcorn-ie8 @ http://localhost:5173/src/lib/popcornInit.js:48
[ 1763097ms] [ERROR] [ModalSystem] mount failed TypeError: Class constructor SortableElement cannot be invoked without 'new'
    at http://localhost:5173/components/modals/RetargetOptInModal.jsx:26:22 @ http://localhost:5173/src/main.js?t=1787452373814:329
[ 1763107ms] [LOG] [popcorn-init] OK: wrapper-common @ http://localhost:5173/src/lib/popcornInit.js:48
[ 1763128ms] [LOG] [popcorn-init] OK: wrapper-html5 @ http://localhost:5173/src/lib/popcornInit.js:48
[ 1763156ms] [LOG] [popcorn-init] OK: wrapper-vrview @ http://localhost:5173/src/lib/popcornInit.js:48
[ 1763168ms] [LOG] [popcorn-init] OK: wrapper-adaptive @ http://localhost:5173/src/lib/popcornInit.js:48
[ 1763176ms] [LOG] [popcorn-init] OK: wrapper-null @ http://localhost:5173/src/lib/popcornInit.js:48
[ 1763185ms] [LOG] [popcorn-init] OK: wrapper-soundcloud @ http://localhost:5173/src/lib/popcornInit.js:48
[ 1763193ms] [LOG] [popcorn-init] OK: wrapper-vimeo @ http://localhost:5173/src/lib/popcornInit.js:48
[ 1763206ms] [LOG] [popcorn-init] OK: wrapper-youtube @ http://localhost:5173/src/lib/popcornInit.js:48
[ 1763218ms] [LOG] [popcorn-init] OK: wrapper-jwplayer @ http://localhost:5173/src/lib/popcornInit.js:48
[ 1763233ms] [LOG] [popcorn-init] OK: player-module @ http://localhost:5173/src/lib/popcornInit.js:48
[ 1763375ms] [ERROR] [popcorn-init] FAILED at: plugin-image TypeError: Class constructor SortableElement cannot be invoked without 'new'
    at http://localhost:5173/components/modals/RetargetOptInModal.jsx:26:22 @ http://localhost:5173/src/lib/popcornInit.js:55
[ 1764603ms] [ERROR] [popcorn-init] FAILED at: plugin-jsonTransition TypeError: Class constructor SortableElement cannot be invoked without 'new'
    at http://localhost:5173/components/modals/RetargetOptInModal.jsx:26:22 @ http://localhost:5173/src/lib/popcornInit.js:55
[ 1771880ms] [LOG] [App] Starting initialization... @ http://localhost:5173/src/main.js?t=1787452373814:19
[ 1771957ms] [LOG] [popcorn-init] OK: jquery @ http://localhost:5173/src/lib/popcornInit.js:41
[ 1772009ms] [LOG] [popcorn-init] OK: jquery-textfill @ http://localhost:5173/src/lib/popcornInit.js:48
[ 1773120ms] [LOG] [popcorn-init] OK: popcorn-core @ http://localhost:5173/src/lib/popcornInit.js:48
[ 1774905ms] [LOG] [popcorn-init] OK: popcorn-ie8 @ http://localhost:5173/src/lib/popcornInit.js:48
[ 1774985ms] [INFO] %cDownload the React DevTools for a better development experience: https://react.dev/link/react-devtools font-weight:bold @ http://localhost:5173/node_modules/.vite/deps/chunk-EEAUBQDT.js?v=93c1ec86:20096
[ 1775002ms] [LOG] [App] Initialized in 3121.60ms @ http://localhost:5173/src/main.js?t=1787452373814:164
[ 1775002ms] [LOG] [App] Navigating to initial page: video @ http://localhost:5173/src/main.js?t=1787452373814:165
[ 1775002ms] [INFO] [App] Dev auth bypass active — skipping setup popup. @ http://localhost:5173/src/main.js?t=1787452373814:176
[ 1775024ms] [ERROR] [2026-08-23T02:33:18.925Z] [ERROR] Unhandled promise rejection | {"reason":"Assignment to constant variable."} @ http://localhost:5173/src/lib/logger.js:84
[ 1775024ms] [ERROR] TypeError: Assignment to constant variable.
    at navigate (http://localhost:5173/src/lib/router.js:185:16)
    at http://localhost:5173/src/main.js?t=1787452373814:175:5 @ http://localhost:5173/src/lib/logger.js:85
[ 1775024ms] [ERROR] [Unhandled Promise Rejection] TypeError: Assignment to constant variable.
    at navigate (http://localhost:5173/src/lib/router.js:185:16)
    at http://localhost:5173/src/main.js?t=1787452373814:175:5 @ http://localhost:5173/src/main.js?t=1787452373814:33
[ 1775025ms] [LOG] [Analytics] error {errorType: unhandled_rejection, message: Assignment to constant variable.} @ http://localhost:5173/src/lib/analytics.js:36
[ 1775031ms] TypeError: Assignment to constant variable.
    at navigate (http://localhost:5173/src/lib/router.js:185:16)
    at http://localhost:5173/src/main.js?t=1787452373814:175:5
[ 1775218ms] [WARNING] Clerk: Clerk has been loaded with development keys. Development instances have strict usage limits and should not be used when deploying your application to production. Learn more: https://clerk.com/docs/deployments/overview @ https://clerk.smartvid.app/npm/@clerk/clerk-js@6/dist/clerk.browser.js:11
[ 1775353ms] [ERROR] Failed to load resource: the server responded with a status of 400 () @ https://clerk.smartvid.app/v1/environment?__clerk_api_version=2026-05-12&_clerk_js_version=6.29.2&_method=PATCH:0
[ 1775493ms] [LOG] [popcorn-init] OK: wrapper-common @ http://localhost:5173/src/lib/popcornInit.js:48
[ 1775582ms] [LOG] [popcorn-init] OK: wrapper-html5 @ http://localhost:5173/src/lib/popcornInit.js:48
[ 1775590ms] [LOG] [popcorn-init] OK: wrapper-vrview @ http://localhost:5173/src/lib/popcornInit.js:48
[ 1775600ms] [LOG] [popcorn-init] OK: wrapper-adaptive @ http://localhost:5173/src/lib/popcornInit.js:48
[ 1775657ms] [LOG] [popcorn-init] OK: wrapper-null @ http://localhost:5173/src/lib/popcornInit.js:48
[ 1775683ms] [LOG] [popcorn-init] OK: wrapper-soundcloud @ http://localhost:5173/src/lib/popcornInit.js:48
[ 1775708ms] [ERROR] [ModalSystem] mount failed TypeError: Class constructor SortableElement cannot be invoked without 'new'
    at http://localhost:5173/components/modals/RetargetOptInModal.jsx:26:22 @ http://localhost:5173/src/main.js?t=1787452373814:329
[ 1775718ms] [LOG] [popcorn-init] OK: wrapper-vimeo @ http://localhost:5173/src/lib/popcornInit.js:48
[ 1775743ms] [LOG] [popcorn-init] OK: wrapper-youtube @ http://localhost:5173/src/lib/popcornInit.js:48
[ 1775756ms] [LOG] [popcorn-init] OK: wrapper-jwplayer @ http://localhost:5173/src/lib/popcornInit.js:48
[ 1775764ms] [LOG] [popcorn-init] OK: player-module @ http://localhost:5173/src/lib/popcornInit.js:48
[ 1775887ms] [ERROR] [popcorn-init] FAILED at: plugin-image TypeError: Class constructor SortableElement cannot be invoked without 'new'
    at http://localhost:5173/components/modals/RetargetOptInModal.jsx:26:22 @ http://localhost:5173/src/lib/popcornInit.js:55
[ 1775934ms] [ERROR] [popcorn-init] FAILED at: plugin-jsonTransition TypeError: Class constructor SortableElement cannot be invoked without 'new'
    at http://localhost:5173/components/modals/RetargetOptInModal.jsx:26:22 @ http://localhost:5173/src/lib/popcornInit.js:55
[ 1775951ms] [ERROR] [popcorn-init] FAILED at: plugin-lottie-json TypeError: Class constructor SortableElement cannot be invoked without 'new'
    at http://localhost:5173/components/modals/RetargetOptInModal.jsx:26:22 @ http://localhost:5173/src/lib/popcornInit.js:55
[ 1775987ms] [LOG] [popcorn-init] OK: plugin-json-button @ http://localhost:5173/src/lib/popcornInit.js:48
[ 1776030ms] [ERROR] [popcorn-init] FAILED at: plugin-personalizedImage TypeError: Class constructor SortableElement cannot be invoked without 'new'
    at http://localhost:5173/components/modals/RetargetOptInModal.jsx:26:22 @ http://localhost:5173/src/lib/popcornInit.js:55
[ 1776047ms] [ERROR] [popcorn-init] FAILED at: plugin-loopPlugin TypeError: Class constructor SortableElement cannot be invoked without 'new'
    at http://localhost:5173/components/modals/RetargetOptInModal.jsx:26:22 @ http://localhost:5173/src/lib/popcornInit.js:55
[ 1776062ms] [ERROR] [popcorn-init] FAILED at: plugin-pausePlugin TypeError: Class constructor SortableElement cannot be invoked without 'new'
    at http://localhost:5173/components/modals/RetargetOptInModal.jsx:26:22 @ http://localhost:5173/src/lib/popcornInit.js:55
[ 1776132ms] [ERROR] [popcorn-init] FAILED at: plugin-form TypeError: Class constructor SortableElement cannot be invoked without 'new'
    at http://localhost:5173/components/modals/RetargetOptInModal.jsx:26:22 @ http://localhost:5173/src/lib/popcornInit.js:55
[ 1776315ms] [ERROR] [popcorn-init] FAILED at: plugin-retarget TypeError: Class constructor SortableElement cannot be invoked without 'new'
    at http://localhost:5173/components/modals/RetargetOptInModal.jsx:26:22 @ http://localhost:5173/src/lib/popcornInit.js:55
[ 1776379ms] [LOG] [popcorn-init] OK: plugin-popup @ http://localhost:5173/src/lib/popcornInit.js:48
[ 1776435ms] [ERROR] [popcorn-init] FAILED at: plugin-sequencer TypeError: Class constructor SortableElement cannot be invoked without 'new'
    at http://localhost:5173/components/modals/RetargetOptInModal.jsx:26:22 @ http://localhost:5173/src/lib/popcornInit.js:55
[ 1776454ms] [ERROR] [popcorn-init] FAILED at: plugin-skip TypeError: Class constructor SortableElement cannot be invoked without 'new'
    at http://localhost:5173/components/modals/RetargetOptInModal.jsx:26:22 @ http://localhost:5173/src/lib/popcornInit.js:55
[ 1776548ms] [ERROR] [popcorn-init] FAILED at: plugin-text TypeError: Class constructor SortableElement cannot be invoked without 'new'
    at http://localhost:5173/components/modals/RetargetOptInModal.jsx:26:22 @ http://localhost:5173/src/lib/popcornInit.js:55
[ 1776587ms] [LOG] [popcorn-init] OK: plugin-social @ http://localhost:5173/src/lib/popcornInit.js:48
[ 1776616ms] [ERROR] [popcorn-init] FAILED at: plugin-jsonAnimation TypeError: Class constructor SortableElement cannot be invoked without 'new'
    at http://localhost:5173/components/modals/RetargetOptInModal.jsx:26:22 @ http://localhost:5173/src/lib/popcornInit.js:55
[ 1776690ms] [LOG] [popcorn-init] OK: plugin-videoTransition @ http://localhost:5173/src/lib/popcornInit.js:48
[ 1776720ms] [ERROR] [popcorn-init] FAILED at: plugin-seethroughtext TypeError: Class constructor SortableElement cannot be invoked without 'new'
    at http://localhost:5173/components/modals/RetargetOptInModal.jsx:26:22 @ http://localhost:5173/src/lib/popcornInit.js:55
[ 1776748ms] [LOG] [popcorn-init] OK: plugin-wikipedia @ http://localhost:5173/src/lib/popcornInit.js:48
[ 1776773ms] [ERROR] [popcorn-init] FAILED at: plugin-combined TypeError: Class constructor SortableElement cannot be invoked without 'new'
    at http://localhost:5173/components/modals/RetargetOptInModal.jsx:26:22 @ http://localhost:5173/src/lib/popcornInit.js:55
[ 1776793ms] [ERROR] [popcorn-init] FAILED at: plugin-background TypeError: Class constructor SortableElement cannot be invoked without 'new'
    at http://localhost:5173/components/modals/RetargetOptInModal.jsx:26:22 @ http://localhost:5173/src/lib/popcornInit.js:55
[ 1776794ms] [LOG] [popcorn-init] SUMMARY: 5/20 plugins registered; FAILED: plugin-image, plugin-jsonTransition, plugin-lottie-json, plugin-personalizedImage, plugin-loopPlugin, plugin-pausePlugin, plugin-form, plugin-retarget, plugin-sequencer, plugin-skip, plugin-text, plugin-jsonAnimation, plugin-seethroughtext, plugin-combined, plugin-background @ http://localhost:5173/src/lib/popcornInit.js:60
[ 1776794ms] [LOG] [popcorn] function 5 @ http://localhost:5173/src/main.js?t=1787452373814:4
[ 1795672ms] [LOG] [App] Starting initialization... @ http://localhost:5173/src/main.js?t=1787452417108:19
[ 1795805ms] [LOG] [popcorn-init] OK: jquery @ http://localhost:5173/src/lib/popcornInit.js?t=1787452417108:41
[ 1795823ms] [LOG] [popcorn-init] OK: jquery-textfill @ http://localhost:5173/src/lib/popcornInit.js?t=1787452417108:48
[ 1795825ms] [LOG] [popcorn-init] OK: popcorn-core @ http://localhost:5173/src/lib/popcornInit.js?t=1787452417108:48
[ 1795827ms] [LOG] [popcorn-init] OK: popcorn-ie8 @ http://localhost:5173/src/lib/popcornInit.js?t=1787452417108:48
[ 1795829ms] [LOG] [popcorn-init] OK: wrapper-common @ http://localhost:5173/src/lib/popcornInit.js?t=1787452417108:48
[ 1795829ms] [LOG] [popcorn-init] OK: wrapper-html5 @ http://localhost:5173/src/lib/popcornInit.js?t=1787452417108:48
[ 1795830ms] [LOG] [popcorn-init] OK: wrapper-vrview @ http://localhost:5173/src/lib/popcornInit.js?t=1787452417108:48
[ 1795956ms] [LOG] [popcorn-init] OK: wrapper-adaptive @ http://localhost:5173/src/lib/popcornInit.js?t=1787452417108:48
[ 1795957ms] [LOG] [popcorn-init] OK: wrapper-null @ http://localhost:5173/src/lib/popcornInit.js?t=1787452417108:48
[ 1795958ms] [LOG] [popcorn-init] OK: wrapper-soundcloud @ http://localhost:5173/src/lib/popcornInit.js?t=1787452417108:48
[ 1795959ms] [LOG] [popcorn-init] OK: wrapper-vimeo @ http://localhost:5173/src/lib/popcornInit.js?t=1787452417108:48
[ 1795961ms] [LOG] [popcorn-init] OK: wrapper-youtube @ http://localhost:5173/src/lib/popcornInit.js?t=1787452417108:48
[ 1795963ms] [LOG] [popcorn-init] OK: wrapper-jwplayer @ http://localhost:5173/src/lib/popcornInit.js?t=1787452417108:48
[ 1795964ms] [LOG] [popcorn-init] OK: player-module @ http://localhost:5173/src/lib/popcornInit.js?t=1787452417108:48
[ 1796489ms] [INFO] %cDownload the React DevTools for a better development experience: https://react.dev/link/react-devtools font-weight:bold @ http://localhost:5173/node_modules/.vite/deps/chunk-EEAUBQDT.js?v=93c1ec86:20096
[ 1796495ms] [LOG] [App] Initialized in 822.20ms @ http://localhost:5173/src/main.js?t=1787452417108:164
[ 1796495ms] [LOG] [App] Navigating to initial page: video @ http://localhost:5173/src/main.js?t=1787452417108:165
[ 1796495ms] [INFO] [App] Dev auth bypass active — skipping setup popup. @ http://localhost:5173/src/main.js?t=1787452417108:176
[ 1796557ms] [ERROR] [2026-08-23T02:33:40.458Z] [ERROR] Unhandled promise rejection | {"reason":"Assignment to constant variable."} @ http://localhost:5173/src/lib/logger.js:84
[ 1796557ms] [ERROR] TypeError: Assignment to constant variable.
    at navigate (http://localhost:5173/src/lib/router.js?t=1787452417108:185:16)
    at http://localhost:5173/src/main.js?t=1787452417108:175:5 @ http://localhost:5173/src/lib/logger.js:85
[ 1796557ms] [ERROR] [Unhandled Promise Rejection] TypeError: Assignment to constant variable.
    at navigate (http://localhost:5173/src/lib/router.js?t=1787452417108:185:16)
    at http://localhost:5173/src/main.js?t=1787452417108:175:5 @ http://localhost:5173/src/main.js?t=1787452417108:33
[ 1796557ms] [LOG] [Analytics] error {errorType: unhandled_rejection, message: Assignment to constant variable.} @ http://localhost:5173/src/lib/analytics.js:36
[ 1796807ms] TypeError: Assignment to constant variable.
    at navigate (http://localhost:5173/src/lib/router.js?t=1787452417108:185:16)
    at http://localhost:5173/src/main.js?t=1787452417108:175:5
[ 1797756ms] [WARNING] Clerk: Clerk has been loaded with development keys. Development instances have strict usage limits and should not be used when deploying your application to production. Learn more: https://clerk.com/docs/deployments/overview @ https://clerk.smartvid.app/npm/@clerk/clerk-js@6/dist/clerk.browser.js:11
[ 1797917ms] [ERROR] Failed to load resource: the server responded with a status of 400 () @ https://clerk.smartvid.app/v1/environment?__clerk_api_version=2026-05-12&_clerk_js_version=6.29.2&_method=PATCH:0
[ 1797983ms] [ERROR] [ModalSystem] mount failed TypeError: Class constructor SortableElement cannot be invoked without 'new'
    at http://localhost:5173/components/modals/RetargetOptInModal.jsx?t=1787452417108:26:22 @ http://localhost:5173/src/main.js?t=1787452417108:329
[ 1797986ms] [ERROR] [popcorn-init] FAILED at: plugin-image TypeError: Class constructor SortableElement cannot be invoked without 'new'
    at http://localhost:5173/components/modals/RetargetOptInModal.jsx?t=1787452417108:26:22 @ http://localhost:5173/src/lib/popcornInit.js?t=1787452417108:55
[ 1798138ms] [ERROR] [popcorn-init] FAILED at: plugin-jsonTransition TypeError: Class constructor SortableElement cannot be invoked without 'new'
    at http://localhost:5173/components/modals/RetargetOptInModal.jsx?t=1787452417108:26:22 @ http://localhost:5173/src/lib/popcornInit.js?t=1787452417108:55
[ 1798166ms] [ERROR] [popcorn-init] FAILED at: plugin-lottie-json TypeError: Class constructor SortableElement cannot be invoked without 'new'
    at http://localhost:5173/components/modals/RetargetOptInModal.jsx?t=1787452417108:26:22 @ http://localhost:5173/src/lib/popcornInit.js?t=1787452417108:55
[ 1798201ms] [LOG] [popcorn-init] OK: plugin-json-button @ http://localhost:5173/src/lib/popcornInit.js?t=1787452417108:48
[ 1798209ms] [ERROR] [popcorn-init] FAILED at: plugin-personalizedImage TypeError: Class constructor SortableElement cannot be invoked without 'new'
    at http://localhost:5173/components/modals/RetargetOptInModal.jsx?t=1787452417108:26:22 @ http://localhost:5173/src/lib/popcornInit.js?t=1787452417108:55
[ 1798220ms] [ERROR] [popcorn-init] FAILED at: plugin-loopPlugin TypeError: Class constructor SortableElement cannot be invoked without 'new'
    at http://localhost:5173/components/modals/RetargetOptInModal.jsx?t=1787452417108:26:22 @ http://localhost:5173/src/lib/popcornInit.js?t=1787452417108:55
[ 1798226ms] [ERROR] [popcorn-init] FAILED at: plugin-pausePlugin TypeError: Class constructor SortableElement cannot be invoked without 'new'
    at http://localhost:5173/components/modals/RetargetOptInModal.jsx?t=1787452417108:26:22 @ http://localhost:5173/src/lib/popcornInit.js?t=1787452417108:55
[ 1798246ms] [ERROR] [popcorn-init] FAILED at: plugin-form TypeError: Class constructor SortableElement cannot be invoked without 'new'
    at http://localhost:5173/components/modals/RetargetOptInModal.jsx?t=1787452417108:26:22 @ http://localhost:5173/src/lib/popcornInit.js?t=1787452417108:55
[ 1798265ms] [ERROR] [popcorn-init] FAILED at: plugin-retarget TypeError: Class constructor SortableElement cannot be invoked without 'new'
    at http://localhost:5173/components/modals/RetargetOptInModal.jsx?t=1787452417108:26:22 @ http://localhost:5173/src/lib/popcornInit.js?t=1787452417108:55
[ 1798278ms] [LOG] [popcorn-init] OK: plugin-popup @ http://localhost:5173/src/lib/popcornInit.js?t=1787452417108:48
[ 1798286ms] [ERROR] [popcorn-init] FAILED at: plugin-sequencer TypeError: Class constructor SortableElement cannot be invoked without 'new'
    at http://localhost:5173/components/modals/RetargetOptInModal.jsx?t=1787452417108:26:22 @ http://localhost:5173/src/lib/popcornInit.js?t=1787452417108:55
[ 1798292ms] [ERROR] [popcorn-init] FAILED at: plugin-skip TypeError: Class constructor SortableElement cannot be invoked without 'new'
    at http://localhost:5173/components/modals/RetargetOptInModal.jsx?t=1787452417108:26:22 @ http://localhost:5173/src/lib/popcornInit.js?t=1787452417108:55
[ 1798316ms] [ERROR] [popcorn-init] FAILED at: plugin-text TypeError: Class constructor SortableElement cannot be invoked without 'new'
    at http://localhost:5173/components/modals/RetargetOptInModal.jsx?t=1787452417108:26:22 @ http://localhost:5173/src/lib/popcornInit.js?t=1787452417108:55
[ 1798324ms] [LOG] [popcorn-init] OK: plugin-social @ http://localhost:5173/src/lib/popcornInit.js?t=1787452417108:48
[ 1798332ms] [ERROR] [popcorn-init] FAILED at: plugin-jsonAnimation TypeError: Class constructor SortableElement cannot be invoked without 'new'
    at http://localhost:5173/components/modals/RetargetOptInModal.jsx?t=1787452417108:26:22 @ http://localhost:5173/src/lib/popcornInit.js?t=1787452417108:55
[ 1798355ms] [LOG] [popcorn-init] OK: plugin-videoTransition @ http://localhost:5173/src/lib/popcornInit.js?t=1787452417108:48
[ 1798375ms] [ERROR] [popcorn-init] FAILED at: plugin-seethroughtext TypeError: Class constructor SortableElement cannot be invoked without 'new'
    at http://localhost:5173/components/modals/RetargetOptInModal.jsx?t=1787452417108:26:22 @ http://localhost:5173/src/lib/popcornInit.js?t=1787452417108:55
[ 1798387ms] [LOG] [popcorn-init] OK: plugin-wikipedia @ http://localhost:5173/src/lib/popcornInit.js?t=1787452417108:48
[ 1798412ms] [ERROR] [popcorn-init] FAILED at: plugin-combined TypeError: Class constructor SortableElement cannot be invoked without 'new'
    at http://localhost:5173/components/modals/RetargetOptInModal.jsx?t=1787452417108:26:22 @ http://localhost:5173/src/lib/popcornInit.js?t=1787452417108:55
[ 1798420ms] [ERROR] [popcorn-init] FAILED at: plugin-background TypeError: Class constructor SortableElement cannot be invoked without 'new'
    at http://localhost:5173/components/modals/RetargetOptInModal.jsx?t=1787452417108:26:22 @ http://localhost:5173/src/lib/popcornInit.js?t=1787452417108:55
[ 1798421ms] [LOG] [popcorn-init] SUMMARY: 5/20 plugins registered; FAILED: plugin-image, plugin-jsonTransition, plugin-lottie-json, plugin-personalizedImage, plugin-loopPlugin, plugin-pausePlugin, plugin-form, plugin-retarget, plugin-sequencer, plugin-skip, plugin-text, plugin-jsonAnimation, plugin-seethroughtext, plugin-combined, plugin-background @ http://localhost:5173/src/lib/popcornInit.js?t=1787452417108:60
[ 1798422ms] [LOG] [popcorn] function 5 @ http://localhost:5173/src/main.js?t=1787452417108:4
[ 1827465ms] [LOG] [App] Starting initialization... @ http://localhost:5173/src/main.js?t=1787452448121:19
[ 1827489ms] [LOG] [popcorn-init] OK: jquery @ http://localhost:5173/src/lib/popcornInit.js?t=1787452448120:41
[ 1827491ms] [LOG] [popcorn-init] OK: jquery-textfill @ http://localhost:5173/src/lib/popcornInit.js?t=1787452448120:48
[ 1827493ms] [LOG] [popcorn-init] OK: popcorn-core @ http://localhost:5173/src/lib/popcornInit.js?t=1787452448120:48
[ 1827494ms] [LOG] [popcorn-init] OK: popcorn-ie8 @ http://localhost:5173/src/lib/popcornInit.js?t=1787452448120:48
[ 1827495ms] [LOG] [popcorn-init] OK: wrapper-common @ http://localhost:5173/src/lib/popcornInit.js?t=1787452448120:48
[ 1827496ms] [LOG] [popcorn-init] OK: wrapper-html5 @ http://localhost:5173/src/lib/popcornInit.js?t=1787452448120:48
[ 1827498ms] [LOG] [popcorn-init] OK: wrapper-vrview @ http://localhost:5173/src/lib/popcornInit.js?t=1787452448120:48
[ 1827500ms] [LOG] [popcorn-init] OK: wrapper-adaptive @ http://localhost:5173/src/lib/popcornInit.js?t=1787452448120:48
[ 1827501ms] [LOG] [popcorn-init] OK: wrapper-null @ http://localhost:5173/src/lib/popcornInit.js?t=1787452448120:48
[ 1827502ms] [LOG] [popcorn-init] OK: wrapper-soundcloud @ http://localhost:5173/src/lib/popcornInit.js?t=1787452448120:48
[ 1827503ms] [LOG] [popcorn-init] OK: wrapper-vimeo @ http://localhost:5173/src/lib/popcornInit.js?t=1787452448120:48
[ 1827503ms] [LOG] [popcorn-init] OK: wrapper-youtube @ http://localhost:5173/src/lib/popcornInit.js?t=1787452448120:48
[ 1827504ms] [LOG] [popcorn-init] OK: wrapper-jwplayer @ http://localhost:5173/src/lib/popcornInit.js?t=1787452448120:48
[ 1827504ms] [LOG] [popcorn-init] OK: player-module @ http://localhost:5173/src/lib/popcornInit.js?t=1787452448120:48
[ 1828712ms] [INFO] %cDownload the React DevTools for a better development experience: https://react.dev/link/react-devtools font-weight:bold @ http://localhost:5173/node_modules/.vite/deps/chunk-EEAUBQDT.js?v=93c1ec86:20096
[ 1828718ms] [LOG] [App] Initialized in 1251.90ms @ http://localhost:5173/src/main.js?t=1787452448121:164
[ 1828718ms] [LOG] [App] Navigating to initial page: video @ http://localhost:5173/src/main.js?t=1787452448121:165
[ 1828719ms] [INFO] [App] Dev auth bypass active — skipping setup popup. @ http://localhost:5173/src/main.js?t=1787452448121:176
[ 1828725ms] [ERROR] [2026-08-23T02:34:12.627Z] [ERROR] Unhandled promise rejection | {"reason":"Assignment to constant variable."} @ http://localhost:5173/src/lib/logger.js:84
[ 1828726ms] [ERROR] TypeError: Assignment to constant variable.
    at navigate (http://localhost:5173/src/lib/router.js?t=1787452448120:185:16)
    at http://localhost:5173/src/main.js?t=1787452448121:175:5 @ http://localhost:5173/src/lib/logger.js:85
[ 1828727ms] [ERROR] [Unhandled Promise Rejection] TypeError: Assignment to constant variable.
    at navigate (http://localhost:5173/src/lib/router.js?t=1787452448120:185:16)
    at http://localhost:5173/src/main.js?t=1787452448121:175:5 @ http://localhost:5173/src/main.js?t=1787452448121:33
[ 1828727ms] [LOG] [Analytics] error {errorType: unhandled_rejection, message: Assignment to constant variable.} @ http://localhost:5173/src/lib/analytics.js:36
[ 1828918ms] TypeError: Assignment to constant variable.
    at navigate (http://localhost:5173/src/lib/router.js?t=1787452448120:185:16)
    at http://localhost:5173/src/main.js?t=1787452448121:175:5
[ 1829524ms] [WARNING] Clerk: Clerk has been loaded with development keys. Development instances have strict usage limits and should not be used when deploying your application to production. Learn more: https://clerk.com/docs/deployments/overview @ https://clerk.smartvid.app/npm/@clerk/clerk-js@6/dist/clerk.browser.js:11
[ 1829793ms] [ERROR] Failed to load resource: the server responded with a status of 400 () @ https://clerk.smartvid.app/v1/environment?__clerk_api_version=2026-05-12&_clerk_js_version=6.29.2&_method=PATCH:0
[ 1837082ms] [LOG] [App] Starting initialization... @ http://localhost:5173/src/main.js?t=1787452454320:19
[ 1837102ms] [LOG] [popcorn-init] OK: jquery @ http://localhost:5173/src/lib/popcornInit.js?t=1787452458048:41
[ 1837103ms] [LOG] [popcorn-init] OK: jquery-textfill @ http://localhost:5173/src/lib/popcornInit.js?t=1787452458048:48
[ 1837104ms] [LOG] [popcorn-init] OK: popcorn-core @ http://localhost:5173/src/lib/popcornInit.js?t=1787452458048:48
[ 1837105ms] [LOG] [popcorn-init] OK: popcorn-ie8 @ http://localhost:5173/src/lib/popcornInit.js?t=1787452458048:48
[ 1837105ms] [LOG] [popcorn-init] OK: wrapper-common @ http://localhost:5173/src/lib/popcornInit.js?t=1787452458048:48
[ 1837107ms] [LOG] [popcorn-init] OK: wrapper-html5 @ http://localhost:5173/src/lib/popcornInit.js?t=1787452458048:48
[ 1837107ms] [LOG] [popcorn-init] OK: wrapper-vrview @ http://localhost:5173/src/lib/popcornInit.js?t=1787452458048:48
[ 1837108ms] [LOG] [popcorn-init] OK: wrapper-adaptive @ http://localhost:5173/src/lib/popcornInit.js?t=1787452458048:48
[ 1837109ms] [LOG] [popcorn-init] OK: wrapper-null @ http://localhost:5173/src/lib/popcornInit.js?t=1787452458048:48
[ 1837110ms] [LOG] [popcorn-init] OK: wrapper-soundcloud @ http://localhost:5173/src/lib/popcornInit.js?t=1787452458048:48
[ 1837110ms] [LOG] [popcorn-init] OK: wrapper-vimeo @ http://localhost:5173/src/lib/popcornInit.js?t=1787452458048:48
[ 1837110ms] [LOG] [popcorn-init] OK: wrapper-youtube @ http://localhost:5173/src/lib/popcornInit.js?t=1787452458048:48
[ 1837111ms] [LOG] [popcorn-init] OK: wrapper-jwplayer @ http://localhost:5173/src/lib/popcornInit.js?t=1787452458048:48
[ 1837111ms] [LOG] [popcorn-init] OK: player-module @ http://localhost:5173/src/lib/popcornInit.js?t=1787452458048:48
[ 1837318ms] [INFO] %cDownload the React DevTools for a better development experience: https://react.dev/link/react-devtools font-weight:bold @ http://localhost:5173/node_modules/.vite/deps/chunk-EEAUBQDT.js?v=93c1ec86:20096
[ 1837324ms] [LOG] [App] Initialized in 241.50ms @ http://localhost:5173/src/main.js?t=1787452454320:164
[ 1837324ms] [LOG] [App] Navigating to initial page: video @ http://localhost:5173/src/main.js?t=1787452454320:165
[ 1837324ms] [INFO] [App] Dev auth bypass active — skipping setup popup. @ http://localhost:5173/src/main.js?t=1787452454320:176
[ 1837329ms] [ERROR] [2026-08-23T02:34:21.231Z] [ERROR] Unhandled promise rejection | {"reason":"Assignment to constant variable."} @ http://localhost:5173/src/lib/logger.js:84
[ 1837330ms] [ERROR] TypeError: Assignment to constant variable.
    at navigate (http://localhost:5173/src/lib/router.js?t=1787452458048:185:16)
    at http://localhost:5173/src/main.js?t=1787452454320:175:5 @ http://localhost:5173/src/lib/logger.js:85
[ 1837330ms] [ERROR] [Unhandled Promise Rejection] TypeError: Assignment to constant variable.
    at navigate (http://localhost:5173/src/lib/router.js?t=1787452458048:185:16)
    at http://localhost:5173/src/main.js?t=1787452454320:175:5 @ http://localhost:5173/src/main.js?t=1787452454320:33
[ 1837330ms] [LOG] [Analytics] error {errorType: unhandled_rejection, message: Assignment to constant variable.} @ http://localhost:5173/src/lib/analytics.js:36
[ 1837453ms] TypeError: Assignment to constant variable.
    at navigate (http://localhost:5173/src/lib/router.js?t=1787452458048:185:16)
    at http://localhost:5173/src/main.js?t=1787452454320:175:5
[ 1838935ms] [ERROR] [popcorn-init] FAILED at: plugin-image TypeError: Class constructor SortableElement cannot be invoked without 'new'
    at http://localhost:5173/components/modals/RetargetOptInModal.jsx?t=1787452458048:26:22 @ http://localhost:5173/src/lib/popcornInit.js?t=1787452458048:55
[ 1838936ms] [ERROR] [ModalSystem] mount failed TypeError: Class constructor SortableElement cannot be invoked without 'new'
    at http://localhost:5173/components/modals/RetargetOptInModal.jsx?t=1787452458048:26:22 @ http://localhost:5173/src/main.js?t=1787452454320:329
[ 1838940ms] [WARNING] Clerk: Clerk has been loaded with development keys. Development instances have strict usage limits and should not be used when deploying your application to production. Learn more: https://clerk.com/docs/deployments/overview @ https://clerk.smartvid.app/npm/@clerk/clerk-js@6/dist/clerk.browser.js:11
[ 1839006ms] [ERROR] [popcorn-init] FAILED at: plugin-jsonTransition TypeError: Class constructor SortableElement cannot be invoked without 'new'
    at http://localhost:5173/components/modals/RetargetOptInModal.jsx?t=1787452458048:26:22 @ http://localhost:5173/src/lib/popcornInit.js?t=1787452458048:55
[ 1839026ms] [ERROR] [popcorn-init] FAILED at: plugin-lottie-json TypeError: Class constructor SortableElement cannot be invoked without 'new'
    at http://localhost:5173/components/modals/RetargetOptInModal.jsx?t=1787452458048:26:22 @ http://localhost:5173/src/lib/popcornInit.js?t=1787452458048:55
[ 1839066ms] [LOG] [popcorn-init] OK: plugin-json-button @ http://localhost:5173/src/lib/popcornInit.js?t=1787452458048:48
[ 1839078ms] [ERROR] Failed to load resource: the server responded with a status of 400 () @ https://clerk.smartvid.app/v1/environment?__clerk_api_version=2026-05-12&_clerk_js_version=6.29.2&_method=PATCH:0
[ 1839116ms] [ERROR] [popcorn-init] FAILED at: plugin-personalizedImage TypeError: Class constructor SortableElement cannot be invoked without 'new'
    at http://localhost:5173/components/modals/RetargetOptInModal.jsx?t=1787452458048:26:22 @ http://localhost:5173/src/lib/popcornInit.js?t=1787452458048:55
[ 1839132ms] [ERROR] [popcorn-init] FAILED at: plugin-loopPlugin TypeError: Class constructor SortableElement cannot be invoked without 'new'
    at http://localhost:5173/components/modals/RetargetOptInModal.jsx?t=1787452458048:26:22 @ http://localhost:5173/src/lib/popcornInit.js?t=1787452458048:55
[ 1839139ms] [ERROR] [popcorn-init] FAILED at: plugin-pausePlugin TypeError: Class constructor SortableElement cannot be invoked without 'new'
    at http://localhost:5173/components/modals/RetargetOptInModal.jsx?t=1787452458048:26:22 @ http://localhost:5173/src/lib/popcornInit.js?t=1787452458048:55
[ 1839153ms] [ERROR] [popcorn-init] FAILED at: plugin-form TypeError: Class constructor SortableElement cannot be invoked without 'new'
    at http://localhost:5173/components/modals/RetargetOptInModal.jsx?t=1787452458048:26:22 @ http://localhost:5173/src/lib/popcornInit.js?t=1787452458048:55
[ 1839211ms] [ERROR] [popcorn-init] FAILED at: plugin-retarget TypeError: Class constructor SortableElement cannot be invoked without 'new'
    at http://localhost:5173/components/modals/RetargetOptInModal.jsx?t=1787452458048:26:22 @ http://localhost:5173/src/lib/popcornInit.js?t=1787452458048:55
[ 1839221ms] [LOG] [popcorn-init] OK: plugin-popup @ http://localhost:5173/src/lib/popcornInit.js?t=1787452458048:48
[ 1839236ms] [ERROR] [popcorn-init] FAILED at: plugin-sequencer TypeError: Class constructor SortableElement cannot be invoked without 'new'
    at http://localhost:5173/components/modals/RetargetOptInModal.jsx?t=1787452458048:26:22 @ http://localhost:5173/src/lib/popcornInit.js?t=1787452458048:55
[ 1839251ms] [ERROR] [popcorn-init] FAILED at: plugin-skip TypeError: Class constructor SortableElement cannot be invoked without 'new'
    at http://localhost:5173/components/modals/RetargetOptInModal.jsx?t=1787452458048:26:22 @ http://localhost:5173/src/lib/popcornInit.js?t=1787452458048:55
[ 1839295ms] [ERROR] [popcorn-init] FAILED at: plugin-text TypeError: Class constructor SortableElement cannot be invoked without 'new'
    at http://localhost:5173/components/modals/RetargetOptInModal.jsx?t=1787452458048:26:22 @ http://localhost:5173/src/lib/popcornInit.js?t=1787452458048:55
[ 1839303ms] [LOG] [popcorn-init] OK: plugin-social @ http://localhost:5173/src/lib/popcornInit.js?t=1787452458048:48
[ 1839310ms] [ERROR] [popcorn-init] FAILED at: plugin-jsonAnimation TypeError: Class constructor SortableElement cannot be invoked without 'new'
    at http://localhost:5173/components/modals/RetargetOptInModal.jsx?t=1787452458048:26:22 @ http://localhost:5173/src/lib/popcornInit.js?t=1787452458048:55
[ 1839321ms] [LOG] [popcorn-init] OK: plugin-videoTransition @ http://localhost:5173/src/lib/popcornInit.js?t=1787452458048:48
[ 1839327ms] [ERROR] [popcorn-init] FAILED at: plugin-seethroughtext TypeError: Class constructor SortableElement cannot be invoked without 'new'
    at http://localhost:5173/components/modals/RetargetOptInModal.jsx?t=1787452458048:26:22 @ http://localhost:5173/src/lib/popcornInit.js?t=1787452458048:55
[ 1839332ms] [LOG] [popcorn-init] OK: plugin-wikipedia @ http://localhost:5173/src/lib/popcornInit.js?t=1787452458048:48
[ 1839337ms] [ERROR] [popcorn-init] FAILED at: plugin-combined TypeError: Class constructor SortableElement cannot be invoked without 'new'
    at http://localhost:5173/components/modals/RetargetOptInModal.jsx?t=1787452458048:26:22 @ http://localhost:5173/src/lib/popcornInit.js?t=1787452458048:55
[ 1839343ms] [ERROR] [popcorn-init] FAILED at: plugin-background TypeError: Class constructor SortableElement cannot be invoked without 'new'
    at http://localhost:5173/components/modals/RetargetOptInModal.jsx?t=1787452458048:26:22 @ http://localhost:5173/src/lib/popcornInit.js?t=1787452458048:55
[ 1839343ms] [LOG] [popcorn-init] SUMMARY: 5/20 plugins registered; FAILED: plugin-image, plugin-jsonTransition, plugin-lottie-json, plugin-personalizedImage, plugin-loopPlugin, plugin-pausePlugin, plugin-form, plugin-retarget, plugin-sequencer, plugin-skip, plugin-text, plugin-jsonAnimation, plugin-seethroughtext, plugin-combined, plugin-background @ http://localhost:5173/src/lib/popcornInit.js?t=1787452458048:60
[ 1839343ms] [LOG] [popcorn] function 5 @ http://localhost:5173/src/main.js?t=1787452454320:4
[ 1870385ms] [LOG] [App] Starting initialization... @ http://localhost:5173/src/main.js?t=1787452483485:19
[ 1870416ms] [LOG] [popcorn-init] OK: jquery @ http://localhost:5173/src/lib/popcornInit.js?t=1787452483485:41
[ 1870418ms] [LOG] [popcorn-init] OK: jquery-textfill @ http://localhost:5173/src/lib/popcornInit.js?t=1787452483485:48
[ 1870420ms] [LOG] [popcorn-init] OK: popcorn-core @ http://localhost:5173/src/lib/popcornInit.js?t=1787452483485:48
[ 1870421ms] [LOG] [popcorn-init] OK: popcorn-ie8 @ http://localhost:5173/src/lib/popcornInit.js?t=1787452483485:48
[ 1870422ms] [LOG] [popcorn-init] OK: wrapper-common @ http://localhost:5173/src/lib/popcornInit.js?t=1787452483485:48
[ 1870423ms] [LOG] [popcorn-init] OK: wrapper-html5 @ http://localhost:5173/src/lib/popcornInit.js?t=1787452483485:48
[ 1870425ms] [LOG] [popcorn-init] OK: wrapper-vrview @ http://localhost:5173/src/lib/popcornInit.js?t=1787452483485:48
[ 1870425ms] [LOG] [popcorn-init] OK: wrapper-adaptive @ http://localhost:5173/src/lib/popcornInit.js?t=1787452483485:48
[ 1870426ms] [LOG] [popcorn-init] OK: wrapper-null @ http://localhost:5173/src/lib/popcornInit.js?t=1787452483485:48
[ 1870427ms] [LOG] [popcorn-init] OK: wrapper-soundcloud @ http://localhost:5173/src/lib/popcornInit.js?t=1787452483485:48
[ 1870427ms] [LOG] [popcorn-init] OK: wrapper-vimeo @ http://localhost:5173/src/lib/popcornInit.js?t=1787452483485:48
[ 1870428ms] [LOG] [popcorn-init] OK: wrapper-youtube @ http://localhost:5173/src/lib/popcornInit.js?t=1787452483485:48
[ 1870428ms] [LOG] [popcorn-init] OK: wrapper-jwplayer @ http://localhost:5173/src/lib/popcornInit.js?t=1787452483485:48
[ 1870429ms] [LOG] [popcorn-init] OK: player-module @ http://localhost:5173/src/lib/popcornInit.js?t=1787452483485:48
[ 1871045ms] [INFO] %cDownload the React DevTools for a better development experience: https://react.dev/link/react-devtools font-weight:bold @ http://localhost:5173/node_modules/.vite/deps/chunk-EEAUBQDT.js?v=93c1ec86:20096
[ 1871058ms] [LOG] [App] Initialized in 672.30ms @ http://localhost:5173/src/main.js?t=1787452483485:164
[ 1871058ms] [LOG] [App] Navigating to initial page: video @ http://localhost:5173/src/main.js?t=1787452483485:165
[ 1871058ms] [INFO] [App] Dev auth bypass active — skipping setup popup. @ http://localhost:5173/src/main.js?t=1787452483485:176
[ 1871083ms] [ERROR] [2026-08-23T02:34:54.984Z] [ERROR] Unhandled promise rejection | {"reason":"Assignment to constant variable."} @ http://localhost:5173/src/lib/logger.js:84
[ 1871083ms] [ERROR] TypeError: Assignment to constant variable.
    at navigate (http://localhost:5173/src/lib/router.js?t=1787452458048:185:16)
    at http://localhost:5173/src/main.js?t=1787452483485:175:5 @ http://localhost:5173/src/lib/logger.js:85
[ 1871085ms] [ERROR] [Unhandled Promise Rejection] TypeError: Assignment to constant variable.
    at navigate (http://localhost:5173/src/lib/router.js?t=1787452458048:185:16)
    at http://localhost:5173/src/main.js?t=1787452483485:175:5 @ http://localhost:5173/src/main.js?t=1787452483485:33
[ 1871085ms] [LOG] [Analytics] error {errorType: unhandled_rejection, message: Assignment to constant variable.} @ http://localhost:5173/src/lib/analytics.js:36
[ 1871658ms] TypeError: Assignment to constant variable.
    at navigate (http://localhost:5173/src/lib/router.js?t=1787452458048:185:16)
    at http://localhost:5173/src/main.js?t=1787452483485:175:5
[ 1872178ms] [WARNING] Clerk: Clerk has been loaded with development keys. Development instances have strict usage limits and should not be used when deploying your application to production. Learn more: https://clerk.com/docs/deployments/overview @ https://clerk.smartvid.app/npm/@clerk/clerk-js@6/dist/clerk.browser.js:11
[ 1872261ms] [ERROR] [ModalSystem] mount failed TypeError: Class constructor SortableElement cannot be invoked without 'new'
    at http://localhost:5173/components/modals/RetargetOptInModal.jsx?t=1787452483485:26:22 @ http://localhost:5173/src/main.js?t=1787452483485:329
[ 1872264ms] [ERROR] [popcorn-init] FAILED at: plugin-image TypeError: Class constructor SortableElement cannot be invoked without 'new'
    at http://localhost:5173/components/modals/RetargetOptInModal.jsx?t=1787452483485:26:22 @ http://localhost:5173/src/lib/popcornInit.js?t=1787452483485:55
[ 1872369ms] [ERROR] Failed to load resource: the server responded with a status of 400 () @ https://clerk.smartvid.app/v1/environment?__clerk_api_version=2026-05-12&_clerk_js_version=6.29.2&_method=PATCH:0
[ 1872457ms] [ERROR] [popcorn-init] FAILED at: plugin-jsonTransition TypeError: Class constructor SortableElement cannot be invoked without 'new'
    at http://localhost:5173/components/modals/RetargetOptInModal.jsx?t=1787452483485:26:22 @ http://localhost:5173/src/lib/popcornInit.js?t=1787452483485:55
[ 1872498ms] [ERROR] [popcorn-init] FAILED at: plugin-lottie-json TypeError: Class constructor SortableElement cannot be invoked without 'new'
    at http://localhost:5173/components/modals/RetargetOptInModal.jsx?t=1787452483485:26:22 @ http://localhost:5173/src/lib/popcornInit.js?t=1787452483485:55
[ 1872514ms] [LOG] [popcorn-init] OK: plugin-json-button @ http://localhost:5173/src/lib/popcornInit.js?t=1787452483485:48
[ 1872525ms] [ERROR] [popcorn-init] FAILED at: plugin-personalizedImage TypeError: Class constructor SortableElement cannot be invoked without 'new'
    at http://localhost:5173/components/modals/RetargetOptInModal.jsx?t=1787452483485:26:22 @ http://localhost:5173/src/lib/popcornInit.js?t=1787452483485:55
[ 1872532ms] [ERROR] [popcorn-init] FAILED at: plugin-loopPlugin TypeError: Class constructor SortableElement cannot be invoked without 'new'
    at http://localhost:5173/components/modals/RetargetOptInModal.jsx?t=1787452483485:26:22 @ http://localhost:5173/src/lib/popcornInit.js?t=1787452483485:55
[ 1872540ms] [ERROR] [popcorn-init] FAILED at: plugin-pausePlugin TypeError: Class constructor SortableElement cannot be invoked without 'new'
    at http://localhost:5173/components/modals/RetargetOptInModal.jsx?t=1787452483485:26:22 @ http://localhost:5173/src/lib/popcornInit.js?t=1787452483485:55
[ 1872563ms] [ERROR] [popcorn-init] FAILED at: plugin-form TypeError: Class constructor SortableElement cannot be invoked without 'new'
    at http://localhost:5173/components/modals/RetargetOptInModal.jsx?t=1787452483485:26:22 @ http://localhost:5173/src/lib/popcornInit.js?t=1787452483485:55
[ 1872584ms] [ERROR] [popcorn-init] FAILED at: plugin-retarget TypeError: Class constructor SortableElement cannot be invoked without 'new'
    at http://localhost:5173/components/modals/RetargetOptInModal.jsx?t=1787452483485:26:22 @ http://localhost:5173/src/lib/popcornInit.js?t=1787452483485:55
[ 1872595ms] [LOG] [popcorn-init] OK: plugin-popup @ http://localhost:5173/src/lib/popcornInit.js?t=1787452483485:48
[ 1872604ms] [ERROR] [popcorn-init] FAILED at: plugin-sequencer TypeError: Class constructor SortableElement cannot be invoked without 'new'
    at http://localhost:5173/components/modals/RetargetOptInModal.jsx?t=1787452483485:26:22 @ http://localhost:5173/src/lib/popcornInit.js?t=1787452483485:55
[ 1872611ms] [ERROR] [popcorn-init] FAILED at: plugin-skip TypeError: Class constructor SortableElement cannot be invoked without 'new'
    at http://localhost:5173/components/modals/RetargetOptInModal.jsx?t=1787452483485:26:22 @ http://localhost:5173/src/lib/popcornInit.js?t=1787452483485:55
[ 1872644ms] [ERROR] [popcorn-init] FAILED at: plugin-text TypeError: Class constructor SortableElement cannot be invoked without 'new'
    at http://localhost:5173/components/modals/RetargetOptInModal.jsx?t=1787452483485:26:22 @ http://localhost:5173/src/lib/popcornInit.js?t=1787452483485:55
[ 1872664ms] [LOG] [popcorn-init] OK: plugin-social @ http://localhost:5173/src/lib/popcornInit.js?t=1787452483485:48
[ 1872673ms] [ERROR] [popcorn-init] FAILED at: plugin-jsonAnimation TypeError: Class constructor SortableElement cannot be invoked without 'new'
    at http://localhost:5173/components/modals/RetargetOptInModal.jsx?t=1787452483485:26:22 @ http://localhost:5173/src/lib/popcornInit.js?t=1787452483485:55
[ 1872695ms] [LOG] [popcorn-init] OK: plugin-videoTransition @ http://localhost:5173/src/lib/popcornInit.js?t=1787452483485:48
[ 1872702ms] [ERROR] [popcorn-init] FAILED at: plugin-seethroughtext TypeError: Class constructor SortableElement cannot be invoked without 'new'
    at http://localhost:5173/components/modals/RetargetOptInModal.jsx?t=1787452483485:26:22 @ http://localhost:5173/src/lib/popcornInit.js?t=1787452483485:55
[ 1872711ms] [LOG] [popcorn-init] OK: plugin-wikipedia @ http://localhost:5173/src/lib/popcornInit.js?t=1787452483485:48
[ 1872718ms] [ERROR] [popcorn-init] FAILED at: plugin-combined TypeError: Class constructor SortableElement cannot be invoked without 'new'
    at http://localhost:5173/components/modals/RetargetOptInModal.jsx?t=1787452483485:26:22 @ http://localhost:5173/src/lib/popcornInit.js?t=1787452483485:55
[ 1872728ms] [ERROR] [popcorn-init] FAILED at: plugin-background TypeError: Class constructor SortableElement cannot be invoked without 'new'
    at http://localhost:5173/components/modals/RetargetOptInModal.jsx?t=1787452483485:26:22 @ http://localhost:5173/src/lib/popcornInit.js?t=1787452483485:55
[ 1872729ms] [LOG] [popcorn-init] SUMMARY: 5/20 plugins registered; FAILED: plugin-image, plugin-jsonTransition, plugin-lottie-json, plugin-personalizedImage, plugin-loopPlugin, plugin-pausePlugin, plugin-form, plugin-retarget, plugin-sequencer, plugin-skip, plugin-text, plugin-jsonAnimation, plugin-seethroughtext, plugin-combined, plugin-background @ http://localhost:5173/src/lib/popcornInit.js?t=1787452483485:60
[ 1872729ms] [LOG] [popcorn] function 5 @ http://localhost:5173/src/main.js?t=1787452483485:4
[ 1947813ms] [LOG] [App] Starting initialization... @ http://localhost:5173/src/main.js?t=1787452568858:19
[ 1947834ms] [LOG] [popcorn-init] OK: jquery @ http://localhost:5173/src/lib/popcornInit.js?t=1787452568856:41
[ 1947836ms] [LOG] [popcorn-init] OK: jquery-textfill @ http://localhost:5173/src/lib/popcornInit.js?t=1787452568856:48
[ 1947837ms] [LOG] [popcorn-init] OK: popcorn-core @ http://localhost:5173/src/lib/popcornInit.js?t=1787452568856:48
[ 1947838ms] [LOG] [popcorn-init] OK: popcorn-ie8 @ http://localhost:5173/src/lib/popcornInit.js?t=1787452568856:48
[ 1947839ms] [LOG] [popcorn-init] OK: wrapper-common @ http://localhost:5173/src/lib/popcornInit.js?t=1787452568856:48
[ 1947839ms] [LOG] [popcorn-init] OK: wrapper-html5 @ http://localhost:5173/src/lib/popcornInit.js?t=1787452568856:48
[ 1947840ms] [LOG] [popcorn-init] OK: wrapper-vrview @ http://localhost:5173/src/lib/popcornInit.js?t=1787452568856:48
[ 1947841ms] [LOG] [popcorn-init] OK: wrapper-adaptive @ http://localhost:5173/src/lib/popcornInit.js?t=1787452568856:48
[ 1947842ms] [LOG] [popcorn-init] OK: wrapper-null @ http://localhost:5173/src/lib/popcornInit.js?t=1787452568856:48
[ 1947842ms] [LOG] [popcorn-init] OK: wrapper-soundcloud @ http://localhost:5173/src/lib/popcornInit.js?t=1787452568856:48
[ 1947843ms] [LOG] [popcorn-init] OK: wrapper-vimeo @ http://localhost:5173/src/lib/popcornInit.js?t=1787452568856:48
[ 1947843ms] [LOG] [popcorn-init] OK: wrapper-youtube @ http://localhost:5173/src/lib/popcornInit.js?t=1787452568856:48
[ 1947844ms] [LOG] [popcorn-init] OK: wrapper-jwplayer @ http://localhost:5173/src/lib/popcornInit.js?t=1787452568856:48
[ 1947844ms] [LOG] [popcorn-init] OK: player-module @ http://localhost:5173/src/lib/popcornInit.js?t=1787452568856:48
[ 1948500ms] [INFO] %cDownload the React DevTools for a better development experience: https://react.dev/link/react-devtools font-weight:bold @ http://localhost:5173/node_modules/.vite/deps/chunk-EEAUBQDT.js?v=93c1ec86:20096
[ 1948507ms] [LOG] [App] Initialized in 694.50ms @ http://localhost:5173/src/main.js?t=1787452568858:164
[ 1948507ms] [LOG] [App] Navigating to initial page: video @ http://localhost:5173/src/main.js?t=1787452568858:165
[ 1948508ms] [INFO] [App] Dev auth bypass active — skipping setup popup. @ http://localhost:5173/src/main.js?t=1787452568858:176
[ 1948516ms] [ERROR] [2026-08-23T02:36:12.417Z] [ERROR] Unhandled promise rejection | {"reason":"Assignment to constant variable."} @ http://localhost:5173/src/lib/logger.js:84
[ 1948516ms] [ERROR] TypeError: Assignment to constant variable.
    at navigate (http://localhost:5173/src/lib/router.js?t=1787452568856:185:16)
    at http://localhost:5173/src/main.js?t=1787452568858:175:5 @ http://localhost:5173/src/lib/logger.js:85
[ 1948517ms] [ERROR] [Unhandled Promise Rejection] TypeError: Assignment to constant variable.
    at navigate (http://localhost:5173/src/lib/router.js?t=1787452568856:185:16)
    at http://localhost:5173/src/main.js?t=1787452568858:175:5 @ http://localhost:5173/src/main.js?t=1787452568858:33
[ 1948517ms] [LOG] [Analytics] error {errorType: unhandled_rejection, message: Assignment to constant variable.} @ http://localhost:5173/src/lib/analytics.js:36
[ 1948525ms] TypeError: Assignment to constant variable.
    at navigate (http://localhost:5173/src/lib/router.js?t=1787452568856:185:16)
    at http://localhost:5173/src/main.js?t=1787452568858:175:5
[ 1955569ms] [LOG] [App] Starting initialization... @ http://localhost:5173/src/main.js?t=1787452573530:19
[ 1955587ms] [LOG] [popcorn-init] OK: jquery @ http://localhost:5173/src/lib/popcornInit.js?t=1787452575546:41
[ 1955590ms] [LOG] [popcorn-init] OK: jquery-textfill @ http://localhost:5173/src/lib/popcornInit.js?t=1787452575546:48
[ 1955593ms] [LOG] [popcorn-init] OK: popcorn-core @ http://localhost:5173/src/lib/popcornInit.js?t=1787452575546:48
[ 1955594ms] [LOG] [popcorn-init] OK: popcorn-ie8 @ http://localhost:5173/src/lib/popcornInit.js?t=1787452575546:48
[ 1955595ms] [LOG] [popcorn-init] OK: wrapper-common @ http://localhost:5173/src/lib/popcornInit.js?t=1787452575546:48
[ 1955596ms] [LOG] [popcorn-init] OK: wrapper-html5 @ http://localhost:5173/src/lib/popcornInit.js?t=1787452575546:48
[ 1955597ms] [LOG] [popcorn-init] OK: wrapper-vrview @ http://localhost:5173/src/lib/popcornInit.js?t=1787452575546:48
[ 1955598ms] [LOG] [popcorn-init] OK: wrapper-adaptive @ http://localhost:5173/src/lib/popcornInit.js?t=1787452575546:48
[ 1955599ms] [LOG] [popcorn-init] OK: wrapper-null @ http://localhost:5173/src/lib/popcornInit.js?t=1787452575546:48
[ 1955599ms] [LOG] [popcorn-init] OK: wrapper-soundcloud @ http://localhost:5173/src/lib/popcornInit.js?t=1787452575546:48
[ 1955600ms] [LOG] [popcorn-init] OK: wrapper-vimeo @ http://localhost:5173/src/lib/popcornInit.js?t=1787452575546:48
[ 1955600ms] [LOG] [popcorn-init] OK: wrapper-youtube @ http://localhost:5173/src/lib/popcornInit.js?t=1787452575546:48
[ 1955600ms] [LOG] [popcorn-init] OK: wrapper-jwplayer @ http://localhost:5173/src/lib/popcornInit.js?t=1787452575546:48
[ 1955601ms] [LOG] [popcorn-init] OK: player-module @ http://localhost:5173/src/lib/popcornInit.js?t=1787452575546:48
[ 1956244ms] [INFO] %cDownload the React DevTools for a better development experience: https://react.dev/link/react-devtools font-weight:bold @ http://localhost:5173/node_modules/.vite/deps/chunk-EEAUBQDT.js?v=93c1ec86:20096
[ 1956250ms] [LOG] [App] Initialized in 680.80ms @ http://localhost:5173/src/main.js?t=1787452573530:164
[ 1956250ms] [LOG] [App] Navigating to initial page: video @ http://localhost:5173/src/main.js?t=1787452573530:165
[ 1956251ms] [INFO] [App] Dev auth bypass active — skipping setup popup. @ http://localhost:5173/src/main.js?t=1787452573530:176
[ 1956255ms] [ERROR] [2026-08-23T02:36:20.156Z] [ERROR] Unhandled promise rejection | {"reason":"Assignment to constant variable."} @ http://localhost:5173/src/lib/logger.js:84
[ 1956255ms] [ERROR] TypeError: Assignment to constant variable.
    at navigate (http://localhost:5173/src/lib/router.js?t=1787452575546:185:16)
    at http://localhost:5173/src/main.js?t=1787452573530:175:5 @ http://localhost:5173/src/lib/logger.js:85
[ 1956256ms] [ERROR] [Unhandled Promise Rejection] TypeError: Assignment to constant variable.
    at navigate (http://localhost:5173/src/lib/router.js?t=1787452575546:185:16)
    at http://localhost:5173/src/main.js?t=1787452573530:175:5 @ http://localhost:5173/src/main.js?t=1787452573530:33
[ 1956256ms] [LOG] [Analytics] error {errorType: unhandled_rejection, message: Assignment to constant variable.} @ http://localhost:5173/src/lib/analytics.js:36
[ 1957271ms] TypeError: Assignment to constant variable.
    at navigate (http://localhost:5173/src/lib/router.js?t=1787452575546:185:16)
    at http://localhost:5173/src/main.js?t=1787452573530:175:5
[ 1958777ms] [LOG] [App] Starting initialization... @ http://localhost:5173/src/main.js?t=1787452580068:19
[ 1958800ms] [LOG] [popcorn-init] OK: jquery @ http://localhost:5173/src/lib/popcornInit.js?t=1787452580068:41
[ 1958801ms] [LOG] [popcorn-init] OK: jquery-textfill @ http://localhost:5173/src/lib/popcornInit.js?t=1787452580068:48
[ 1958811ms] [LOG] [popcorn-init] OK: popcorn-core @ http://localhost:5173/src/lib/popcornInit.js?t=1787452580068:48
[ 1958813ms] [LOG] [popcorn-init] OK: popcorn-ie8 @ http://localhost:5173/src/lib/popcornInit.js?t=1787452580068:48
[ 1958814ms] [LOG] [popcorn-init] OK: wrapper-common @ http://localhost:5173/src/lib/popcornInit.js?t=1787452580068:48
[ 1958816ms] [LOG] [popcorn-init] OK: wrapper-html5 @ http://localhost:5173/src/lib/popcornInit.js?t=1787452580068:48
[ 1958816ms] [LOG] [popcorn-init] OK: wrapper-vrview @ http://localhost:5173/src/lib/popcornInit.js?t=1787452580068:48
[ 1958817ms] [LOG] [popcorn-init] OK: wrapper-adaptive @ http://localhost:5173/src/lib/popcornInit.js?t=1787452580068:48
[ 1958818ms] [LOG] [popcorn-init] OK: wrapper-null @ http://localhost:5173/src/lib/popcornInit.js?t=1787452580068:48
[ 1958818ms] [LOG] [popcorn-init] OK: wrapper-soundcloud @ http://localhost:5173/src/lib/popcornInit.js?t=1787452580068:48
[ 1958819ms] [LOG] [popcorn-init] OK: wrapper-vimeo @ http://localhost:5173/src/lib/popcornInit.js?t=1787452580068:48
[ 1958820ms] [LOG] [popcorn-init] OK: wrapper-youtube @ http://localhost:5173/src/lib/popcornInit.js?t=1787452580068:48
[ 1958821ms] [LOG] [popcorn-init] OK: wrapper-jwplayer @ http://localhost:5173/src/lib/popcornInit.js?t=1787452580068:48
[ 1958821ms] [LOG] [popcorn-init] OK: player-module @ http://localhost:5173/src/lib/popcornInit.js?t=1787452580068:48
[ 1958887ms] [INFO] %cDownload the React DevTools for a better development experience: https://react.dev/link/react-devtools font-weight:bold @ http://localhost:5173/node_modules/.vite/deps/chunk-EEAUBQDT.js?v=93c1ec86:20096
[ 1958891ms] [LOG] [App] Initialized in 114.10ms @ http://localhost:5173/src/main.js?t=1787452580068:164
[ 1958891ms] [LOG] [App] Navigating to initial page: video @ http://localhost:5173/src/main.js?t=1787452580068:165
[ 1958892ms] [INFO] [App] Dev auth bypass active — skipping setup popup. @ http://localhost:5173/src/main.js?t=1787452580068:176
[ 1958901ms] [ERROR] [2026-08-23T02:36:22.802Z] [ERROR] Unhandled promise rejection | {"reason":"Assignment to constant variable."} @ http://localhost:5173/src/lib/logger.js:84
[ 1958901ms] [ERROR] TypeError: Assignment to constant variable.
    at navigate (http://localhost:5173/src/lib/router.js?t=1787452580068:185:16)
    at http://localhost:5173/src/main.js?t=1787452580068:175:5 @ http://localhost:5173/src/lib/logger.js:85
[ 1958901ms] [ERROR] [Unhandled Promise Rejection] TypeError: Assignment to constant variable.
    at navigate (http://localhost:5173/src/lib/router.js?t=1787452580068:185:16)
    at http://localhost:5173/src/main.js?t=1787452580068:175:5 @ http://localhost:5173/src/main.js?t=1787452580068:33
[ 1958902ms] [LOG] [Analytics] error {errorType: unhandled_rejection, message: Assignment to constant variable.} @ http://localhost:5173/src/lib/analytics.js:36
[ 1959246ms] TypeError: Assignment to constant variable.
    at navigate (http://localhost:5173/src/lib/router.js?t=1787452580068:185:16)
    at http://localhost:5173/src/main.js?t=1787452580068:175:5
[ 1961433ms] [LOG] [App] Starting initialization... @ http://localhost:5173/src/main.js?t=1787452583425:19
[ 1961449ms] [LOG] [popcorn-init] OK: jquery @ http://localhost:5173/src/lib/popcornInit.js?t=1787452583425:41
[ 1961450ms] [LOG] [popcorn-init] OK: jquery-textfill @ http://localhost:5173/src/lib/popcornInit.js?t=1787452583425:48
[ 1961451ms] [LOG] [popcorn-init] OK: popcorn-core @ http://localhost:5173/src/lib/popcornInit.js?t=1787452583425:48
[ 1961452ms] [LOG] [popcorn-init] OK: popcorn-ie8 @ http://localhost:5173/src/lib/popcornInit.js?t=1787452583425:48
[ 1961453ms] [LOG] [popcorn-init] OK: wrapper-common @ http://localhost:5173/src/lib/popcornInit.js?t=1787452583425:48
[ 1961454ms] [LOG] [popcorn-init] OK: wrapper-html5 @ http://localhost:5173/src/lib/popcornInit.js?t=1787452583425:48
[ 1961454ms] [LOG] [popcorn-init] OK: wrapper-vrview @ http://localhost:5173/src/lib/popcornInit.js?t=1787452583425:48
[ 1961455ms] [LOG] [popcorn-init] OK: wrapper-adaptive @ http://localhost:5173/src/lib/popcornInit.js?t=1787452583425:48
[ 1961456ms] [LOG] [popcorn-init] OK: wrapper-null @ http://localhost:5173/src/lib/popcornInit.js?t=1787452583425:48
[ 1961456ms] [LOG] [popcorn-init] OK: wrapper-soundcloud @ http://localhost:5173/src/lib/popcornInit.js?t=1787452583425:48
[ 1961457ms] [LOG] [popcorn-init] OK: wrapper-vimeo @ http://localhost:5173/src/lib/popcornInit.js?t=1787452583425:48
[ 1961457ms] [LOG] [popcorn-init] OK: wrapper-youtube @ http://localhost:5173/src/lib/popcornInit.js?t=1787452583425:48
[ 1961458ms] [LOG] [popcorn-init] OK: wrapper-jwplayer @ http://localhost:5173/src/lib/popcornInit.js?t=1787452583425:48
[ 1961458ms] [LOG] [popcorn-init] OK: player-module @ http://localhost:5173/src/lib/popcornInit.js?t=1787452583425:48
[ 1961741ms] [INFO] %cDownload the React DevTools for a better development experience: https://react.dev/link/react-devtools font-weight:bold @ http://localhost:5173/node_modules/.vite/deps/chunk-EEAUBQDT.js?v=93c1ec86:20096
[ 1961749ms] [LOG] [App] Initialized in 315.50ms @ http://localhost:5173/src/main.js?t=1787452583425:164
[ 1961749ms] [LOG] [App] Navigating to initial page: video @ http://localhost:5173/src/main.js?t=1787452583425:165
[ 1961749ms] [INFO] [App] Dev auth bypass active — skipping setup popup. @ http://localhost:5173/src/main.js?t=1787452583425:176
[ 1961755ms] [ERROR] [2026-08-23T02:36:25.657Z] [ERROR] Unhandled promise rejection | {"reason":"Assignment to constant variable."} @ http://localhost:5173/src/lib/logger.js:84
[ 1961755ms] [ERROR] TypeError: Assignment to constant variable.
    at navigate (http://localhost:5173/src/lib/router.js?t=1787452583425:185:16)
    at http://localhost:5173/src/main.js?t=1787452583425:175:5 @ http://localhost:5173/src/lib/logger.js:85
[ 1961756ms] [ERROR] [Unhandled Promise Rejection] TypeError: Assignment to constant variable.
    at navigate (http://localhost:5173/src/lib/router.js?t=1787452583425:185:16)
    at http://localhost:5173/src/main.js?t=1787452583425:175:5 @ http://localhost:5173/src/main.js?t=1787452583425:33
[ 1961756ms] [LOG] [Analytics] error {errorType: unhandled_rejection, message: Assignment to constant variable.} @ http://localhost:5173/src/lib/analytics.js:36
[ 1961855ms] TypeError: Assignment to constant variable.
    at navigate (http://localhost:5173/src/lib/router.js?t=1787452583425:185:16)
    at http://localhost:5173/src/main.js?t=1787452583425:175:5
[ 1964222ms] [LOG] [App] Starting initialization... @ http://localhost:5173/src/main.js?t=1787452585859:19
[ 1964240ms] [LOG] [popcorn-init] OK: jquery @ http://localhost:5173/src/lib/popcornInit.js?t=1787452585859:41
[ 1964242ms] [LOG] [popcorn-init] OK: jquery-textfill @ http://localhost:5173/src/lib/popcornInit.js?t=1787452585859:48
[ 1964244ms] [LOG] [popcorn-init] OK: popcorn-core @ http://localhost:5173/src/lib/popcornInit.js?t=1787452585859:48
[ 1964247ms] [LOG] [popcorn-init] OK: popcorn-ie8 @ http://localhost:5173/src/lib/popcornInit.js?t=1787452585859:48
[ 1964248ms] [LOG] [popcorn-init] OK: wrapper-common @ http://localhost:5173/src/lib/popcornInit.js?t=1787452585859:48
[ 1964249ms] [LOG] [popcorn-init] OK: wrapper-html5 @ http://localhost:5173/src/lib/popcornInit.js?t=1787452585859:48
[ 1964250ms] [LOG] [popcorn-init] OK: wrapper-vrview @ http://localhost:5173/src/lib/popcornInit.js?t=1787452585859:48
[ 1964250ms] [LOG] [popcorn-init] OK: wrapper-adaptive @ http://localhost:5173/src/lib/popcornInit.js?t=1787452585859:48
[ 1964251ms] [LOG] [popcorn-init] OK: wrapper-null @ http://localhost:5173/src/lib/popcornInit.js?t=1787452585859:48
[ 1964251ms] [LOG] [popcorn-init] OK: wrapper-soundcloud @ http://localhost:5173/src/lib/popcornInit.js?t=1787452585859:48
[ 1964252ms] [LOG] [popcorn-init] OK: wrapper-vimeo @ http://localhost:5173/src/lib/popcornInit.js?t=1787452585859:48
[ 1964252ms] [LOG] [popcorn-init] OK: wrapper-youtube @ http://localhost:5173/src/lib/popcornInit.js?t=1787452585859:48
[ 1964253ms] [LOG] [popcorn-init] OK: wrapper-jwplayer @ http://localhost:5173/src/lib/popcornInit.js?t=1787452585859:48
[ 1964254ms] [LOG] [popcorn-init] OK: player-module @ http://localhost:5173/src/lib/popcornInit.js?t=1787452585859:48
[ 1964321ms] [INFO] %cDownload the React DevTools for a better development experience: https://react.dev/link/react-devtools font-weight:bold @ http://localhost:5173/node_modules/.vite/deps/chunk-EEAUBQDT.js?v=93c1ec86:20096
[ 1964324ms] [LOG] [App] Initialized in 101.80ms @ http://localhost:5173/src/main.js?t=1787452585859:164
[ 1964324ms] [LOG] [App] Navigating to initial page: video @ http://localhost:5173/src/main.js?t=1787452585859:165
[ 1964325ms] [INFO] [App] Dev auth bypass active — skipping setup popup. @ http://localhost:5173/src/main.js?t=1787452585859:176
[ 1964335ms] [ERROR] [2026-08-23T02:36:28.236Z] [ERROR] Unhandled promise rejection | {"reason":"Assignment to constant variable."} @ http://localhost:5173/src/lib/logger.js:84
[ 1964335ms] [ERROR] TypeError: Assignment to constant variable.
    at navigate (http://localhost:5173/src/lib/router.js?t=1787452585859:185:16)
    at http://localhost:5173/src/main.js?t=1787452585859:175:5 @ http://localhost:5173/src/lib/logger.js:85
[ 1964335ms] [ERROR] [Unhandled Promise Rejection] TypeError: Assignment to constant variable.
    at navigate (http://localhost:5173/src/lib/router.js?t=1787452585859:185:16)
    at http://localhost:5173/src/main.js?t=1787452585859:175:5 @ http://localhost:5173/src/main.js?t=1787452585859:33
[ 1964335ms] [LOG] [Analytics] error {errorType: unhandled_rejection, message: Assignment to constant variable.} @ http://localhost:5173/src/lib/analytics.js:36
[ 1964600ms] TypeError: Assignment to constant variable.
    at navigate (http://localhost:5173/src/lib/router.js?t=1787452585859:185:16)
    at http://localhost:5173/src/main.js?t=1787452585859:175:5
[ 1967409ms] [LOG] [App] Starting initialization... @ http://localhost:5173/src/main.js?t=1787452588912:19
[ 1967425ms] [LOG] [popcorn-init] OK: jquery @ http://localhost:5173/src/lib/popcornInit.js?t=1787452588912:41
[ 1967426ms] [LOG] [popcorn-init] OK: jquery-textfill @ http://localhost:5173/src/lib/popcornInit.js?t=1787452588912:48
[ 1967429ms] [LOG] [popcorn-init] OK: popcorn-core @ http://localhost:5173/src/lib/popcornInit.js?t=1787452588912:48
[ 1967432ms] [LOG] [popcorn-init] OK: popcorn-ie8 @ http://localhost:5173/src/lib/popcornInit.js?t=1787452588912:48
[ 1967433ms] [LOG] [popcorn-init] OK: wrapper-common @ http://localhost:5173/src/lib/popcornInit.js?t=1787452588912:48
[ 1967434ms] [LOG] [popcorn-init] OK: wrapper-html5 @ http://localhost:5173/src/lib/popcornInit.js?t=1787452588912:48
[ 1967435ms] [LOG] [popcorn-init] OK: wrapper-vrview @ http://localhost:5173/src/lib/popcornInit.js?t=1787452588912:48
[ 1967436ms] [LOG] [popcorn-init] OK: wrapper-adaptive @ http://localhost:5173/src/lib/popcornInit.js?t=1787452588912:48
[ 1967437ms] [LOG] [popcorn-init] OK: wrapper-null @ http://localhost:5173/src/lib/popcornInit.js?t=1787452588912:48
[ 1967437ms] [LOG] [popcorn-init] OK: wrapper-soundcloud @ http://localhost:5173/src/lib/popcornInit.js?t=1787452588912:48
[ 1967438ms] [LOG] [popcorn-init] OK: wrapper-vimeo @ http://localhost:5173/src/lib/popcornInit.js?t=1787452588912:48
[ 1967438ms] [LOG] [popcorn-init] OK: wrapper-youtube @ http://localhost:5173/src/lib/popcornInit.js?t=1787452588912:48
[ 1967439ms] [LOG] [popcorn-init] OK: wrapper-jwplayer @ http://localhost:5173/src/lib/popcornInit.js?t=1787452588912:48
[ 1967439ms] [LOG] [popcorn-init] OK: player-module @ http://localhost:5173/src/lib/popcornInit.js?t=1787452588912:48
[ 1967707ms] [INFO] %cDownload the React DevTools for a better development experience: https://react.dev/link/react-devtools font-weight:bold @ http://localhost:5173/node_modules/.vite/deps/chunk-EEAUBQDT.js?v=93c1ec86:20096
[ 1967712ms] [LOG] [App] Initialized in 302.60ms @ http://localhost:5173/src/main.js?t=1787452588912:164
[ 1967712ms] [LOG] [App] Navigating to initial page: video @ http://localhost:5173/src/main.js?t=1787452588912:165
[ 1967712ms] [INFO] [App] Dev auth bypass active — skipping setup popup. @ http://localhost:5173/src/main.js?t=1787452588912:176
[ 1967717ms] [ERROR] [2026-08-23T02:36:31.619Z] [ERROR] Unhandled promise rejection | {"reason":"Assignment to constant variable."} @ http://localhost:5173/src/lib/logger.js:84
[ 1967717ms] [ERROR] TypeError: Assignment to constant variable.
    at navigate (http://localhost:5173/src/lib/router.js?t=1787452588912:185:16)
    at http://localhost:5173/src/main.js?t=1787452588912:175:5 @ http://localhost:5173/src/lib/logger.js:85
[ 1967718ms] [ERROR] [Unhandled Promise Rejection] TypeError: Assignment to constant variable.
    at navigate (http://localhost:5173/src/lib/router.js?t=1787452588912:185:16)
    at http://localhost:5173/src/main.js?t=1787452588912:175:5 @ http://localhost:5173/src/main.js?t=1787452588912:33
[ 1967718ms] [LOG] [Analytics] error {errorType: unhandled_rejection, message: Assignment to constant variable.} @ http://localhost:5173/src/lib/analytics.js:36
[ 1967735ms] TypeError: Assignment to constant variable.
    at navigate (http://localhost:5173/src/lib/router.js?t=1787452588912:185:16)
    at http://localhost:5173/src/main.js?t=1787452588912:175:5
[ 1969764ms] [LOG] [App] Starting initialization... @ http://localhost:5173/src/main.js?t=1787452591712:19
[ 1969784ms] [LOG] [popcorn-init] OK: jquery @ http://localhost:5173/src/lib/popcornInit.js?t=1787452591712:41
[ 1969787ms] [LOG] [popcorn-init] OK: jquery-textfill @ http://localhost:5173/src/lib/popcornInit.js?t=1787452591712:48
[ 1969789ms] [LOG] [popcorn-init] OK: popcorn-core @ http://localhost:5173/src/lib/popcornInit.js?t=1787452591712:48
[ 1969790ms] [LOG] [popcorn-init] OK: popcorn-ie8 @ http://localhost:5173/src/lib/popcornInit.js?t=1787452591712:48
[ 1969791ms] [LOG] [popcorn-init] OK: wrapper-common @ http://localhost:5173/src/lib/popcornInit.js?t=1787452591712:48
[ 1969791ms] [LOG] [popcorn-init] OK: wrapper-html5 @ http://localhost:5173/src/lib/popcornInit.js?t=1787452591712:48
[ 1969792ms] [LOG] [popcorn-init] OK: wrapper-vrview @ http://localhost:5173/src/lib/popcornInit.js?t=1787452591712:48
[ 1969793ms] [LOG] [popcorn-init] OK: wrapper-adaptive @ http://localhost:5173/src/lib/popcornInit.js?t=1787452591712:48
[ 1969793ms] [LOG] [popcorn-init] OK: wrapper-null @ http://localhost:5173/src/lib/popcornInit.js?t=1787452591712:48
[ 1969796ms] [LOG] [popcorn-init] OK: wrapper-soundcloud @ http://localhost:5173/src/lib/popcornInit.js?t=1787452591712:48
[ 1969796ms] [LOG] [popcorn-init] OK: wrapper-vimeo @ http://localhost:5173/src/lib/popcornInit.js?t=1787452591712:48
[ 1969797ms] [LOG] [popcorn-init] OK: wrapper-youtube @ http://localhost:5173/src/lib/popcornInit.js?t=1787452591712:48
[ 1969797ms] [LOG] [popcorn-init] OK: wrapper-jwplayer @ http://localhost:5173/src/lib/popcornInit.js?t=1787452591712:48
[ 1969798ms] [LOG] [popcorn-init] OK: player-module @ http://localhost:5173/src/lib/popcornInit.js?t=1787452591712:48
[ 1969859ms] [INFO] %cDownload the React DevTools for a better development experience: https://react.dev/link/react-devtools font-weight:bold @ http://localhost:5173/node_modules/.vite/deps/chunk-EEAUBQDT.js?v=93c1ec86:20096
[ 1969864ms] [LOG] [App] Initialized in 99.20ms @ http://localhost:5173/src/main.js?t=1787452591712:164
[ 1969864ms] [LOG] [App] Navigating to initial page: video @ http://localhost:5173/src/main.js?t=1787452591712:165
[ 1969864ms] [INFO] [App] Dev auth bypass active — skipping setup popup. @ http://localhost:5173/src/main.js?t=1787452591712:176
[ 1969869ms] [ERROR] [2026-08-23T02:36:33.770Z] [ERROR] Unhandled promise rejection | {"reason":"Assignment to constant variable."} @ http://localhost:5173/src/lib/logger.js:84
[ 1969869ms] [ERROR] TypeError: Assignment to constant variable.
    at navigate (http://localhost:5173/src/lib/router.js?t=1787452591712:185:16)
    at http://localhost:5173/src/main.js?t=1787452591712:175:5 @ http://localhost:5173/src/lib/logger.js:85
[ 1969870ms] [ERROR] [Unhandled Promise Rejection] TypeError: Assignment to constant variable.
    at navigate (http://localhost:5173/src/lib/router.js?t=1787452591712:185:16)
    at http://localhost:5173/src/main.js?t=1787452591712:175:5 @ http://localhost:5173/src/main.js?t=1787452591712:33
[ 1969870ms] [LOG] [Analytics] error {errorType: unhandled_rejection, message: Assignment to constant variable.} @ http://localhost:5173/src/lib/analytics.js:36
[ 1969989ms] TypeError: Assignment to constant variable.
    at navigate (http://localhost:5173/src/lib/router.js?t=1787452591712:185:16)
    at http://localhost:5173/src/main.js?t=1787452591712:175:5
[ 1970170ms] [WARNING] Clerk: Clerk has been loaded with development keys. Development instances have strict usage limits and should not be used when deploying your application to production. Learn more: https://clerk.com/docs/deployments/overview @ https://clerk.smartvid.app/npm/@clerk/clerk-js@6/dist/clerk.browser.js:11
[ 1970447ms] [ERROR] Failed to load resource: the server responded with a status of 400 () @ https://clerk.smartvid.app/v1/environment?__clerk_api_version=2026-05-12&_clerk_js_version=6.29.2&_method=PATCH:0
[ 1970754ms] [ERROR] [ModalSystem] mount failed TypeError: Class constructor SortableElement cannot be invoked without 'new'
    at http://localhost:5173/components/modals/RetargetOptInModal.jsx?t=1787452591712:26:22 @ http://localhost:5173/src/main.js?t=1787452591712:329
[ 1970756ms] [ERROR] [popcorn-init] FAILED at: plugin-image TypeError: Class constructor SortableElement cannot be invoked without 'new'
    at http://localhost:5173/components/modals/RetargetOptInModal.jsx?t=1787452591712:26:22 @ http://localhost:5173/src/lib/popcornInit.js?t=1787452591712:55
[ 1970775ms] [ERROR] [popcorn-init] FAILED at: plugin-jsonTransition TypeError: Class constructor SortableElement cannot be invoked without 'new'
    at http://localhost:5173/components/modals/RetargetOptInModal.jsx?t=1787452591712:26:22 @ http://localhost:5173/src/lib/popcornInit.js?t=1787452591712:55
[ 1970798ms] [ERROR] [popcorn-init] FAILED at: plugin-lottie-json TypeError: Class constructor SortableElement cannot be invoked without 'new'
    at http://localhost:5173/components/modals/RetargetOptInModal.jsx?t=1787452591712:26:22 @ http://localhost:5173/src/lib/popcornInit.js?t=1787452591712:55
[ 1970815ms] [LOG] [popcorn-init] OK: plugin-json-button @ http://localhost:5173/src/lib/popcornInit.js?t=1787452591712:48
[ 1970822ms] [ERROR] [popcorn-init] FAILED at: plugin-personalizedImage TypeError: Class constructor SortableElement cannot be invoked without 'new'
    at http://localhost:5173/components/modals/RetargetOptInModal.jsx?t=1787452591712:26:22 @ http://localhost:5173/src/lib/popcornInit.js?t=1787452591712:55
[ 1970828ms] [ERROR] [popcorn-init] FAILED at: plugin-loopPlugin TypeError: Class constructor SortableElement cannot be invoked without 'new'
    at http://localhost:5173/components/modals/RetargetOptInModal.jsx?t=1787452591712:26:22 @ http://localhost:5173/src/lib/popcornInit.js?t=1787452591712:55
[ 1970834ms] [ERROR] [popcorn-init] FAILED at: plugin-pausePlugin TypeError: Class constructor SortableElement cannot be invoked without 'new'
    at http://localhost:5173/components/modals/RetargetOptInModal.jsx?t=1787452591712:26:22 @ http://localhost:5173/src/lib/popcornInit.js?t=1787452591712:55
[ 1970850ms] [ERROR] [popcorn-init] FAILED at: plugin-form TypeError: Class constructor SortableElement cannot be invoked without 'new'
    at http://localhost:5173/components/modals/RetargetOptInModal.jsx?t=1787452591712:26:22 @ http://localhost:5173/src/lib/popcornInit.js?t=1787452591712:55
[ 1970867ms] [ERROR] [popcorn-init] FAILED at: plugin-retarget TypeError: Class constructor SortableElement cannot be invoked without 'new'
    at http://localhost:5173/components/modals/RetargetOptInModal.jsx?t=1787452591712:26:22 @ http://localhost:5173/src/lib/popcornInit.js?t=1787452591712:55
[ 1970883ms] [LOG] [popcorn-init] OK: plugin-popup @ http://localhost:5173/src/lib/popcornInit.js?t=1787452591712:48
[ 1970892ms] [ERROR] [popcorn-init] FAILED at: plugin-sequencer TypeError: Class constructor SortableElement cannot be invoked without 'new'
    at http://localhost:5173/components/modals/RetargetOptInModal.jsx?t=1787452591712:26:22 @ http://localhost:5173/src/lib/popcornInit.js?t=1787452591712:55
[ 1970902ms] [ERROR] [popcorn-init] FAILED at: plugin-skip TypeError: Class constructor SortableElement cannot be invoked without 'new'
    at http://localhost:5173/components/modals/RetargetOptInModal.jsx?t=1787452591712:26:22 @ http://localhost:5173/src/lib/popcornInit.js?t=1787452591712:55
[ 1970959ms] [ERROR] [popcorn-init] FAILED at: plugin-text TypeError: Class constructor SortableElement cannot be invoked without 'new'
    at http://localhost:5173/components/modals/RetargetOptInModal.jsx?t=1787452591712:26:22 @ http://localhost:5173/src/lib/popcornInit.js?t=1787452591712:55
[ 1970977ms] [LOG] [popcorn-init] OK: plugin-social @ http://localhost:5173/src/lib/popcornInit.js?t=1787452591712:48
[ 1971002ms] [ERROR] [popcorn-init] FAILED at: plugin-jsonAnimation TypeError: Class constructor SortableElement cannot be invoked without 'new'
    at http://localhost:5173/components/modals/RetargetOptInModal.jsx?t=1787452591712:26:22 @ http://localhost:5173/src/lib/popcornInit.js?t=1787452591712:55
[ 1971037ms] [LOG] [popcorn-init] OK: plugin-videoTransition @ http://localhost:5173/src/lib/popcornInit.js?t=1787452591712:48
[ 1971055ms] [ERROR] [popcorn-init] FAILED at: plugin-seethroughtext TypeError: Class constructor SortableElement cannot be invoked without 'new'
    at http://localhost:5173/components/modals/RetargetOptInModal.jsx?t=1787452591712:26:22 @ http://localhost:5173/src/lib/popcornInit.js?t=1787452591712:55
[ 1971063ms] [LOG] [popcorn-init] OK: plugin-wikipedia @ http://localhost:5173/src/lib/popcornInit.js?t=1787452591712:48
[ 1971076ms] [ERROR] [popcorn-init] FAILED at: plugin-combined TypeError: Class constructor SortableElement cannot be invoked without 'new'
    at http://localhost:5173/components/modals/RetargetOptInModal.jsx?t=1787452591712:26:22 @ http://localhost:5173/src/lib/popcornInit.js?t=1787452591712:55
[ 1971085ms] [ERROR] [popcorn-init] FAILED at: plugin-background TypeError: Class constructor SortableElement cannot be invoked without 'new'
    at http://localhost:5173/components/modals/RetargetOptInModal.jsx?t=1787452591712:26:22 @ http://localhost:5173/src/lib/popcornInit.js?t=1787452591712:55
[ 1971085ms] [LOG] [popcorn-init] SUMMARY: 5/20 plugins registered; FAILED: plugin-image, plugin-jsonTransition, plugin-lottie-json, plugin-personalizedImage, plugin-loopPlugin, plugin-pausePlugin, plugin-form, plugin-retarget, plugin-sequencer, plugin-skip, plugin-text, plugin-jsonAnimation, plugin-seethroughtext, plugin-combined, plugin-background @ http://localhost:5173/src/lib/popcornInit.js?t=1787452591712:60
[ 1971086ms] [LOG] [popcorn] function 5 @ http://localhost:5173/src/main.js?t=1787452591712:4
[ 1984653ms] [LOG] [App] Starting initialization... @ http://localhost:5173/src/main.js?t=1787452606556:19
[ 1984672ms] [LOG] [popcorn-init] OK: jquery @ http://localhost:5173/src/lib/popcornInit.js?t=1787452606556:41
[ 1984673ms] [LOG] [popcorn-init] OK: jquery-textfill @ http://localhost:5173/src/lib/popcornInit.js?t=1787452606556:48
[ 1984674ms] [LOG] [popcorn-init] OK: popcorn-core @ http://localhost:5173/src/lib/popcornInit.js?t=1787452606556:48
[ 1984675ms] [LOG] [popcorn-init] OK: popcorn-ie8 @ http://localhost:5173/src/lib/popcornInit.js?t=1787452606556:48
[ 1984677ms] [LOG] [popcorn-init] OK: wrapper-common @ http://localhost:5173/src/lib/popcornInit.js?t=1787452606556:48
[ 1984678ms] [LOG] [popcorn-init] OK: wrapper-html5 @ http://localhost:5173/src/lib/popcornInit.js?t=1787452606556:48
[ 1984679ms] [LOG] [popcorn-init] OK: wrapper-vrview @ http://localhost:5173/src/lib/popcornInit.js?t=1787452606556:48
[ 1984680ms] [LOG] [popcorn-init] OK: wrapper-adaptive @ http://localhost:5173/src/lib/popcornInit.js?t=1787452606556:48
[ 1984681ms] [LOG] [popcorn-init] OK: wrapper-null @ http://localhost:5173/src/lib/popcornInit.js?t=1787452606556:48
[ 1984682ms] [LOG] [popcorn-init] OK: wrapper-soundcloud @ http://localhost:5173/src/lib/popcornInit.js?t=1787452606556:48
[ 1984683ms] [LOG] [popcorn-init] OK: wrapper-vimeo @ http://localhost:5173/src/lib/popcornInit.js?t=1787452606556:48
[ 1984684ms] [LOG] [popcorn-init] OK: wrapper-youtube @ http://localhost:5173/src/lib/popcornInit.js?t=1787452606556:48
[ 1984685ms] [LOG] [popcorn-init] OK: wrapper-jwplayer @ http://localhost:5173/src/lib/popcornInit.js?t=1787452606556:48
[ 1984685ms] [LOG] [popcorn-init] OK: player-module @ http://localhost:5173/src/lib/popcornInit.js?t=1787452606556:48
[ 1985348ms] [INFO] %cDownload the React DevTools for a better development experience: https://react.dev/link/react-devtools font-weight:bold @ http://localhost:5173/node_modules/.vite/deps/chunk-EEAUBQDT.js?v=93c1ec86:20096
[ 1985367ms] [LOG] [App] Initialized in 713.90ms @ http://localhost:5173/src/main.js?t=1787452606556:164
[ 1985367ms] [LOG] [App] Navigating to initial page: video @ http://localhost:5173/src/main.js?t=1787452606556:165
[ 1985368ms] [INFO] [App] Dev auth bypass active — skipping setup popup. @ http://localhost:5173/src/main.js?t=1787452606556:176
[ 1985372ms] [ERROR] [2026-08-23T02:36:49.274Z] [ERROR] Unhandled promise rejection | {"reason":"Assignment to constant variable."} @ http://localhost:5173/src/lib/logger.js:84
[ 1985372ms] [ERROR] TypeError: Assignment to constant variable.
    at navigate (http://localhost:5173/src/lib/router.js?t=1787452606556:185:16)
    at http://localhost:5173/src/main.js?t=1787452606556:175:5 @ http://localhost:5173/src/lib/logger.js:85
[ 1985378ms] [ERROR] [Unhandled Promise Rejection] TypeError: Assignment to constant variable.
    at navigate (http://localhost:5173/src/lib/router.js?t=1787452606556:185:16)
    at http://localhost:5173/src/main.js?t=1787452606556:175:5 @ http://localhost:5173/src/main.js?t=1787452606556:33
[ 1985378ms] [LOG] [Analytics] error {errorType: unhandled_rejection, message: Assignment to constant variable.} @ http://localhost:5173/src/lib/analytics.js:36
[ 1985380ms] TypeError: Assignment to constant variable.
    at navigate (http://localhost:5173/src/lib/router.js?t=1787452606556:185:16)
    at http://localhost:5173/src/main.js?t=1787452606556:175:5
[ 1986335ms] [ERROR] [ModalSystem] mount failed TypeError: Class constructor SortableElement cannot be invoked without 'new'
    at http://localhost:5173/components/modals/RetargetOptInModal.jsx?t=1787452606556:26:22 @ http://localhost:5173/src/main.js?t=1787452606556:329
[ 1986341ms] [ERROR] [popcorn-init] FAILED at: plugin-image TypeError: Class constructor SortableElement cannot be invoked without 'new'
    at http://localhost:5173/components/modals/RetargetOptInModal.jsx?t=1787452606556:26:22 @ http://localhost:5173/src/lib/popcornInit.js?t=1787452606556:55
[ 1986392ms] [ERROR] [popcorn-init] FAILED at: plugin-jsonTransition TypeError: Class constructor SortableElement cannot be invoked without 'new'
    at http://localhost:5173/components/modals/RetargetOptInModal.jsx?t=1787452606556:26:22 @ http://localhost:5173/src/lib/popcornInit.js?t=1787452606556:55
[ 1986472ms] [WARNING] Clerk: Clerk has been loaded with development keys. Development instances have strict usage limits and should not be used when deploying your application to production. Learn more: https://clerk.com/docs/deployments/overview @ https://clerk.smartvid.app/npm/@clerk/clerk-js@6/dist/clerk.browser.js:11
[ 1986530ms] [ERROR] [popcorn-init] FAILED at: plugin-lottie-json TypeError: Class constructor SortableElement cannot be invoked without 'new'
    at http://localhost:5173/components/modals/RetargetOptInModal.jsx?t=1787452606556:26:22 @ http://localhost:5173/src/lib/popcornInit.js?t=1787452606556:55
[ 1986620ms] [LOG] [popcorn-init] OK: plugin-json-button @ http://localhost:5173/src/lib/popcornInit.js?t=1787452606556:48
[ 1986625ms] [ERROR] Failed to load resource: the server responded with a status of 400 () @ https://clerk.smartvid.app/v1/environment?__clerk_api_version=2026-05-12&_clerk_js_version=6.29.2&_method=PATCH:0
[ 1986627ms] [ERROR] [popcorn-init] FAILED at: plugin-personalizedImage TypeError: Class constructor SortableElement cannot be invoked without 'new'
    at http://localhost:5173/components/modals/RetargetOptInModal.jsx?t=1787452606556:26:22 @ http://localhost:5173/src/lib/popcornInit.js?t=1787452606556:55
[ 1986634ms] [ERROR] [popcorn-init] FAILED at: plugin-loopPlugin TypeError: Class constructor SortableElement cannot be invoked without 'new'
    at http://localhost:5173/components/modals/RetargetOptInModal.jsx?t=1787452606556:26:22 @ http://localhost:5173/src/lib/popcornInit.js?t=1787452606556:55
[ 1986641ms] [ERROR] [popcorn-init] FAILED at: plugin-pausePlugin TypeError: Class constructor SortableElement cannot be invoked without 'new'
    at http://localhost:5173/components/modals/RetargetOptInModal.jsx?t=1787452606556:26:22 @ http://localhost:5173/src/lib/popcornInit.js?t=1787452606556:55
[ 1986698ms] [ERROR] [popcorn-init] FAILED at: plugin-form TypeError: Class constructor SortableElement cannot be invoked without 'new'
    at http://localhost:5173/components/modals/RetargetOptInModal.jsx?t=1787452606556:26:22 @ http://localhost:5173/src/lib/popcornInit.js?t=1787452606556:55
[ 1986717ms] [ERROR] [popcorn-init] FAILED at: plugin-retarget TypeError: Class constructor SortableElement cannot be invoked without 'new'
    at http://localhost:5173/components/modals/RetargetOptInModal.jsx?t=1787452606556:26:22 @ http://localhost:5173/src/lib/popcornInit.js?t=1787452606556:55
[ 1986722ms] [LOG] [popcorn-init] OK: plugin-popup @ http://localhost:5173/src/lib/popcornInit.js?t=1787452606556:48
[ 1986729ms] [ERROR] [popcorn-init] FAILED at: plugin-sequencer TypeError: Class constructor SortableElement cannot be invoked without 'new'
    at http://localhost:5173/components/modals/RetargetOptInModal.jsx?t=1787452606556:26:22 @ http://localhost:5173/src/lib/popcornInit.js?t=1787452606556:55
[ 1986735ms] [ERROR] [popcorn-init] FAILED at: plugin-skip TypeError: Class constructor SortableElement cannot be invoked without 'new'
    at http://localhost:5173/components/modals/RetargetOptInModal.jsx?t=1787452606556:26:22 @ http://localhost:5173/src/lib/popcornInit.js?t=1787452606556:55
[ 1986802ms] [ERROR] [popcorn-init] FAILED at: plugin-text TypeError: Class constructor SortableElement cannot be invoked without 'new'
    at http://localhost:5173/components/modals/RetargetOptInModal.jsx?t=1787452606556:26:22 @ http://localhost:5173/src/lib/popcornInit.js?t=1787452606556:55
[ 1986811ms] [LOG] [popcorn-init] OK: plugin-social @ http://localhost:5173/src/lib/popcornInit.js?t=1787452606556:48
[ 1986817ms] [ERROR] [popcorn-init] FAILED at: plugin-jsonAnimation TypeError: Class constructor SortableElement cannot be invoked without 'new'
    at http://localhost:5173/components/modals/RetargetOptInModal.jsx?t=1787452606556:26:22 @ http://localhost:5173/src/lib/popcornInit.js?t=1787452606556:55
[ 1986831ms] [LOG] [popcorn-init] OK: plugin-videoTransition @ http://localhost:5173/src/lib/popcornInit.js?t=1787452606556:48
[ 1986837ms] [ERROR] [popcorn-init] FAILED at: plugin-seethroughtext TypeError: Class constructor SortableElement cannot be invoked without 'new'
    at http://localhost:5173/components/modals/RetargetOptInModal.jsx?t=1787452606556:26:22 @ http://localhost:5173/src/lib/popcornInit.js?t=1787452606556:55
[ 1986841ms] [LOG] [popcorn-init] OK: plugin-wikipedia @ http://localhost:5173/src/lib/popcornInit.js?t=1787452606556:48
[ 1986848ms] [ERROR] [popcorn-init] FAILED at: plugin-combined TypeError: Class constructor SortableElement cannot be invoked without 'new'
    at http://localhost:5173/components/modals/RetargetOptInModal.jsx?t=1787452606556:26:22 @ http://localhost:5173/src/lib/popcornInit.js?t=1787452606556:55
[ 1986853ms] [ERROR] [popcorn-init] FAILED at: plugin-background TypeError: Class constructor SortableElement cannot be invoked without 'new'
    at http://localhost:5173/components/modals/RetargetOptInModal.jsx?t=1787452606556:26:22 @ http://localhost:5173/src/lib/popcornInit.js?t=1787452606556:55
[ 1986853ms] [LOG] [popcorn-init] SUMMARY: 5/20 plugins registered; FAILED: plugin-image, plugin-jsonTransition, plugin-lottie-json, plugin-personalizedImage, plugin-loopPlugin, plugin-pausePlugin, plugin-form, plugin-retarget, plugin-sequencer, plugin-skip, plugin-text, plugin-jsonAnimation, plugin-seethroughtext, plugin-combined, plugin-background @ http://localhost:5173/src/lib/popcornInit.js?t=1787452606556:60
[ 1986853ms] [LOG] [popcorn] function 5 @ http://localhost:5173/src/main.js?t=1787452606556:4
[ 2010036ms] [LOG] [App] Starting initialization... @ http://localhost:5173/src/main.js?t=1787452629829:19
[ 2010066ms] [LOG] [popcorn-init] OK: jquery @ http://localhost:5173/src/lib/popcornInit.js?t=1787452629829:41
[ 2010068ms] [LOG] [popcorn-init] OK: jquery-textfill @ http://localhost:5173/src/lib/popcornInit.js?t=1787452629829:48
[ 2010070ms] [LOG] [popcorn-init] OK: popcorn-core @ http://localhost:5173/src/lib/popcornInit.js?t=1787452629829:48
[ 2010071ms] [LOG] [popcorn-init] OK: popcorn-ie8 @ http://localhost:5173/src/lib/popcornInit.js?t=1787452629829:48
[ 2010072ms] [LOG] [popcorn-init] OK: wrapper-common @ http://localhost:5173/src/lib/popcornInit.js?t=1787452629829:48
[ 2010074ms] [LOG] [popcorn-init] OK: wrapper-html5 @ http://localhost:5173/src/lib/popcornInit.js?t=1787452629829:48
[ 2010075ms] [LOG] [popcorn-init] OK: wrapper-vrview @ http://localhost:5173/src/lib/popcornInit.js?t=1787452629829:48
[ 2010076ms] [LOG] [popcorn-init] OK: wrapper-adaptive @ http://localhost:5173/src/lib/popcornInit.js?t=1787452629829:48
[ 2010076ms] [LOG] [popcorn-init] OK: wrapper-null @ http://localhost:5173/src/lib/popcornInit.js?t=1787452629829:48
[ 2010077ms] [LOG] [popcorn-init] OK: wrapper-soundcloud @ http://localhost:5173/src/lib/popcornInit.js?t=1787452629829:48
[ 2010078ms] [LOG] [popcorn-init] OK: wrapper-vimeo @ http://localhost:5173/src/lib/popcornInit.js?t=1787452629829:48
[ 2010078ms] [LOG] [popcorn-init] OK: wrapper-youtube @ http://localhost:5173/src/lib/popcornInit.js?t=1787452629829:48
[ 2010079ms] [LOG] [popcorn-init] OK: wrapper-jwplayer @ http://localhost:5173/src/lib/popcornInit.js?t=1787452629829:48
[ 2010079ms] [LOG] [popcorn-init] OK: player-module @ http://localhost:5173/src/lib/popcornInit.js?t=1787452629829:48
[ 2010479ms] [INFO] %cDownload the React DevTools for a better development experience: https://react.dev/link/react-devtools font-weight:bold @ http://localhost:5173/node_modules/.vite/deps/chunk-EEAUBQDT.js?v=93c1ec86:20096
[ 2010484ms] [LOG] [App] Initialized in 447.60ms @ http://localhost:5173/src/main.js?t=1787452629829:164
[ 2010484ms] [LOG] [App] Navigating to initial page: video @ http://localhost:5173/src/main.js?t=1787452629829:165
[ 2010485ms] [INFO] [App] Dev auth bypass active — skipping setup popup. @ http://localhost:5173/src/main.js?t=1787452629829:176
[ 2010508ms] [ERROR] [2026-08-23T02:37:14.410Z] [ERROR] Unhandled promise rejection | {"reason":"Assignment to constant variable."} @ http://localhost:5173/src/lib/logger.js:84
[ 2010508ms] [ERROR] TypeError: Assignment to constant variable.
    at navigate (http://localhost:5173/src/lib/router.js?t=1787452629829:185:16)
    at http://localhost:5173/src/main.js?t=1787452629829:175:5 @ http://localhost:5173/src/lib/logger.js:85
[ 2010510ms] [ERROR] [Unhandled Promise Rejection] TypeError: Assignment to constant variable.
    at navigate (http://localhost:5173/src/lib/router.js?t=1787452629829:185:16)
    at http://localhost:5173/src/main.js?t=1787452629829:175:5 @ http://localhost:5173/src/main.js?t=1787452629829:33
[ 2010510ms] [LOG] [Analytics] error {errorType: unhandled_rejection, message: Assignment to constant variable.} @ http://localhost:5173/src/lib/analytics.js:36
[ 2010526ms] TypeError: Assignment to constant variable.
    at navigate (http://localhost:5173/src/lib/router.js?t=1787452629829:185:16)
    at http://localhost:5173/src/main.js?t=1787452629829:175:5
[ 2011082ms] [ERROR] [ModalSystem] mount failed TypeError: Class constructor SortableElement cannot be invoked without 'new'
    at http://localhost:5173/components/modals/RetargetOptInModal.jsx?t=1787452629829:26:22 @ http://localhost:5173/src/main.js?t=1787452629829:329
[ 2011084ms] [ERROR] [popcorn-init] FAILED at: plugin-image TypeError: Class constructor SortableElement cannot be invoked without 'new'
    at http://localhost:5173/components/modals/RetargetOptInModal.jsx?t=1787452629829:26:22 @ http://localhost:5173/src/lib/popcornInit.js?t=1787452629829:55
[ 2011106ms] [ERROR] [popcorn-init] FAILED at: plugin-jsonTransition TypeError: Class constructor SortableElement cannot be invoked without 'new'
    at http://localhost:5173/components/modals/RetargetOptInModal.jsx?t=1787452629829:26:22 @ http://localhost:5173/src/lib/popcornInit.js?t=1787452629829:55
[ 2011116ms] [ERROR] [popcorn-init] FAILED at: plugin-lottie-json TypeError: Class constructor SortableElement cannot be invoked without 'new'
    at http://localhost:5173/components/modals/RetargetOptInModal.jsx?t=1787452629829:26:22 @ http://localhost:5173/src/lib/popcornInit.js?t=1787452629829:55
[ 2011123ms] [LOG] [popcorn-init] OK: plugin-json-button @ http://localhost:5173/src/lib/popcornInit.js?t=1787452629829:48
[ 2011132ms] [ERROR] [popcorn-init] FAILED at: plugin-personalizedImage TypeError: Class constructor SortableElement cannot be invoked without 'new'
    at http://localhost:5173/components/modals/RetargetOptInModal.jsx?t=1787452629829:26:22 @ http://localhost:5173/src/lib/popcornInit.js?t=1787452629829:55
[ 2011138ms] [ERROR] [popcorn-init] FAILED at: plugin-loopPlugin TypeError: Class constructor SortableElement cannot be invoked without 'new'
    at http://localhost:5173/components/modals/RetargetOptInModal.jsx?t=1787452629829:26:22 @ http://localhost:5173/src/lib/popcornInit.js?t=1787452629829:55
[ 2011145ms] [ERROR] [popcorn-init] FAILED at: plugin-pausePlugin TypeError: Class constructor SortableElement cannot be invoked without 'new'
    at http://localhost:5173/components/modals/RetargetOptInModal.jsx?t=1787452629829:26:22 @ http://localhost:5173/src/lib/popcornInit.js?t=1787452629829:55
[ 2011168ms] [ERROR] [popcorn-init] FAILED at: plugin-form TypeError: Class constructor SortableElement cannot be invoked without 'new'
    at http://localhost:5173/components/modals/RetargetOptInModal.jsx?t=1787452629829:26:22 @ http://localhost:5173/src/lib/popcornInit.js?t=1787452629829:55
[ 2011188ms] [ERROR] [popcorn-init] FAILED at: plugin-retarget TypeError: Class constructor SortableElement cannot be invoked without 'new'
    at http://localhost:5173/components/modals/RetargetOptInModal.jsx?t=1787452629829:26:22 @ http://localhost:5173/src/lib/popcornInit.js?t=1787452629829:55
[ 2011197ms] [LOG] [popcorn-init] OK: plugin-popup @ http://localhost:5173/src/lib/popcornInit.js?t=1787452629829:48
[ 2011204ms] [ERROR] [popcorn-init] FAILED at: plugin-sequencer TypeError: Class constructor SortableElement cannot be invoked without 'new'
    at http://localhost:5173/components/modals/RetargetOptInModal.jsx?t=1787452629829:26:22 @ http://localhost:5173/src/lib/popcornInit.js?t=1787452629829:55
[ 2011209ms] [WARNING] Clerk: Clerk has been loaded with development keys. Development instances have strict usage limits and should not be used when deploying your application to production. Learn more: https://clerk.com/docs/deployments/overview @ https://clerk.smartvid.app/npm/@clerk/clerk-js@6/dist/clerk.browser.js:11
[ 2011219ms] [ERROR] [popcorn-init] FAILED at: plugin-skip TypeError: Class constructor SortableElement cannot be invoked without 'new'
    at http://localhost:5173/components/modals/RetargetOptInModal.jsx?t=1787452629829:26:22 @ http://localhost:5173/src/lib/popcornInit.js?t=1787452629829:55
[ 2011260ms] [ERROR] [popcorn-init] FAILED at: plugin-text TypeError: Class constructor SortableElement cannot be invoked without 'new'
    at http://localhost:5173/components/modals/RetargetOptInModal.jsx?t=1787452629829:26:22 @ http://localhost:5173/src/lib/popcornInit.js?t=1787452629829:55
[ 2011268ms] [LOG] [popcorn-init] OK: plugin-social @ http://localhost:5173/src/lib/popcornInit.js?t=1787452629829:48
[ 2011276ms] [ERROR] [popcorn-init] FAILED at: plugin-jsonAnimation TypeError: Class constructor SortableElement cannot be invoked without 'new'
    at http://localhost:5173/components/modals/RetargetOptInModal.jsx?t=1787452629829:26:22 @ http://localhost:5173/src/lib/popcornInit.js?t=1787452629829:55
[ 2011286ms] [LOG] [popcorn-init] OK: plugin-videoTransition @ http://localhost:5173/src/lib/popcornInit.js?t=1787452629829:48
[ 2011294ms] [ERROR] [popcorn-init] FAILED at: plugin-seethroughtext TypeError: Class constructor SortableElement cannot be invoked without 'new'
    at http://localhost:5173/components/modals/RetargetOptInModal.jsx?t=1787452629829:26:22 @ http://localhost:5173/src/lib/popcornInit.js?t=1787452629829:55
[ 2011297ms] [LOG] [popcorn-init] OK: plugin-wikipedia @ http://localhost:5173/src/lib/popcornInit.js?t=1787452629829:48
[ 2011304ms] [ERROR] [popcorn-init] FAILED at: plugin-combined TypeError: Class constructor SortableElement cannot be invoked without 'new'
    at http://localhost:5173/components/modals/RetargetOptInModal.jsx?t=1787452629829:26:22 @ http://localhost:5173/src/lib/popcornInit.js?t=1787452629829:55
[ 2011306ms] [ERROR] Failed to load resource: the server responded with a status of 400 () @ https://clerk.smartvid.app/v1/environment?__clerk_api_version=2026-05-12&_clerk_js_version=6.29.2&_method=PATCH:0
[ 2011312ms] [ERROR] [popcorn-init] FAILED at: plugin-background TypeError: Class constructor SortableElement cannot be invoked without 'new'
    at http://localhost:5173/components/modals/RetargetOptInModal.jsx?t=1787452629829:26:22 @ http://localhost:5173/src/lib/popcornInit.js?t=1787452629829:55
[ 2011312ms] [LOG] [popcorn-init] SUMMARY: 5/20 plugins registered; FAILED: plugin-image, plugin-jsonTransition, plugin-lottie-json, plugin-personalizedImage, plugin-loopPlugin, plugin-pausePlugin, plugin-form, plugin-retarget, plugin-sequencer, plugin-skip, plugin-text, plugin-jsonAnimation, plugin-seethroughtext, plugin-combined, plugin-background @ http://localhost:5173/src/lib/popcornInit.js?t=1787452629829:60
[ 2011313ms] [LOG] [popcorn] function 5 @ http://localhost:5173/src/main.js?t=1787452629829:4
[ 2013856ms] [LOG] [App] Starting initialization... @ http://localhost:5173/src/main.js?t=1787452635424:19
[ 2013874ms] [LOG] [popcorn-init] OK: jquery @ http://localhost:5173/src/lib/popcornInit.js?t=1787452635424:41
[ 2013875ms] [LOG] [popcorn-init] OK: jquery-textfill @ http://localhost:5173/src/lib/popcornInit.js?t=1787452635424:48
[ 2013876ms] [LOG] [popcorn-init] OK: popcorn-core @ http://localhost:5173/src/lib/popcornInit.js?t=1787452635424:48
[ 2013876ms] [LOG] [popcorn-init] OK: popcorn-ie8 @ http://localhost:5173/src/lib/popcornInit.js?t=1787452635424:48
[ 2013877ms] [LOG] [popcorn-init] OK: wrapper-common @ http://localhost:5173/src/lib/popcornInit.js?t=1787452635424:48
[ 2013878ms] [LOG] [popcorn-init] OK: wrapper-html5 @ http://localhost:5173/src/lib/popcornInit.js?t=1787452635424:48
[ 2013878ms] [LOG] [popcorn-init] OK: wrapper-vrview @ http://localhost:5173/src/lib/popcornInit.js?t=1787452635424:48
[ 2013879ms] [LOG] [popcorn-init] OK: wrapper-adaptive @ http://localhost:5173/src/lib/popcornInit.js?t=1787452635424:48
[ 2013879ms] [LOG] [popcorn-init] OK: wrapper-null @ http://localhost:5173/src/lib/popcornInit.js?t=1787452635424:48
[ 2013880ms] [LOG] [popcorn-init] OK: wrapper-soundcloud @ http://localhost:5173/src/lib/popcornInit.js?t=1787452635424:48
[ 2013880ms] [LOG] [popcorn-init] OK: wrapper-vimeo @ http://localhost:5173/src/lib/popcornInit.js?t=1787452635424:48
[ 2013881ms] [LOG] [popcorn-init] OK: wrapper-youtube @ http://localhost:5173/src/lib/popcornInit.js?t=1787452635424:48
[ 2013881ms] [LOG] [popcorn-init] OK: wrapper-jwplayer @ http://localhost:5173/src/lib/popcornInit.js?t=1787452635424:48
[ 2013882ms] [LOG] [popcorn-init] OK: player-module @ http://localhost:5173/src/lib/popcornInit.js?t=1787452635424:48
[ 2014319ms] [INFO] %cDownload the React DevTools for a better development experience: https://react.dev/link/react-devtools font-weight:bold @ http://localhost:5173/node_modules/.vite/deps/chunk-EEAUBQDT.js?v=93c1ec86:20096
[ 2014325ms] [LOG] [App] Initialized in 467.90ms @ http://localhost:5173/src/main.js?t=1787452635424:164
[ 2014325ms] [LOG] [App] Navigating to initial page: video @ http://localhost:5173/src/main.js?t=1787452635424:165
[ 2014325ms] [INFO] [App] Dev auth bypass active — skipping setup popup. @ http://localhost:5173/src/main.js?t=1787452635424:176
[ 2014331ms] [ERROR] [2026-08-23T02:37:18.232Z] [ERROR] Unhandled promise rejection | {"reason":"Assignment to constant variable."} @ http://localhost:5173/src/lib/logger.js:84
[ 2014331ms] [ERROR] TypeError: Assignment to constant variable.
    at navigate (http://localhost:5173/src/lib/router.js?t=1787452635424:185:16)
    at http://localhost:5173/src/main.js?t=1787452635424:175:5 @ http://localhost:5173/src/lib/logger.js:85
[ 2014331ms] [ERROR] [Unhandled Promise Rejection] TypeError: Assignment to constant variable.
    at navigate (http://localhost:5173/src/lib/router.js?t=1787452635424:185:16)
    at http://localhost:5173/src/main.js?t=1787452635424:175:5 @ http://localhost:5173/src/main.js?t=1787452635424:33
[ 2014332ms] [LOG] [Analytics] error {errorType: unhandled_rejection, message: Assignment to constant variable.} @ http://localhost:5173/src/lib/analytics.js:36
[ 2014421ms] TypeError: Assignment to constant variable.
    at navigate (http://localhost:5173/src/lib/router.js?t=1787452635424:185:16)
    at http://localhost:5173/src/main.js?t=1787452635424:175:5
[ 2015773ms] [ERROR] [ModalSystem] mount failed TypeError: Class constructor SortableElement cannot be invoked without 'new'
    at http://localhost:5173/components/modals/RetargetOptInModal.jsx?t=1787452635424:26:22 @ http://localhost:5173/src/main.js?t=1787452635424:329
[ 2015776ms] [ERROR] [popcorn-init] FAILED at: plugin-image TypeError: Class constructor SortableElement cannot be invoked without 'new'
    at http://localhost:5173/components/modals/RetargetOptInModal.jsx?t=1787452635424:26:22 @ http://localhost:5173/src/lib/popcornInit.js?t=1787452635424:55
[ 2015817ms] [ERROR] [popcorn-init] FAILED at: plugin-jsonTransition TypeError: Class constructor SortableElement cannot be invoked without 'new'
    at http://localhost:5173/components/modals/RetargetOptInModal.jsx?t=1787452635424:26:22 @ http://localhost:5173/src/lib/popcornInit.js?t=1787452635424:55
[ 2015831ms] [WARNING] Clerk: Clerk has been loaded with development keys. Development instances have strict usage limits and should not be used when deploying your application to production. Learn more: https://clerk.com/docs/deployments/overview @ https://clerk.smartvid.app/npm/@clerk/clerk-js@6/dist/clerk.browser.js:11
[ 2015848ms] [ERROR] [popcorn-init] FAILED at: plugin-lottie-json TypeError: Class constructor SortableElement cannot be invoked without 'new'
    at http://localhost:5173/components/modals/RetargetOptInModal.jsx?t=1787452635424:26:22 @ http://localhost:5173/src/lib/popcornInit.js?t=1787452635424:55
[ 2015857ms] [LOG] [popcorn-init] OK: plugin-json-button @ http://localhost:5173/src/lib/popcornInit.js?t=1787452635424:48
[ 2015868ms] [ERROR] [popcorn-init] FAILED at: plugin-personalizedImage TypeError: Class constructor SortableElement cannot be invoked without 'new'
    at http://localhost:5173/components/modals/RetargetOptInModal.jsx?t=1787452635424:26:22 @ http://localhost:5173/src/lib/popcornInit.js?t=1787452635424:55
[ 2015878ms] [ERROR] [popcorn-init] FAILED at: plugin-loopPlugin TypeError: Class constructor SortableElement cannot be invoked without 'new'
    at http://localhost:5173/components/modals/RetargetOptInModal.jsx?t=1787452635424:26:22 @ http://localhost:5173/src/lib/popcornInit.js?t=1787452635424:55
[ 2015887ms] [ERROR] [popcorn-init] FAILED at: plugin-pausePlugin TypeError: Class constructor SortableElement cannot be invoked without 'new'
    at http://localhost:5173/components/modals/RetargetOptInModal.jsx?t=1787452635424:26:22 @ http://localhost:5173/src/lib/popcornInit.js?t=1787452635424:55
[ 2015903ms] [ERROR] [popcorn-init] FAILED at: plugin-form TypeError: Class constructor SortableElement cannot be invoked without 'new'
    at http://localhost:5173/components/modals/RetargetOptInModal.jsx?t=1787452635424:26:22 @ http://localhost:5173/src/lib/popcornInit.js?t=1787452635424:55
[ 2015919ms] [ERROR] [popcorn-init] FAILED at: plugin-retarget TypeError: Class constructor SortableElement cannot be invoked without 'new'
    at http://localhost:5173/components/modals/RetargetOptInModal.jsx?t=1787452635424:26:22 @ http://localhost:5173/src/lib/popcornInit.js?t=1787452635424:55
[ 2015920ms] [ERROR] Failed to load resource: the server responded with a status of 400 () @ https://clerk.smartvid.app/v1/environment?__clerk_api_version=2026-05-12&_clerk_js_version=6.29.2&_method=PATCH:0
[ 2015935ms] [LOG] [popcorn-init] OK: plugin-popup @ http://localhost:5173/src/lib/popcornInit.js?t=1787452635424:48
[ 2015968ms] [ERROR] [popcorn-init] FAILED at: plugin-sequencer TypeError: Class constructor SortableElement cannot be invoked without 'new'
    at http://localhost:5173/components/modals/RetargetOptInModal.jsx?t=1787452635424:26:22 @ http://localhost:5173/src/lib/popcornInit.js?t=1787452635424:55
[ 2015983ms] [ERROR] [popcorn-init] FAILED at: plugin-skip TypeError: Class constructor SortableElement cannot be invoked without 'new'
    at http://localhost:5173/components/modals/RetargetOptInModal.jsx?t=1787452635424:26:22 @ http://localhost:5173/src/lib/popcornInit.js?t=1787452635424:55
[ 2016013ms] [ERROR] [popcorn-init] FAILED at: plugin-text TypeError: Class constructor SortableElement cannot be invoked without 'new'
    at http://localhost:5173/components/modals/RetargetOptInModal.jsx?t=1787452635424:26:22 @ http://localhost:5173/src/lib/popcornInit.js?t=1787452635424:55
[ 2016021ms] [LOG] [popcorn-init] OK: plugin-social @ http://localhost:5173/src/lib/popcornInit.js?t=1787452635424:48
[ 2016056ms] [ERROR] [popcorn-init] FAILED at: plugin-jsonAnimation TypeError: Class constructor SortableElement cannot be invoked without 'new'
    at http://localhost:5173/components/modals/RetargetOptInModal.jsx?t=1787452635424:26:22 @ http://localhost:5173/src/lib/popcornInit.js?t=1787452635424:55
[ 2016129ms] [LOG] [popcorn-init] OK: plugin-videoTransition @ http://localhost:5173/src/lib/popcornInit.js?t=1787452635424:48
[ 2016146ms] [ERROR] [popcorn-init] FAILED at: plugin-seethroughtext TypeError: Class constructor SortableElement cannot be invoked without 'new'
    at http://localhost:5173/components/modals/RetargetOptInModal.jsx?t=1787452635424:26:22 @ http://localhost:5173/src/lib/popcornInit.js?t=1787452635424:55
[ 2016151ms] [LOG] [popcorn-init] OK: plugin-wikipedia @ http://localhost:5173/src/lib/popcornInit.js?t=1787452635424:48
[ 2016157ms] [ERROR] [popcorn-init] FAILED at: plugin-combined TypeError: Class constructor SortableElement cannot be invoked without 'new'
    at http://localhost:5173/components/modals/RetargetOptInModal.jsx?t=1787452635424:26:22 @ http://localhost:5173/src/lib/popcornInit.js?t=1787452635424:55
[ 2016164ms] [ERROR] [popcorn-init] FAILED at: plugin-background TypeError: Class constructor SortableElement cannot be invoked without 'new'
    at http://localhost:5173/components/modals/RetargetOptInModal.jsx?t=1787452635424:26:22 @ http://localhost:5173/src/lib/popcornInit.js?t=1787452635424:55
[ 2016164ms] [LOG] [popcorn-init] SUMMARY: 5/20 plugins registered; FAILED: plugin-image, plugin-jsonTransition, plugin-lottie-json, plugin-personalizedImage, plugin-loopPlugin, plugin-pausePlugin, plugin-form, plugin-retarget, plugin-sequencer, plugin-skip, plugin-text, plugin-jsonAnimation, plugin-seethroughtext, plugin-combined, plugin-background @ http://localhost:5173/src/lib/popcornInit.js?t=1787452635424:60
[ 2016164ms] [LOG] [popcorn] function 5 @ http://localhost:5173/src/main.js?t=1787452635424:4
[ 2022821ms] [LOG] [App] Starting initialization... @ http://localhost:5173/src/main.js?t=1787452645033:19
[ 2022842ms] [LOG] [popcorn-init] OK: jquery @ http://localhost:5173/src/lib/popcornInit.js?t=1787452645033:41
[ 2022843ms] [LOG] [popcorn-init] OK: jquery-textfill @ http://localhost:5173/src/lib/popcornInit.js?t=1787452645033:48
[ 2022844ms] [LOG] [popcorn-init] OK: popcorn-core @ http://localhost:5173/src/lib/popcornInit.js?t=1787452645033:48
[ 2022845ms] [LOG] [popcorn-init] OK: popcorn-ie8 @ http://localhost:5173/src/lib/popcornInit.js?t=1787452645033:48
[ 2022845ms] [LOG] [popcorn-init] OK: wrapper-common @ http://localhost:5173/src/lib/popcornInit.js?t=1787452645033:48
[ 2022846ms] [LOG] [popcorn-init] OK: wrapper-html5 @ http://localhost:5173/src/lib/popcornInit.js?t=1787452645033:48
[ 2022846ms] [LOG] [popcorn-init] OK: wrapper-vrview @ http://localhost:5173/src/lib/popcornInit.js?t=1787452645033:48
[ 2022847ms] [LOG] [popcorn-init] OK: wrapper-adaptive @ http://localhost:5173/src/lib/popcornInit.js?t=1787452645033:48
[ 2022847ms] [LOG] [popcorn-init] OK: wrapper-null @ http://localhost:5173/src/lib/popcornInit.js?t=1787452645033:48
[ 2022848ms] [LOG] [popcorn-init] OK: wrapper-soundcloud @ http://localhost:5173/src/lib/popcornInit.js?t=1787452645033:48
[ 2022848ms] [LOG] [popcorn-init] OK: wrapper-vimeo @ http://localhost:5173/src/lib/popcornInit.js?t=1787452645033:48
[ 2022849ms] [LOG] [popcorn-init] OK: wrapper-youtube @ http://localhost:5173/src/lib/popcornInit.js?t=1787452645033:48
[ 2022850ms] [LOG] [popcorn-init] OK: wrapper-jwplayer @ http://localhost:5173/src/lib/popcornInit.js?t=1787452645033:48
[ 2022850ms] [LOG] [popcorn-init] OK: player-module @ http://localhost:5173/src/lib/popcornInit.js?t=1787452645033:48
[ 2023658ms] [INFO] %cDownload the React DevTools for a better development experience: https://react.dev/link/react-devtools font-weight:bold @ http://localhost:5173/node_modules/.vite/deps/chunk-EEAUBQDT.js?v=93c1ec86:20096
[ 2023661ms] [LOG] [App] Initialized in 840.10ms @ http://localhost:5173/src/main.js?t=1787452645033:164
[ 2023661ms] [LOG] [App] Navigating to initial page: video @ http://localhost:5173/src/main.js?t=1787452645033:165
[ 2023662ms] [INFO] [App] Dev auth bypass active — skipping setup popup. @ http://localhost:5173/src/main.js?t=1787452645033:176
[ 2023665ms] [ERROR] [2026-08-23T02:37:27.566Z] [ERROR] Unhandled promise rejection | {"reason":"Assignment to constant variable."} @ http://localhost:5173/src/lib/logger.js:84
[ 2023665ms] [ERROR] TypeError: Assignment to constant variable.
    at navigate (http://localhost:5173/src/lib/router.js?t=1787452645033:185:16)
    at http://localhost:5173/src/main.js?t=1787452645033:175:5 @ http://localhost:5173/src/lib/logger.js:85
[ 2023665ms] [ERROR] [Unhandled Promise Rejection] TypeError: Assignment to constant variable.
    at navigate (http://localhost:5173/src/lib/router.js?t=1787452645033:185:16)
    at http://localhost:5173/src/main.js?t=1787452645033:175:5 @ http://localhost:5173/src/main.js?t=1787452645033:33
[ 2023666ms] [LOG] [Analytics] error {errorType: unhandled_rejection, message: Assignment to constant variable.} @ http://localhost:5173/src/lib/analytics.js:36
[ 2023666ms] TypeError: Assignment to constant variable.
    at navigate (http://localhost:5173/src/lib/router.js?t=1787452645033:185:16)
    at http://localhost:5173/src/main.js?t=1787452645033:175:5
[ 2024265ms] [WARNING] Clerk: Clerk has been loaded with development keys. Development instances have strict usage limits and should not be used when deploying your application to production. Learn more: https://clerk.com/docs/deployments/overview @ https://clerk.smartvid.app/npm/@clerk/clerk-js@6/dist/clerk.browser.js:11
[ 2024697ms] [ERROR] [popcorn-init] FAILED at: plugin-image TypeError: Class constructor SortableElement cannot be invoked without 'new'
    at http://localhost:5173/components/modals/RetargetOptInModal.jsx?t=1787452645033:26:22 @ http://localhost:5173/src/lib/popcornInit.js?t=1787452645033:55
[ 2024697ms] [ERROR] [ModalSystem] mount failed TypeError: Class constructor SortableElement cannot be invoked without 'new'
    at http://localhost:5173/components/modals/RetargetOptInModal.jsx?t=1787452645033:26:22 @ http://localhost:5173/src/main.js?t=1787452645033:329
[ 2024726ms] [ERROR] Failed to load resource: the server responded with a status of 400 () @ https://clerk.smartvid.app/v1/environment?__clerk_api_version=2026-05-12&_clerk_js_version=6.29.2&_method=PATCH:0
[ 2024769ms] [ERROR] [popcorn-init] FAILED at: plugin-jsonTransition TypeError: Class constructor SortableElement cannot be invoked without 'new'
    at http://localhost:5173/components/modals/RetargetOptInModal.jsx?t=1787452645033:26:22 @ http://localhost:5173/src/lib/popcornInit.js?t=1787452645033:55
[ 2024814ms] [ERROR] [popcorn-init] FAILED at: plugin-lottie-json TypeError: Class constructor SortableElement cannot be invoked without 'new'
    at http://localhost:5173/components/modals/RetargetOptInModal.jsx?t=1787452645033:26:22 @ http://localhost:5173/src/lib/popcornInit.js?t=1787452645033:55
[ 2024833ms] [LOG] [popcorn-init] OK: plugin-json-button @ http://localhost:5173/src/lib/popcornInit.js?t=1787452645033:48
[ 2024848ms] [ERROR] [popcorn-init] FAILED at: plugin-personalizedImage TypeError: Class constructor SortableElement cannot be invoked without 'new'
    at http://localhost:5173/components/modals/RetargetOptInModal.jsx?t=1787452645033:26:22 @ http://localhost:5173/src/lib/popcornInit.js?t=1787452645033:55
[ 2024868ms] [ERROR] [popcorn-init] FAILED at: plugin-loopPlugin TypeError: Class constructor SortableElement cannot be invoked without 'new'
    at http://localhost:5173/components/modals/RetargetOptInModal.jsx?t=1787452645033:26:22 @ http://localhost:5173/src/lib/popcornInit.js?t=1787452645033:55
[ 2024886ms] [ERROR] [popcorn-init] FAILED at: plugin-pausePlugin TypeError: Class constructor SortableElement cannot be invoked without 'new'
    at http://localhost:5173/components/modals/RetargetOptInModal.jsx?t=1787452645033:26:22 @ http://localhost:5173/src/lib/popcornInit.js?t=1787452645033:55
[ 2024922ms] [ERROR] [popcorn-init] FAILED at: plugin-form TypeError: Class constructor SortableElement cannot be invoked without 'new'
    at http://localhost:5173/components/modals/RetargetOptInModal.jsx?t=1787452645033:26:22 @ http://localhost:5173/src/lib/popcornInit.js?t=1787452645033:55
[ 2024939ms] [ERROR] [popcorn-init] FAILED at: plugin-retarget TypeError: Class constructor SortableElement cannot be invoked without 'new'
    at http://localhost:5173/components/modals/RetargetOptInModal.jsx?t=1787452645033:26:22 @ http://localhost:5173/src/lib/popcornInit.js?t=1787452645033:55
[ 2024945ms] [LOG] [popcorn-init] OK: plugin-popup @ http://localhost:5173/src/lib/popcornInit.js?t=1787452645033:48
[ 2024952ms] [ERROR] [popcorn-init] FAILED at: plugin-sequencer TypeError: Class constructor SortableElement cannot be invoked without 'new'
    at http://localhost:5173/components/modals/RetargetOptInModal.jsx?t=1787452645033:26:22 @ http://localhost:5173/src/lib/popcornInit.js?t=1787452645033:55
[ 2024960ms] [ERROR] [popcorn-init] FAILED at: plugin-skip TypeError: Class constructor SortableElement cannot be invoked without 'new'
    at http://localhost:5173/components/modals/RetargetOptInModal.jsx?t=1787452645033:26:22 @ http://localhost:5173/src/lib/popcornInit.js?t=1787452645033:55
[ 2024988ms] [ERROR] [popcorn-init] FAILED at: plugin-text TypeError: Class constructor SortableElement cannot be invoked without 'new'
    at http://localhost:5173/components/modals/RetargetOptInModal.jsx?t=1787452645033:26:22 @ http://localhost:5173/src/lib/popcornInit.js?t=1787452645033:55
[ 2025000ms] [LOG] [popcorn-init] OK: plugin-social @ http://localhost:5173/src/lib/popcornInit.js?t=1787452645033:48
[ 2025006ms] [ERROR] [popcorn-init] FAILED at: plugin-jsonAnimation TypeError: Class constructor SortableElement cannot be invoked without 'new'
    at http://localhost:5173/components/modals/RetargetOptInModal.jsx?t=1787452645033:26:22 @ http://localhost:5173/src/lib/popcornInit.js?t=1787452645033:55
[ 2025019ms] [LOG] [popcorn-init] OK: plugin-videoTransition @ http://localhost:5173/src/lib/popcornInit.js?t=1787452645033:48
[ 2025027ms] [ERROR] [popcorn-init] FAILED at: plugin-seethroughtext TypeError: Class constructor SortableElement cannot be invoked without 'new'
    at http://localhost:5173/components/modals/RetargetOptInModal.jsx?t=1787452645033:26:22 @ http://localhost:5173/src/lib/popcornInit.js?t=1787452645033:55
[ 2025032ms] [LOG] [popcorn-init] OK: plugin-wikipedia @ http://localhost:5173/src/lib/popcornInit.js?t=1787452645033:48
[ 2025038ms] [ERROR] [popcorn-init] FAILED at: plugin-combined TypeError: Class constructor SortableElement cannot be invoked without 'new'
    at http://localhost:5173/components/modals/RetargetOptInModal.jsx?t=1787452645033:26:22 @ http://localhost:5173/src/lib/popcornInit.js?t=1787452645033:55
[ 2025045ms] [ERROR] [popcorn-init] FAILED at: plugin-background TypeError: Class constructor SortableElement cannot be invoked without 'new'
    at http://localhost:5173/components/modals/RetargetOptInModal.jsx?t=1787452645033:26:22 @ http://localhost:5173/src/lib/popcornInit.js?t=1787452645033:55
[ 2025045ms] [LOG] [popcorn-init] SUMMARY: 5/20 plugins registered; FAILED: plugin-image, plugin-jsonTransition, plugin-lottie-json, plugin-personalizedImage, plugin-loopPlugin, plugin-pausePlugin, plugin-form, plugin-retarget, plugin-sequencer, plugin-skip, plugin-text, plugin-jsonAnimation, plugin-seethroughtext, plugin-combined, plugin-background @ http://localhost:5173/src/lib/popcornInit.js?t=1787452645033:60
[ 2025045ms] [LOG] [popcorn] function 5 @ http://localhost:5173/src/main.js?t=1787452645033:4
[ 2352088ms] [LOG] [App] Starting initialization... @ http://localhost:5173/src/main.js?t=1787452972952:19
[ 2352119ms] [LOG] [popcorn-init] OK: jquery @ http://localhost:5173/src/lib/popcornInit.js?t=1787452645033:41
[ 2352120ms] [LOG] [popcorn-init] OK: jquery-textfill @ http://localhost:5173/src/lib/popcornInit.js?t=1787452645033:48
[ 2352171ms] [LOG] [popcorn-init] OK: popcorn-core @ http://localhost:5173/src/lib/popcornInit.js?t=1787452645033:48
[ 2352190ms] [LOG] [popcorn-init] OK: popcorn-ie8 @ http://localhost:5173/src/lib/popcornInit.js?t=1787452645033:48
[ 2352231ms] [LOG] [popcorn-init] OK: wrapper-common @ http://localhost:5173/src/lib/popcornInit.js?t=1787452645033:48
[ 2352269ms] [LOG] [popcorn-init] OK: wrapper-html5 @ http://localhost:5173/src/lib/popcornInit.js?t=1787452645033:48
[ 2352272ms] [LOG] [popcorn-init] OK: wrapper-vrview @ http://localhost:5173/src/lib/popcornInit.js?t=1787452645033:48
[ 2352273ms] [LOG] [popcorn-init] OK: wrapper-adaptive @ http://localhost:5173/src/lib/popcornInit.js?t=1787452645033:48
[ 2352273ms] [LOG] [popcorn-init] OK: wrapper-null @ http://localhost:5173/src/lib/popcornInit.js?t=1787452645033:48
[ 2352274ms] [LOG] [popcorn-init] OK: wrapper-soundcloud @ http://localhost:5173/src/lib/popcornInit.js?t=1787452645033:48
[ 2352274ms] [LOG] [popcorn-init] OK: wrapper-vimeo @ http://localhost:5173/src/lib/popcornInit.js?t=1787452645033:48
[ 2352274ms] [LOG] [popcorn-init] OK: wrapper-youtube @ http://localhost:5173/src/lib/popcornInit.js?t=1787452645033:48
[ 2352275ms] [LOG] [popcorn-init] OK: wrapper-jwplayer @ http://localhost:5173/src/lib/popcornInit.js?t=1787452645033:48
[ 2352275ms] [LOG] [popcorn-init] OK: player-module @ http://localhost:5173/src/lib/popcornInit.js?t=1787452645033:48
[ 2352360ms] [INFO] %cDownload the React DevTools for a better development experience: https://react.dev/link/react-devtools font-weight:bold @ http://localhost:5173/node_modules/.vite/deps/chunk-EEAUBQDT.js?v=93c1ec86:20096
[ 2352366ms] [LOG] [App] Initialized in 277.80ms @ http://localhost:5173/src/main.js?t=1787452972952:164
[ 2352366ms] [LOG] [App] Navigating to initial page: video @ http://localhost:5173/src/main.js?t=1787452972952:165
[ 2352367ms] [INFO] [App] Dev auth bypass active — skipping setup popup. @ http://localhost:5173/src/main.js?t=1787452972952:176
[ 2352514ms] [ERROR] [2026-08-23T02:42:56.416Z] [ERROR] Unhandled promise rejection | {"reason":"Assignment to constant variable."} @ http://localhost:5173/src/lib/logger.js:84
[ 2352514ms] [ERROR] TypeError: Assignment to constant variable.
    at navigate (http://localhost:5173/src/lib/router.js?t=1787452645033:185:16)
    at http://localhost:5173/src/main.js?t=1787452972952:175:5 @ http://localhost:5173/src/lib/logger.js:85
[ 2352515ms] [ERROR] [Unhandled Promise Rejection] TypeError: Assignment to constant variable.
    at navigate (http://localhost:5173/src/lib/router.js?t=1787452645033:185:16)
    at http://localhost:5173/src/main.js?t=1787452972952:175:5 @ http://localhost:5173/src/main.js?t=1787452972952:33
[ 2352515ms] [LOG] [Analytics] error {errorType: unhandled_rejection, message: Assignment to constant variable.} @ http://localhost:5173/src/lib/analytics.js:36
[ 2352667ms] TypeError: Assignment to constant variable.
    at navigate (http://localhost:5173/src/lib/router.js?t=1787452645033:185:16)
    at http://localhost:5173/src/main.js?t=1787452972952:175:5
[ 2353729ms] [ERROR] [popcorn-init] FAILED at: plugin-image TypeError: Class constructor SortableElement cannot be invoked without 'new'
    at http://localhost:5173/components/modals/RetargetOptInModal.jsx?t=1787452645033:26:22 @ http://localhost:5173/src/lib/popcornInit.js?t=1787452645033:55
[ 2353729ms] [ERROR] [ModalSystem] mount failed TypeError: Class constructor SortableElement cannot be invoked without 'new'
    at http://localhost:5173/components/modals/RetargetOptInModal.jsx?t=1787452645033:26:22 @ http://localhost:5173/src/main.js?t=1787452972952:329
[ 2353773ms] [ERROR] [popcorn-init] FAILED at: plugin-jsonTransition TypeError: Class constructor SortableElement cannot be invoked without 'new'
    at http://localhost:5173/components/modals/RetargetOptInModal.jsx?t=1787452645033:26:22 @ http://localhost:5173/src/lib/popcornInit.js?t=1787452645033:55
[ 2353808ms] [ERROR] [popcorn-init] FAILED at: plugin-lottie-json TypeError: Class constructor SortableElement cannot be invoked without 'new'
    at http://localhost:5173/components/modals/RetargetOptInModal.jsx?t=1787452645033:26:22 @ http://localhost:5173/src/lib/popcornInit.js?t=1787452645033:55
[ 2353815ms] [WARNING] Clerk: Clerk has been loaded with development keys. Development instances have strict usage limits and should not be used when deploying your application to production. Learn more: https://clerk.com/docs/deployments/overview @ https://clerk.smartvid.app/npm/@clerk/clerk-js@6/dist/clerk.browser.js:11
[ 2353839ms] [LOG] [popcorn-init] OK: plugin-json-button @ http://localhost:5173/src/lib/popcornInit.js?t=1787452645033:48
[ 2353848ms] [ERROR] [popcorn-init] FAILED at: plugin-personalizedImage TypeError: Class constructor SortableElement cannot be invoked without 'new'
    at http://localhost:5173/components/modals/RetargetOptInModal.jsx?t=1787452645033:26:22 @ http://localhost:5173/src/lib/popcornInit.js?t=1787452645033:55
[ 2353860ms] [ERROR] [popcorn-init] FAILED at: plugin-loopPlugin TypeError: Class constructor SortableElement cannot be invoked without 'new'
    at http://localhost:5173/components/modals/RetargetOptInModal.jsx?t=1787452645033:26:22 @ http://localhost:5173/src/lib/popcornInit.js?t=1787452645033:55
[ 2353870ms] [ERROR] [popcorn-init] FAILED at: plugin-pausePlugin TypeError: Class constructor SortableElement cannot be invoked without 'new'
    at http://localhost:5173/components/modals/RetargetOptInModal.jsx?t=1787452645033:26:22 @ http://localhost:5173/src/lib/popcornInit.js?t=1787452645033:55
[ 2353883ms] [ERROR] [popcorn-init] FAILED at: plugin-form TypeError: Class constructor SortableElement cannot be invoked without 'new'
    at http://localhost:5173/components/modals/RetargetOptInModal.jsx?t=1787452645033:26:22 @ http://localhost:5173/src/lib/popcornInit.js?t=1787452645033:55
[ 2353899ms] [ERROR] [popcorn-init] FAILED at: plugin-retarget TypeError: Class constructor SortableElement cannot be invoked without 'new'
    at http://localhost:5173/components/modals/RetargetOptInModal.jsx?t=1787452645033:26:22 @ http://localhost:5173/src/lib/popcornInit.js?t=1787452645033:55
[ 2353905ms] [LOG] [popcorn-init] OK: plugin-popup @ http://localhost:5173/src/lib/popcornInit.js?t=1787452645033:48
[ 2353911ms] [ERROR] [popcorn-init] FAILED at: plugin-sequencer TypeError: Class constructor SortableElement cannot be invoked without 'new'
    at http://localhost:5173/components/modals/RetargetOptInModal.jsx?t=1787452645033:26:22 @ http://localhost:5173/src/lib/popcornInit.js?t=1787452645033:55
[ 2353918ms] [ERROR] Failed to load resource: the server responded with a status of 400 () @ https://clerk.smartvid.app/v1/environment?__clerk_api_version=2026-05-12&_clerk_js_version=6.29.2&_method=PATCH:0
[ 2353919ms] [ERROR] [popcorn-init] FAILED at: plugin-skip TypeError: Class constructor SortableElement cannot be invoked without 'new'
    at http://localhost:5173/components/modals/RetargetOptInModal.jsx?t=1787452645033:26:22 @ http://localhost:5173/src/lib/popcornInit.js?t=1787452645033:55
[ 2353987ms] [ERROR] [popcorn-init] FAILED at: plugin-text TypeError: Class constructor SortableElement cannot be invoked without 'new'
    at http://localhost:5173/components/modals/RetargetOptInModal.jsx?t=1787452645033:26:22 @ http://localhost:5173/src/lib/popcornInit.js?t=1787452645033:55
[ 2354004ms] [LOG] [popcorn-init] OK: plugin-social @ http://localhost:5173/src/lib/popcornInit.js?t=1787452645033:48
[ 2354023ms] [ERROR] [popcorn-init] FAILED at: plugin-jsonAnimation TypeError: Class constructor SortableElement cannot be invoked without 'new'
    at http://localhost:5173/components/modals/RetargetOptInModal.jsx?t=1787452645033:26:22 @ http://localhost:5173/src/lib/popcornInit.js?t=1787452645033:55
[ 2354045ms] [LOG] [popcorn-init] OK: plugin-videoTransition @ http://localhost:5173/src/lib/popcornInit.js?t=1787452645033:48
[ 2354052ms] [ERROR] [popcorn-init] FAILED at: plugin-seethroughtext TypeError: Class constructor SortableElement cannot be invoked without 'new'
    at http://localhost:5173/components/modals/RetargetOptInModal.jsx?t=1787452645033:26:22 @ http://localhost:5173/src/lib/popcornInit.js?t=1787452645033:55
[ 2354058ms] [LOG] [popcorn-init] OK: plugin-wikipedia @ http://localhost:5173/src/lib/popcornInit.js?t=1787452645033:48
[ 2354075ms] [ERROR] [popcorn-init] FAILED at: plugin-combined TypeError: Class constructor SortableElement cannot be invoked without 'new'
    at http://localhost:5173/components/modals/RetargetOptInModal.jsx?t=1787452645033:26:22 @ http://localhost:5173/src/lib/popcornInit.js?t=1787452645033:55
[ 2354088ms] [ERROR] [popcorn-init] FAILED at: plugin-background TypeError: Class constructor SortableElement cannot be invoked without 'new'
    at http://localhost:5173/components/modals/RetargetOptInModal.jsx?t=1787452645033:26:22 @ http://localhost:5173/src/lib/popcornInit.js?t=1787452645033:55
[ 2354090ms] [LOG] [popcorn-init] SUMMARY: 5/20 plugins registered; FAILED: plugin-image, plugin-jsonTransition, plugin-lottie-json, plugin-personalizedImage, plugin-loopPlugin, plugin-pausePlugin, plugin-form, plugin-retarget, plugin-sequencer, plugin-skip, plugin-text, plugin-jsonAnimation, plugin-seethroughtext, plugin-combined, plugin-background @ http://localhost:5173/src/lib/popcornInit.js?t=1787452645033:60
[ 2354091ms] [LOG] [popcorn] function 5 @ http://localhost:5173/src/main.js?t=1787452972952:4
[ 2380143ms] [LOG] [App] Starting initialization... @ http://localhost:5173/src/main.js?t=1787453001854:19
[ 2380161ms] [LOG] [popcorn-init] OK: jquery @ http://localhost:5173/src/lib/popcornInit.js?t=1787452645033:41
[ 2380162ms] [LOG] [popcorn-init] OK: jquery-textfill @ http://localhost:5173/src/lib/popcornInit.js?t=1787452645033:48
[ 2380163ms] [LOG] [popcorn-init] OK: popcorn-core @ http://localhost:5173/src/lib/popcornInit.js?t=1787452645033:48
[ 2380163ms] [LOG] [popcorn-init] OK: popcorn-ie8 @ http://localhost:5173/src/lib/popcornInit.js?t=1787452645033:48
[ 2380164ms] [LOG] [popcorn-init] OK: wrapper-common @ http://localhost:5173/src/lib/popcornInit.js?t=1787452645033:48
[ 2380165ms] [LOG] [popcorn-init] OK: wrapper-html5 @ http://localhost:5173/src/lib/popcornInit.js?t=1787452645033:48
[ 2380166ms] [LOG] [popcorn-init] OK: wrapper-vrview @ http://localhost:5173/src/lib/popcornInit.js?t=1787452645033:48
[ 2380167ms] [LOG] [popcorn-init] OK: wrapper-adaptive @ http://localhost:5173/src/lib/popcornInit.js?t=1787452645033:48
[ 2380168ms] [LOG] [popcorn-init] OK: wrapper-null @ http://localhost:5173/src/lib/popcornInit.js?t=1787452645033:48
[ 2380168ms] [LOG] [popcorn-init] OK: wrapper-soundcloud @ http://localhost:5173/src/lib/popcornInit.js?t=1787452645033:48
[ 2380168ms] [LOG] [popcorn-init] OK: wrapper-vimeo @ http://localhost:5173/src/lib/popcornInit.js?t=1787452645033:48
[ 2380169ms] [LOG] [popcorn-init] OK: wrapper-youtube @ http://localhost:5173/src/lib/popcornInit.js?t=1787452645033:48
[ 2380169ms] [LOG] [popcorn-init] OK: wrapper-jwplayer @ http://localhost:5173/src/lib/popcornInit.js?t=1787452645033:48
[ 2380170ms] [LOG] [popcorn-init] OK: player-module @ http://localhost:5173/src/lib/popcornInit.js?t=1787452645033:48
[ 2381234ms] [INFO] %cDownload the React DevTools for a better development experience: https://react.dev/link/react-devtools font-weight:bold @ http://localhost:5173/node_modules/.vite/deps/chunk-EEAUBQDT.js?v=93c1ec86:20096
[ 2381243ms] [LOG] [App] Initialized in 1099.30ms @ http://localhost:5173/src/main.js?t=1787453001854:164
[ 2381243ms] [LOG] [App] Navigating to initial page: video @ http://localhost:5173/src/main.js?t=1787453001854:165
[ 2381243ms] [INFO] [App] Dev auth bypass active — skipping setup popup. @ http://localhost:5173/src/main.js?t=1787453001854:176
[ 2381245ms] [ERROR] [2026-08-23T02:43:25.147Z] [ERROR] Unhandled promise rejection | {"reason":"Assignment to constant variable."} @ http://localhost:5173/src/lib/logger.js:84
[ 2381245ms] [ERROR] TypeError: Assignment to constant variable.
    at navigate (http://localhost:5173/src/lib/router.js?t=1787452645033:185:16)
    at http://localhost:5173/src/main.js?t=1787453001854:175:5 @ http://localhost:5173/src/lib/logger.js:85
[ 2381246ms] [ERROR] [Unhandled Promise Rejection] TypeError: Assignment to constant variable.
    at navigate (http://localhost:5173/src/lib/router.js?t=1787452645033:185:16)
    at http://localhost:5173/src/main.js?t=1787453001854:175:5 @ http://localhost:5173/src/main.js?t=1787453001854:33
[ 2381246ms] [LOG] [Analytics] error {errorType: unhandled_rejection, message: Assignment to constant variable.} @ http://localhost:5173/src/lib/analytics.js:36
[ 2381339ms] TypeError: Assignment to constant variable.
    at navigate (http://localhost:5173/src/lib/router.js?t=1787452645033:185:16)
    at http://localhost:5173/src/main.js?t=1787453001854:175:5
[ 2382217ms] [ERROR] [popcorn-init] FAILED at: plugin-image TypeError: Class constructor SortableElement cannot be invoked without 'new'
    at http://localhost:5173/components/modals/RetargetOptInModal.jsx?t=1787452645033:26:22 @ http://localhost:5173/src/lib/popcornInit.js?t=1787452645033:55
[ 2382218ms] [ERROR] [ModalSystem] mount failed TypeError: Class constructor SortableElement cannot be invoked without 'new'
    at http://localhost:5173/components/modals/RetargetOptInModal.jsx?t=1787452645033:26:22 @ http://localhost:5173/src/main.js?t=1787453001854:329
[ 2382226ms] [ERROR] [popcorn-init] FAILED at: plugin-jsonTransition TypeError: Class constructor SortableElement cannot be invoked without 'new'
    at http://localhost:5173/components/modals/RetargetOptInModal.jsx?t=1787452645033:26:22 @ http://localhost:5173/src/lib/popcornInit.js?t=1787452645033:55
[ 2382234ms] [ERROR] [popcorn-init] FAILED at: plugin-lottie-json TypeError: Class constructor SortableElement cannot be invoked without 'new'
    at http://localhost:5173/components/modals/RetargetOptInModal.jsx?t=1787452645033:26:22 @ http://localhost:5173/src/lib/popcornInit.js?t=1787452645033:55
[ 2382242ms] [LOG] [popcorn-init] OK: plugin-json-button @ http://localhost:5173/src/lib/popcornInit.js?t=1787452645033:48
[ 2382245ms] [WARNING] Clerk: Clerk has been loaded with development keys. Development instances have strict usage limits and should not be used when deploying your application to production. Learn more: https://clerk.com/docs/deployments/overview @ https://clerk.smartvid.app/npm/@clerk/clerk-js@6/dist/clerk.browser.js:11
[ 2382252ms] [ERROR] [popcorn-init] FAILED at: plugin-personalizedImage TypeError: Class constructor SortableElement cannot be invoked without 'new'
    at http://localhost:5173/components/modals/RetargetOptInModal.jsx?t=1787452645033:26:22 @ http://localhost:5173/src/lib/popcornInit.js?t=1787452645033:55
[ 2382258ms] [ERROR] [popcorn-init] FAILED at: plugin-loopPlugin TypeError: Class constructor SortableElement cannot be invoked without 'new'
    at http://localhost:5173/components/modals/RetargetOptInModal.jsx?t=1787452645033:26:22 @ http://localhost:5173/src/lib/popcornInit.js?t=1787452645033:55
[ 2382274ms] [ERROR] [popcorn-init] FAILED at: plugin-pausePlugin TypeError: Class constructor SortableElement cannot be invoked without 'new'
    at http://localhost:5173/components/modals/RetargetOptInModal.jsx?t=1787452645033:26:22 @ http://localhost:5173/src/lib/popcornInit.js?t=1787452645033:55
[ 2382289ms] [ERROR] [popcorn-init] FAILED at: plugin-form TypeError: Class constructor SortableElement cannot be invoked without 'new'
    at http://localhost:5173/components/modals/RetargetOptInModal.jsx?t=1787452645033:26:22 @ http://localhost:5173/src/lib/popcornInit.js?t=1787452645033:55
[ 2382303ms] [ERROR] [popcorn-init] FAILED at: plugin-retarget TypeError: Class constructor SortableElement cannot be invoked without 'new'
    at http://localhost:5173/components/modals/RetargetOptInModal.jsx?t=1787452645033:26:22 @ http://localhost:5173/src/lib/popcornInit.js?t=1787452645033:55
[ 2382309ms] [LOG] [popcorn-init] OK: plugin-popup @ http://localhost:5173/src/lib/popcornInit.js?t=1787452645033:48
[ 2382320ms] [ERROR] [popcorn-init] FAILED at: plugin-sequencer TypeError: Class constructor SortableElement cannot be invoked without 'new'
    at http://localhost:5173/components/modals/RetargetOptInModal.jsx?t=1787452645033:26:22 @ http://localhost:5173/src/lib/popcornInit.js?t=1787452645033:55
[ 2382327ms] [ERROR] Failed to load resource: the server responded with a status of 400 () @ https://clerk.smartvid.app/v1/environment?__clerk_api_version=2026-05-12&_clerk_js_version=6.29.2&_method=PATCH:0
[ 2382331ms] [ERROR] [popcorn-init] FAILED at: plugin-skip TypeError: Class constructor SortableElement cannot be invoked without 'new'
    at http://localhost:5173/components/modals/RetargetOptInModal.jsx?t=1787452645033:26:22 @ http://localhost:5173/src/lib/popcornInit.js?t=1787452645033:55
[ 2382370ms] [ERROR] [popcorn-init] FAILED at: plugin-text TypeError: Class constructor SortableElement cannot be invoked without 'new'
    at http://localhost:5173/components/modals/RetargetOptInModal.jsx?t=1787452645033:26:22 @ http://localhost:5173/src/lib/popcornInit.js?t=1787452645033:55
[ 2382382ms] [LOG] [popcorn-init] OK: plugin-social @ http://localhost:5173/src/lib/popcornInit.js?t=1787452645033:48
[ 2382388ms] [ERROR] [popcorn-init] FAILED at: plugin-jsonAnimation TypeError: Class constructor SortableElement cannot be invoked without 'new'
    at http://localhost:5173/components/modals/RetargetOptInModal.jsx?t=1787452645033:26:22 @ http://localhost:5173/src/lib/popcornInit.js?t=1787452645033:55
[ 2382402ms] [LOG] [popcorn-init] OK: plugin-videoTransition @ http://localhost:5173/src/lib/popcornInit.js?t=1787452645033:48
[ 2382410ms] [ERROR] [popcorn-init] FAILED at: plugin-seethroughtext TypeError: Class constructor SortableElement cannot be invoked without 'new'
    at http://localhost:5173/components/modals/RetargetOptInModal.jsx?t=1787452645033:26:22 @ http://localhost:5173/src/lib/popcornInit.js?t=1787452645033:55
[ 2382416ms] [LOG] [popcorn-init] OK: plugin-wikipedia @ http://localhost:5173/src/lib/popcornInit.js?t=1787452645033:48
[ 2382421ms] [ERROR] [popcorn-init] FAILED at: plugin-combined TypeError: Class constructor SortableElement cannot be invoked without 'new'
    at http://localhost:5173/components/modals/RetargetOptInModal.jsx?t=1787452645033:26:22 @ http://localhost:5173/src/lib/popcornInit.js?t=1787452645033:55
[ 2382429ms] [ERROR] [popcorn-init] FAILED at: plugin-background TypeError: Class constructor SortableElement cannot be invoked without 'new'
    at http://localhost:5173/components/modals/RetargetOptInModal.jsx?t=1787452645033:26:22 @ http://localhost:5173/src/lib/popcornInit.js?t=1787452645033:55
[ 2382429ms] [LOG] [popcorn-init] SUMMARY: 5/20 plugins registered; FAILED: plugin-image, plugin-jsonTransition, plugin-lottie-json, plugin-personalizedImage, plugin-loopPlugin, plugin-pausePlugin, plugin-form, plugin-retarget, plugin-sequencer, plugin-skip, plugin-text, plugin-jsonAnimation, plugin-seethroughtext, plugin-combined, plugin-background @ http://localhost:5173/src/lib/popcornInit.js?t=1787452645033:60
[ 2382430ms] [LOG] [popcorn] function 5 @ http://localhost:5173/src/main.js?t=1787453001854:4
[ 2408972ms] [LOG] [App] Starting initialization... @ http://localhost:5173/src/main.js?t=1787453030925:19
[ 2408986ms] [LOG] [popcorn-init] OK: jquery @ http://localhost:5173/src/lib/popcornInit.js?t=1787452645033:41
[ 2408986ms] [LOG] [popcorn-init] OK: jquery-textfill @ http://localhost:5173/src/lib/popcornInit.js?t=1787452645033:48
[ 2408990ms] [LOG] [popcorn-init] OK: popcorn-core @ http://localhost:5173/src/lib/popcornInit.js?t=1787452645033:48
[ 2408990ms] [LOG] [popcorn-init] OK: popcorn-ie8 @ http://localhost:5173/src/lib/popcornInit.js?t=1787452645033:48
[ 2408991ms] [LOG] [popcorn-init] OK: wrapper-common @ http://localhost:5173/src/lib/popcornInit.js?t=1787452645033:48
[ 2408992ms] [LOG] [popcorn-init] OK: wrapper-html5 @ http://localhost:5173/src/lib/popcornInit.js?t=1787452645033:48
[ 2408993ms] [LOG] [popcorn-init] OK: wrapper-vrview @ http://localhost:5173/src/lib/popcornInit.js?t=1787452645033:48
[ 2408994ms] [LOG] [popcorn-init] OK: wrapper-adaptive @ http://localhost:5173/src/lib/popcornInit.js?t=1787452645033:48
[ 2408995ms] [LOG] [popcorn-init] OK: wrapper-null @ http://localhost:5173/src/lib/popcornInit.js?t=1787452645033:48
[ 2408996ms] [LOG] [popcorn-init] OK: wrapper-soundcloud @ http://localhost:5173/src/lib/popcornInit.js?t=1787452645033:48
[ 2408996ms] [LOG] [popcorn-init] OK: wrapper-vimeo @ http://localhost:5173/src/lib/popcornInit.js?t=1787452645033:48
[ 2408999ms] [LOG] [popcorn-init] OK: wrapper-youtube @ http://localhost:5173/src/lib/popcornInit.js?t=1787452645033:48
[ 2408999ms] [LOG] [popcorn-init] OK: wrapper-jwplayer @ http://localhost:5173/src/lib/popcornInit.js?t=1787452645033:48
[ 2409000ms] [LOG] [popcorn-init] OK: player-module @ http://localhost:5173/src/lib/popcornInit.js?t=1787452645033:48
[ 2409530ms] [INFO] %cDownload the React DevTools for a better development experience: https://react.dev/link/react-devtools font-weight:bold @ http://localhost:5173/node_modules/.vite/deps/chunk-EEAUBQDT.js?v=93c1ec86:20096
[ 2409534ms] [LOG] [App] Initialized in 561.80ms @ http://localhost:5173/src/main.js?t=1787453030925:164
[ 2409534ms] [LOG] [App] Navigating to initial page: video @ http://localhost:5173/src/main.js?t=1787453030925:165
[ 2409534ms] [INFO] [App] Dev auth bypass active — skipping setup popup. @ http://localhost:5173/src/main.js?t=1787453030925:176
[ 2409536ms] [ERROR] [2026-08-23T02:43:53.438Z] [ERROR] Unhandled promise rejection | {"reason":"Assignment to constant variable."} @ http://localhost:5173/src/lib/logger.js:84
[ 2409536ms] [ERROR] TypeError: Assignment to constant variable.
    at navigate (http://localhost:5173/src/lib/router.js?t=1787452645033:185:16)
    at http://localhost:5173/src/main.js?t=1787453030925:175:5 @ http://localhost:5173/src/lib/logger.js:85
[ 2409539ms] [ERROR] [Unhandled Promise Rejection] TypeError: Assignment to constant variable.
    at navigate (http://localhost:5173/src/lib/router.js?t=1787452645033:185:16)
    at http://localhost:5173/src/main.js?t=1787453030925:175:5 @ http://localhost:5173/src/main.js?t=1787453030925:33
[ 2409539ms] [LOG] [Analytics] error {errorType: unhandled_rejection, message: Assignment to constant variable.} @ http://localhost:5173/src/lib/analytics.js:36
[ 2409580ms] TypeError: Assignment to constant variable.
    at navigate (http://localhost:5173/src/lib/router.js?t=1787452645033:185:16)
    at http://localhost:5173/src/main.js?t=1787453030925:175:5
[ 2410738ms] [ERROR] [ModalSystem] mount failed TypeError: Class constructor SortableElement cannot be invoked without 'new'
    at http://localhost:5173/components/modals/RetargetOptInModal.jsx?t=1787452645033:26:22 @ http://localhost:5173/src/main.js?t=1787453030925:329
[ 2410742ms] [ERROR] [popcorn-init] FAILED at: plugin-image TypeError: Class constructor SortableElement cannot be invoked without 'new'
    at http://localhost:5173/components/modals/RetargetOptInModal.jsx?t=1787452645033:26:22 @ http://localhost:5173/src/lib/popcornInit.js?t=1787452645033:55
[ 2410752ms] [ERROR] [popcorn-init] FAILED at: plugin-jsonTransition TypeError: Class constructor SortableElement cannot be invoked without 'new'
    at http://localhost:5173/components/modals/RetargetOptInModal.jsx?t=1787452645033:26:22 @ http://localhost:5173/src/lib/popcornInit.js?t=1787452645033:55
[ 2410892ms] [ERROR] [popcorn-init] FAILED at: plugin-lottie-json TypeError: Class constructor SortableElement cannot be invoked without 'new'
    at http://localhost:5173/components/modals/RetargetOptInModal.jsx?t=1787452645033:26:22 @ http://localhost:5173/src/lib/popcornInit.js?t=1787452645033:55
[ 2410900ms] [LOG] [popcorn-init] OK: plugin-json-button @ http://localhost:5173/src/lib/popcornInit.js?t=1787452645033:48
[ 2410910ms] [ERROR] [popcorn-init] FAILED at: plugin-personalizedImage TypeError: Class constructor SortableElement cannot be invoked without 'new'
    at http://localhost:5173/components/modals/RetargetOptInModal.jsx?t=1787452645033:26:22 @ http://localhost:5173/src/lib/popcornInit.js?t=1787452645033:55
[ 2410915ms] [ERROR] [popcorn-init] FAILED at: plugin-loopPlugin TypeError: Class constructor SortableElement cannot be invoked without 'new'
    at http://localhost:5173/components/modals/RetargetOptInModal.jsx?t=1787452645033:26:22 @ http://localhost:5173/src/lib/popcornInit.js?t=1787452645033:55
[ 2410921ms] [ERROR] [popcorn-init] FAILED at: plugin-pausePlugin TypeError: Class constructor SortableElement cannot be invoked without 'new'
    at http://localhost:5173/components/modals/RetargetOptInModal.jsx?t=1787452645033:26:22 @ http://localhost:5173/src/lib/popcornInit.js?t=1787452645033:55
[ 2410933ms] [ERROR] [popcorn-init] FAILED at: plugin-form TypeError: Class constructor SortableElement cannot be invoked without 'new'
    at http://localhost:5173/components/modals/RetargetOptInModal.jsx?t=1787452645033:26:22 @ http://localhost:5173/src/lib/popcornInit.js?t=1787452645033:55
[ 2410944ms] [WARNING] Clerk: Clerk has been loaded with development keys. Development instances have strict usage limits and should not be used when deploying your application to production. Learn more: https://clerk.com/docs/deployments/overview @ https://clerk.smartvid.app/npm/@clerk/clerk-js@6/dist/clerk.browser.js:11
[ 2410967ms] [ERROR] [popcorn-init] FAILED at: plugin-retarget TypeError: Class constructor SortableElement cannot be invoked without 'new'
    at http://localhost:5173/components/modals/RetargetOptInModal.jsx?t=1787452645033:26:22 @ http://localhost:5173/src/lib/popcornInit.js?t=1787452645033:55
[ 2410973ms] [LOG] [popcorn-init] OK: plugin-popup @ http://localhost:5173/src/lib/popcornInit.js?t=1787452645033:48
[ 2410979ms] [ERROR] [popcorn-init] FAILED at: plugin-sequencer TypeError: Class constructor SortableElement cannot be invoked without 'new'
    at http://localhost:5173/components/modals/RetargetOptInModal.jsx?t=1787452645033:26:22 @ http://localhost:5173/src/lib/popcornInit.js?t=1787452645033:55
[ 2410985ms] [ERROR] [popcorn-init] FAILED at: plugin-skip TypeError: Class constructor SortableElement cannot be invoked without 'new'
    at http://localhost:5173/components/modals/RetargetOptInModal.jsx?t=1787452645033:26:22 @ http://localhost:5173/src/lib/popcornInit.js?t=1787452645033:55
[ 2411023ms] [ERROR] [popcorn-init] FAILED at: plugin-text TypeError: Class constructor SortableElement cannot be invoked without 'new'
    at http://localhost:5173/components/modals/RetargetOptInModal.jsx?t=1787452645033:26:22 @ http://localhost:5173/src/lib/popcornInit.js?t=1787452645033:55
[ 2411026ms] [ERROR] Failed to load resource: the server responded with a status of 400 () @ https://clerk.smartvid.app/v1/environment?__clerk_api_version=2026-05-12&_clerk_js_version=6.29.2&_method=PATCH:0
[ 2411065ms] [LOG] [popcorn-init] OK: plugin-social @ http://localhost:5173/src/lib/popcornInit.js?t=1787452645033:48
[ 2411086ms] [ERROR] [popcorn-init] FAILED at: plugin-jsonAnimation TypeError: Class constructor SortableElement cannot be invoked without 'new'
    at http://localhost:5173/components/modals/RetargetOptInModal.jsx?t=1787452645033:26:22 @ http://localhost:5173/src/lib/popcornInit.js?t=1787452645033:55
[ 2411102ms] [LOG] [popcorn-init] OK: plugin-videoTransition @ http://localhost:5173/src/lib/popcornInit.js?t=1787452645033:48
[ 2411109ms] [ERROR] [popcorn-init] FAILED at: plugin-seethroughtext TypeError: Class constructor SortableElement cannot be invoked without 'new'
    at http://localhost:5173/components/modals/RetargetOptInModal.jsx?t=1787452645033:26:22 @ http://localhost:5173/src/lib/popcornInit.js?t=1787452645033:55
[ 2411113ms] [LOG] [popcorn-init] OK: plugin-wikipedia @ http://localhost:5173/src/lib/popcornInit.js?t=1787452645033:48
[ 2411118ms] [ERROR] [popcorn-init] FAILED at: plugin-combined TypeError: Class constructor SortableElement cannot be invoked without 'new'
    at http://localhost:5173/components/modals/RetargetOptInModal.jsx?t=1787452645033:26:22 @ http://localhost:5173/src/lib/popcornInit.js?t=1787452645033:55
[ 2411125ms] [ERROR] [popcorn-init] FAILED at: plugin-background TypeError: Class constructor SortableElement cannot be invoked without 'new'
    at http://localhost:5173/components/modals/RetargetOptInModal.jsx?t=1787452645033:26:22 @ http://localhost:5173/src/lib/popcornInit.js?t=1787452645033:55
[ 2411125ms] [LOG] [popcorn-init] SUMMARY: 5/20 plugins registered; FAILED: plugin-image, plugin-jsonTransition, plugin-lottie-json, plugin-personalizedImage, plugin-loopPlugin, plugin-pausePlugin, plugin-form, plugin-retarget, plugin-sequencer, plugin-skip, plugin-text, plugin-jsonAnimation, plugin-seethroughtext, plugin-combined, plugin-background @ http://localhost:5173/src/lib/popcornInit.js?t=1787452645033:60
[ 2411125ms] [LOG] [popcorn] function 5 @ http://localhost:5173/src/main.js?t=1787453030925:4
